2025-09-04 23:59:25,184 - INFO - 
Building memory with β = 64...
2025-09-04 23:59:25,184 - INFO - Building memories from loader...
2025-09-04 23:59:25,625 - INFO - Starting simplified memory building over full dataset...
2025-09-05 00:15:15,718 - WARNING - Class 17 has only 1620 pixels, below min 3000
2025-09-05 00:15:15,720 - WARNING - Class 16 has only 810 pixels, below min 3000
2025-09-05 00:15:15,721 - WARNING - Class 15 has only 1590 pixels, below min 3000
2025-09-05 00:15:15,726 - WARNING - Class 14 has only 1850 pixels, below min 3000
2025-09-05 00:15:15,733 - INFO - Pixels collected after entire dataset:
2025-09-05 00:15:15,733 - INFO - Class 0: 33930 pixels
2025-09-05 00:15:15,733 - INFO - Class 1: 27060 pixels
2025-09-05 00:15:15,733 - INFO - Class 2: 31190 pixels
2025-09-05 00:15:15,733 - INFO - Class 3: 5180 pixels
2025-09-05 00:15:15,733 - INFO - Class 4: 7410 pixels
2025-09-05 00:15:15,734 - INFO - Class 5: 25640 pixels
2025-09-05 00:15:15,734 - INFO - Class 6: 6600 pixels
2025-09-05 00:15:15,734 - INFO - Class 7: 14120 pixels
2025-09-05 00:15:15,734 - INFO - Class 8: 28730 pixels
2025-09-05 00:15:15,734 - INFO - Class 9: 9690 pixels
2025-09-05 00:15:15,734 - INFO - Class 10: 18490 pixels
2025-09-05 00:15:15,734 - INFO - Class 11: 14000 pixels
2025-09-05 00:15:15,734 - INFO - Class 12: 3530 pixels
2025-09-05 00:15:15,734 - INFO - Class 13: 27490 pixels
2025-09-05 00:15:15,734 - INFO - Class 14: 1850 pixels
2025-09-05 00:15:15,734 - INFO - Class 15: 1590 pixels
2025-09-05 00:15:15,735 - INFO - Class 16: 810 pixels
2025-09-05 00:15:15,735 - INFO - Class 17: 1620 pixels
2025-09-05 00:15:15,735 - INFO - Class 18: 7290 pixels
2025-09-05 00:15:15,735 - INFO - OOD (254): 37600 pixels
2025-09-05 00:15:15,816 - INFO - Within-class average cosine similarities:
2025-09-05 00:15:15,939 - INFO - Class 0: 0.813
2025-09-05 00:15:16,014 - INFO - Class 1: 0.803
2025-09-05 00:15:16,081 - INFO - Class 5: 0.810
2025-09-05 00:15:16,181 - INFO - Class 2: 0.787
2025-09-05 00:15:16,188 - INFO - Class 4: 0.821
2025-09-05 00:15:16,273 - INFO - Class 8: 0.816
2025-09-05 00:15:16,311 - INFO - Class 10: 0.849
2025-09-05 00:15:16,314 - INFO - Class 12: 0.832
2025-09-05 00:15:16,394 - INFO - Class 13: 0.819
2025-09-05 00:15:16,416 - INFO - Class 11: 0.833
2025-09-05 00:15:16,420 - INFO - Class 3: 0.816
2025-09-05 00:15:16,442 - INFO - Class 7: 0.807
2025-09-05 00:15:16,449 - INFO - Class 18: 0.840
2025-09-05 00:15:16,459 - INFO - Class 9: 0.822
2025-09-05 00:15:16,460 - INFO - Class 17: 0.843
2025-09-05 00:15:16,461 - INFO - Class 16: 0.807
2025-09-05 00:15:16,462 - INFO - Class 15: 0.808
2025-09-05 00:15:16,467 - INFO - Class 6: 0.823
2025-09-05 00:15:16,468 - INFO - Class 14: 0.797
2025-09-05 00:15:16,468 - INFO - Between-class average cosine similarities:
2025-09-05 00:15:17,060 - INFO - Average between ID classes: 0.799
2025-09-05 00:15:17,099 - INFO - Average ID-OOD cosine similarity: 0.811
2025-09-05 00:15:17,101 - INFO - ID-OOD Separation Rate: 0.142
2025-09-05 00:15:18,016 - INFO - Memories saved.
2025-09-05 00:15:18,018 - INFO - Memory building completed in 952.4 seconds
2025-09-05 00:15:18,018 - INFO - Memory sizes - ID: 50000, OOD: 37600
2025-09-05 00:15:18,018 - INFO - Memory norms - ID: 1.0000, OOD: 1.0000
2025-09-05 00:15:18,028 - INFO - Energy check - Mean: -0.1438
2025-09-05 00:15:18,028 - WARNING - Negative energies detected—check normalization!
2025-09-05 00:15:18,116 - INFO - Monitoring - ID Mean: -0.032, OOD Mean: -0.025, Separation: 0.007
2025-09-05 00:15:18,116 - WARNING - Low initial ID/OOD separation - check memory quality.
2025-09-05 00:15:18,116 - INFO - HopfieldBoostingManager initialized with aligned beta=64, lambda_ood=0.5
2025-09-05 00:15:18,116 - INFO - Memory built with β=64:
2025-09-05 00:15:18,116 - INFO -  ID: 50000, AUX: 37600, Ratio: 0.75
2025-09-05 00:15:18,983 - INFO - PixelWiseHopfieldTrainer initialization complete with β=64!
2025-09-05 00:15:18,984 - INFO - 
Starting Epoch 1/100
2025-09-05 00:15:18,984 - INFO - ============================================================
2025-09-05 00:15:18,985 - INFO - 
Updating Hopfield boosting weights at epoch 1...
2025-09-05 00:15:20,390 - WARNING - Negative mean energy—verify E_b formula/signs
2025-09-05 00:15:20,397 - INFO - Weights updated successfully
2025-09-05 00:15:20,398 - INFO - Weight Update Debug at Epoch 1: No high-weight OOD pixels found
2025-09-05 00:15:21,099 - INFO - Step 0: labels=[  0   1   2   5   7   8   9  10  11  13  17  18 255], OOD(254) count=0, Ignore(255) count=391600, is_ood=tensor([False, False])
2025-09-05 00:15:21,605 - WARNING - No anomaly pixels (254) found in batch
2025-09-05 00:15:21,726 - INFO - Step 1: labels=[  0   1   2   5   7   8   9  10  11  13  18 255], OOD(254) count=0, Ignore(255) count=11239, is_ood=tensor([False, False])
2025-09-05 00:15:22,302 - INFO - Step 2: labels=[  0   1   2   5   6   7   8   9  10  11  12  13  14  18 255], OOD(254) count=0, Ignore(255) count=406236, is_ood=tensor([False, False])
2025-09-05 00:15:22,869 - INFO - Step 3: labels=[  0   1   2   5   6   7   8   9  10  11  13  17  18 255], OOD(254) count=0, Ignore(255) count=462787, is_ood=tensor([False, False])
2025-09-05 00:15:23,439 - INFO - Step 4: labels=[  0   1   2   5   6   7   8   9  10  11  13  15 255], OOD(254) count=0, Ignore(255) count=42948, is_ood=tensor([False, False])
2025-09-05 00:15:24,012 - INFO - Step 5: labels=[  0   1   2   4   5   6   7   8   9  11  12  13  14  18 254 255], OOD(254) count=92605, Ignore(255) count=37004, is_ood=tensor([False,  True])
2025-09-05 00:15:24,529 - INFO - Boosted OOD loss: 0.0070
2025-09-05 00:15:24,647 - INFO - Step 6: labels=[  0   1   2   4   5   6   7   8   9  10  11  13  17 255], OOD(254) count=0, Ignore(255) count=428803, is_ood=tensor([False, False])
2025-09-05 00:15:25,216 - INFO - Step 7: labels=[  0   1   2   5   6   7   8   9  11  12  13  18 255], OOD(254) count=0, Ignore(255) count=24966, is_ood=tensor([False, False])
2025-09-05 00:15:25,791 - INFO - Step 8: labels=[  0   1   2   3   4   5   7   8  10  11  13  18 255], OOD(254) count=0, Ignore(255) count=34620, is_ood=tensor([False, False])
2025-09-05 00:15:26,369 - INFO - Step 9: labels=[  0   1   5   7   8   9  13 255], OOD(254) count=0, Ignore(255) count=6285, is_ood=tensor([False, False])
2025-09-05 00:15:27,907 - INFO - Boosted OOD loss: -0.0008
2025-09-05 00:15:29,992 - INFO - Boosted OOD loss: 0.0082
2025-09-05 00:15:32,622 - INFO - Boosted OOD loss: -0.0043
2025-09-05 00:15:36,833 - INFO - Boosted OOD loss: 0.0017
2025-09-05 00:15:39,492 - INFO - Boosted OOD loss: -0.0067
2025-09-05 00:15:40,569 - INFO - Boosted OOD loss: -0.0081
2025-09-05 00:15:46,967 - INFO - Boosted OOD loss: 0.0023
2025-09-05 00:15:48,593 - INFO - Boosted OOD loss: -0.0070
2025-09-05 00:15:48,593 - INFO - Step 50 Loss Debug:
2025-09-05 00:15:48,593 - INFO -  CE: 2.8420
2025-09-05 00:15:48,593 - INFO -  OOD: -0.0070
2025-09-05 00:15:48,593 - INFO -  β: 64.00
2025-09-05 00:15:48,594 - INFO -  ID: 5231, OOD(254): 1073
2025-09-05 00:15:49,681 - INFO - Boosted OOD loss: -0.0105
2025-09-05 00:15:55,582 - INFO - Boosted OOD loss: -0.0046
2025-09-05 00:16:00,416 - INFO - Boosted OOD loss: -0.0207
2025-09-05 00:16:01,509 - INFO - Boosted OOD loss: -0.0086
2025-09-05 00:16:02,064 - INFO - Boosted OOD loss: -0.0065
2025-09-05 00:16:03,691 - INFO - Boosted OOD loss: -0.0077
2025-09-05 00:16:05,313 - INFO - Boosted OOD loss: -0.0009
2025-09-05 00:16:11,750 - INFO - Boosted OOD loss: -0.0114
2025-09-05 00:16:15,516 - WARNING - No anomaly pixels (254) found in batch
2025-09-05 00:16:18,195 - INFO - Boosted OOD loss: -0.0162
2025-09-05 00:16:19,288 - INFO - Boosted OOD loss: 0.0001
2025-09-05 00:16:21,993 - INFO - Boosted OOD loss: -0.0272
2025-09-05 00:16:23,087 - INFO - Boosted OOD loss: -0.0165
2025-09-05 00:16:24,175 - INFO - Boosted OOD loss: -0.0045
2025-09-05 00:16:27,407 - INFO - Boosted OOD loss: -0.0131
2025-09-05 00:16:30,101 - INFO - Boosted OOD loss: 0.0038
2025-09-05 00:16:31,196 - INFO - Boosted OOD loss: 0.0003
2025-09-05 00:16:34,414 - INFO - Boosted OOD loss: -0.0221
2025-09-05 00:16:34,967 - INFO - Boosted OOD loss: -0.0057
2025-09-05 00:16:37,665 - INFO - Boosted OOD loss: -0.0182
2025-09-05 00:16:39,293 - INFO - Boosted OOD loss: 0.0054
2025-09-05 00:16:39,846 - INFO - Boosted OOD loss: -0.0153
2025-09-05 00:16:45,217 - INFO - Boosted OOD loss: 0.0074
2025-09-05 00:16:46,842 - INFO - Boosted OOD loss: -0.0123
2025-09-05 00:16:47,929 - INFO - Boosted OOD loss: -0.0123
2025-09-05 00:16:50,083 - INFO - Boosted OOD loss: -0.0203
2025-09-05 00:16:52,784 - INFO - Boosted OOD loss: -0.0225
2025-09-05 00:16:53,341 - INFO - Boosted OOD loss: -0.0068
2025-09-05 00:16:58,165 - INFO - Boosted OOD loss: 0.0015
2025-09-05 00:17:01,397 - INFO - Boosted OOD loss: -0.0112
2025-09-05 00:17:04,616 - INFO - Boosted OOD loss: -0.0215
2025-09-05 00:17:08,902 - INFO - Boosted OOD loss: -0.0123
2025-09-05 00:17:09,452 - WARNING - No anomaly pixels (254) found in batch
2025-09-05 00:17:12,659 - INFO - Boosted OOD loss: -0.0129
2025-09-05 00:17:15,347 - INFO - Boosted OOD loss: -0.0347
2025-09-05 00:17:15,900 - INFO - Boosted OOD loss: -0.0141
2025-09-05 00:17:21,796 - INFO - Boosted OOD loss: 0.0128
2025-09-05 00:17:23,964 - INFO - Boosted OOD loss: -0.0142
2025-09-05 00:17:29,859 - INFO - Boosted OOD loss: -0.0346
2025-09-05 00:17:33,617 - INFO - Boosted OOD loss: 0.0000
2025-09-05 00:17:36,301 - INFO - Boosted OOD loss: -0.0083
2025-09-05 00:17:36,302 - INFO - Step 250 Loss Debug:
2025-09-05 00:17:36,302 - INFO -  CE: 2.6312
2025-09-05 00:17:36,302 - INFO -  OOD: -0.0083
2025-09-05 00:17:36,302 - INFO -  β: 64.00
2025-09-05 00:17:36,302 - INFO -  ID: 6884, OOD(254): 400
2025-09-05 00:17:41,125 - INFO - Boosted OOD loss: -0.0274
2025-09-05 00:17:43,273 - INFO - Boosted OOD loss: -0.0240
2025-09-05 00:17:44,359 - INFO - Boosted OOD loss: -0.0134
2025-09-05 00:17:45,448 - INFO - Boosted OOD loss: -0.0466
2025-09-05 00:17:47,602 - INFO - Boosted OOD loss: 0.0152
2025-09-05 00:17:48,161 - INFO - Boosted OOD loss: -0.0209
2025-09-05 00:17:50,310 - INFO - Boosted OOD loss: -0.0356
2025-09-05 00:17:59,922 - INFO - Boosted OOD loss: -0.0157
2025-09-05 00:18:01,015 - INFO - Boosted OOD loss: 0.0042
2025-09-05 00:18:03,167 - WARNING - No anomaly pixels (254) found in batch
2025-09-05 00:18:07,445 - INFO - Boosted OOD loss: -0.0081
2025-09-05 00:18:10,653 - INFO - Boosted OOD loss: -0.0348
2025-09-05 00:18:11,735 - INFO - Boosted OOD loss: -0.0383
2025-09-05 00:18:22,940 - INFO - Boosted OOD loss: -0.0237
2025-09-05 00:18:26,696 - INFO - Boosted OOD loss: -0.0249
2025-09-05 00:18:29,371 - INFO - Boosted OOD loss: -0.0091
2025-09-05 00:18:32,580 - INFO - Boosted OOD loss: -0.0013
2025-09-05 00:18:33,141 - INFO - Boosted OOD loss: -0.0057
2025-09-05 00:18:35,292 - INFO - Boosted OOD loss: -0.0313
2025-09-05 00:18:37,442 - INFO - Boosted OOD loss: 0.0160
2025-09-05 00:18:41,205 - INFO - Boosted OOD loss: -0.0062
2025-09-05 00:18:41,759 - INFO - Boosted OOD loss: -0.0084
2025-09-05 00:18:43,905 - INFO - Boosted OOD loss: -0.0425
2025-09-05 00:18:44,989 - INFO - Boosted OOD loss: -0.0158
2025-09-05 00:18:46,611 - INFO - Boosted OOD loss: -0.0119
2025-09-05 00:18:47,172 - INFO - Boosted OOD loss: -0.0213
2025-09-05 00:18:49,317 - INFO - Boosted OOD loss: -0.0410
2025-09-05 00:18:50,933 - INFO - Boosted OOD loss: -0.0184
2025-09-05 00:18:53,081 - INFO - Boosted OOD loss: -0.0245
2025-09-05 00:18:55,766 - INFO - Boosted OOD loss: -0.0028
2025-09-05 00:18:56,848 - WARNING - No anomaly pixels (254) found in batch
2025-09-05 00:18:57,389 - INFO - Boosted OOD loss: -0.0201
2025-09-05 00:19:05,932 - INFO - Boosted OOD loss: -0.0246
2025-09-05 00:19:07,546 - INFO - Boosted OOD loss: -0.0318
2025-09-05 00:19:10,760 - INFO - Boosted OOD loss: -0.0402
2025-09-05 00:19:15,047 - INFO - Boosted OOD loss: -0.0219
2025-09-05 00:19:15,598 - INFO - Boosted OOD loss: -0.0469
2025-09-05 00:19:20,930 - INFO - Boosted OOD loss: -0.0104
2025-09-05 00:19:23,077 - INFO - Boosted OOD loss: -0.0343
2025-09-05 00:19:28,431 - INFO - Boosted OOD loss: -0.0076
2025-09-05 00:19:31,105 - INFO - Boosted OOD loss: -0.0195
2025-09-05 00:19:32,732 - INFO - Boosted OOD loss: -0.0445
2025-09-05 00:19:40,728 - INFO - Boosted OOD loss: 0.0031
2025-09-05 00:19:42,346 - INFO - Boosted OOD loss: -0.0213
2025-09-05 00:19:43,960 - INFO - Boosted OOD loss: -0.0077
2025-09-05 00:19:46,644 - INFO - Boosted OOD loss: -0.0307
2025-09-05 00:19:48,259 - INFO - Boosted OOD loss: -0.0611
2025-09-05 00:19:50,406 - WARNING - No anomaly pixels (254) found in batch
2025-09-05 00:19:50,947 - INFO - Boosted OOD loss: -0.0495
2025-09-05 00:19:52,034 - INFO - Boosted OOD loss: -0.0296
2025-09-05 00:19:55,245 - INFO - Boosted OOD loss: -0.0303
2025-09-05 00:19:55,795 - INFO - Boosted OOD loss: -0.0355
2025-09-05 00:19:56,347 - INFO - Boosted OOD loss: -0.0079
2025-09-05 00:19:57,436 - INFO - Boosted OOD loss: 0.0013
2025-09-05 00:19:59,061 - INFO - Boosted OOD loss: -0.0356
2025-09-05 00:19:59,614 - INFO - Boosted OOD loss: -0.0074
2025-09-05 00:20:01,766 - INFO - Boosted OOD loss: 0.0139
2025-09-05 00:20:05,516 - INFO - Boosted OOD loss: -0.0254
2025-09-05 00:20:06,606 - INFO - Boosted OOD loss: -0.0382
2025-09-05 00:20:07,155 - INFO - Boosted OOD loss: -0.0315
2025-09-05 00:20:09,315 - INFO - Boosted OOD loss: -0.0033
2025-09-05 00:20:13,067 - INFO - Boosted OOD loss: -0.0364
2025-09-05 00:20:15,216 - INFO - Boosted OOD loss: 0.0149
2025-09-05 00:20:17,369 - INFO - Boosted OOD loss: -0.0404
2025-09-05 00:20:17,369 - INFO - Step 550 Loss Debug:
2025-09-05 00:20:17,370 - INFO -  CE: 2.2429
2025-09-05 00:20:17,370 - INFO -  OOD: -0.0404
2025-09-05 00:20:17,370 - INFO -  β: 64.00
2025-09-05 00:20:17,370 - INFO -  ID: 5368, OOD(254): 28
2025-09-05 00:20:18,979 - INFO - Boosted OOD loss: -0.0388
2025-09-05 00:20:19,533 - INFO - Boosted OOD loss: -0.0231
2025-09-05 00:20:20,088 - INFO - Boosted OOD loss: 0.0064
2025-09-05 00:20:21,178 - INFO - Boosted OOD loss: -0.0262
2025-09-05 00:20:27,049 - INFO - Boosted OOD loss: -0.0258
2025-09-05 00:20:29,721 - INFO - Boosted OOD loss: -0.0208
2025-09-05 00:20:31,342 - INFO - Boosted OOD loss: -0.0067
2025-09-05 00:20:35,616 - INFO - Boosted OOD loss: 0.0109
2025-09-05 00:20:36,174 - INFO - Boosted OOD loss: -0.0233
2025-09-05 00:20:36,732 - INFO - Boosted OOD loss: 0.0006
2025-09-05 00:20:38,341 - INFO - Boosted OOD loss: 0.0077
2025-09-05 00:20:44,218 - INFO - Boosted OOD loss: -0.0144
2025-09-05 00:20:44,218 - INFO - Step 600 Loss Debug:
2025-09-05 00:20:44,218 - INFO -  CE: 2.2923
2025-09-05 00:20:44,219 - INFO -  OOD: -0.0144
2025-09-05 00:20:44,219 - INFO -  β: 64.00
2025-09-05 00:20:44,219 - INFO -  ID: 7010, OOD(254): 1053
2025-09-05 00:20:45,843 - INFO - Boosted OOD loss: -0.0201
2025-09-05 00:20:47,456 - INFO - Boosted OOD loss: -0.0139
2025-09-05 00:20:51,737 - INFO - Boosted OOD loss: -0.0103
2025-09-05 00:20:52,818 - INFO - Boosted OOD loss: -0.0209
2025-09-05 00:20:53,370 - INFO - Boosted OOD loss: -0.0153
2025-09-05 00:20:54,990 - INFO - Boosted OOD loss: -0.0114
2025-09-05 00:20:57,141 - INFO - Boosted OOD loss: -0.0262
2025-09-05 00:21:01,951 - INFO - Boosted OOD loss: 0.0074
2025-09-05 00:21:04,107 - INFO - Boosted OOD loss: -0.0264
2025-09-05 00:21:06,782 - INFO - Boosted OOD loss: -0.0061
2025-09-05 00:21:16,900 - INFO - Boosted OOD loss: -0.0285
2025-09-05 00:21:21,180 - INFO - Boosted OOD loss: -0.0179
2025-09-05 00:21:23,326 - INFO - Boosted OOD loss: -0.0413
2025-09-05 00:21:24,410 - INFO - Boosted OOD loss: -0.0254
2025-09-05 00:21:27,090 - INFO - Boosted OOD loss: -0.0149
2025-09-05 00:21:28,169 - INFO - Boosted OOD loss: -0.0450
2025-09-05 00:21:34,045 - INFO - Boosted OOD loss: -0.0110
2025-09-05 00:21:37,782 - WARNING - No anomaly pixels (254) found in batch
2025-09-05 00:21:40,972 - INFO - Boosted OOD loss: -0.0150
2025-09-05 00:21:43,113 - INFO - Boosted OOD loss: -0.0123
2025-09-05 00:21:43,665 - INFO - Boosted OOD loss: -0.0020
2025-09-05 00:21:44,222 - INFO - Boosted OOD loss: -0.0377
2025-09-05 00:21:45,307 - INFO - Boosted OOD loss: -0.0481
2025-09-05 00:21:47,982 - INFO - Boosted OOD loss: -0.0537
2025-09-05 00:21:52,255 - INFO - Boosted OOD loss: -0.0067
2025-09-05 00:21:53,877 - INFO - Boosted OOD loss: 0.0046
2025-09-05 00:21:54,435 - INFO - Boosted OOD loss: -0.0371
2025-09-05 00:22:01,911 - INFO - Boosted OOD loss: -0.0095
2025-09-05 00:22:10,439 - INFO - Boosted OOD loss: -0.0160
2025-09-05 00:22:13,651 - INFO - Boosted OOD loss: -0.0120
2025-09-05 00:22:23,779 - INFO - Boosted OOD loss: 0.0139
2025-09-05 00:22:25,936 - INFO - Boosted OOD loss: -0.0454
2025-09-05 00:22:31,278 - INFO - Boosted OOD loss: -0.0542
2025-09-05 00:22:31,278 - INFO - Step 800 Loss Debug:
2025-09-05 00:22:31,278 - INFO -  CE: 2.2484
2025-09-05 00:22:31,278 - INFO -  OOD: -0.0542
2025-09-05 00:22:31,278 - INFO -  β: 64.00
2025-09-05 00:22:31,279 - INFO -  ID: 7302, OOD(254): 10
2025-09-05 00:22:32,361 - INFO - Boosted OOD loss: -0.0192
2025-09-05 00:22:32,916 - INFO - Boosted OOD loss: -0.0006
2025-09-05 00:22:34,003 - INFO - Boosted OOD loss: -0.0318
2025-09-05 00:22:36,688 - INFO - Boosted OOD loss: -0.0437
2025-09-05 00:22:37,774 - INFO - Boosted OOD loss: -0.0267
2025-09-05 00:22:38,862 - INFO - Boosted OOD loss: 0.0187
2025-09-05 00:22:41,550 - INFO - Boosted OOD loss: 0.0088
2025-09-05 00:22:42,635 - INFO - Boosted OOD loss: -0.0127
2025-09-05 00:22:43,197 - INFO - Boosted OOD loss: 0.0207
2025-09-05 00:22:44,286 - INFO - Boosted OOD loss: 0.0030
2025-09-05 00:22:44,844 - INFO - Boosted OOD loss: -0.0061
2025-09-05 00:22:48,594 - INFO - Boosted OOD loss: 0.0198
2025-09-05 00:22:50,207 - INFO - Boosted OOD loss: 0.0002
2025-09-05 00:22:52,364 - INFO - Boosted OOD loss: -0.0210
2025-09-05 00:22:57,705 - INFO - Boosted OOD loss: -0.0263
2025-09-05 00:22:58,796 - INFO - Boosted OOD loss: -0.0161
2025-09-05 00:23:01,474 - INFO - Boosted OOD loss: -0.0165
2025-09-05 00:23:04,691 - INFO - Boosted OOD loss: 0.0051
2025-09-05 00:23:05,773 - INFO - Boosted OOD loss: 0.0078
2025-09-05 00:23:07,398 - INFO - Boosted OOD loss: -0.0095
2025-09-05 00:23:08,481 - INFO - Boosted OOD loss: -0.0082
2025-09-05 00:23:09,567 - INFO - Boosted OOD loss: 0.0128
2025-09-05 00:23:12,238 - INFO - Boosted OOD loss: -0.0131
2025-09-05 00:23:16,523 - INFO - Boosted OOD loss: -0.0232
2025-09-05 00:23:22,932 - INFO - Boosted OOD loss: -0.0154
2025-09-05 00:23:25,078 - WARNING - No anomaly pixels (254) found in batch
2025-09-05 00:23:32,527 - INFO - Boosted OOD loss: 0.0030
2025-09-05 00:23:33,086 - INFO - Boosted OOD loss: -0.0056
2025-09-05 00:23:33,643 - INFO - Boosted OOD loss: -0.0089
2025-09-05 00:23:35,260 - INFO - Boosted OOD loss: -0.0088
2025-09-05 00:23:41,140 - INFO - Boosted OOD loss: -0.0156
2025-09-05 00:23:43,823 - INFO - Boosted OOD loss: -0.0196
2025-09-05 00:23:46,491 - INFO - Boosted OOD loss: -0.0176
2025-09-05 00:23:48,112 - INFO - Boosted OOD loss: -0.0192
2025-09-05 00:23:50,265 - INFO - Boosted OOD loss: -0.0209
2025-09-05 00:23:52,948 - INFO - Boosted OOD loss: 0.0107
2025-09-05 00:23:55,624 - INFO - Boosted OOD loss: -0.0051
2025-09-05 00:23:56,716 - INFO - Boosted OOD loss: -0.0204
2025-09-05 00:23:57,800 - INFO - Boosted OOD loss: -0.0086
2025-09-05 00:23:58,353 - INFO - Boosted OOD loss: 0.0022
2025-09-05 00:24:00,503 - INFO - Boosted OOD loss: -0.0318
2025-09-05 00:24:03,180 - INFO - Boosted OOD loss: -0.0405
2025-09-05 00:24:04,794 - INFO - Boosted OOD loss: -0.0016
2025-09-05 00:24:05,883 - INFO - Boosted OOD loss: -0.0147
2025-09-05 00:24:08,037 - INFO - Boosted OOD loss: 0.0094
2025-09-05 00:24:12,317 - INFO - Boosted OOD loss: -0.0191
2025-09-05 00:24:12,865 - INFO - Boosted OOD loss: -0.0297
2025-09-05 00:24:13,951 - INFO - Boosted OOD loss: -0.0009
2025-09-05 00:24:15,035 - INFO - Boosted OOD loss: -0.0157
2025-09-05 00:24:17,715 - INFO - Boosted OOD loss: -0.0219
2025-09-05 00:24:18,788 - WARNING - No anomaly pixels (254) found in batch
2025-09-05 00:24:31,024 - INFO - Boosted OOD loss: -0.0450
2025-09-05 00:24:31,572 - INFO - Boosted OOD loss: -0.0287
2025-09-05 00:24:32,126 - INFO - Boosted OOD loss: -0.0260
2025-09-05 00:24:33,209 - INFO - Boosted OOD loss: -0.0190
2025-09-05 00:24:36,944 - INFO - Boosted OOD loss: -0.0346
2025-09-05 00:24:37,492 - INFO - Boosted OOD loss: -0.0399
2025-09-05 00:24:38,046 - INFO - Boosted OOD loss: -0.0079
2025-09-05 00:24:38,601 - INFO - Boosted OOD loss: -0.0480
2025-09-05 00:24:39,679 - INFO - Boosted OOD loss: -0.0373
2025-09-05 00:24:40,232 - INFO - Boosted OOD loss: -0.0165
2025-09-05 00:24:41,855 - INFO - Boosted OOD loss: 0.0111
2025-09-05 00:24:44,552 - INFO - Boosted OOD loss: 0.0149
2025-09-05 00:24:46,171 - INFO - Boosted OOD loss: -0.0465
2025-09-05 00:24:47,249 - INFO - Boosted OOD loss: -0.0265
2025-09-05 00:24:47,806 - INFO - Boosted OOD loss: -0.0447
2025-09-05 00:24:49,425 - INFO - Boosted OOD loss: -0.0072
2025-09-05 00:24:50,505 - INFO - Boosted OOD loss: -0.0361
2025-09-05 00:24:53,708 - INFO - Boosted OOD loss: 0.0307
2025-09-05 00:24:55,324 - INFO - Boosted OOD loss: -0.0169
2025-09-05 00:24:55,882 - INFO - Boosted OOD loss: 0.0044
2025-09-05 00:24:59,620 - INFO - Boosted OOD loss: -0.0336
2025-09-05 00:25:04,427 - INFO - Boosted OOD loss: -0.0425
2025-09-05 00:25:11,351 - INFO - Boosted OOD loss: -0.0005
2025-09-05 00:25:12,427 - WARNING - No anomaly pixels (254) found in batch
2025-09-05 00:25:14,555 - INFO - Boosted OOD loss: -0.0392
2025-09-05 00:25:18,299 - INFO - Boosted OOD loss: -0.0298
2025-09-05 00:25:24,171 - INFO - Boosted OOD loss: 0.0218
2025-09-05 00:25:24,730 - INFO - Boosted OOD loss: -0.0291
2025-09-05 00:25:25,287 - INFO - Boosted OOD loss: -0.0141
2025-09-05 00:25:30,100 - INFO - Boosted OOD loss: -0.0012
2025-09-05 00:25:32,242 - INFO - Boosted OOD loss: -0.0171
2025-09-05 00:25:33,323 - INFO - Boosted OOD loss: -0.0346
2025-09-05 00:25:34,408 - INFO - Boosted OOD loss: -0.0327
2025-09-05 00:25:38,138 - INFO - Boosted OOD loss: -0.0319
2025-09-05 00:25:41,359 - INFO - Boosted OOD loss: 0.0242
2025-09-05 00:25:41,914 - INFO - Boosted OOD loss: -0.0159
2025-09-05 00:25:43,533 - INFO - Boosted OOD loss: -0.0390
2025-09-05 00:25:45,143 - INFO - Boosted OOD loss: -0.0124
2025-09-05 00:25:47,303 - INFO - Boosted OOD loss: -0.0601
2025-09-05 00:25:49,983 - INFO - Boosted OOD loss: -0.0146
2025-09-05 00:25:51,611 - INFO - Boosted OOD loss: -0.0003
2025-09-05 00:25:52,695 - INFO - Boosted OOD loss: -0.0287
2025-09-05 00:25:53,775 - INFO - Boosted OOD loss: -0.0330
2025-09-05 00:25:57,516 - INFO - Boosted OOD loss: 0.0304
2025-09-05 00:25:58,073 - INFO - Boosted OOD loss: -0.0066
2025-09-05 00:26:00,751 - INFO - Boosted OOD loss: -0.0195
2025-09-05 00:26:01,301 - INFO - Boosted OOD loss: -0.0309
2025-09-05 00:26:02,389 - INFO - Boosted OOD loss: 0.0451
2025-09-05 00:26:03,480 - INFO - Boosted OOD loss: -0.0465
2025-09-05 00:26:06,159 - WARNING - No anomaly pixels (254) found in batch
2025-09-05 00:26:09,356 - INFO - Boosted OOD loss: -0.0335
2025-09-05 00:26:13,112 - INFO - Boosted OOD loss: -0.0287
2025-09-05 00:26:13,660 - INFO - Boosted OOD loss: -0.0334
2025-09-05 00:26:14,216 - INFO - Boosted OOD loss: -0.0442
2025-09-05 00:26:19,543 - INFO - Boosted OOD loss: -0.0102
2025-09-05 00:26:24,357 - INFO - Boosted OOD loss: -0.0272
2025-09-05 00:26:24,912 - INFO - Boosted OOD loss: -0.0488
2025-09-05 00:26:30,772 - INFO - Boosted OOD loss: -0.0198
2025-09-05 00:26:34,516 - INFO - Boosted OOD loss: -0.0489
2025-09-05 00:26:37,733 - INFO - Boosted OOD loss: 0.0144
2025-09-05 00:26:38,293 - INFO - Boosted OOD loss: -0.0434
2025-09-05 00:26:42,574 - INFO - Boosted OOD loss: -0.0114
2025-09-05 00:26:44,197 - INFO - Boosted OOD loss: 0.0331
2025-09-05 00:26:44,754 - INFO - Boosted OOD loss: -0.0179
2025-09-05 00:26:45,305 - INFO - Boosted OOD loss: -0.0040
2025-09-05 00:26:46,397 - INFO - Boosted OOD loss: 0.0292
2025-09-05 00:26:49,608 - INFO - Boosted OOD loss: 0.0003
2025-09-05 00:26:53,892 - INFO - Boosted OOD loss: 0.0180
2025-09-05 00:26:57,641 - INFO - Boosted OOD loss: -0.0161
2025-09-05 00:26:58,196 - INFO - Boosted OOD loss: 0.0183
2025-09-05 00:26:59,811 - WARNING - No anomaly pixels (254) found in batch
2025-09-05 00:27:00,350 - INFO - Boosted OOD loss: -0.0114
2025-09-05 00:27:01,438 - INFO - Boosted OOD loss: 0.0045
2025-09-05 00:27:05,182 - INFO - Boosted OOD loss: -0.0189
2025-09-05 00:27:08,395 - INFO - Boosted OOD loss: -0.0070
2025-09-05 00:27:10,546 - INFO - Boosted OOD loss: -0.0146
2025-09-05 00:27:12,694 - INFO - Boosted OOD loss: -0.0070
2025-09-05 00:27:13,246 - INFO - Boosted OOD loss: -0.0099
2025-09-05 00:27:15,919 - INFO - Boosted OOD loss: -0.0007
2025-09-05 00:27:19,138 - INFO - Boosted OOD loss: 0.0081
2025-09-05 00:27:20,750 - INFO - Boosted OOD loss: -0.0019
2025-09-05 00:27:22,371 - INFO - Boosted OOD loss: -0.0137
2025-09-05 00:27:26,127 - INFO - Boosted OOD loss: -0.0150
2025-09-05 00:27:28,278 - INFO - Boosted OOD loss: -0.0122
2025-09-05 00:27:30,966 - INFO - Boosted OOD loss: -0.0120
2025-09-05 00:27:32,584 - INFO - Boosted OOD loss: 0.0046
2025-09-05 00:27:38,995 - INFO - Boosted OOD loss: -0.0072
2025-09-05 00:27:39,549 - INFO - Boosted OOD loss: 0.0012
2025-09-05 00:27:40,642 - INFO - Boosted OOD loss: 0.0095
2025-09-05 00:27:41,731 - INFO - Boosted OOD loss: -0.0151
2025-09-05 00:27:42,284 - INFO - Boosted OOD loss: -0.0199
2025-09-05 00:27:48,155 - INFO - Boosted OOD loss: -0.0008
2025-09-05 00:27:49,784 - INFO - Boosted OOD loss: -0.0094
2025-09-05 00:27:51,394 - INFO - Boosted OOD loss: -0.0148
2025-09-05 00:27:53,538 - INFO - Boosted OOD loss: -0.0245
2025-09-05 00:27:53,539 - INFO - Step 1400 Loss Debug:
2025-09-05 00:27:53,539 - INFO -  CE: 2.2381
2025-09-05 00:27:53,539 - INFO -  OOD: -0.0245
2025-09-05 00:27:53,539 - INFO -  β: 64.00
2025-09-05 00:27:53,539 - INFO -  ID: 7968, OOD(254): 12
2025-09-05 00:27:55,683 - INFO - Boosted OOD loss: -0.0295
2025-09-05 00:27:56,766 - INFO - Boosted OOD loss: -0.0128
2025-09-05 00:27:58,917 - INFO - Boosted OOD loss: -0.0183
2025-09-05 00:27:59,470 - INFO - Boosted OOD loss: -0.0119
2025-09-05 00:28:05,876 - INFO - Boosted OOD loss: -0.0126
2025-09-05 00:28:09,615 - INFO - Boosted OOD loss: -0.0309
2025-09-05 00:28:11,238 - INFO - Boosted OOD loss: -0.0068
2025-09-05 00:28:12,320 - INFO - Boosted OOD loss: -0.0340
2025-09-05 00:28:17,145 - INFO - Boosted OOD loss: -0.0284
2025-09-05 00:28:20,345 - INFO - Boosted OOD loss: -0.0059
2025-09-05 00:28:20,345 - INFO - Step 1450 Loss Debug:
2025-09-05 00:28:20,346 - INFO -  CE: 1.9700
2025-09-05 00:28:20,346 - INFO -  OOD: -0.0059
2025-09-05 00:28:20,346 - INFO -  β: 64.00
2025-09-05 00:28:20,346 - INFO -  ID: 6450, OOD(254): 479
2025-09-05 00:28:20,902 - INFO - Boosted OOD loss: 0.0287
2025-09-05 00:28:25,192 - INFO - Boosted OOD loss: -0.0416
2025-09-05 00:28:27,334 - INFO - Boosted OOD loss: -0.0337
2025-09-05 00:28:27,883 - INFO - Boosted OOD loss: 0.0043
2025-09-05 00:28:31,097 - INFO - Boosted OOD loss: -0.0008
2025-09-05 00:28:34,835 - INFO - Boosted OOD loss: -0.0310
2025-09-05 00:28:39,639 - INFO - Boosted OOD loss: 0.0251
2025-09-05 00:28:42,853 - INFO - Boosted OOD loss: -0.0190
2025-09-05 00:28:47,115 - WARNING - No anomaly pixels (254) found in batch
2025-09-05 00:28:48,712 - INFO - Boosted OOD loss: -0.0513
2025-09-05 00:28:53,509 - INFO - Boosted OOD loss: 0.0039
2025-09-05 00:28:55,659 - INFO - Boosted OOD loss: 0.0120
2025-09-05 00:28:57,276 - INFO - Boosted OOD loss: -0.0145
2025-09-05 00:28:58,896 - INFO - Boosted OOD loss: -0.0253
2025-09-05 00:28:59,981 - INFO - Boosted OOD loss: -0.0265
2025-09-05 00:29:00,533 - INFO - Boosted OOD loss: -0.0675
2025-09-05 00:29:01,610 - INFO - Boosted OOD loss: -0.0266
2025-09-05 00:29:02,694 - INFO - Boosted OOD loss: -0.0381
2025-09-05 00:29:04,846 - INFO - Boosted OOD loss: 0.0019
2025-09-05 00:29:08,587 - INFO - Boosted OOD loss: -0.0326
2025-09-05 00:29:16,031 - INFO - Boosted OOD loss: -0.0070
2025-09-05 00:29:16,590 - INFO - Boosted OOD loss: -0.0016
2025-09-05 00:29:17,149 - INFO - Boosted OOD loss: 0.0100
2025-09-05 00:29:20,378 - INFO - Boosted OOD loss: 0.0123
2025-09-05 00:29:23,578 - INFO - Boosted OOD loss: -0.0440
2025-09-05 00:29:24,660 - INFO - Boosted OOD loss: -0.0237
2025-09-05 00:29:25,750 - INFO - Boosted OOD loss: 0.0137
2025-09-05 00:29:26,835 - INFO - Boosted OOD loss: -0.0258
2025-09-05 00:29:27,386 - INFO - Boosted OOD loss: 0.0067
2025-09-05 00:29:28,472 - INFO - Boosted OOD loss: -0.0296
2025-09-05 00:29:31,674 - INFO - Boosted OOD loss: 0.0012
2025-09-05 00:29:32,221 - INFO - Boosted OOD loss: -0.0192
2025-09-05 00:29:33,831 - INFO - Boosted OOD loss: -0.0162
2025-09-05 00:29:37,580 - INFO - Boosted OOD loss: -0.0027
2025-09-05 00:29:38,660 - INFO - Boosted OOD loss: -0.0272
2025-09-05 00:29:40,797 - WARNING - No anomaly pixels (254) found in batch
2025-09-05 00:29:41,337 - INFO - Boosted OOD loss: -0.0254
2025-09-05 00:29:45,088 - INFO - Boosted OOD loss: 0.0076
2025-09-05 00:29:50,434 - INFO - Boosted OOD loss: -0.0262
2025-09-05 00:29:52,052 - INFO - Boosted OOD loss: -0.0241
2025-09-05 00:29:52,602 - INFO - Boosted OOD loss: -0.0271
2025-09-05 00:30:00,602 - INFO - Boosted OOD loss: -0.0382
2025-09-05 00:30:02,746 - INFO - Boosted OOD loss: -0.0352
2025-09-05 00:30:04,363 - INFO - Boosted OOD loss: -0.0522
2025-09-05 00:30:15,014 - INFO - Boosted OOD loss: 0.0007
2025-09-05 00:30:20,356 - INFO - Boosted OOD loss: -0.0387
2025-09-05 00:30:21,442 - INFO - Boosted OOD loss: -0.0430
2025-09-05 00:30:24,646 - INFO - Boosted OOD loss: -0.0514
2025-09-05 00:30:31,055 - INFO - Boosted OOD loss: 0.0080
2025-09-05 00:30:34,265 - WARNING - No anomaly pixels (254) found in batch
2025-09-05 00:30:35,333 - INFO - Boosted OOD loss: -0.0402
2025-09-05 00:30:39,609 - INFO - Boosted OOD loss: -0.0184
2025-09-05 00:30:41,232 - INFO - Boosted OOD loss: 0.0159
2025-09-05 00:30:46,600 - INFO - Boosted OOD loss: -0.0159
2025-09-05 00:30:56,710 - INFO - Boosted OOD loss: -0.0645
2025-09-05 00:30:58,851 - INFO - Boosted OOD loss: -0.0281
2025-09-05 00:30:59,401 - INFO - Boosted OOD loss: -0.0233
2025-09-05 00:31:05,782 - INFO - Boosted OOD loss: -0.0001
2025-09-05 00:31:07,934 - INFO - Boosted OOD loss: -0.0432
2025-09-05 00:31:10,612 - INFO - Boosted OOD loss: 0.0189
2025-09-05 00:31:15,425 - INFO - Boosted OOD loss: -0.0307
2025-09-05 00:31:17,632 - INFO - Updated beta to 15.83 (exp decay)
2025-09-05 00:31:19,031 - WARNING - Negative mean energy—verify E_b formula/signs
2025-09-05 00:31:19,032 - INFO - Weights updated successfully
2025-09-05 00:31:19,032 - INFO - Advanced epoch 1 - Updated beta: 15.83
2025-09-05 00:31:19,032 - INFO - Epoch 1 - Avg CE: 2.2382, Avg OOD: -0.0032, β: 64
2025-09-05 00:31:19,147 - INFO - 
Starting Epoch 2/100
2025-09-05 00:31:19,147 - INFO - ============================================================
2025-09-05 00:31:19,148 - INFO - 
Updating Hopfield boosting weights at epoch 2...
2025-09-05 00:31:20,546 - WARNING - Negative mean energy—verify E_b formula/signs
2025-09-05 00:31:20,547 - INFO - Weights updated successfully
2025-09-05 00:31:20,547 - INFO - Weight Update Debug at Epoch 2: No high-weight OOD pixels found
2025-09-05 00:31:23,345 - INFO - Boosted OOD loss: -0.0827
2025-09-05 00:31:23,890 - INFO - Boosted OOD loss: -0.0413
2025-09-05 00:31:28,104 - INFO - Boosted OOD loss: -0.0391
2025-09-05 00:31:31,286 - WARNING - No anomaly pixels (254) found in batch
2025-09-05 00:31:34,479 - INFO - Boosted OOD loss: -0.0094
2025-09-05 00:31:35,032 - INFO - Boosted OOD loss: -0.0486
2025-09-05 00:31:37,715 - INFO - Boosted OOD loss: 0.0024
2025-09-05 00:31:43,068 - INFO - Boosted OOD loss: -0.0066
2025-09-05 00:31:44,693 - INFO - Boosted OOD loss: -0.0529
2025-09-05 00:31:48,986 - INFO - Boosted OOD loss: -0.0221
2025-09-05 00:31:49,538 - INFO - Boosted OOD loss: -0.0500
2025-09-05 00:31:58,084 - INFO - Boosted OOD loss: -0.0391
2025-09-05 00:31:58,084 - INFO - Step 1850 Loss Debug:
2025-09-05 00:31:58,085 - INFO -  CE: 1.8999
2025-09-05 00:31:58,085 - INFO -  OOD: -0.0391
2025-09-05 00:31:58,085 - INFO -  β: 64.00
2025-09-05 00:31:58,085 - INFO -  ID: 7166, OOD(254): 130
2025-09-05 00:31:59,170 - INFO - Boosted OOD loss: -0.0364
2025-09-05 00:32:01,319 - INFO - Boosted OOD loss: -0.0898
2025-09-05 00:32:02,939 - INFO - Boosted OOD loss: -0.0312
2025-09-05 00:32:03,489 - INFO - Boosted OOD loss: -0.0410
2025-09-05 00:32:04,043 - INFO - Boosted OOD loss: -0.0581
2025-09-05 00:32:09,387 - INFO - Boosted OOD loss: -0.0203
2025-09-05 00:32:11,006 - INFO - Boosted OOD loss: -0.0505
2025-09-05 00:32:11,555 - INFO - Boosted OOD loss: -0.0636
2025-09-05 00:32:16,908 - INFO - Boosted OOD loss: -0.0321
2025-09-05 00:32:20,651 - INFO - Boosted OOD loss: -0.0492
2025-09-05 00:32:24,941 - INFO - Boosted OOD loss: -0.0394
2025-09-05 00:32:24,941 - INFO - Step 1900 Loss Debug:
2025-09-05 00:32:24,942 - INFO -  CE: 2.1976
2025-09-05 00:32:24,942 - INFO -  OOD: -0.0394
2025-09-05 00:32:24,942 - INFO -  β: 64.00
2025-09-05 00:32:24,942 - INFO -  ID: 7765, OOD(254): 274
2025-09-05 00:32:26,025 - INFO - Boosted OOD loss: -0.0731
2025-09-05 00:32:32,961 - INFO - Boosted OOD loss: -0.0752
2025-09-05 00:32:33,513 - INFO - Boosted OOD loss: -0.0233
2025-09-05 00:32:34,598 - INFO - Boosted OOD loss: -0.0667
2025-09-05 00:32:37,816 - INFO - Boosted OOD loss: -0.0239
2025-09-05 00:32:38,905 - INFO - Boosted OOD loss: -0.0648
2025-09-05 00:32:39,458 - INFO - Boosted OOD loss: -0.0533
2025-09-05 00:32:40,539 - INFO - Boosted OOD loss: -0.0342
2025-09-05 00:32:41,621 - INFO - Boosted OOD loss: -0.0538
2025-09-05 00:32:49,616 - INFO - Boosted OOD loss: -0.0199
2025-09-05 00:32:51,232 - INFO - Boosted OOD loss: -0.0124
2025-09-05 00:32:52,852 - INFO - Boosted OOD loss: -0.0052
2025-09-05 00:32:53,940 - INFO - Boosted OOD loss: -0.0712
2025-09-05 00:33:00,876 - INFO - Boosted OOD loss: -0.0503
2025-09-05 00:33:01,430 - INFO - Boosted OOD loss: -0.0613
2025-09-05 00:33:03,577 - INFO - Boosted OOD loss: -0.0189
2025-09-05 00:33:07,860 - INFO - Boosted OOD loss: -0.0146
2025-09-05 00:33:11,073 - INFO - Boosted OOD loss: 0.0011
2025-09-05 00:33:12,688 - INFO - Boosted OOD loss: -0.0795
2025-09-05 00:33:13,777 - INFO - Boosted OOD loss: -0.0350
2025-09-05 00:33:14,331 - INFO - Boosted OOD loss: -0.0054
2025-09-05 00:33:18,605 - WARNING - No anomaly pixels (254) found in batch
2025-09-05 00:33:20,208 - INFO - Boosted OOD loss: -0.0206
2025-09-05 00:33:25,016 - INFO - Boosted OOD loss: -0.0695
2025-09-05 00:33:31,420 - INFO - Boosted OOD loss: -0.0534
2025-09-05 00:33:32,501 - INFO - Boosted OOD loss: -0.0648
2025-09-05 00:33:35,169 - INFO - Boosted OOD loss: -0.0341
2025-09-05 00:33:39,454 - INFO - Boosted OOD loss: -0.0467
2025-09-05 00:33:40,538 - INFO - Boosted OOD loss: -0.0827
2025-09-05 00:33:41,098 - INFO - Boosted OOD loss: -0.0383
2025-09-05 00:33:43,774 - INFO - Boosted OOD loss: -0.0575
2025-09-05 00:33:46,452 - INFO - Boosted OOD loss: -0.0408
2025-09-05 00:33:50,738 - INFO - Boosted OOD loss: -0.0150
2025-09-05 00:33:51,293 - INFO - Boosted OOD loss: -0.0285
2025-09-05 00:33:51,852 - INFO - Boosted OOD loss: -0.0076
2025-09-05 00:33:53,471 - INFO - Boosted OOD loss: -0.0132
2025-09-05 00:34:01,483 - INFO - Boosted OOD loss: -0.0297
2025-09-05 00:34:04,158 - INFO - Boosted OOD loss: -0.0210
2025-09-05 00:34:12,135 - WARNING - No anomaly pixels (254) found in batch
2025-09-05 00:34:13,741 - INFO - Boosted OOD loss: -0.0263
2025-09-05 00:34:14,295 - INFO - Boosted OOD loss: -0.0340
2025-09-05 00:34:23,358 - INFO - Boosted OOD loss: -0.0531
2025-09-05 00:34:30,288 - INFO - Boosted OOD loss: -0.0273
2025-09-05 00:34:31,911 - INFO - Boosted OOD loss: -0.0379
2025-09-05 00:34:36,175 - INFO - Boosted OOD loss: -0.0438
2025-09-05 00:34:39,388 - INFO - Boosted OOD loss: -0.0055
2025-09-05 00:34:44,196 - INFO - Boosted OOD loss: -0.0489
2025-09-05 00:34:44,747 - INFO - Boosted OOD loss: -0.0259
2025-09-05 00:34:45,834 - INFO - Boosted OOD loss: -0.0436
2025-09-05 00:34:47,973 - INFO - Boosted OOD loss: -0.0877
2025-09-05 00:34:48,526 - INFO - Boosted OOD loss: -0.0259
2025-09-05 00:34:49,086 - INFO - Boosted OOD loss: -0.0061
2025-09-05 00:34:50,179 - INFO - Boosted OOD loss: -0.0130
2025-09-05 00:34:50,738 - INFO - Boosted OOD loss: -0.0485
2025-09-05 00:34:52,883 - INFO - Boosted OOD loss: -0.0284
2025-09-05 00:34:58,751 - INFO - Boosted OOD loss: -0.0335
2025-09-05 00:35:00,899 - INFO - Boosted OOD loss: -0.0689
2025-09-05 00:35:04,111 - INFO - Boosted OOD loss: -0.0221
2025-09-05 00:35:04,666 - INFO - Boosted OOD loss: -0.0406
2025-09-05 00:35:05,219 - INFO - Boosted OOD loss: 0.0226
2025-09-05 00:35:05,770 - WARNING - No anomaly pixels (254) found in batch
2025-09-05 00:35:08,432 - INFO - Boosted OOD loss: -0.0492
2025-09-05 00:35:12,710 - INFO - Boosted OOD loss: -0.0310
2025-09-05 00:35:14,855 - INFO - Boosted OOD loss: -0.0497
2025-09-05 00:35:15,405 - INFO - Boosted OOD loss: -0.0521
2025-09-05 00:35:17,025 - INFO - Boosted OOD loss: -0.0358
2025-09-05 00:35:18,115 - INFO - Boosted OOD loss: -0.0534
2025-09-05 00:35:21,319 - INFO - Boosted OOD loss: -0.0387
2025-09-05 00:35:24,530 - INFO - Boosted OOD loss: -0.0088
2025-09-05 00:35:25,085 - INFO - Boosted OOD loss: -0.0198
2025-09-05 00:35:25,640 - INFO - Boosted OOD loss: -0.0744
2025-09-05 00:35:27,791 - INFO - Boosted OOD loss: -0.0268
2025-09-05 00:35:29,946 - INFO - Boosted OOD loss: -0.0359
2025-09-05 00:35:33,152 - INFO - Boosted OOD loss: -0.0303
2025-09-05 00:35:34,764 - INFO - Boosted OOD loss: -0.0465
2025-09-05 00:35:35,317 - INFO - Boosted OOD loss: -0.0205
2025-09-05 00:35:35,867 - INFO - Boosted OOD loss: -0.0693
2025-09-05 00:35:37,482 - INFO - Boosted OOD loss: -0.0585
2025-09-05 00:35:39,629 - INFO - Boosted OOD loss: -0.0488
2025-09-05 00:35:44,432 - INFO - Boosted OOD loss: -0.0195
2025-09-05 00:35:44,988 - INFO - Boosted OOD loss: -0.0288
2025-09-05 00:35:52,447 - INFO - Boosted OOD loss: -0.0465
2025-09-05 00:35:56,722 - INFO - Boosted OOD loss: -0.0436
2025-09-05 00:35:59,404 - WARNING - No anomaly pixels (254) found in batch
2025-09-05 00:36:03,133 - INFO - Boosted OOD loss: -0.0572
2025-09-05 00:36:10,589 - INFO - Boosted OOD loss: -0.0626
2025-09-05 00:36:12,726 - INFO - Boosted OOD loss: -0.0281
2025-09-05 00:36:13,284 - INFO - Boosted OOD loss: -0.0558
2025-09-05 00:36:14,362 - INFO - Boosted OOD loss: -0.0519
2025-09-05 00:36:16,511 - INFO - Boosted OOD loss: -0.0328
2025-09-05 00:36:20,247 - INFO - Boosted OOD loss: -0.0241
2025-09-05 00:36:22,920 - INFO - Boosted OOD loss: -0.0729
2025-09-05 00:36:31,440 - INFO - Boosted OOD loss: -0.0115
2025-09-05 00:36:32,001 - INFO - Boosted OOD loss: -0.0203
2025-09-05 00:36:33,084 - INFO - Boosted OOD loss: -0.0446
2025-09-05 00:36:40,006 - INFO - Boosted OOD loss: -0.0521
2025-09-05 00:36:40,557 - INFO - Boosted OOD loss: -0.0429
2025-09-05 00:36:43,235 - INFO - Boosted OOD loss: -0.0795
2025-09-05 00:36:43,794 - INFO - Boosted OOD loss: -0.0134
2025-09-05 00:36:45,408 - INFO - Boosted OOD loss: -0.0010
2025-09-05 00:36:47,023 - INFO - Boosted OOD loss: -0.0612
2025-09-05 00:36:48,109 - INFO - Boosted OOD loss: -0.0649
2025-09-05 00:36:50,781 - INFO - Boosted OOD loss: -0.0306
2025-09-05 00:36:52,401 - INFO - Boosted OOD loss: -0.0221
2025-09-05 00:36:52,945 - WARNING - No anomaly pixels (254) found in batch
2025-09-05 00:36:54,543 - INFO - Boosted OOD loss: -0.0653
2025-09-05 00:36:56,156 - INFO - Boosted OOD loss: -0.0450
2025-09-05 00:36:57,770 - INFO - Boosted OOD loss: -0.0462
2025-09-05 00:36:58,855 - INFO - Boosted OOD loss: -0.0442
2025-09-05 00:37:01,001 - INFO - Boosted OOD loss: -0.0367
2025-09-05 00:37:02,084 - INFO - Boosted OOD loss: -0.0677
2025-09-05 00:37:05,813 - INFO - Boosted OOD loss: -0.0159
2025-09-05 00:37:06,899 - INFO - Boosted OOD loss: -0.0328
2025-09-05 00:37:08,511 - INFO - Boosted OOD loss: -0.0196
2025-09-05 00:37:10,666 - INFO - Boosted OOD loss: -0.0749
2025-09-05 00:37:11,747 - INFO - Boosted OOD loss: -0.0465
2025-09-05 00:37:16,010 - INFO - Boosted OOD loss: -0.0162
2025-09-05 00:37:19,215 - INFO - Boosted OOD loss: -0.0697
2025-09-05 00:37:19,764 - INFO - Boosted OOD loss: -0.0322
2025-09-05 00:37:19,764 - INFO - Step 2450 Loss Debug:
2025-09-05 00:37:19,764 - INFO -  CE: 1.8923
2025-09-05 00:37:19,764 - INFO -  OOD: -0.0322
2025-09-05 00:37:19,765 - INFO -  β: 64.00
2025-09-05 00:37:19,765 - INFO -  ID: 6368, OOD(254): 205
2025-09-05 00:37:20,320 - INFO - Boosted OOD loss: -0.0693
2025-09-05 00:37:22,461 - INFO - Boosted OOD loss: -0.0014
2025-09-05 00:37:24,605 - INFO - Boosted OOD loss: -0.0745
2025-09-05 00:37:25,689 - INFO - Boosted OOD loss: -0.0479
2025-09-05 00:37:27,836 - INFO - Boosted OOD loss: -0.0560
2025-09-05 00:37:30,507 - INFO - Boosted OOD loss: -0.0631
2025-09-05 00:37:35,310 - INFO - Boosted OOD loss: -0.0625
2025-09-05 00:37:36,920 - INFO - Boosted OOD loss: -0.0665
2025-09-05 00:37:41,199 - INFO - Boosted OOD loss: 0.0067
2025-09-05 00:37:46,555 - WARNING - No anomaly pixels (254) found in batch
2025-09-05 00:37:49,232 - INFO - Boosted OOD loss: -0.0444
2025-09-05 00:37:49,785 - INFO - Boosted OOD loss: -0.0578
2025-09-05 00:37:50,867 - INFO - Boosted OOD loss: -0.0441
2025-09-05 00:37:51,948 - INFO - Boosted OOD loss: -0.0579
2025-09-05 00:37:52,499 - INFO - Boosted OOD loss: -0.0659
2025-09-05 00:37:57,838 - INFO - Boosted OOD loss: -0.0064
2025-09-05 00:37:58,395 - INFO - Boosted OOD loss: -0.0282
2025-09-05 00:38:01,075 - INFO - Boosted OOD loss: -0.0181
2025-09-05 00:38:05,347 - INFO - Boosted OOD loss: -0.0417
2025-09-05 00:38:10,691 - INFO - Boosted OOD loss: -0.0535
2025-09-05 00:38:11,780 - INFO - Boosted OOD loss: -0.0345
2025-09-05 00:38:12,871 - INFO - Boosted OOD loss: -0.0268
2025-09-05 00:38:17,157 - INFO - Boosted OOD loss: -0.0208
2025-09-05 00:38:19,836 - INFO - Boosted OOD loss: -0.0530
2025-09-05 00:38:20,915 - INFO - Boosted OOD loss: -0.0425
2025-09-05 00:38:23,056 - INFO - Boosted OOD loss: -0.0273
2025-09-05 00:38:27,333 - INFO - Boosted OOD loss: -0.0329
2025-09-05 00:38:31,616 - INFO - Boosted OOD loss: -0.0247
2025-09-05 00:38:32,173 - INFO - Boosted OOD loss: -0.0248
2025-09-05 00:38:34,854 - INFO - Boosted OOD loss: -0.0238
2025-09-05 00:38:37,533 - INFO - Boosted OOD loss: -0.0184
2025-09-05 00:38:40,201 - WARNING - No anomaly pixels (254) found in batch
2025-09-05 00:38:42,325 - INFO - Boosted OOD loss: -0.0167
2025-09-05 00:38:43,408 - INFO - Boosted OOD loss: -0.0429
2025-09-05 00:38:44,488 - INFO - Boosted OOD loss: -0.0199
2025-09-05 00:38:46,102 - INFO - Boosted OOD loss: -0.0618
2025-09-05 00:38:51,981 - INFO - Boosted OOD loss: -0.0555
2025-09-05 00:38:53,068 - INFO - Boosted OOD loss: -0.0351
2025-09-05 00:38:54,687 - INFO - Boosted OOD loss: -0.0375
2025-09-05 00:38:56,842 - INFO - Boosted OOD loss: -0.0362
2025-09-05 00:38:57,392 - INFO - Boosted OOD loss: -0.0562
2025-09-05 00:38:57,944 - INFO - Boosted OOD loss: -0.0303
2025-09-05 00:39:04,888 - INFO - Boosted OOD loss: -0.0167
2025-09-05 00:39:05,442 - INFO - Boosted OOD loss: -0.0659
2025-09-05 00:39:07,060 - INFO - Boosted OOD loss: -0.0321
2025-09-05 00:39:07,060 - INFO - Step 2650 Loss Debug:
2025-09-05 00:39:07,060 - INFO -  CE: 2.3849
2025-09-05 00:39:07,060 - INFO -  OOD: -0.0321
2025-09-05 00:39:07,060 - INFO -  β: 64.00
2025-09-05 00:39:07,060 - INFO -  ID: 7648, OOD(254): 252
2025-09-05 00:39:07,613 - INFO - Boosted OOD loss: -0.0585
2025-09-05 00:39:11,357 - INFO - Boosted OOD loss: -0.0318
2025-09-05 00:39:17,770 - INFO - Boosted OOD loss: -0.0810
2025-09-05 00:39:18,321 - INFO - Boosted OOD loss: -0.0012
2025-09-05 00:39:18,877 - INFO - Boosted OOD loss: -0.0292
2025-09-05 00:39:25,816 - INFO - Boosted OOD loss: -0.0199
2025-09-05 00:39:27,975 - INFO - Boosted OOD loss: -0.0502
2025-09-05 00:39:28,537 - INFO - Boosted OOD loss: -0.0280
2025-09-05 00:39:30,696 - INFO - Boosted OOD loss: -0.0364
2025-09-05 00:39:33,902 - WARNING - No anomaly pixels (254) found in batch
2025-09-05 00:39:34,444 - INFO - Boosted OOD loss: 0.0066
2025-09-05 00:39:40,852 - INFO - Boosted OOD loss: -0.0333
2025-09-05 00:39:41,406 - INFO - Boosted OOD loss: -0.0572
2025-09-05 00:39:48,879 - INFO - Boosted OOD loss: -0.0038
2025-09-05 00:39:50,503 - INFO - Boosted OOD loss: -0.0458
2025-09-05 00:39:58,496 - INFO - Boosted OOD loss: -0.0436
2025-09-05 00:39:59,050 - INFO - Boosted OOD loss: -0.0608
2025-09-05 00:40:00,131 - INFO - Boosted OOD loss: -0.0704
2025-09-05 00:40:02,803 - INFO - Boosted OOD loss: -0.0299
2025-09-05 00:40:05,490 - INFO - Boosted OOD loss: -0.0604
2025-09-05 00:40:12,440 - INFO - Boosted OOD loss: -0.0452
2025-09-05 00:40:12,996 - INFO - Boosted OOD loss: -0.0343
2025-09-05 00:40:13,547 - INFO - Boosted OOD loss: -0.0360
2025-09-05 00:40:14,101 - INFO - Boosted OOD loss: -0.0673
2025-09-05 00:40:16,773 - INFO - Boosted OOD loss: -0.0656
2025-09-05 00:40:27,435 - WARNING - No anomaly pixels (254) found in batch
2025-09-05 00:40:27,974 - INFO - Boosted OOD loss: -0.0198
2025-09-05 00:40:33,321 - INFO - Boosted OOD loss: -0.0388
2025-09-05 00:40:33,879 - INFO - Boosted OOD loss: -0.0416
2025-09-05 00:40:44,537 - INFO - Boosted OOD loss: -0.0669
2025-09-05 00:40:45,628 - INFO - Boosted OOD loss: -0.0044
2025-09-05 00:40:56,822 - INFO - Boosted OOD loss: -0.0448
2025-09-05 00:41:00,567 - INFO - Boosted OOD loss: 0.0031
2025-09-05 00:41:03,250 - INFO - Boosted OOD loss: -0.0495
2025-09-05 00:41:05,401 - INFO - Boosted OOD loss: -0.0217
2025-09-05 00:41:10,217 - INFO - Boosted OOD loss: -0.0430
2025-09-05 00:41:10,766 - INFO - Boosted OOD loss: -0.0546
2025-09-05 00:41:11,849 - INFO - Boosted OOD loss: -0.0510
2025-09-05 00:41:12,397 - INFO - Boosted OOD loss: -0.0355
2025-09-05 00:41:19,339 - INFO - Boosted OOD loss: -0.0250
2025-09-05 00:41:20,948 - WARNING - No anomaly pixels (254) found in batch
2025-09-05 00:41:22,554 - INFO - Boosted OOD loss: -0.0395
2025-09-05 00:41:24,171 - INFO - Boosted OOD loss: -0.0293
2025-09-05 00:41:26,846 - INFO - Boosted OOD loss: -0.0671
2025-09-05 00:41:27,925 - INFO - Boosted OOD loss: -0.0511
2025-09-05 00:41:28,477 - INFO - Boosted OOD loss: -0.0792
2025-09-05 00:41:30,612 - INFO - Boosted OOD loss: -0.0557
2025-09-05 00:41:31,167 - INFO - Boosted OOD loss: -0.0300
2025-09-05 00:41:33,316 - INFO - Boosted OOD loss: -0.0497
2025-09-05 00:41:35,992 - INFO - Boosted OOD loss: -0.0132
2025-09-05 00:41:36,548 - INFO - Boosted OOD loss: -0.0250
2025-09-05 00:41:38,165 - INFO - Boosted OOD loss: -0.0105
2025-09-05 00:41:40,852 - INFO - Boosted OOD loss: -0.0047
2025-09-05 00:41:42,474 - INFO - Boosted OOD loss: -0.0713
2025-09-05 00:41:47,290 - INFO - Boosted OOD loss: -0.0315
2025-09-05 00:41:47,841 - INFO - Boosted OOD loss: -0.0505
2025-09-05 00:41:47,842 - INFO - Step 2950 Loss Debug:
2025-09-05 00:41:47,842 - INFO -  CE: 2.0177
2025-09-05 00:41:47,842 - INFO -  OOD: -0.0505
2025-09-05 00:41:47,842 - INFO -  β: 64.00
2025-09-05 00:41:47,842 - INFO -  ID: 7345, OOD(254): 41
2025-09-05 00:41:48,394 - INFO - Boosted OOD loss: -0.0464
2025-09-05 00:41:51,622 - INFO - Boosted OOD loss: -0.0477
2025-09-05 00:41:55,354 - INFO - Boosted OOD loss: -0.0592
2025-09-05 00:42:01,761 - INFO - Boosted OOD loss: -0.0560
2025-09-05 00:42:11,390 - INFO - Boosted OOD loss: -0.0285
2025-09-05 00:42:13,015 - INFO - Boosted OOD loss: -0.0887
2025-09-05 00:42:14,624 - WARNING - No anomaly pixels (254) found in batch
2025-09-05 00:42:15,166 - INFO - Boosted OOD loss: -0.0393
2025-09-05 00:42:15,713 - INFO - Boosted OOD loss: -0.0687
2025-09-05 00:42:17,330 - INFO - Boosted OOD loss: -0.0350
2025-09-05 00:42:22,140 - INFO - Boosted OOD loss: 0.0001
2025-09-05 00:42:23,766 - INFO - Boosted OOD loss: -0.0503
2025-09-05 00:42:24,851 - INFO - Boosted OOD loss: -0.0304
2025-09-05 00:42:26,469 - INFO - Boosted OOD loss: -0.0467
2025-09-05 00:42:27,557 - INFO - Boosted OOD loss: -0.0055
2025-09-05 00:42:29,720 - INFO - Boosted OOD loss: -0.0686
2025-09-05 00:42:35,592 - INFO - Boosted OOD loss: -0.0231
2025-09-05 00:42:36,147 - INFO - Boosted OOD loss: -0.0390
2025-09-05 00:42:37,765 - INFO - Boosted OOD loss: -0.0266
2025-09-05 00:42:38,319 - INFO - Boosted OOD loss: -0.0496
2025-09-05 00:42:43,123 - INFO - Boosted OOD loss: -0.0085
2025-09-05 00:42:44,216 - INFO - Boosted OOD loss: -0.0290
2025-09-05 00:42:44,765 - INFO - Boosted OOD loss: -0.0514
2025-09-05 00:42:45,851 - INFO - Boosted OOD loss: -0.0261
2025-09-05 00:42:51,724 - INFO - Boosted OOD loss: -0.0482
2025-09-05 00:42:53,875 - INFO - Boosted OOD loss: -0.0520
2025-09-05 00:42:54,958 - INFO - Boosted OOD loss: -0.0337
2025-09-05 00:42:56,577 - INFO - Boosted OOD loss: -0.0490
2025-09-05 00:42:57,134 - INFO - Boosted OOD loss: -0.0631
2025-09-05 00:42:57,687 - INFO - Boosted OOD loss: -0.0019
2025-09-05 00:42:58,248 - INFO - Boosted OOD loss: -0.0500
2025-09-05 00:43:01,459 - INFO - Boosted OOD loss: -0.0558
2025-09-05 00:43:02,011 - INFO - Boosted OOD loss: -0.0298
2025-09-05 00:43:04,699 - INFO - Boosted OOD loss: -0.0693
2025-09-05 00:43:08,422 - WARNING - No anomaly pixels (254) found in batch
2025-09-05 00:43:08,961 - INFO - Boosted OOD loss: -0.0126
2025-09-05 00:43:13,244 - INFO - Boosted OOD loss: -0.0094
2025-09-05 00:43:16,470 - INFO - Boosted OOD loss: -0.0298
2025-09-05 00:43:18,091 - INFO - Boosted OOD loss: -0.0380
2025-09-05 00:43:19,708 - INFO - Boosted OOD loss: -0.0462
2025-09-05 00:43:21,332 - INFO - Boosted OOD loss: -0.0220
2025-09-05 00:43:22,419 - INFO - Boosted OOD loss: -0.0546
2025-09-05 00:43:22,967 - INFO - Boosted OOD loss: -0.0453
2025-09-05 00:43:23,514 - INFO - Boosted OOD loss: -0.0493
2025-09-05 00:43:24,596 - INFO - Boosted OOD loss: -0.0534
2025-09-05 00:43:26,216 - INFO - Boosted OOD loss: -0.0500
2025-09-05 00:43:29,959 - INFO - Boosted OOD loss: -0.0578
2025-09-05 00:43:37,972 - INFO - Boosted OOD loss: -0.0614
2025-09-05 00:43:40,662 - INFO - Boosted OOD loss: -0.0408
2025-09-05 00:43:41,215 - INFO - Boosted OOD loss: -0.0567
2025-09-05 00:43:42,833 - INFO - Boosted OOD loss: -0.0496
2025-09-05 00:43:44,460 - INFO - Boosted OOD loss: -0.0461
2025-09-05 00:43:49,260 - INFO - Boosted OOD loss: -0.0498
2025-09-05 00:43:50,344 - INFO - Boosted OOD loss: -0.0605
2025-09-05 00:43:50,898 - INFO - Boosted OOD loss: -0.0560
2025-09-05 00:43:51,981 - INFO - Boosted OOD loss: -0.0432
2025-09-05 00:43:54,132 - INFO - Boosted OOD loss: -0.0394
2025-09-05 00:43:55,215 - INFO - Boosted OOD loss: -0.0232
2025-09-05 00:44:00,028 - INFO - Boosted OOD loss: -0.0166
2025-09-05 00:44:02,170 - WARNING - No anomaly pixels (254) found in batch
2025-09-05 00:44:03,775 - INFO - Boosted OOD loss: -0.0448
2025-09-05 00:44:09,650 - INFO - Boosted OOD loss: -0.0322
2025-09-05 00:44:10,200 - INFO - Boosted OOD loss: -0.0408
2025-09-05 00:44:12,354 - INFO - Boosted OOD loss: -0.0168
2025-09-05 00:44:13,968 - INFO - Boosted OOD loss: -0.0445
2025-09-05 00:44:15,062 - INFO - Boosted OOD loss: -0.0031
2025-09-05 00:44:16,689 - INFO - Boosted OOD loss: -0.0302
2025-09-05 00:44:27,893 - INFO - Boosted OOD loss: -0.0558
2025-09-05 00:44:28,980 - INFO - Boosted OOD loss: -0.0092
2025-09-05 00:44:28,981 - INFO - Step 3250 Loss Debug:
2025-09-05 00:44:28,981 - INFO -  CE: 1.6680
2025-09-05 00:44:28,981 - INFO -  OOD: -0.0092
2025-09-05 00:44:28,981 - INFO -  β: 64.00
2025-09-05 00:44:28,981 - INFO -  ID: 4319, OOD(254): 2565
2025-09-05 00:44:35,917 - INFO - Boosted OOD loss: -0.0075
2025-09-05 00:44:37,006 - INFO - Boosted OOD loss: -0.0035
2025-09-05 00:44:39,694 - INFO - Boosted OOD loss: -0.0074
2025-09-05 00:44:42,909 - INFO - Boosted OOD loss: -0.0344
2025-09-05 00:44:48,245 - INFO - Boosted OOD loss: -0.0443
2025-09-05 00:44:48,802 - INFO - Boosted OOD loss: -0.0325
2025-09-05 00:44:53,616 - INFO - Boosted OOD loss: -0.0443
2025-09-05 00:44:55,768 - WARNING - No anomaly pixels (254) found in batch
2025-09-05 00:44:57,378 - INFO - Boosted OOD loss: -0.0322
2025-09-05 00:44:59,005 - INFO - Boosted OOD loss: -0.0187
2025-09-05 00:45:01,158 - INFO - Boosted OOD loss: -0.0204
2025-09-05 00:45:04,380 - INFO - Boosted OOD loss: -0.0397
2025-09-05 00:45:12,933 - INFO - Boosted OOD loss: -0.0291
2025-09-05 00:45:14,015 - INFO - Boosted OOD loss: -0.0393
2025-09-05 00:45:18,283 - INFO - Boosted OOD loss: -0.0407
2025-09-05 00:45:22,570 - INFO - Boosted OOD loss: -0.0497
2025-09-05 00:45:22,570 - INFO - Step 3350 Loss Debug:
2025-09-05 00:45:22,571 - INFO -  CE: 1.2149
2025-09-05 00:45:22,571 - INFO -  OOD: -0.0497
2025-09-05 00:45:22,571 - INFO -  β: 64.00
2025-09-05 00:45:22,571 - INFO -  ID: 7018, OOD(254): 54
2025-09-05 00:45:23,121 - INFO - Boosted OOD loss: -0.0301
2025-09-05 00:45:27,403 - INFO - Boosted OOD loss: -0.0228
2025-09-05 00:45:27,964 - INFO - Boosted OOD loss: -0.0434
2025-09-05 00:45:29,046 - INFO - Boosted OOD loss: -0.0485
2025-09-05 00:45:30,132 - INFO - Boosted OOD loss: -0.0082
2025-09-05 00:45:34,944 - INFO - Boosted OOD loss: -0.0502
2025-09-05 00:45:36,562 - INFO - Boosted OOD loss: -0.0435
2025-09-05 00:45:38,181 - INFO - Boosted OOD loss: -0.0606
2025-09-05 00:45:39,795 - INFO - Boosted OOD loss: -0.0558
2025-09-05 00:45:41,951 - INFO - Boosted OOD loss: -0.0605
2025-09-05 00:45:49,431 - WARNING - No anomaly pixels (254) found in batch
2025-09-05 00:45:52,621 - INFO - Boosted OOD loss: -0.0196
2025-09-05 00:45:57,971 - INFO - Boosted OOD loss: -0.0731
2025-09-05 00:45:59,057 - INFO - Boosted OOD loss: -0.0452
2025-09-05 00:45:59,612 - INFO - Boosted OOD loss: -0.0328
2025-09-05 00:46:02,299 - INFO - Boosted OOD loss: -0.0457
2025-09-05 00:46:04,448 - INFO - Boosted OOD loss: -0.0699
2025-09-05 00:46:05,005 - INFO - Boosted OOD loss: -0.0518
2025-09-05 00:46:07,152 - INFO - Boosted OOD loss: -0.0738
2025-09-05 00:46:09,294 - INFO - Boosted OOD loss: -0.0558
2025-09-05 00:46:10,384 - INFO - Boosted OOD loss: -0.0241
2025-09-05 00:46:10,938 - INFO - Boosted OOD loss: -0.0283
2025-09-05 00:46:11,497 - INFO - Boosted OOD loss: -0.0525
2025-09-05 00:46:14,705 - INFO - Boosted OOD loss: -0.0154
2025-09-05 00:46:15,262 - INFO - Boosted OOD loss: -0.0296
2025-09-05 00:46:16,347 - INFO - Boosted OOD loss: -0.0313
2025-09-05 00:46:16,347 - INFO - Step 3450 Loss Debug:
2025-09-05 00:46:16,348 - INFO -  CE: 1.9954
2025-09-05 00:46:16,348 - INFO -  OOD: -0.0313
2025-09-05 00:46:16,348 - INFO -  β: 64.00
2025-09-05 00:46:16,348 - INFO -  ID: 4369, OOD(254): 847
2025-09-05 00:46:17,969 - INFO - Boosted OOD loss: -0.0461
2025-09-05 00:46:23,317 - INFO - Boosted OOD loss: -0.0542
2025-09-05 00:46:28,133 - INFO - Boosted OOD loss: -0.0498
2025-09-05 00:46:28,686 - INFO - Boosted OOD loss: -0.0425
2025-09-05 00:46:32,436 - INFO - Boosted OOD loss: -0.0109
2025-09-05 00:46:33,001 - INFO - Boosted OOD loss: -0.0324
2025-09-05 00:46:34,081 - INFO - Boosted OOD loss: -0.0803
2025-09-05 00:46:37,293 - INFO - Boosted OOD loss: -0.0555
2025-09-05 00:46:37,846 - INFO - Boosted OOD loss: -0.0281
2025-09-05 00:46:40,528 - INFO - Boosted OOD loss: -0.0476
2025-09-05 00:46:43,214 - INFO - Boosted OOD loss: -0.0200
2025-09-05 00:46:43,214 - INFO - Step 3500 Loss Debug:
2025-09-05 00:46:43,214 - INFO -  CE: 1.4712
2025-09-05 00:46:43,214 - INFO -  OOD: -0.0200
2025-09-05 00:46:43,214 - INFO -  β: 64.00
2025-09-05 00:46:43,215 - INFO -  ID: 7150, OOD(254): 647
2025-09-05 00:46:44,303 - INFO - Boosted OOD loss: -0.0426
2025-09-05 00:46:44,858 - INFO - Boosted OOD loss: -0.0795
2025-09-05 00:46:47,007 - INFO - Boosted OOD loss: -0.0476
2025-09-05 00:46:49,683 - INFO - Boosted OOD loss: -0.0237
2025-09-05 00:47:00,352 - INFO - Boosted OOD loss: -0.0608
2025-09-05 00:47:00,908 - INFO - Boosted OOD loss: -0.0181
2025-09-05 00:47:01,467 - INFO - Boosted OOD loss: -0.0551
2025-09-05 00:47:02,552 - INFO - Boosted OOD loss: -0.0305
2025-09-05 00:47:06,309 - INFO - Boosted OOD loss: -0.0519
2025-09-05 00:47:07,927 - INFO - Boosted OOD loss: -0.0635
2025-09-05 00:47:09,013 - INFO - Boosted OOD loss: -0.0418
2025-09-05 00:47:12,226 - INFO - Boosted OOD loss: -0.0502
2025-09-05 00:47:15,441 - INFO - Boosted OOD loss: -0.0656
2025-09-05 00:47:17,056 - INFO - Boosted OOD loss: -0.0442
2025-09-05 00:47:17,127 - INFO - Updated beta to 15.65 (exp decay)
2025-09-05 00:47:18,528 - WARNING - Negative mean energy—verify E_b formula/signs
2025-09-05 00:47:18,529 - INFO - Weights updated successfully
2025-09-05 00:47:18,529 - INFO - Advanced epoch 2 - Updated beta: 15.65
2025-09-05 00:47:18,529 - INFO - Epoch 2 - Avg CE: 1.9327, Avg OOD: -0.0081, β: 64
2025-09-05 00:47:18,644 - INFO - 
Starting Epoch 3/100
2025-09-05 00:47:18,645 - INFO - ============================================================
2025-09-05 00:47:18,646 - INFO - 
Updating Hopfield boosting weights at epoch 3...
2025-09-05 00:47:20,046 - WARNING - Negative mean energy—verify E_b formula/signs
2025-09-05 00:47:20,047 - INFO - Weights updated successfully
2025-09-05 00:47:20,047 - INFO - Weight Update Debug at Epoch 3: No high-weight OOD pixels found
2025-09-05 00:47:21,042 - INFO - Boosted OOD loss: -0.0373
2025-09-05 00:47:22,112 - INFO - Boosted OOD loss: -0.0504
2025-09-05 00:47:26,875 - INFO - Boosted OOD loss: -0.0305
2025-09-05 00:47:27,950 - INFO - Boosted OOD loss: -0.0499
2025-09-05 00:47:29,556 - INFO - Boosted OOD loss: -0.0397
2025-09-05 00:47:32,767 - INFO - Boosted OOD loss: -0.0537
2025-09-05 00:47:40,212 - WARNING - No anomaly pixels (254) found in batch
2025-09-05 00:47:47,131 - INFO - Boosted OOD loss: -0.0130
2025-09-05 00:47:47,683 - INFO - Boosted OOD loss: -0.0590
2025-09-05 00:47:54,096 - INFO - Boosted OOD loss: -0.0465
2025-09-05 00:47:54,645 - INFO - Boosted OOD loss: -0.0446
2025-09-05 00:47:58,941 - INFO - Boosted OOD loss: -0.0375
2025-09-05 00:48:02,691 - INFO - Boosted OOD loss: -0.0731
2025-09-05 00:48:04,844 - INFO - Boosted OOD loss: -0.0483
2025-09-05 00:48:05,931 - INFO - Boosted OOD loss: -0.0369
2025-09-05 00:48:08,611 - INFO - Boosted OOD loss: -0.0482
2025-09-05 00:48:12,356 - INFO - Boosted OOD loss: -0.0372
2025-09-05 00:48:16,112 - INFO - Boosted OOD loss: -0.0646
2025-09-05 00:48:18,785 - INFO - Boosted OOD loss: -0.0404
2025-09-05 00:48:19,876 - INFO - Boosted OOD loss: -0.0458
2025-09-05 00:48:21,488 - INFO - Boosted OOD loss: -0.0481
2025-09-05 00:48:27,913 - INFO - Boosted OOD loss: -0.0145
2025-09-05 00:48:29,002 - INFO - Boosted OOD loss: -0.0230
2025-09-05 00:48:30,089 - INFO - Boosted OOD loss: -0.0210
2025-09-05 00:48:30,645 - INFO - Boosted OOD loss: -0.0699
2025-09-05 00:48:31,199 - INFO - Boosted OOD loss: -0.0600
2025-09-05 00:48:32,281 - INFO - Boosted OOD loss: -0.0196
2025-09-05 00:48:33,370 - INFO - Boosted OOD loss: -0.0178
2025-09-05 00:48:33,926 - WARNING - No anomaly pixels (254) found in batch
2025-09-05 00:48:34,462 - INFO - Boosted OOD loss: -0.0576
2025-09-05 00:48:35,555 - INFO - Boosted OOD loss: 0.0006
2025-09-05 00:48:36,116 - INFO - Boosted OOD loss: -0.0116
2025-09-05 00:48:38,807 - INFO - Boosted OOD loss: -0.0644
2025-09-05 00:48:42,030 - INFO - Boosted OOD loss: -0.0178
2025-09-05 00:48:46,312 - INFO - Boosted OOD loss: -0.0340
2025-09-05 00:48:46,868 - INFO - Boosted OOD loss: -0.0595
2025-09-05 00:48:47,954 - INFO - Boosted OOD loss: -0.0552
2025-09-05 00:48:53,843 - INFO - Boosted OOD loss: -0.0257
2025-09-05 00:48:54,939 - INFO - Boosted OOD loss: -0.0382
2025-09-05 00:48:57,615 - INFO - Boosted OOD loss: -0.0428
2025-09-05 00:49:04,576 - INFO - Boosted OOD loss: -0.0201
2025-09-05 00:49:07,807 - INFO - Boosted OOD loss: -0.0623
2025-09-05 00:49:09,420 - INFO - Boosted OOD loss: -0.0395
2025-09-05 00:49:15,837 - INFO - Boosted OOD loss: -0.0259
2025-09-05 00:49:19,047 - INFO - Boosted OOD loss: -0.0451
2025-09-05 00:49:20,666 - INFO - Boosted OOD loss: -0.0388
2025-09-05 00:49:22,287 - INFO - Boosted OOD loss: -0.0613
2025-09-05 00:49:22,838 - INFO - Boosted OOD loss: -0.0290
2025-09-05 00:49:23,920 - INFO - Boosted OOD loss: -0.0530
2025-09-05 00:49:25,012 - INFO - Boosted OOD loss: -0.0108
2025-09-05 00:49:27,172 - INFO - Boosted OOD loss: -0.0907
2025-09-05 00:49:27,715 - WARNING - No anomaly pixels (254) found in batch
2025-09-05 00:49:29,847 - INFO - Boosted OOD loss: -0.0899
2025-09-05 00:49:33,602 - INFO - Boosted OOD loss: -0.0345
2025-09-05 00:49:42,136 - INFO - Boosted OOD loss: -0.0144
2025-09-05 00:49:44,298 - INFO - Boosted OOD loss: -0.0343
2025-09-05 00:49:44,848 - INFO - Boosted OOD loss: -0.0267
2025-09-05 00:49:45,405 - INFO - Boosted OOD loss: -0.0669
2025-09-05 00:49:46,487 - INFO - Boosted OOD loss: -0.0390
2025-09-05 00:49:51,834 - INFO - Boosted OOD loss: -0.0349
2025-09-05 00:49:52,916 - INFO - Boosted OOD loss: -0.0593
2025-09-05 00:49:54,008 - INFO - Boosted OOD loss: -0.0089
2025-09-05 00:49:55,629 - INFO - Boosted OOD loss: -0.0607
2025-09-05 00:50:02,032 - INFO - Boosted OOD loss: -0.0479
2025-09-05 00:50:03,126 - INFO - Boosted OOD loss: -0.0272
2025-09-05 00:50:06,340 - INFO - Boosted OOD loss: -0.0703
2025-09-05 00:50:08,493 - INFO - Boosted OOD loss: -0.0475
2025-09-05 00:50:09,051 - INFO - Boosted OOD loss: -0.0188
2025-09-05 00:50:12,795 - INFO - Boosted OOD loss: -0.0370
2025-09-05 00:50:16,006 - INFO - Boosted OOD loss: -0.0630
2025-09-05 00:50:16,558 - INFO - Boosted OOD loss: -0.0377
2025-09-05 00:50:18,714 - INFO - Boosted OOD loss: -0.0300
2025-09-05 00:50:19,814 - INFO - Boosted OOD loss: -0.0404
2025-09-05 00:50:21,427 - WARNING - No anomaly pixels (254) found in batch
2025-09-05 00:50:22,496 - INFO - Boosted OOD loss: -0.0396
2025-09-05 00:50:24,116 - INFO - Boosted OOD loss: -0.0574
2025-09-05 00:50:27,332 - INFO - Boosted OOD loss: -0.0404
2025-09-05 00:50:28,423 - INFO - Boosted OOD loss: -0.0335
2025-09-05 00:50:31,104 - INFO - Boosted OOD loss: -0.0463
2025-09-05 00:50:34,322 - INFO - Boosted OOD loss: -0.0557
2025-09-05 00:50:35,409 - INFO - Boosted OOD loss: -0.0364
2025-09-05 00:50:37,558 - INFO - Boosted OOD loss: -0.0373
2025-09-05 00:50:38,115 - INFO - Boosted OOD loss: -0.0501
2025-09-05 00:50:39,196 - INFO - Boosted OOD loss: -0.0405
2025-09-05 00:50:40,815 - INFO - Boosted OOD loss: -0.0361
2025-09-05 00:50:42,961 - INFO - Boosted OOD loss: -0.0471
2025-09-05 00:50:43,517 - INFO - Boosted OOD loss: -0.0062
2025-09-05 00:50:45,667 - INFO - Boosted OOD loss: -0.0404
2025-09-05 00:50:47,290 - INFO - Boosted OOD loss: -0.0479
2025-09-05 00:50:48,377 - INFO - Boosted OOD loss: -0.0471
2025-09-05 00:50:48,377 - INFO - Step 3950 Loss Debug:
2025-09-05 00:50:48,377 - INFO -  CE: 1.8589
2025-09-05 00:50:48,377 - INFO -  OOD: -0.0471
2025-09-05 00:50:48,377 - INFO -  β: 64.00
2025-09-05 00:50:48,378 - INFO -  ID: 4660, OOD(254): 138
2025-09-05 00:50:49,996 - INFO - Boosted OOD loss: -0.0632
2025-09-05 00:50:52,676 - INFO - Boosted OOD loss: -0.0461
2025-09-05 00:50:54,828 - INFO - Boosted OOD loss: 0.0053
2025-09-05 00:51:00,710 - INFO - Boosted OOD loss: -0.0343
2025-09-05 00:51:01,803 - INFO - Boosted OOD loss: -0.0189
2025-09-05 00:51:02,362 - INFO - Boosted OOD loss: -0.0231
2025-09-05 00:51:08,234 - INFO - Boosted OOD loss: -0.0549
2025-09-05 00:51:12,517 - INFO - Boosted OOD loss: -0.0446
2025-09-05 00:51:15,189 - WARNING - No anomaly pixels (254) found in batch
2025-09-05 00:51:18,379 - INFO - Boosted OOD loss: -0.0421
2025-09-05 00:51:19,459 - INFO - Boosted OOD loss: -0.0352
2025-09-05 00:51:20,015 - INFO - Boosted OOD loss: -0.0445
2025-09-05 00:51:28,553 - INFO - Boosted OOD loss: -0.0293
2025-09-05 00:51:32,311 - INFO - Boosted OOD loss: -0.0581
2025-09-05 00:51:33,394 - INFO - Boosted OOD loss: -0.0353
2025-09-05 00:51:40,340 - INFO - Boosted OOD loss: -0.0334
2025-09-05 00:51:43,020 - INFO - Boosted OOD loss: -0.0466
2025-09-05 00:51:43,575 - INFO - Boosted OOD loss: -0.0625
2025-09-05 00:51:47,306 - INFO - Boosted OOD loss: -0.0388
2025-09-05 00:51:59,025 - INFO - Boosted OOD loss: 0.0043
2025-09-05 00:51:59,580 - INFO - Boosted OOD loss: -0.0458
2025-09-05 00:52:01,725 - INFO - Boosted OOD loss: -0.0533
2025-09-05 00:52:06,540 - INFO - Boosted OOD loss: -0.0311
2025-09-05 00:52:08,155 - INFO - Boosted OOD loss: -0.0722
2025-09-05 00:52:08,700 - WARNING - No anomaly pixels (254) found in batch
2025-09-05 00:52:09,239 - INFO - Boosted OOD loss: -0.0417
2025-09-05 00:52:12,987 - INFO - Boosted OOD loss: -0.0761
2025-09-05 00:52:13,540 - INFO - Boosted OOD loss: -0.0329
2025-09-05 00:52:15,687 - INFO - Boosted OOD loss: -0.0821
2025-09-05 00:52:24,229 - INFO - Boosted OOD loss: -0.0557
2025-09-05 00:52:27,975 - INFO - Boosted OOD loss: -0.0574
2025-09-05 00:52:29,593 - INFO - Boosted OOD loss: -0.0330
2025-09-05 00:52:30,151 - INFO - Boosted OOD loss: -0.0529
2025-09-05 00:52:32,296 - INFO - Boosted OOD loss: -0.0534
2025-09-05 00:52:32,851 - INFO - Boosted OOD loss: -0.0258
2025-09-05 00:52:33,402 - INFO - Boosted OOD loss: -0.0630
2025-09-05 00:52:38,208 - INFO - Boosted OOD loss: -0.0891
2025-09-05 00:52:39,287 - INFO - Boosted OOD loss: -0.0642
2025-09-05 00:52:40,909 - INFO - Boosted OOD loss: -0.0588
2025-09-05 00:52:43,054 - INFO - Boosted OOD loss: -0.0168
2025-09-05 00:52:46,802 - INFO - Boosted OOD loss: -0.0443
2025-09-05 00:52:47,887 - INFO - Boosted OOD loss: -0.0523
2025-09-05 00:52:48,440 - INFO - Boosted OOD loss: -0.0434
2025-09-05 00:52:49,523 - INFO - Boosted OOD loss: -0.0218
2025-09-05 00:52:51,143 - INFO - Boosted OOD loss: -0.0852
2025-09-05 00:52:52,223 - INFO - Boosted OOD loss: -0.0435
2025-09-05 00:52:54,899 - INFO - Boosted OOD loss: -0.0315
2025-09-05 00:52:57,585 - INFO - Boosted OOD loss: -0.0586
2025-09-05 00:52:59,728 - INFO - Boosted OOD loss: -0.0643
2025-09-05 00:53:02,409 - WARNING - No anomaly pixels (254) found in batch
2025-09-05 00:53:04,546 - INFO - Boosted OOD loss: -0.0203
2025-09-05 00:53:08,286 - INFO - Boosted OOD loss: -0.0643
2025-09-05 00:53:12,566 - INFO - Boosted OOD loss: -0.0639
2025-09-05 00:53:13,115 - INFO - Boosted OOD loss: -0.0408
2025-09-05 00:53:16,334 - INFO - Boosted OOD loss: -0.0535
2025-09-05 00:53:17,417 - INFO - Boosted OOD loss: -0.0037
2025-09-05 00:53:18,509 - INFO - Boosted OOD loss: -0.0522
2025-09-05 00:53:19,592 - INFO - Boosted OOD loss: -0.0689
2025-09-05 00:53:20,146 - INFO - Boosted OOD loss: -0.0594
2025-09-05 00:53:25,492 - INFO - Boosted OOD loss: -0.0070
2025-09-05 00:53:29,779 - INFO - Boosted OOD loss: -0.0292
2025-09-05 00:53:32,454 - INFO - Boosted OOD loss: -0.0451
2025-09-05 00:53:33,549 - INFO - Boosted OOD loss: -0.0173
2025-09-05 00:53:38,879 - INFO - Boosted OOD loss: -0.0412
2025-09-05 00:53:39,433 - INFO - Boosted OOD loss: -0.0644
2025-09-05 00:53:40,519 - INFO - Boosted OOD loss: -0.0736
2025-09-05 00:53:43,188 - INFO - Boosted OOD loss: -0.0495
2025-09-05 00:53:44,273 - INFO - Boosted OOD loss: -0.0714
2025-09-05 00:53:48,541 - INFO - Boosted OOD loss: -0.0092
2025-09-05 00:53:50,687 - INFO - Boosted OOD loss: -0.0602
2025-09-05 00:53:51,772 - INFO - Boosted OOD loss: -0.0318
2025-09-05 00:53:56,043 - WARNING - No anomaly pixels (254) found in batch
2025-09-05 00:54:03,505 - INFO - Boosted OOD loss: -0.0498
2025-09-05 00:54:05,117 - INFO - Boosted OOD loss: -0.0481
2025-09-05 00:54:05,671 - INFO - Boosted OOD loss: -0.0655
2025-09-05 00:54:07,818 - INFO - Boosted OOD loss: -0.0241
2025-09-05 00:54:09,431 - INFO - Boosted OOD loss: -0.0417
2025-09-05 00:54:12,108 - INFO - Boosted OOD loss: -0.0829
2025-09-05 00:54:16,386 - INFO - Boosted OOD loss: -0.0472
2025-09-05 00:54:19,601 - INFO - Boosted OOD loss: -0.0560
2025-09-05 00:54:23,342 - INFO - Boosted OOD loss: -0.0487
2025-09-05 00:54:23,894 - INFO - Boosted OOD loss: 0.0009
2025-09-05 00:54:24,453 - INFO - Boosted OOD loss: -0.0309
2025-09-05 00:54:26,069 - INFO - Boosted OOD loss: -0.0676
2025-09-05 00:54:27,154 - INFO - Boosted OOD loss: -0.0845
2025-09-05 00:54:27,710 - INFO - Boosted OOD loss: -0.0011
2025-09-05 00:54:29,334 - INFO - Boosted OOD loss: -0.0438
2025-09-05 00:54:30,413 - INFO - Boosted OOD loss: -0.0337
2025-09-05 00:54:31,498 - INFO - Boosted OOD loss: -0.0442
2025-09-05 00:54:37,898 - INFO - Boosted OOD loss: -0.0649
2025-09-05 00:54:38,453 - INFO - Boosted OOD loss: -0.0296
2025-09-05 00:54:42,729 - INFO - Boosted OOD loss: -0.0595
2025-09-05 00:54:49,656 - WARNING - No anomaly pixels (254) found in batch
2025-09-05 00:54:50,192 - INFO - Boosted OOD loss: -0.0568
2025-09-05 00:54:50,751 - INFO - Boosted OOD loss: -0.0127
2025-09-05 00:54:51,844 - INFO - Boosted OOD loss: -0.0148
2025-09-05 00:54:52,930 - INFO - Boosted OOD loss: -0.0655
2025-09-05 00:54:53,482 - INFO - Boosted OOD loss: -0.0739
2025-09-05 00:54:55,636 - INFO - Boosted OOD loss: -0.0262
2025-09-05 00:54:58,328 - INFO - Boosted OOD loss: -0.0381
2025-09-05 00:54:58,883 - INFO - Boosted OOD loss: -0.0379
2025-09-05 00:54:59,448 - INFO - Boosted OOD loss: -0.0231
2025-09-05 00:55:05,863 - INFO - Boosted OOD loss: -0.0250
2025-09-05 00:55:07,490 - INFO - Boosted OOD loss: -0.0469
2025-09-05 00:55:08,041 - INFO - Boosted OOD loss: -0.0535
2025-09-05 00:55:09,118 - INFO - Boosted OOD loss: -0.0307
2025-09-05 00:55:11,270 - INFO - Boosted OOD loss: -0.0276
2025-09-05 00:55:12,358 - INFO - Boosted OOD loss: -0.0411
2025-09-05 00:55:16,105 - INFO - Boosted OOD loss: -0.0424
2025-09-05 00:55:20,376 - INFO - Boosted OOD loss: -0.0556
2025-09-05 00:55:27,863 - INFO - Boosted OOD loss: -0.0352
2025-09-05 00:55:33,729 - INFO - Boosted OOD loss: -0.0442
2025-09-05 00:55:34,288 - INFO - Boosted OOD loss: -0.0113
2025-09-05 00:55:36,439 - INFO - Boosted OOD loss: -0.0584
2025-09-05 00:55:43,381 - WARNING - No anomaly pixels (254) found in batch
2025-09-05 00:55:44,453 - INFO - Boosted OOD loss: -0.0165
2025-09-05 00:55:48,213 - INFO - Boosted OOD loss: -0.0312
2025-09-05 00:55:48,763 - INFO - Boosted OOD loss: -0.0487
2025-09-05 00:55:55,163 - INFO - Boosted OOD loss: -0.0696
2025-09-05 00:55:56,249 - INFO - Boosted OOD loss: -0.0038
2025-09-05 00:56:04,258 - INFO - Boosted OOD loss: -0.0453
2025-09-05 00:56:09,610 - INFO - Boosted OOD loss: -0.0193
2025-09-05 00:56:13,885 - INFO - Boosted OOD loss: -0.0263
2025-09-05 00:56:19,212 - INFO - Boosted OOD loss: -0.0636
2025-09-05 00:56:19,763 - INFO - Boosted OOD loss: -0.0285
2025-09-05 00:56:24,033 - INFO - Boosted OOD loss: -0.0210
2025-09-05 00:56:28,310 - INFO - Boosted OOD loss: -0.0518
2025-09-05 00:56:35,242 - INFO - Boosted OOD loss: -0.0272
2025-09-05 00:56:36,856 - WARNING - No anomaly pixels (254) found in batch
2025-09-05 00:56:42,182 - INFO - Boosted OOD loss: -0.0182
2025-09-05 00:56:45,935 - INFO - Boosted OOD loss: -0.0331
2025-09-05 00:56:47,549 - INFO - Boosted OOD loss: -0.0315
2025-09-05 00:56:49,169 - INFO - Boosted OOD loss: -0.0256
2025-09-05 00:56:53,448 - INFO - Boosted OOD loss: -0.0396
2025-09-05 00:56:54,004 - INFO - Boosted OOD loss: -0.0210
2025-09-05 00:56:57,221 - INFO - Boosted OOD loss: -0.0282
2025-09-05 00:56:57,774 - INFO - Boosted OOD loss: -0.0184
2025-09-05 00:57:00,998 - INFO - Boosted OOD loss: -0.0473
2025-09-05 00:57:05,284 - INFO - Boosted OOD loss: -0.0431
2025-09-05 00:57:08,496 - INFO - Boosted OOD loss: -0.0474
2025-09-05 00:57:09,046 - INFO - Boosted OOD loss: -0.0266
2025-09-05 00:57:16,529 - INFO - Boosted OOD loss: -0.0582
2025-09-05 00:57:17,086 - INFO - Boosted OOD loss: -0.0322
2025-09-05 00:57:19,233 - INFO - Boosted OOD loss: -0.0410
2025-09-05 00:57:22,977 - INFO - Boosted OOD loss: -0.0675
2025-09-05 00:57:23,528 - INFO - Boosted OOD loss: -0.0451
2025-09-05 00:57:25,678 - INFO - Boosted OOD loss: -0.0518
2025-09-05 00:57:28,363 - INFO - Boosted OOD loss: -0.0362
2025-09-05 00:57:28,911 - INFO - Boosted OOD loss: -0.0410
2025-09-05 00:57:29,466 - INFO - Boosted OOD loss: -0.0318
2025-09-05 00:57:30,544 - WARNING - No anomaly pixels (254) found in batch
2025-09-05 00:57:43,333 - INFO - Boosted OOD loss: -0.0552
2025-09-05 00:57:47,620 - INFO - Boosted OOD loss: -0.0616
2025-09-05 00:57:49,238 - INFO - Boosted OOD loss: -0.0640
2025-09-05 00:57:49,787 - INFO - Boosted OOD loss: -0.0043
2025-09-05 00:57:50,878 - INFO - Boosted OOD loss: 0.0035
2025-09-05 00:57:51,969 - INFO - Boosted OOD loss: -0.0334
2025-09-05 00:57:55,719 - INFO - Boosted OOD loss: -0.0639
2025-09-05 00:57:57,332 - INFO - Boosted OOD loss: -0.0452
2025-09-05 00:57:57,332 - INFO - Step 4750 Loss Debug:
2025-09-05 00:57:57,332 - INFO -  CE: 2.0720
2025-09-05 00:57:57,333 - INFO -  OOD: -0.0452
2025-09-05 00:57:57,333 - INFO -  β: 64.00
2025-09-05 00:57:57,333 - INFO -  ID: 5752, OOD(254): 161
2025-09-05 00:58:01,624 - INFO - Boosted OOD loss: -0.0535
2025-09-05 00:58:03,241 - INFO - Boosted OOD loss: -0.0304
2025-09-05 00:58:04,328 - INFO - Boosted OOD loss: -0.0265
2025-09-05 00:58:04,885 - INFO - Boosted OOD loss: -0.0067
2025-09-05 00:58:06,501 - INFO - Boosted OOD loss: -0.0069
2025-09-05 00:58:09,701 - INFO - Boosted OOD loss: -0.0195
2025-09-05 00:58:10,253 - INFO - Boosted OOD loss: -0.0337
2025-09-05 00:58:19,307 - INFO - Boosted OOD loss: -0.0636
2025-09-05 00:58:19,857 - INFO - Boosted OOD loss: -0.0590
2025-09-05 00:58:24,112 - WARNING - No anomaly pixels (254) found in batch
2025-09-05 00:58:24,652 - INFO - Boosted OOD loss: -0.0481
2025-09-05 00:58:26,260 - INFO - Boosted OOD loss: -0.0599
2025-09-05 00:58:34,240 - INFO - Boosted OOD loss: -0.0345
2025-09-05 00:58:35,856 - INFO - Boosted OOD loss: -0.0673
2025-09-05 00:58:39,067 - INFO - Boosted OOD loss: -0.0386
2025-09-05 00:58:42,282 - INFO - Boosted OOD loss: -0.0457
2025-09-05 00:58:42,831 - INFO - Boosted OOD loss: -0.0628
2025-09-05 00:58:46,040 - INFO - Boosted OOD loss: -0.0378
2025-09-05 00:58:51,923 - INFO - Boosted OOD loss: -0.0066
2025-09-05 00:58:52,479 - INFO - Boosted OOD loss: -0.0747
2025-09-05 00:58:53,031 - INFO - Boosted OOD loss: -0.0734
2025-09-05 00:58:53,580 - INFO - Boosted OOD loss: -0.0558
2025-09-05 00:58:56,256 - INFO - Boosted OOD loss: -0.0739
2025-09-05 00:58:58,932 - INFO - Boosted OOD loss: -0.0390
2025-09-05 00:59:04,791 - INFO - Boosted OOD loss: -0.0627
2025-09-05 00:59:09,603 - INFO - Boosted OOD loss: -0.0694
2025-09-05 00:59:10,686 - INFO - Boosted OOD loss: -0.0157
2025-09-05 00:59:12,843 - INFO - Boosted OOD loss: -0.0403
2025-09-05 00:59:16,061 - INFO - Boosted OOD loss: -0.0637
2025-09-05 00:59:17,680 - INFO - Boosted OOD loss: -0.0416
2025-09-05 00:59:17,681 - INFO - Step 4900 Loss Debug:
2025-09-05 00:59:17,681 - INFO -  CE: 2.5354
2025-09-05 00:59:17,681 - INFO -  OOD: -0.0416
2025-09-05 00:59:17,681 - INFO -  β: 64.00
2025-09-05 00:59:17,681 - INFO -  ID: 5689, OOD(254): 173
2025-09-05 00:59:18,764 - INFO - Boosted OOD loss: -0.0603
2025-09-05 00:59:24,098 - INFO - Boosted OOD loss: -0.0468
2025-09-05 00:59:29,439 - INFO - Boosted OOD loss: -0.0467
2025-09-05 00:59:32,649 - INFO - Boosted OOD loss: -0.0599
2025-09-05 00:59:34,261 - INFO - Boosted OOD loss: -0.0253
2025-09-05 00:59:34,814 - INFO - Boosted OOD loss: -0.0897
2025-09-05 00:59:35,893 - INFO - Boosted OOD loss: -0.0459
2025-09-05 00:59:44,943 - INFO - Boosted OOD loss: -0.0377
2025-09-05 00:59:47,094 - INFO - Boosted OOD loss: -0.0643
2025-09-05 00:59:51,901 - INFO - Boosted OOD loss: -0.0369
2025-09-05 00:59:52,982 - INFO - Boosted OOD loss: -0.0651
2025-09-05 00:59:55,653 - INFO - Boosted OOD loss: -0.0300
2025-09-05 00:59:59,927 - INFO - Boosted OOD loss: -0.0522
2025-09-05 01:00:01,017 - INFO - Boosted OOD loss: -0.0675
2025-09-05 01:00:02,638 - INFO - Boosted OOD loss: -0.0076
2025-09-05 01:00:06,361 - INFO - Boosted OOD loss: -0.0833
2025-09-05 01:00:07,976 - INFO - Boosted OOD loss: -0.0641
2025-09-05 01:00:10,655 - INFO - Boosted OOD loss: -0.0701
2025-09-05 01:00:11,202 - WARNING - No anomaly pixels (254) found in batch
2025-09-05 01:00:13,338 - INFO - Boosted OOD loss: -0.0160
2025-09-05 01:00:15,492 - INFO - Boosted OOD loss: -0.0493
2025-09-05 01:00:17,640 - INFO - Boosted OOD loss: -0.0067
2025-09-05 01:00:18,727 - INFO - Boosted OOD loss: -0.0128
2025-09-05 01:00:19,809 - INFO - Boosted OOD loss: -0.0487
2025-09-05 01:00:23,554 - INFO - Boosted OOD loss: -0.0458
2025-09-05 01:00:36,845 - INFO - Boosted OOD loss: -0.0147
2025-09-05 01:00:38,459 - INFO - Boosted OOD loss: -0.0495
2025-09-05 01:00:40,076 - INFO - Boosted OOD loss: -0.0304
2025-09-05 01:00:44,883 - INFO - Boosted OOD loss: -0.0281
2025-09-05 01:00:53,950 - INFO - Boosted OOD loss: -0.0299
2025-09-05 01:00:58,761 - INFO - Boosted OOD loss: -0.0349
2025-09-05 01:00:59,317 - INFO - Boosted OOD loss: -0.0718
2025-09-05 01:01:01,997 - INFO - Boosted OOD loss: -0.0547
2025-09-05 01:01:03,081 - INFO - Boosted OOD loss: -0.0786
2025-09-05 01:01:03,633 - INFO - Boosted OOD loss: 0.0027
2025-09-05 01:01:04,718 - WARNING - No anomaly pixels (254) found in batch
2025-09-05 01:01:09,502 - INFO - Boosted OOD loss: -0.0619
2025-09-05 01:01:10,582 - INFO - Boosted OOD loss: -0.0461
2025-09-05 01:01:16,971 - INFO - Boosted OOD loss: -0.0791
2025-09-05 01:01:17,526 - INFO - Boosted OOD loss: -0.0673
2025-09-05 01:01:19,145 - INFO - Boosted OOD loss: -0.0091
2025-09-05 01:01:19,701 - INFO - Boosted OOD loss: -0.0817
2025-09-05 01:01:21,315 - INFO - Boosted OOD loss: -0.0125
2025-09-05 01:01:25,057 - INFO - Boosted OOD loss: -0.0108
2025-09-05 01:01:29,861 - INFO - Boosted OOD loss: -0.0363
2025-09-05 01:01:30,416 - INFO - Boosted OOD loss: -0.0715
2025-09-05 01:01:30,965 - INFO - Boosted OOD loss: -0.0557
2025-09-05 01:01:33,109 - INFO - Boosted OOD loss: -0.0554
2025-09-05 01:01:35,779 - INFO - Boosted OOD loss: -0.0384
2025-09-05 01:01:37,399 - INFO - Boosted OOD loss: -0.0496
2025-09-05 01:01:40,600 - INFO - Boosted OOD loss: -0.0142
2025-09-05 01:01:41,690 - INFO - Boosted OOD loss: -0.0224
2025-09-05 01:01:43,837 - INFO - Boosted OOD loss: -0.0512
2025-09-05 01:01:45,451 - INFO - Boosted OOD loss: -0.0269
2025-09-05 01:01:46,002 - INFO - Boosted OOD loss: -0.0349
2025-09-05 01:01:47,083 - INFO - Boosted OOD loss: -0.0731
2025-09-05 01:01:47,639 - INFO - Boosted OOD loss: -0.0277
2025-09-05 01:01:51,367 - INFO - Boosted OOD loss: -0.0295
2025-09-05 01:01:54,037 - INFO - Boosted OOD loss: -0.0182
2025-09-05 01:01:57,261 - INFO - Boosted OOD loss: -0.0391
2025-09-05 01:01:57,812 - INFO - Boosted OOD loss: -0.0494
2025-09-05 01:01:58,360 - WARNING - No anomaly pixels (254) found in batch
2025-09-05 01:02:01,560 - INFO - Boosted OOD loss: -0.0531
2025-09-05 01:02:06,365 - INFO - Boosted OOD loss: -0.0342
2025-09-05 01:02:10,109 - INFO - Boosted OOD loss: -0.0697
2025-09-05 01:02:10,662 - INFO - Boosted OOD loss: -0.0468
2025-09-05 01:02:11,211 - INFO - Boosted OOD loss: -0.0740
2025-09-05 01:02:14,959 - INFO - Boosted OOD loss: -0.0437
2025-09-05 01:02:15,510 - INFO - Boosted OOD loss: -0.0457
2025-09-05 01:02:16,599 - INFO - Boosted OOD loss: -0.0450
2025-09-05 01:02:17,677 - INFO - Boosted OOD loss: -0.0335
2025-09-05 01:02:18,232 - INFO - Boosted OOD loss: -0.0379
2025-09-05 01:02:21,434 - INFO - Boosted OOD loss: -0.0485
2025-09-05 01:02:26,762 - INFO - Boosted OOD loss: -0.0486
2025-09-05 01:02:29,966 - INFO - Boosted OOD loss: -0.0231
2025-09-05 01:02:32,122 - INFO - Boosted OOD loss: -0.0740
2025-09-05 01:02:34,794 - INFO - Boosted OOD loss: -0.0864
2025-09-05 01:02:38,001 - INFO - Boosted OOD loss: -0.0821
2025-09-05 01:02:40,683 - INFO - Boosted OOD loss: -0.0171
2025-09-05 01:02:44,417 - INFO - Boosted OOD loss: -0.0657
2025-09-05 01:02:47,101 - INFO - Boosted OOD loss: -0.0274
2025-09-05 01:02:49,251 - INFO - Boosted OOD loss: -0.0458
2025-09-05 01:02:51,395 - INFO - Boosted OOD loss: -0.0224
2025-09-05 01:02:51,946 - WARNING - No anomaly pixels (254) found in batch
2025-09-05 01:02:58,859 - INFO - Boosted OOD loss: -0.0635
2025-09-05 01:03:01,006 - INFO - Boosted OOD loss: -0.0505
2025-09-05 01:03:02,092 - INFO - Boosted OOD loss: -0.0054
2025-09-05 01:03:02,647 - INFO - Boosted OOD loss: -0.0707
2025-09-05 01:03:03,199 - INFO - Boosted OOD loss: -0.0453
2025-09-05 01:03:03,746 - INFO - Boosted OOD loss: -0.0591
2025-09-05 01:03:04,831 - INFO - Boosted OOD loss: -0.0514
2025-09-05 01:03:06,447 - INFO - Boosted OOD loss: -0.0344
2025-09-05 01:03:13,369 - INFO - Boosted OOD loss: -0.0140
2025-09-05 01:03:15,510 - INFO - Boosted OOD loss: -0.0302
2025-09-05 01:03:16,058 - INFO - Boosted OOD loss: -0.0209
2025-09-05 01:03:16,141 - INFO - Updated beta to 15.48 (exp decay)
2025-09-05 01:03:17,542 - WARNING - Negative mean energy—verify E_b formula/signs
2025-09-05 01:03:17,542 - INFO - Weights updated successfully
2025-09-05 01:03:17,542 - INFO - Advanced epoch 3 - Updated beta: 15.48
2025-09-05 01:03:17,543 - INFO - Epoch 3 - Avg CE: 1.8833, Avg OOD: -0.0086, β: 64
2025-09-05 01:03:17,660 - INFO - 
Starting Epoch 4/100
2025-09-05 01:03:17,660 - INFO - ============================================================
2025-09-05 01:03:17,661 - INFO - 
Updating Hopfield boosting weights at epoch 4...
2025-09-05 01:03:19,059 - WARNING - Negative mean energy—verify E_b formula/signs
2025-09-05 01:03:19,060 - INFO - Weights updated successfully
2025-09-05 01:03:19,060 - INFO - Weight Update Debug at Epoch 4: No high-weight OOD pixels found
2025-09-05 01:03:20,612 - INFO - Boosted OOD loss: -0.0542
2025-09-05 01:03:22,196 - INFO - Boosted OOD loss: -0.0473
2025-09-05 01:03:22,197 - INFO - Step 5350 Loss Debug:
2025-09-05 01:03:22,197 - INFO -  CE: 1.3804
2025-09-05 01:03:22,197 - INFO -  OOD: -0.0473
2025-09-05 01:03:22,197 - INFO -  β: 64.00
2025-09-05 01:03:22,197 - INFO -  ID: 7642, OOD(254): 341
2025-09-05 01:03:29,578 - INFO - Boosted OOD loss: -0.0278
2025-09-05 01:03:31,706 - INFO - Boosted OOD loss: -0.0511
2025-09-05 01:03:35,977 - INFO - Boosted OOD loss: -0.0482
2025-09-05 01:03:36,525 - INFO - Boosted OOD loss: -0.0563
2025-09-05 01:03:38,671 - INFO - Boosted OOD loss: -0.0395
2025-09-05 01:03:39,757 - INFO - Boosted OOD loss: -0.0669
2025-09-05 01:03:45,093 - INFO - Boosted OOD loss: -0.0590
2025-09-05 01:03:46,718 - INFO - Boosted OOD loss: -0.0505
2025-09-05 01:03:48,338 - INFO - Boosted OOD loss: -0.0529
2025-09-05 01:03:48,886 - WARNING - No anomaly pixels (254) found in batch
2025-09-05 01:03:55,272 - INFO - Boosted OOD loss: -0.0302
2025-09-05 01:03:59,541 - INFO - Boosted OOD loss: -0.0770
2025-09-05 01:04:03,283 - INFO - Boosted OOD loss: -0.0099
2025-09-05 01:04:10,216 - INFO - Boosted OOD loss: -0.0106
2025-09-05 01:04:15,010 - INFO - Boosted OOD loss: -0.0441
2025-09-05 01:04:16,094 - INFO - Boosted OOD loss: -0.0532
2025-09-05 01:04:17,178 - INFO - Boosted OOD loss: -0.0167
2025-09-05 01:04:18,266 - INFO - Boosted OOD loss: -0.0457
2025-09-05 01:04:20,417 - INFO - Boosted OOD loss: -0.0214
2025-09-05 01:04:23,632 - INFO - Boosted OOD loss: -0.0361
2025-09-05 01:04:24,717 - INFO - Boosted OOD loss: -0.0403
2025-09-05 01:04:25,797 - INFO - Boosted OOD loss: -0.0594
2025-09-05 01:04:26,879 - INFO - Boosted OOD loss: -0.0625
2025-09-05 01:04:27,424 - INFO - Boosted OOD loss: -0.0455
2025-09-05 01:04:27,979 - INFO - Boosted OOD loss: -0.0488
2025-09-05 01:04:28,529 - INFO - Boosted OOD loss: -0.0297
2025-09-05 01:04:29,081 - INFO - Boosted OOD loss: -0.0612
2025-09-05 01:04:29,636 - INFO - Boosted OOD loss: -0.0547
2025-09-05 01:04:32,845 - INFO - Boosted OOD loss: -0.0178
2025-09-05 01:04:34,465 - INFO - Boosted OOD loss: -0.0659
2025-09-05 01:04:39,809 - INFO - Boosted OOD loss: -0.0252
2025-09-05 01:04:42,491 - WARNING - No anomaly pixels (254) found in batch
2025-09-05 01:04:46,229 - INFO - Boosted OOD loss: -0.0506
2025-09-05 01:04:47,850 - INFO - Boosted OOD loss: -0.0430
2025-09-05 01:04:50,536 - INFO - Boosted OOD loss: -0.0268
2025-09-05 01:04:53,222 - INFO - Boosted OOD loss: -0.0529
2025-09-05 01:04:54,836 - INFO - Boosted OOD loss: -0.0249
2025-09-05 01:04:55,928 - INFO - Boosted OOD loss: -0.0821
2025-09-05 01:04:56,479 - INFO - Boosted OOD loss: -0.0664
2025-09-05 01:04:57,565 - INFO - Boosted OOD loss: -0.0425
2025-09-05 01:04:58,117 - INFO - Boosted OOD loss: -0.0498
2025-09-05 01:05:02,385 - INFO - Boosted OOD loss: -0.0158
2025-09-05 01:05:05,065 - INFO - Boosted OOD loss: -0.0748
2025-09-05 01:05:06,150 - INFO - Boosted OOD loss: -0.0654
2025-09-05 01:05:09,356 - INFO - Boosted OOD loss: -0.0375
2025-09-05 01:05:09,356 - INFO - Step 5550 Loss Debug:
2025-09-05 01:05:09,357 - INFO -  CE: 1.7373
2025-09-05 01:05:09,357 - INFO -  OOD: -0.0375
2025-09-05 01:05:09,357 - INFO -  β: 64.00
2025-09-05 01:05:09,357 - INFO -  ID: 4873, OOD(254): 294
2025-09-05 01:05:09,903 - INFO - Boosted OOD loss: -0.0509
2025-09-05 01:05:10,993 - INFO - Boosted OOD loss: -0.0495
2025-09-05 01:05:12,603 - INFO - Boosted OOD loss: -0.0418
2025-09-05 01:05:13,149 - INFO - Boosted OOD loss: -0.0794
2025-09-05 01:05:15,828 - INFO - Boosted OOD loss: -0.0500
2025-09-05 01:05:16,380 - INFO - Boosted OOD loss: -0.0425
2025-09-05 01:05:19,600 - INFO - Boosted OOD loss: -0.0621
2025-09-05 01:05:21,750 - INFO - Boosted OOD loss: -0.0180
2025-09-05 01:05:22,307 - INFO - Boosted OOD loss: -0.0531
2025-09-05 01:05:23,920 - INFO - Boosted OOD loss: -0.0616
2025-09-05 01:05:25,545 - INFO - Boosted OOD loss: -0.0079
2025-09-05 01:05:29,817 - INFO - Boosted OOD loss: -0.0579
2025-09-05 01:05:36,211 - WARNING - No anomaly pixels (254) found in batch
2025-09-05 01:05:37,286 - INFO - Boosted OOD loss: -0.0413
2025-09-05 01:05:37,839 - INFO - Boosted OOD loss: -0.0511
2025-09-05 01:05:41,582 - INFO - Boosted OOD loss: -0.0550
2025-09-05 01:05:46,927 - INFO - Boosted OOD loss: 0.0093
2025-09-05 01:05:49,079 - INFO - Boosted OOD loss: -0.0854
2025-09-05 01:05:50,169 - INFO - Boosted OOD loss: -0.0137
2025-09-05 01:05:51,791 - INFO - Boosted OOD loss: -0.0468
2025-09-05 01:05:55,007 - INFO - Boosted OOD loss: -0.0176
2025-09-05 01:05:59,297 - INFO - Boosted OOD loss: -0.0165
2025-09-05 01:05:59,851 - INFO - Boosted OOD loss: -0.0401
2025-09-05 01:06:00,410 - INFO - Boosted OOD loss: -0.0173
2025-09-05 01:06:01,499 - INFO - Boosted OOD loss: -0.0681
2025-09-05 01:06:04,710 - INFO - Boosted OOD loss: -0.0345
2025-09-05 01:06:05,795 - INFO - Boosted OOD loss: -0.0124
2025-09-05 01:06:06,881 - INFO - Boosted OOD loss: -0.0389
2025-09-05 01:06:09,026 - INFO - Boosted OOD loss: -0.0677
2025-09-05 01:06:15,442 - INFO - Boosted OOD loss: -0.0709
2025-09-05 01:06:15,994 - INFO - Boosted OOD loss: -0.0457
2025-09-05 01:06:17,080 - INFO - Boosted OOD loss: -0.0212
2025-09-05 01:06:25,642 - INFO - Boosted OOD loss: -0.0171
2025-09-05 01:06:26,199 - INFO - Boosted OOD loss: -0.0383
2025-09-05 01:06:26,755 - INFO - Boosted OOD loss: -0.0663
2025-09-05 01:06:29,962 - WARNING - No anomaly pixels (254) found in batch
2025-09-05 01:06:34,219 - INFO - Boosted OOD loss: -0.0361
2025-09-05 01:06:37,962 - INFO - Boosted OOD loss: -0.0602
2025-09-05 01:06:41,702 - INFO - Boosted OOD loss: -0.0437
2025-09-05 01:06:48,633 - INFO - Boosted OOD loss: -0.0204
2025-09-05 01:06:49,190 - INFO - Boosted OOD loss: -0.0458
2025-09-05 01:06:53,467 - INFO - Boosted OOD loss: -0.0337
2025-09-05 01:06:54,021 - INFO - Boosted OOD loss: -0.0311
2025-09-05 01:06:54,573 - INFO - Boosted OOD loss: -0.0047
2025-09-05 01:06:55,133 - INFO - Boosted OOD loss: -0.0440
2025-09-05 01:06:56,217 - INFO - Boosted OOD loss: -0.0393
2025-09-05 01:06:57,831 - INFO - Boosted OOD loss: -0.0580
2025-09-05 01:06:58,387 - INFO - Boosted OOD loss: 0.0146
2025-09-05 01:06:59,474 - INFO - Boosted OOD loss: -0.0443
2025-09-05 01:07:00,027 - INFO - Boosted OOD loss: -0.0490
2025-09-05 01:07:03,235 - INFO - Boosted OOD loss: -0.0733
2025-09-05 01:07:04,849 - INFO - Boosted OOD loss: -0.0347
2025-09-05 01:07:10,195 - INFO - Boosted OOD loss: -0.0278
2025-09-05 01:07:10,746 - INFO - Boosted OOD loss: -0.0447
2025-09-05 01:07:12,364 - INFO - Boosted OOD loss: -0.0407
2025-09-05 01:07:13,456 - INFO - Boosted OOD loss: -0.0377
2025-09-05 01:07:19,858 - INFO - Boosted OOD loss: -0.0256
2025-09-05 01:07:21,475 - INFO - Boosted OOD loss: -0.0555
2025-09-05 01:07:23,612 - WARNING - No anomaly pixels (254) found in batch
2025-09-05 01:07:29,475 - INFO - Boosted OOD loss: -0.0586
2025-09-05 01:07:34,293 - INFO - Boosted OOD loss: -0.0210
2025-09-05 01:07:35,387 - INFO - Boosted OOD loss: -0.0734
2025-09-05 01:07:42,860 - INFO - Boosted OOD loss: -0.0436
2025-09-05 01:07:43,954 - INFO - Boosted OOD loss: -0.0319
2025-09-05 01:07:45,574 - INFO - Boosted OOD loss: -0.0331
2025-09-05 01:07:46,662 - INFO - Boosted OOD loss: -0.0543
2025-09-05 01:07:54,144 - INFO - Boosted OOD loss: -0.0529
2025-09-05 01:07:55,230 - INFO - Boosted OOD loss: -0.0317
2025-09-05 01:07:59,518 - INFO - Boosted OOD loss: -0.0160
2025-09-05 01:08:08,050 - INFO - Boosted OOD loss: -0.0012
2025-09-05 01:08:09,675 - INFO - Boosted OOD loss: -0.0099
2025-09-05 01:08:10,230 - INFO - Boosted OOD loss: -0.0336
2025-09-05 01:08:12,914 - INFO - Boosted OOD loss: -0.0473
2025-09-05 01:08:14,004 - INFO - Boosted OOD loss: -0.0371
2025-09-05 01:08:17,201 - WARNING - No anomaly pixels (254) found in batch
2025-09-05 01:08:20,404 - INFO - Boosted OOD loss: -0.0515
2025-09-05 01:08:20,956 - INFO - Boosted OOD loss: -0.0283
2025-09-05 01:08:24,706 - INFO - Boosted OOD loss: -0.0559
2025-09-05 01:08:28,443 - INFO - Boosted OOD loss: -0.0355
2025-09-05 01:08:36,455 - INFO - Boosted OOD loss: -0.0621
2025-09-05 01:08:42,864 - INFO - Boosted OOD loss: -0.0322
2025-09-05 01:08:46,620 - INFO - Boosted OOD loss: -0.0457
2025-09-05 01:08:47,175 - INFO - Boosted OOD loss: -0.0111
2025-09-05 01:08:48,795 - INFO - Boosted OOD loss: -0.0454
2025-09-05 01:08:50,948 - INFO - Boosted OOD loss: -0.0307
2025-09-05 01:08:55,231 - INFO - Boosted OOD loss: -0.0538
2025-09-05 01:08:55,782 - INFO - Boosted OOD loss: -0.0518
2025-09-05 01:08:57,930 - INFO - Boosted OOD loss: -0.0383
2025-09-05 01:08:59,017 - INFO - Boosted OOD loss: -0.0660
2025-09-05 01:09:02,232 - INFO - Boosted OOD loss: -0.0930
2025-09-05 01:09:03,320 - INFO - Boosted OOD loss: -0.0354
2025-09-05 01:09:03,877 - INFO - Boosted OOD loss: -0.0736
2025-09-05 01:09:06,565 - INFO - Boosted OOD loss: -0.0543
2025-09-05 01:09:08,716 - INFO - Boosted OOD loss: -0.0617
2025-09-05 01:09:09,799 - INFO - Boosted OOD loss: -0.0714
2025-09-05 01:09:10,351 - INFO - Boosted OOD loss: -0.0112
2025-09-05 01:09:10,901 - WARNING - No anomaly pixels (254) found in batch
2025-09-05 01:09:15,167 - INFO - Boosted OOD loss: -0.0650
2025-09-05 01:09:17,848 - INFO - Boosted OOD loss: -0.0024
2025-09-05 01:09:18,938 - INFO - Boosted OOD loss: -0.0349
2025-09-05 01:09:22,698 - INFO - Boosted OOD loss: -0.0485
2025-09-05 01:09:32,309 - INFO - Boosted OOD loss: -0.0912
2025-09-05 01:09:42,448 - INFO - Boosted OOD loss: -0.0314
2025-09-05 01:09:43,529 - INFO - Boosted OOD loss: -0.0512
2025-09-05 01:09:44,087 - INFO - Boosted OOD loss: -0.0101
2025-09-05 01:09:45,174 - INFO - Boosted OOD loss: -0.0465
2025-09-05 01:09:45,727 - INFO - Boosted OOD loss: -0.0342
2025-09-05 01:09:47,349 - INFO - Boosted OOD loss: -0.0433
2025-09-05 01:09:47,902 - INFO - Boosted OOD loss: -0.0670
2025-09-05 01:09:50,591 - INFO - Boosted OOD loss: -0.0642
2025-09-05 01:09:51,677 - INFO - Boosted OOD loss: -0.0203
2025-09-05 01:09:53,833 - INFO - Boosted OOD loss: -0.0591
2025-09-05 01:09:54,382 - INFO - Boosted OOD loss: -0.0462
2025-09-05 01:09:58,667 - INFO - Boosted OOD loss: -0.0429
2025-09-05 01:10:00,825 - INFO - Boosted OOD loss: -0.0751
2025-09-05 01:10:02,443 - INFO - Boosted OOD loss: -0.0723
2025-09-05 01:10:04,582 - WARNING - No anomaly pixels (254) found in batch
2025-09-05 01:10:06,181 - INFO - Boosted OOD loss: -0.0474
2025-09-05 01:10:08,874 - INFO - Boosted OOD loss: -0.0458
2025-09-05 01:10:09,951 - INFO - Boosted OOD loss: -0.0480
2025-09-05 01:10:11,568 - INFO - Boosted OOD loss: -0.0493
2025-09-05 01:10:14,252 - INFO - Boosted OOD loss: -0.0438
2025-09-05 01:10:16,400 - INFO - Boosted OOD loss: -0.0494
2025-09-05 01:10:16,958 - INFO - Boosted OOD loss: -0.0075
2025-09-05 01:10:26,030 - INFO - Boosted OOD loss: -0.0430
2025-09-05 01:10:27,641 - INFO - Boosted OOD loss: -0.0436
2025-09-05 01:10:29,789 - INFO - Boosted OOD loss: -0.0436
2025-09-05 01:10:30,343 - INFO - Boosted OOD loss: -0.0611
2025-09-05 01:10:30,896 - INFO - Boosted OOD loss: -0.0526
2025-09-05 01:10:32,511 - INFO - Boosted OOD loss: -0.0257
2025-09-05 01:10:34,128 - INFO - Boosted OOD loss: -0.0501
2025-09-05 01:10:40,538 - INFO - Boosted OOD loss: -0.0617
2025-09-05 01:10:42,152 - INFO - Boosted OOD loss: -0.0630
2025-09-05 01:10:45,363 - INFO - Boosted OOD loss: -0.0669
2025-09-05 01:10:46,973 - INFO - Boosted OOD loss: -0.0312
2025-09-05 01:10:48,065 - INFO - Boosted OOD loss: -0.0387
2025-09-05 01:10:50,746 - INFO - Boosted OOD loss: -0.0220
2025-09-05 01:10:52,902 - INFO - Boosted OOD loss: -0.0197
2025-09-05 01:10:54,523 - INFO - Boosted OOD loss: -0.0474
2025-09-05 01:10:58,262 - WARNING - No anomaly pixels (254) found in batch
2025-09-05 01:11:05,188 - INFO - Boosted OOD loss: -0.0690
2025-09-05 01:11:06,800 - INFO - Boosted OOD loss: -0.0596
2025-09-05 01:11:08,948 - INFO - Boosted OOD loss: -0.0291
2025-09-05 01:11:14,813 - INFO - Boosted OOD loss: -0.0413
2025-09-05 01:11:16,430 - INFO - Boosted OOD loss: -0.0431
2025-09-05 01:11:23,910 - INFO - Boosted OOD loss: -0.0214
2025-09-05 01:11:24,468 - INFO - Boosted OOD loss: -0.0454
2025-09-05 01:11:25,017 - INFO - Boosted OOD loss: -0.0450
2025-09-05 01:11:25,018 - INFO - Step 6250 Loss Debug:
2025-09-05 01:11:25,018 - INFO -  CE: 1.7676
2025-09-05 01:11:25,018 - INFO -  OOD: -0.0450
2025-09-05 01:11:25,018 - INFO -  β: 64.00
2025-09-05 01:11:25,018 - INFO -  ID: 5940, OOD(254): 156
2025-09-05 01:11:27,154 - INFO - Boosted OOD loss: -0.0838
2025-09-05 01:11:35,690 - INFO - Boosted OOD loss: -0.0205
2025-09-05 01:11:36,245 - INFO - Boosted OOD loss: -0.0615
2025-09-05 01:11:37,327 - INFO - Boosted OOD loss: -0.0458
2025-09-05 01:11:40,534 - INFO - Boosted OOD loss: -0.0584
2025-09-05 01:11:41,624 - INFO - Boosted OOD loss: -0.0481
2025-09-05 01:11:45,360 - INFO - Boosted OOD loss: -0.0732
2025-09-05 01:11:51,756 - WARNING - No anomaly pixels (254) found in batch
2025-09-05 01:11:53,360 - INFO - Boosted OOD loss: -0.0797
2025-09-05 01:11:54,448 - INFO - Boosted OOD loss: -0.0737
2025-09-05 01:11:55,526 - INFO - Boosted OOD loss: -0.0547
2025-09-05 01:11:58,202 - INFO - Boosted OOD loss: -0.0728
2025-09-05 01:11:59,816 - INFO - Boosted OOD loss: -0.0495
2025-09-05 01:12:01,965 - INFO - Boosted OOD loss: -0.0470
2025-09-05 01:12:03,585 - INFO - Boosted OOD loss: 0.0000
2025-09-05 01:12:08,396 - INFO - Boosted OOD loss: -0.0137
2025-09-05 01:12:09,492 - INFO - Boosted OOD loss: -0.0542
2025-09-05 01:12:12,168 - INFO - Boosted OOD loss: -0.0579
2025-09-05 01:12:18,590 - INFO - Boosted OOD loss: -0.0713
2025-09-05 01:12:18,590 - INFO - Step 6350 Loss Debug:
2025-09-05 01:12:18,591 - INFO -  CE: 1.4148
2025-09-05 01:12:18,591 - INFO -  OOD: -0.0713
2025-09-05 01:12:18,591 - INFO -  β: 64.00
2025-09-05 01:12:18,591 - INFO -  ID: 7789, OOD(254): 110
2025-09-05 01:12:19,680 - INFO - Boosted OOD loss: -0.0008
2025-09-05 01:12:20,775 - INFO - Boosted OOD loss: -0.0626
2025-09-05 01:12:21,864 - INFO - Boosted OOD loss: -0.0215
2025-09-05 01:12:22,945 - INFO - Boosted OOD loss: -0.0400
2025-09-05 01:12:25,098 - INFO - Boosted OOD loss: -0.0137
2025-09-05 01:12:28,837 - INFO - Boosted OOD loss: -0.0620
2025-09-05 01:12:31,523 - INFO - Boosted OOD loss: -0.0444
2025-09-05 01:12:33,136 - INFO - Boosted OOD loss: -0.0210
2025-09-05 01:12:38,483 - INFO - Boosted OOD loss: -0.0059
2025-09-05 01:12:42,745 - INFO - Boosted OOD loss: -0.0693
2025-09-05 01:12:43,295 - INFO - Boosted OOD loss: -0.0420
2025-09-05 01:12:43,853 - INFO - Boosted OOD loss: -0.0531
2025-09-05 01:12:44,409 - INFO - Boosted OOD loss: -0.0289
2025-09-05 01:12:45,482 - WARNING - No anomaly pixels (254) found in batch
2025-09-05 01:12:47,619 - INFO - Boosted OOD loss: -0.0827
2025-09-05 01:12:49,767 - INFO - Boosted OOD loss: -0.0568
2025-09-05 01:12:52,447 - INFO - Boosted OOD loss: -0.0465
2025-09-05 01:13:02,030 - INFO - Boosted OOD loss: -0.0491
2025-09-05 01:13:15,854 - INFO - Boosted OOD loss: -0.0221
2025-09-05 01:13:18,009 - INFO - Boosted OOD loss: -0.0574
2025-09-05 01:13:22,802 - INFO - Boosted OOD loss: -0.0623
2025-09-05 01:13:23,351 - INFO - Boosted OOD loss: -0.0434
2025-09-05 01:13:25,487 - INFO - Boosted OOD loss: -0.0384
2025-09-05 01:13:26,041 - INFO - Boosted OOD loss: -0.0552
2025-09-05 01:13:28,176 - INFO - Boosted OOD loss: -0.0509
2025-09-05 01:13:29,789 - INFO - Boosted OOD loss: -0.0710
2025-09-05 01:13:33,530 - INFO - Boosted OOD loss: -0.0095
2025-09-05 01:13:34,619 - INFO - Boosted OOD loss: -0.0434
2025-09-05 01:13:35,171 - INFO - Boosted OOD loss: 0.0028
2025-09-05 01:13:36,790 - INFO - Boosted OOD loss: -0.0289
2025-09-05 01:13:37,348 - INFO - Boosted OOD loss: -0.0615
2025-09-05 01:13:38,957 - INFO - Boosted OOD loss: -0.0607
2025-09-05 01:13:38,957 - INFO - Step 6500 Loss Debug:
2025-09-05 01:13:38,957 - INFO -  CE: 1.6927
2025-09-05 01:13:38,957 - INFO -  OOD: -0.0607
2025-09-05 01:13:38,958 - INFO -  β: 64.00
2025-09-05 01:13:38,958 - INFO -  ID: 7103, OOD(254): 189
2025-09-05 01:13:40,041 - INFO - Boosted OOD loss: -0.0637
2025-09-05 01:13:41,126 - INFO - Boosted OOD loss: -0.0178
2025-09-05 01:13:42,207 - INFO - Boosted OOD loss: -0.0647
2025-09-05 01:13:43,290 - INFO - Boosted OOD loss: -0.0623
2025-09-05 01:13:44,902 - INFO - Boosted OOD loss: -0.0663
2025-09-05 01:13:45,457 - INFO - Boosted OOD loss: -0.0627
2025-09-05 01:13:50,793 - INFO - Boosted OOD loss: -0.0278
2025-09-05 01:13:52,411 - INFO - Boosted OOD loss: -0.0362
2025-09-05 01:13:53,492 - INFO - Boosted OOD loss: -0.0334
2025-09-05 01:13:59,907 - INFO - Boosted OOD loss: -0.0529
2025-09-05 01:14:00,996 - INFO - Boosted OOD loss: -0.0775
2025-09-05 01:14:03,146 - INFO - Boosted OOD loss: -0.0390
2025-09-05 01:14:04,762 - INFO - Boosted OOD loss: -0.0237
2025-09-05 01:14:05,315 - INFO - Boosted OOD loss: -0.0433
2025-09-05 01:14:11,706 - INFO - Boosted OOD loss: -0.0518
2025-09-05 01:14:13,331 - INFO - Boosted OOD loss: -0.0352
2025-09-05 01:14:22,409 - INFO - Boosted OOD loss: -0.0469
2025-09-05 01:14:25,079 - INFO - Boosted OOD loss: -0.0451
2025-09-05 01:14:26,692 - INFO - Boosted OOD loss: -0.0310
2025-09-05 01:14:29,374 - INFO - Boosted OOD loss: -0.0606
2025-09-05 01:14:30,989 - INFO - Boosted OOD loss: -0.0722
2025-09-05 01:14:32,593 - WARNING - No anomaly pixels (254) found in batch
2025-09-05 01:14:42,169 - INFO - Boosted OOD loss: -0.0736
2025-09-05 01:14:42,717 - INFO - Boosted OOD loss: -0.0565
2025-09-05 01:14:45,933 - INFO - Boosted OOD loss: -0.0122
2025-09-05 01:14:57,132 - INFO - Boosted OOD loss: -0.0738
2025-09-05 01:14:57,680 - INFO - Boosted OOD loss: -0.0378
2025-09-05 01:15:01,443 - INFO - Boosted OOD loss: -0.0688
2025-09-05 01:15:02,529 - INFO - Boosted OOD loss: -0.0149
2025-09-05 01:15:09,995 - INFO - Boosted OOD loss: -0.0225
2025-09-05 01:15:14,786 - INFO - Boosted OOD loss: -0.0383
2025-09-05 01:15:19,059 - INFO - Boosted OOD loss: -0.0699
2025-09-05 01:15:21,196 - INFO - Boosted OOD loss: -0.0396
2025-09-05 01:15:25,999 - WARNING - No anomaly pixels (254) found in batch
2025-09-05 01:15:29,723 - INFO - Boosted OOD loss: -0.0632
2025-09-05 01:15:32,401 - INFO - Boosted OOD loss: -0.0350
2025-09-05 01:15:34,018 - INFO - Boosted OOD loss: -0.0477
2025-09-05 01:15:37,233 - INFO - Boosted OOD loss: -0.0462
2025-09-05 01:15:38,846 - INFO - Boosted OOD loss: -0.0292
2025-09-05 01:15:39,394 - INFO - Boosted OOD loss: -0.0719
2025-09-05 01:15:42,611 - INFO - Boosted OOD loss: -0.0529
2025-09-05 01:15:43,166 - INFO - Boosted OOD loss: -0.0322
2025-09-05 01:15:46,387 - INFO - Boosted OOD loss: -0.0365
2025-09-05 01:15:56,539 - INFO - Boosted OOD loss: -0.0343
2025-09-05 01:15:59,744 - INFO - Boosted OOD loss: -0.0769
2025-09-05 01:16:00,834 - INFO - Boosted OOD loss: -0.0563
2025-09-05 01:16:04,048 - INFO - Boosted OOD loss: -0.0141
2025-09-05 01:16:06,200 - INFO - Boosted OOD loss: -0.0415
2025-09-05 01:16:07,287 - INFO - Boosted OOD loss: -0.0481
2025-09-05 01:16:12,628 - INFO - Boosted OOD loss: -0.0465
2025-09-05 01:16:13,182 - INFO - Boosted OOD loss: -0.0800
2025-09-05 01:16:19,586 - WARNING - No anomaly pixels (254) found in batch
2025-09-05 01:16:20,125 - INFO - Boosted OOD loss: -0.0318
2025-09-05 01:16:20,686 - INFO - Boosted OOD loss: -0.0212
2025-09-05 01:16:21,235 - INFO - Boosted OOD loss: -0.0484
2025-09-05 01:16:22,853 - INFO - Boosted OOD loss: -0.0434
2025-09-05 01:16:23,408 - INFO - Boosted OOD loss: -0.0564
2025-09-05 01:16:27,141 - INFO - Boosted OOD loss: -0.0708
2025-09-05 01:16:27,693 - INFO - Boosted OOD loss: -0.0295
2025-09-05 01:16:28,781 - INFO - Boosted OOD loss: -0.0547
2025-09-05 01:16:29,865 - INFO - Boosted OOD loss: -0.0336
2025-09-05 01:16:30,419 - INFO - Boosted OOD loss: -0.0292
2025-09-05 01:16:32,042 - INFO - Boosted OOD loss: -0.0487
2025-09-05 01:16:33,656 - INFO - Boosted OOD loss: -0.0462
2025-09-05 01:16:35,803 - INFO - Boosted OOD loss: -0.0999
2025-09-05 01:16:40,083 - INFO - Boosted OOD loss: -0.0682
2025-09-05 01:16:42,235 - INFO - Boosted OOD loss: -0.0455
2025-09-05 01:16:47,047 - INFO - Boosted OOD loss: -0.0718
2025-09-05 01:16:48,667 - INFO - Boosted OOD loss: -0.0086
2025-09-05 01:16:52,420 - INFO - Boosted OOD loss: -0.0537
2025-09-05 01:16:53,511 - INFO - Boosted OOD loss: -0.0409
2025-09-05 01:16:54,069 - INFO - Boosted OOD loss: -0.0448
2025-09-05 01:16:57,819 - INFO - Boosted OOD loss: -0.0305
2025-09-05 01:17:02,098 - INFO - Boosted OOD loss: -0.0113
2025-09-05 01:17:06,380 - INFO - Boosted OOD loss: -0.0776
2025-09-05 01:17:07,467 - INFO - Boosted OOD loss: -0.0592
2025-09-05 01:17:08,020 - INFO - Boosted OOD loss: -0.0807
2025-09-05 01:17:08,580 - INFO - Boosted OOD loss: -0.0656
2025-09-05 01:17:09,131 - INFO - Boosted OOD loss: -0.0611
2025-09-05 01:17:09,685 - INFO - Boosted OOD loss: -0.0207
2025-09-05 01:17:10,247 - INFO - Boosted OOD loss: -0.0159
2025-09-05 01:17:10,799 - INFO - Boosted OOD loss: -0.0460
2025-09-05 01:17:11,358 - INFO - Boosted OOD loss: -0.0155
2025-09-05 01:17:12,978 - INFO - Boosted OOD loss: -0.0337
2025-09-05 01:17:13,523 - WARNING - No anomaly pixels (254) found in batch
2025-09-05 01:17:15,123 - INFO - Boosted OOD loss: -0.0360
2025-09-05 01:17:21,521 - INFO - Boosted OOD loss: -0.0123
2025-09-05 01:17:24,204 - INFO - Boosted OOD loss: -0.0426
2025-09-05 01:17:27,414 - INFO - Boosted OOD loss: -0.0660
2025-09-05 01:17:32,753 - INFO - Boosted OOD loss: -0.0149
2025-09-05 01:17:33,310 - INFO - Boosted OOD loss: -0.0321
2025-09-05 01:17:34,928 - INFO - Boosted OOD loss: -0.0386
2025-09-05 01:17:36,552 - INFO - Boosted OOD loss: -0.0198
2025-09-05 01:17:39,230 - INFO - Boosted OOD loss: -0.0628
2025-09-05 01:17:39,784 - INFO - Boosted OOD loss: -0.0450
2025-09-05 01:17:43,522 - INFO - Boosted OOD loss: -0.0585
2025-09-05 01:17:44,603 - INFO - Boosted OOD loss: -0.0346
2025-09-05 01:17:48,357 - INFO - Boosted OOD loss: -0.0406
2025-09-05 01:17:48,910 - INFO - Boosted OOD loss: -0.0920
2025-09-05 01:17:50,520 - INFO - Boosted OOD loss: -0.0528
2025-09-05 01:17:56,399 - INFO - Boosted OOD loss: -0.0149
2025-09-05 01:17:59,086 - INFO - Boosted OOD loss: -0.0501
2025-09-05 01:18:00,709 - INFO - Boosted OOD loss: -0.0610
2025-09-05 01:18:03,926 - INFO - Boosted OOD loss: -0.0184
2025-09-05 01:18:07,147 - WARNING - No anomaly pixels (254) found in batch
2025-09-05 01:18:13,546 - INFO - Boosted OOD loss: -0.0439
2025-09-05 01:18:16,751 - INFO - Boosted OOD loss: -0.0891
2025-09-05 01:18:22,627 - INFO - Boosted OOD loss: -0.0669
2025-09-05 01:18:24,245 - INFO - Boosted OOD loss: -0.0491
2025-09-05 01:18:26,942 - INFO - Boosted OOD loss: -0.0122
2025-09-05 01:18:28,034 - INFO - Boosted OOD loss: -0.0406
2025-09-05 01:18:28,590 - INFO - Boosted OOD loss: -0.0410
2025-09-05 01:18:30,217 - INFO - Boosted OOD loss: 0.0002
2025-09-05 01:18:34,517 - INFO - Boosted OOD loss: -0.0317
2025-09-05 01:18:36,663 - INFO - Boosted OOD loss: -0.0869
2025-09-05 01:18:37,214 - INFO - Boosted OOD loss: -0.0566
2025-09-05 01:18:38,828 - INFO - Boosted OOD loss: -0.0299
2025-09-05 01:18:40,981 - INFO - Boosted OOD loss: -0.0429
2025-09-05 01:18:45,257 - INFO - Boosted OOD loss: -0.0540
2025-09-05 01:18:49,003 - INFO - Boosted OOD loss: -0.0390
2025-09-05 01:18:49,561 - INFO - Boosted OOD loss: -0.0344
2025-09-05 01:18:50,649 - INFO - Boosted OOD loss: -0.0290
2025-09-05 01:18:51,204 - INFO - Boosted OOD loss: -0.0490
2025-09-05 01:18:54,420 - INFO - Boosted OOD loss: -0.0830
2025-09-05 01:18:57,097 - INFO - Boosted OOD loss: -0.0943
2025-09-05 01:19:00,839 - WARNING - No anomaly pixels (254) found in batch
2025-09-05 01:19:02,437 - INFO - Boosted OOD loss: -0.0542
2025-09-05 01:19:03,517 - INFO - Boosted OOD loss: -0.0824
2025-09-05 01:19:13,139 - INFO - Boosted OOD loss: -0.0312
2025-09-05 01:19:13,689 - INFO - Boosted OOD loss: -0.0497
2025-09-05 01:19:14,245 - INFO - Boosted OOD loss: -0.0523
2025-09-05 01:19:15,373 - INFO - Updated beta to 15.31 (exp decay)
2025-09-05 01:19:16,773 - WARNING - Negative mean energy—verify E_b formula/signs
2025-09-05 01:19:16,773 - INFO - Weights updated successfully
2025-09-05 01:19:16,773 - INFO - Advanced epoch 4 - Updated beta: 15.31
2025-09-05 01:19:16,774 - INFO - Epoch 4 - Avg CE: 1.8623, Avg OOD: -0.0091, β: 64
2025-09-05 01:19:16,889 - INFO - 
Starting Epoch 5/100
2025-09-05 01:19:16,889 - INFO - ============================================================
2025-09-05 01:19:16,890 - INFO - 
Updating Hopfield boosting weights at epoch 5...
2025-09-05 01:19:18,289 - WARNING - Negative mean energy—verify E_b formula/signs
2025-09-05 01:19:18,289 - INFO - Weights updated successfully
2025-09-05 01:19:18,290 - INFO - Weight Update Debug at Epoch 5: No high-weight OOD pixels found
2025-09-05 01:19:21,556 - INFO - Boosted OOD loss: -0.0684
2025-09-05 01:19:22,630 - INFO - Boosted OOD loss: -0.0464
2025-09-05 01:19:30,039 - INFO - Boosted OOD loss: -0.1058
2025-09-05 01:19:32,183 - INFO - Boosted OOD loss: -0.0106
2025-09-05 01:19:35,918 - INFO - Boosted OOD loss: -0.0890
2025-09-05 01:19:41,264 - INFO - Boosted OOD loss: -0.0918
2025-09-05 01:19:42,350 - INFO - Boosted OOD loss: -0.0181
2025-09-05 01:19:46,104 - INFO - Boosted OOD loss: -0.0556
2025-09-05 01:19:49,313 - INFO - Boosted OOD loss: -0.0544
2025-09-05 01:19:51,469 - INFO - Boosted OOD loss: -0.0223
2025-09-05 01:19:54,685 - INFO - Boosted OOD loss: -0.0381
2025-09-05 01:19:57,895 - WARNING - No anomaly pixels (254) found in batch
2025-09-05 01:19:58,440 - INFO - Boosted OOD loss: -0.0540
2025-09-05 01:19:59,524 - INFO - Boosted OOD loss: -0.0668
2025-09-05 01:20:01,144 - INFO - Boosted OOD loss: -0.0655
2025-09-05 01:20:02,225 - INFO - Boosted OOD loss: -0.0613
2025-09-05 01:20:11,318 - INFO - Boosted OOD loss: -0.0498
2025-09-05 01:20:13,470 - INFO - Boosted OOD loss: -0.0369
2025-09-05 01:20:15,627 - INFO - Boosted OOD loss: -0.0757
2025-09-05 01:20:16,187 - INFO - Boosted OOD loss: -0.0094
2025-09-05 01:20:19,943 - INFO - Boosted OOD loss: -0.0087
2025-09-05 01:20:24,238 - INFO - Boosted OOD loss: -0.0261
2025-09-05 01:20:26,938 - INFO - Boosted OOD loss: -0.0497
2025-09-05 01:20:27,490 - INFO - Boosted OOD loss: -0.0597
2025-09-05 01:20:30,168 - INFO - Boosted OOD loss: -0.0734
2025-09-05 01:20:36,564 - INFO - Boosted OOD loss: -0.0136
2025-09-05 01:20:40,313 - INFO - Boosted OOD loss: -0.0083
2025-09-05 01:20:43,527 - INFO - Boosted OOD loss: -0.0441
2025-09-05 01:20:51,540 - WARNING - No anomaly pixels (254) found in batch
2025-09-05 01:21:05,378 - INFO - Boosted OOD loss: -0.0674
2025-09-05 01:21:08,610 - INFO - Boosted OOD loss: -0.0444
2025-09-05 01:21:09,698 - INFO - Boosted OOD loss: -0.0196
2025-09-05 01:21:10,262 - INFO - Boosted OOD loss: -0.0849
2025-09-05 01:21:11,883 - INFO - Boosted OOD loss: -0.0363
2025-09-05 01:21:12,967 - INFO - Boosted OOD loss: -0.0136
2025-09-05 01:21:15,121 - INFO - Boosted OOD loss: -0.0429
2025-09-05 01:21:22,608 - INFO - Boosted OOD loss: -0.0827
2025-09-05 01:21:23,690 - INFO - Boosted OOD loss: -0.0229
2025-09-05 01:21:26,378 - INFO - Boosted OOD loss: -0.0448
2025-09-05 01:21:27,468 - INFO - Boosted OOD loss: -0.0474
2025-09-05 01:21:29,082 - INFO - Boosted OOD loss: -0.0766
2025-09-05 01:21:34,949 - INFO - Boosted OOD loss: -0.0528
2025-09-05 01:21:36,030 - INFO - Boosted OOD loss: -0.0328
2025-09-05 01:21:36,583 - INFO - Boosted OOD loss: -0.0265
2025-09-05 01:21:37,669 - INFO - Boosted OOD loss: -0.0270
2025-09-05 01:21:44,619 - INFO - Boosted OOD loss: -0.0100
2025-09-05 01:21:45,170 - WARNING - No anomaly pixels (254) found in batch
2025-09-05 01:21:46,777 - INFO - Boosted OOD loss: -0.0206
2025-09-05 01:21:49,998 - INFO - Boosted OOD loss: -0.0025
2025-09-05 01:21:54,283 - INFO - Boosted OOD loss: -0.0815
2025-09-05 01:21:55,370 - INFO - Boosted OOD loss: -0.0332
2025-09-05 01:21:58,591 - INFO - Boosted OOD loss: -0.0516
2025-09-05 01:22:02,879 - INFO - Boosted OOD loss: -0.0350
2025-09-05 01:22:05,037 - INFO - Boosted OOD loss: -0.0081
2025-09-05 01:22:05,594 - INFO - Boosted OOD loss: -0.0626
2025-09-05 01:22:12,013 - INFO - Boosted OOD loss: -0.0447
2025-09-05 01:22:12,014 - INFO - Step 7450 Loss Debug:
2025-09-05 01:22:12,014 - INFO -  CE: 1.9366
2025-09-05 01:22:12,014 - INFO -  OOD: -0.0447
2025-09-05 01:22:12,014 - INFO -  β: 64.00
2025-09-05 01:22:12,014 - INFO -  ID: 7177, OOD(254): 349
2025-09-05 01:22:16,294 - INFO - Boosted OOD loss: -0.0593
2025-09-05 01:22:22,703 - INFO - Boosted OOD loss: -0.0604
2025-09-05 01:22:24,858 - INFO - Boosted OOD loss: -0.0597
2025-09-05 01:22:25,416 - INFO - Boosted OOD loss: -0.0579
2025-09-05 01:22:28,638 - INFO - Boosted OOD loss: -0.0144
2025-09-05 01:22:31,852 - INFO - Boosted OOD loss: -0.0324
2025-09-05 01:22:34,007 - INFO - Boosted OOD loss: -0.0857
2025-09-05 01:22:38,811 - WARNING - No anomaly pixels (254) found in batch
2025-09-05 01:22:42,016 - INFO - Boosted OOD loss: -0.0663
2025-09-05 01:22:47,358 - INFO - Boosted OOD loss: -0.0245
2025-09-05 01:22:47,911 - INFO - Boosted OOD loss: -0.0842
2025-09-05 01:22:56,456 - INFO - Boosted OOD loss: -0.0658
2025-09-05 01:23:00,212 - INFO - Boosted OOD loss: -0.0085
2025-09-05 01:23:08,748 - INFO - Boosted OOD loss: -0.0850
2025-09-05 01:23:09,832 - INFO - Boosted OOD loss: -0.0696
2025-09-05 01:23:10,385 - INFO - Boosted OOD loss: -0.0422
2025-09-05 01:23:11,468 - INFO - Boosted OOD loss: -0.0714
2025-09-05 01:23:15,753 - INFO - Boosted OOD loss: -0.0013
2025-09-05 01:23:16,307 - INFO - Boosted OOD loss: -0.0424
2025-09-05 01:23:18,991 - INFO - Boosted OOD loss: 0.0045
2025-09-05 01:23:20,083 - INFO - Boosted OOD loss: -0.0429
2025-09-05 01:23:21,165 - INFO - Boosted OOD loss: -0.0799
2025-09-05 01:23:21,715 - INFO - Boosted OOD loss: -0.0330
2025-09-05 01:23:23,334 - INFO - Boosted OOD loss: -0.0329
2025-09-05 01:23:26,023 - INFO - Boosted OOD loss: -0.0989
2025-09-05 01:23:27,104 - INFO - Boosted OOD loss: -0.0468
2025-09-05 01:23:31,924 - INFO - Boosted OOD loss: -0.0494
2025-09-05 01:23:32,471 - WARNING - No anomaly pixels (254) found in batch
2025-09-05 01:23:33,538 - INFO - Boosted OOD loss: -0.1161
2025-09-05 01:23:35,691 - INFO - Boosted OOD loss: -0.0816
2025-09-05 01:23:36,773 - INFO - Boosted OOD loss: -0.0499
2025-09-05 01:23:42,129 - INFO - Boosted OOD loss: -0.0144
2025-09-05 01:23:44,811 - INFO - Boosted OOD loss: -0.0545
2025-09-05 01:23:46,426 - INFO - Boosted OOD loss: -0.0547
2025-09-05 01:23:50,715 - INFO - Boosted OOD loss: -0.0142
2025-09-05 01:23:52,871 - INFO - Boosted OOD loss: -0.0148
2025-09-05 01:23:57,692 - INFO - Boosted OOD loss: -0.0270
2025-09-05 01:24:01,448 - INFO - Boosted OOD loss: -0.0190
2025-09-05 01:24:06,258 - INFO - Boosted OOD loss: -0.0088
2025-09-05 01:24:07,350 - INFO - Boosted OOD loss: -0.0121
2025-09-05 01:24:12,170 - INFO - Boosted OOD loss: -0.0391
2025-09-05 01:24:13,790 - INFO - Boosted OOD loss: -0.0390
2025-09-05 01:24:14,869 - INFO - Boosted OOD loss: -0.0574
2025-09-05 01:24:15,422 - INFO - Boosted OOD loss: -0.0089
2025-09-05 01:24:15,977 - INFO - Boosted OOD loss: -0.0354
2025-09-05 01:24:19,727 - INFO - Boosted OOD loss: -0.0658
2025-09-05 01:24:21,353 - INFO - Boosted OOD loss: -0.0363
2025-09-05 01:24:23,501 - INFO - Boosted OOD loss: -0.0500
2025-09-05 01:24:24,056 - INFO - Boosted OOD loss: -0.0197
2025-09-05 01:24:25,139 - INFO - Boosted OOD loss: -0.0543
2025-09-05 01:24:26,230 - INFO - Boosted OOD loss: -0.0606
2025-09-05 01:24:26,231 - INFO - Step 7700 Loss Debug:
2025-09-05 01:24:26,231 - INFO -  CE: 1.8044
2025-09-05 01:24:26,231 - INFO -  OOD: -0.0606
2025-09-05 01:24:26,231 - INFO -  β: 64.00
2025-09-05 01:24:26,231 - INFO -  ID: 5711, OOD(254): 30
2025-09-05 01:24:26,778 - INFO - Boosted OOD loss: -0.0555
2025-09-05 01:24:29,989 - INFO - Boosted OOD loss: -0.0404
2025-09-05 01:24:30,552 - INFO - Boosted OOD loss: -0.0118
2025-09-05 01:24:31,637 - INFO - Boosted OOD loss: -0.0417
2025-09-05 01:24:32,192 - INFO - Boosted OOD loss: -0.0595
2025-09-05 01:24:33,804 - INFO - Boosted OOD loss: -0.0466
2025-09-05 01:24:35,421 - INFO - Boosted OOD loss: -0.0346
2025-09-05 01:24:35,972 - INFO - Boosted OOD loss: -0.0758
2025-09-05 01:24:37,583 - INFO - Boosted OOD loss: -0.0384
2025-09-05 01:24:39,737 - INFO - Boosted OOD loss: -0.0498
2025-09-05 01:24:42,415 - INFO - Boosted OOD loss: -0.0403
2025-09-05 01:24:45,623 - INFO - Boosted OOD loss: -0.0728
2025-09-05 01:24:51,508 - INFO - Boosted OOD loss: -0.0583
2025-09-05 01:24:52,584 - INFO - Boosted OOD loss: -0.0530
2025-09-05 01:24:53,677 - INFO - Boosted OOD loss: -0.0305
2025-09-05 01:24:59,016 - INFO - Boosted OOD loss: -0.0463
2025-09-05 01:25:02,228 - INFO - Boosted OOD loss: -0.0502
2025-09-05 01:25:03,851 - INFO - Boosted OOD loss: -0.0404
2025-09-05 01:25:04,407 - INFO - Boosted OOD loss: 0.0424
2025-09-05 01:25:04,963 - INFO - Boosted OOD loss: -0.0388
2025-09-05 01:25:08,175 - INFO - Boosted OOD loss: -0.0519
2025-09-05 01:25:08,727 - INFO - Boosted OOD loss: -0.0613
2025-09-05 01:25:10,875 - INFO - Boosted OOD loss: -0.0678
2025-09-05 01:25:13,555 - INFO - Boosted OOD loss: -0.0630
2025-09-05 01:25:14,106 - INFO - Boosted OOD loss: -0.0805
2025-09-05 01:25:14,662 - INFO - Boosted OOD loss: -0.0532
2025-09-05 01:25:15,218 - INFO - Boosted OOD loss: -0.0686
2025-09-05 01:25:16,307 - INFO - Boosted OOD loss: -0.0039
2025-09-05 01:25:17,395 - INFO - Boosted OOD loss: -0.0493
2025-09-05 01:25:20,066 - WARNING - No anomaly pixels (254) found in batch
2025-09-05 01:25:22,197 - INFO - Boosted OOD loss: -0.0386
2025-09-05 01:25:25,411 - INFO - Boosted OOD loss: -0.0273
2025-09-05 01:25:27,028 - INFO - Boosted OOD loss: -0.0220
2025-09-05 01:25:27,589 - INFO - Boosted OOD loss: 0.0031
2025-09-05 01:25:30,266 - INFO - Boosted OOD loss: -0.0078
2025-09-05 01:25:32,950 - INFO - Boosted OOD loss: -0.0350
2025-09-05 01:25:34,039 - INFO - Boosted OOD loss: -0.0490
2025-09-05 01:25:34,592 - INFO - Boosted OOD loss: -0.0492
2025-09-05 01:25:37,801 - INFO - Boosted OOD loss: -0.0408
2025-09-05 01:25:39,953 - INFO - Boosted OOD loss: -0.0272
2025-09-05 01:25:42,109 - INFO - Boosted OOD loss: -0.0530
2025-09-05 01:25:45,856 - INFO - Boosted OOD loss: -0.0725
2025-09-05 01:25:49,069 - INFO - Boosted OOD loss: -0.0408
2025-09-05 01:25:53,335 - INFO - Boosted OOD loss: -0.0351
2025-09-05 01:25:53,900 - INFO - Boosted OOD loss: -0.0513
2025-09-05 01:25:54,995 - INFO - Boosted OOD loss: -0.0153
2025-09-05 01:26:00,885 - INFO - Boosted OOD loss: -0.0382
2025-09-05 01:26:05,162 - INFO - Boosted OOD loss: -0.0434
2025-09-05 01:26:06,250 - INFO - Boosted OOD loss: -0.0228
2025-09-05 01:26:06,806 - INFO - Boosted OOD loss: -0.0568
2025-09-05 01:26:08,426 - INFO - Boosted OOD loss: -0.0250
2025-09-05 01:26:11,111 - INFO - Boosted OOD loss: -0.0598
2025-09-05 01:26:12,201 - INFO - Boosted OOD loss: -0.0126
2025-09-05 01:26:13,292 - INFO - Boosted OOD loss: -0.0458
2025-09-05 01:26:13,837 - WARNING - No anomaly pixels (254) found in batch
2025-09-05 01:26:15,446 - INFO - Boosted OOD loss: -0.0398
2025-09-05 01:26:16,537 - INFO - Boosted OOD loss: -0.0327
2025-09-05 01:26:17,092 - INFO - Boosted OOD loss: -0.0531
2025-09-05 01:26:19,243 - INFO - Boosted OOD loss: -0.0525
2025-09-05 01:26:22,990 - INFO - Boosted OOD loss: -0.0551
2025-09-05 01:26:25,144 - INFO - Boosted OOD loss: -0.0803
2025-09-05 01:26:28,354 - INFO - Boosted OOD loss: -0.0350
2025-09-05 01:26:33,166 - INFO - Boosted OOD loss: -0.0776
2025-09-05 01:26:34,778 - INFO - Boosted OOD loss: -0.0171
2025-09-05 01:26:36,398 - INFO - Boosted OOD loss: -0.0551
2025-09-05 01:26:40,683 - INFO - Boosted OOD loss: -0.0244
2025-09-05 01:26:40,683 - INFO - Step 7950 Loss Debug:
2025-09-05 01:26:40,683 - INFO -  CE: 1.8337
2025-09-05 01:26:40,683 - INFO -  OOD: -0.0244
2025-09-05 01:26:40,683 - INFO -  β: 64.00
2025-09-05 01:26:40,683 - INFO -  ID: 7409, OOD(254): 671
2025-09-05 01:26:48,697 - INFO - Boosted OOD loss: -0.0316
2025-09-05 01:26:50,326 - INFO - Boosted OOD loss: -0.0644
2025-09-05 01:26:50,877 - INFO - Boosted OOD loss: -0.0690
2025-09-05 01:26:52,498 - INFO - Boosted OOD loss: -0.0977
2025-09-05 01:26:53,043 - INFO - Boosted OOD loss: -0.0234
2025-09-05 01:26:54,661 - INFO - Boosted OOD loss: -0.0614
2025-09-05 01:26:55,216 - INFO - Boosted OOD loss: -0.0326
2025-09-05 01:27:02,697 - INFO - Boosted OOD loss: -0.0460
2025-09-05 01:27:07,491 - WARNING - No anomaly pixels (254) found in batch
2025-09-05 01:27:10,695 - INFO - Boosted OOD loss: -0.0809
2025-09-05 01:27:12,843 - INFO - Boosted OOD loss: -0.0540
2025-09-05 01:27:14,449 - INFO - Boosted OOD loss: -0.0585
2025-09-05 01:27:17,125 - INFO - Boosted OOD loss: -0.0608
2025-09-05 01:27:18,208 - INFO - Boosted OOD loss: -0.0418
2025-09-05 01:27:21,410 - INFO - Boosted OOD loss: -0.0468
2025-09-05 01:27:23,560 - INFO - Boosted OOD loss: -0.0499
2025-09-05 01:27:27,317 - INFO - Boosted OOD loss: -0.0104
2025-09-05 01:27:31,597 - INFO - Boosted OOD loss: -0.0511
2025-09-05 01:27:39,607 - INFO - Boosted OOD loss: -0.0474
2025-09-05 01:27:43,343 - INFO - Boosted OOD loss: -0.0622
2025-09-05 01:27:46,559 - INFO - Boosted OOD loss: -0.0517
2025-09-05 01:27:48,182 - INFO - Boosted OOD loss: -0.0520
2025-09-05 01:27:49,798 - INFO - Boosted OOD loss: -0.0303
2025-09-05 01:27:56,742 - INFO - Boosted OOD loss: -0.0775
2025-09-05 01:27:57,827 - INFO - Boosted OOD loss: -0.0824
2025-09-05 01:28:01,029 - WARNING - No anomaly pixels (254) found in batch
2025-09-05 01:28:01,566 - INFO - Boosted OOD loss: -0.0218
2025-09-05 01:28:02,125 - INFO - Boosted OOD loss: -0.0425
2025-09-05 01:28:04,271 - INFO - Boosted OOD loss: -0.0087
2025-09-05 01:28:05,364 - INFO - Boosted OOD loss: -0.0142
2025-09-05 01:28:05,913 - INFO - Boosted OOD loss: -0.0466
2025-09-05 01:28:10,711 - INFO - Boosted OOD loss: -0.0789
2025-09-05 01:28:12,326 - INFO - Boosted OOD loss: -0.0380
2025-09-05 01:28:14,480 - INFO - Boosted OOD loss: -0.0179
2025-09-05 01:28:16,094 - INFO - Boosted OOD loss: -0.0465
2025-09-05 01:28:20,369 - INFO - Boosted OOD loss: -0.0693
2025-09-05 01:28:20,923 - INFO - Boosted OOD loss: -0.0437
2025-09-05 01:28:21,474 - INFO - Boosted OOD loss: -0.0664
2025-09-05 01:28:22,561 - INFO - Boosted OOD loss: -0.0230
2025-09-05 01:28:26,311 - INFO - Boosted OOD loss: -0.0467
2025-09-05 01:28:31,676 - INFO - Boosted OOD loss: -0.0549
2025-09-05 01:28:32,759 - INFO - Boosted OOD loss: -0.0819
2025-09-05 01:28:34,374 - INFO - Boosted OOD loss: -0.0614
2025-09-05 01:28:34,929 - INFO - Boosted OOD loss: -0.0336
2025-09-05 01:28:36,015 - INFO - Boosted OOD loss: -0.0993
2025-09-05 01:28:38,156 - INFO - Boosted OOD loss: -0.0711
2025-09-05 01:28:39,246 - INFO - Boosted OOD loss: -0.0192
2025-09-05 01:28:41,404 - INFO - Boosted OOD loss: -0.0531
2025-09-05 01:28:41,960 - INFO - Boosted OOD loss: -0.0436
2025-09-05 01:28:44,647 - INFO - Boosted OOD loss: -0.0573
2025-09-05 01:28:47,321 - INFO - Boosted OOD loss: -0.0464
2025-09-05 01:28:48,938 - INFO - Boosted OOD loss: -0.0682
2025-09-05 01:28:54,285 - INFO - Boosted OOD loss: -0.0981
2025-09-05 01:28:54,833 - WARNING - No anomaly pixels (254) found in batch
2025-09-05 01:28:56,963 - INFO - Boosted OOD loss: -0.0411
2025-09-05 01:28:58,581 - INFO - Boosted OOD loss: -0.0270
2025-09-05 01:28:59,134 - INFO - Boosted OOD loss: -0.0587
2025-09-05 01:29:00,744 - INFO - Boosted OOD loss: -0.0332
2025-09-05 01:29:03,413 - INFO - Boosted OOD loss: -0.0555
2025-09-05 01:29:07,162 - INFO - Boosted OOD loss: -0.0370
2025-09-05 01:29:07,715 - INFO - Boosted OOD loss: -0.0158
2025-09-05 01:29:08,273 - INFO - Boosted OOD loss: -0.0477
2025-09-05 01:29:14,146 - INFO - Boosted OOD loss: -0.0220
2025-09-05 01:29:15,771 - INFO - Boosted OOD loss: -0.0586
2025-09-05 01:29:20,048 - INFO - Boosted OOD loss: -0.0486
2025-09-05 01:29:25,936 - INFO - Boosted OOD loss: -0.0286
2025-09-05 01:29:29,161 - INFO - Boosted OOD loss: -0.0255
2025-09-05 01:29:30,251 - INFO - Boosted OOD loss: -0.0308
2025-09-05 01:29:31,868 - INFO - Boosted OOD loss: -0.0355
2025-09-05 01:29:32,425 - INFO - Boosted OOD loss: -0.0608
2025-09-05 01:29:36,174 - INFO - Boosted OOD loss: -0.0446
2025-09-05 01:29:38,321 - INFO - Boosted OOD loss: -0.0615
2025-09-05 01:29:39,413 - INFO - Boosted OOD loss: -0.0211
2025-09-05 01:29:42,625 - INFO - Boosted OOD loss: -0.0400
2025-09-05 01:29:45,312 - INFO - Boosted OOD loss: -0.0555
2025-09-05 01:29:46,395 - INFO - Boosted OOD loss: -0.0255
2025-09-05 01:29:48,548 - WARNING - No anomaly pixels (254) found in batch
2025-09-05 01:29:50,152 - INFO - Boosted OOD loss: -0.0312
2025-09-05 01:29:50,706 - INFO - Boosted OOD loss: -0.0564
2025-09-05 01:29:52,859 - INFO - Boosted OOD loss: -0.0389
2025-09-05 01:29:53,416 - INFO - Boosted OOD loss: -0.0299
2025-09-05 01:29:53,969 - INFO - Boosted OOD loss: -0.0654
2025-09-05 01:30:07,849 - INFO - Boosted OOD loss: -0.0578
2025-09-05 01:30:15,317 - INFO - Boosted OOD loss: -0.0376
2025-09-05 01:30:15,318 - INFO - Step 8350 Loss Debug:
2025-09-05 01:30:15,318 - INFO -  CE: 1.7184
2025-09-05 01:30:15,318 - INFO -  OOD: -0.0376
2025-09-05 01:30:15,318 - INFO -  β: 64.00
2025-09-05 01:30:15,318 - INFO -  ID: 6944, OOD(254): 246
2025-09-05 01:30:16,931 - INFO - Boosted OOD loss: -0.0568
2025-09-05 01:30:19,079 - INFO - Boosted OOD loss: -0.0578
2025-09-05 01:30:23,361 - INFO - Boosted OOD loss: -0.0443
2025-09-05 01:30:23,914 - INFO - Boosted OOD loss: -0.0098
2025-09-05 01:30:25,000 - INFO - Boosted OOD loss: -0.0699
2025-09-05 01:30:26,092 - INFO - Boosted OOD loss: -0.0524
2025-09-05 01:30:35,691 - INFO - Boosted OOD loss: -0.0605
2025-09-05 01:30:36,239 - INFO - Boosted OOD loss: -0.0146
2025-09-05 01:30:36,794 - INFO - Boosted OOD loss: -0.0470
2025-09-05 01:30:37,349 - INFO - Boosted OOD loss: -0.0431
2025-09-05 01:30:42,153 - INFO - Boosted OOD loss: -0.0504
2025-09-05 01:30:42,153 - INFO - Step 8400 Loss Debug:
2025-09-05 01:30:42,153 - INFO -  CE: 1.7658
2025-09-05 01:30:42,153 - INFO -  OOD: -0.0504
2025-09-05 01:30:42,153 - INFO -  β: 64.00
2025-09-05 01:30:42,154 - INFO -  ID: 4172, OOD(254): 92
2025-09-05 01:30:42,705 - INFO - Boosted OOD loss: -0.0650
2025-09-05 01:30:44,845 - INFO - Boosted OOD loss: -0.0349
2025-09-05 01:30:46,469 - INFO - Boosted OOD loss: -0.0542
2025-09-05 01:30:48,093 - INFO - Boosted OOD loss: -0.0376
2025-09-05 01:30:50,773 - INFO - Boosted OOD loss: -0.0560
2025-09-05 01:30:53,457 - INFO - Boosted OOD loss: -0.0706
2025-09-05 01:30:54,006 - INFO - Boosted OOD loss: -0.0513
2025-09-05 01:30:55,099 - INFO - Boosted OOD loss: -0.0188
2025-09-05 01:30:55,659 - INFO - Boosted OOD loss: -0.0464
2025-09-05 01:31:00,478 - INFO - Boosted OOD loss: -0.0575
2025-09-05 01:31:01,567 - INFO - Boosted OOD loss: -0.0309
2025-09-05 01:31:06,383 - INFO - Boosted OOD loss: -0.0233
2025-09-05 01:31:07,477 - INFO - Boosted OOD loss: -0.0266
2025-09-05 01:31:08,034 - INFO - Boosted OOD loss: -0.0403
2025-09-05 01:31:09,121 - INFO - Boosted OOD loss: -0.0533
2025-09-05 01:31:09,122 - INFO - Step 8450 Loss Debug:
2025-09-05 01:31:09,122 - INFO -  CE: 1.9587
2025-09-05 01:31:09,122 - INFO -  OOD: -0.0533
2025-09-05 01:31:09,122 - INFO -  β: 64.00
2025-09-05 01:31:09,122 - INFO -  ID: 5150, OOD(254): 5
2025-09-05 01:31:17,135 - INFO - Boosted OOD loss: -0.0405
2025-09-05 01:31:19,283 - INFO - Boosted OOD loss: -0.0522
2025-09-05 01:31:19,835 - INFO - Boosted OOD loss: -0.0566
2025-09-05 01:31:21,449 - INFO - Boosted OOD loss: -0.0706
2025-09-05 01:31:24,658 - INFO - Boosted OOD loss: -0.1033
2025-09-05 01:31:26,812 - INFO - Boosted OOD loss: -0.0771
2025-09-05 01:31:27,364 - INFO - Boosted OOD loss: -0.0139
2025-09-05 01:31:30,584 - INFO - Boosted OOD loss: -0.0636
2025-09-05 01:31:35,901 - WARNING - No anomaly pixels (254) found in batch
2025-09-05 01:31:36,437 - INFO - Boosted OOD loss: -0.0673
2025-09-05 01:31:38,051 - INFO - Boosted OOD loss: -0.0637
2025-09-05 01:31:39,131 - INFO - Boosted OOD loss: -0.0465
2025-09-05 01:31:40,214 - INFO - Boosted OOD loss: -0.0539
2025-09-05 01:31:43,432 - INFO - Boosted OOD loss: -0.0428
2025-09-05 01:31:44,523 - INFO - Boosted OOD loss: -0.0537
2025-09-05 01:31:45,073 - INFO - Boosted OOD loss: -0.0681
2025-09-05 01:31:46,694 - INFO - Boosted OOD loss: -0.0252
2025-09-05 01:31:56,841 - INFO - Boosted OOD loss: -0.0256
2025-09-05 01:31:59,522 - INFO - Boosted OOD loss: -0.0537
2025-09-05 01:32:04,862 - INFO - Boosted OOD loss: -0.0655
2025-09-05 01:32:05,942 - INFO - Boosted OOD loss: -0.0194
2025-09-05 01:32:07,036 - INFO - Boosted OOD loss: -0.0527
2025-09-05 01:32:09,186 - INFO - Boosted OOD loss: -0.0255
2025-09-05 01:32:09,738 - INFO - Boosted OOD loss: -0.0371
2025-09-05 01:32:16,125 - INFO - Boosted OOD loss: -0.0550
2025-09-05 01:32:21,469 - INFO - Boosted OOD loss: -0.0507
2025-09-05 01:32:22,022 - INFO - Boosted OOD loss: -0.0339
2025-09-05 01:32:22,573 - INFO - Boosted OOD loss: -0.0401
2025-09-05 01:32:24,198 - INFO - Boosted OOD loss: -0.0467
2025-09-05 01:32:24,753 - INFO - Boosted OOD loss: -0.0306
2025-09-05 01:32:25,302 - INFO - Boosted OOD loss: -0.0418
2025-09-05 01:32:29,564 - WARNING - No anomaly pixels (254) found in batch
2025-09-05 01:32:34,896 - INFO - Boosted OOD loss: -0.0440
2025-09-05 01:32:38,109 - INFO - Boosted OOD loss: -0.0431
2025-09-05 01:32:43,452 - INFO - Boosted OOD loss: -0.0032
2025-09-05 01:32:46,683 - INFO - Boosted OOD loss: -0.0979
2025-09-05 01:32:48,289 - INFO - Boosted OOD loss: -0.0816
2025-09-05 01:32:50,439 - INFO - Boosted OOD loss: -0.0526
2025-09-05 01:32:51,521 - INFO - Boosted OOD loss: -0.0307
2025-09-05 01:32:56,332 - INFO - Boosted OOD loss: -0.0449
2025-09-05 01:32:56,332 - INFO - Step 8650 Loss Debug:
2025-09-05 01:32:56,332 - INFO -  CE: 2.2774
2025-09-05 01:32:56,332 - INFO -  OOD: -0.0449
2025-09-05 01:32:56,332 - INFO -  β: 64.00
2025-09-05 01:32:56,332 - INFO -  ID: 8055, OOD(254): 82
2025-09-05 01:32:56,890 - INFO - Boosted OOD loss: 0.0083
2025-09-05 01:32:57,980 - INFO - Boosted OOD loss: -0.0584
2025-09-05 01:32:59,068 - INFO - Boosted OOD loss: -0.0589
2025-09-05 01:33:04,411 - INFO - Boosted OOD loss: -0.0546
2025-09-05 01:33:06,030 - INFO - Boosted OOD loss: -0.0465
2025-09-05 01:33:09,779 - INFO - Boosted OOD loss: -0.0179
2025-09-05 01:33:11,409 - INFO - Boosted OOD loss: -0.0513
2025-09-05 01:33:12,494 - INFO - Boosted OOD loss: -0.0745
2025-09-05 01:33:16,248 - INFO - Boosted OOD loss: -0.0856
2025-09-05 01:33:17,860 - INFO - Boosted OOD loss: -0.0430
2025-09-05 01:33:19,476 - INFO - Boosted OOD loss: -0.1023
2025-09-05 01:33:21,090 - INFO - Boosted OOD loss: -0.0696
2025-09-05 01:33:22,179 - INFO - Boosted OOD loss: -0.0491
2025-09-05 01:33:22,732 - INFO - Boosted OOD loss: -0.0653
2025-09-05 01:33:23,280 - WARNING - No anomaly pixels (254) found in batch
2025-09-05 01:33:25,955 - INFO - Boosted OOD loss: -0.0307
2025-09-05 01:33:27,040 - INFO - Boosted OOD loss: -0.0318
2025-09-05 01:33:29,734 - INFO - Boosted OOD loss: -0.0484
2025-09-05 01:33:36,146 - INFO - Boosted OOD loss: -0.0959
2025-09-05 01:33:37,229 - INFO - Boosted OOD loss: -0.0570
2025-09-05 01:33:39,375 - INFO - Boosted OOD loss: -0.0521
2025-09-05 01:33:39,927 - INFO - Boosted OOD loss: -0.0420
2025-09-05 01:33:44,731 - INFO - Boosted OOD loss: -0.0480
2025-09-05 01:33:46,354 - INFO - Boosted OOD loss: -0.0322
2025-09-05 01:33:47,969 - INFO - Boosted OOD loss: -0.0588
2025-09-05 01:33:49,056 - INFO - Boosted OOD loss: -0.0771
2025-09-05 01:33:53,866 - INFO - Boosted OOD loss: -0.0476
2025-09-05 01:33:56,019 - INFO - Boosted OOD loss: -0.0497
2025-09-05 01:33:58,707 - INFO - Boosted OOD loss: -0.0364
2025-09-05 01:34:01,929 - INFO - Boosted OOD loss: -0.0190
2025-09-05 01:34:04,618 - INFO - Boosted OOD loss: -0.0599
2025-09-05 01:34:05,167 - INFO - Boosted OOD loss: -0.0542
2025-09-05 01:34:05,725 - INFO - Boosted OOD loss: -0.0814
2025-09-05 01:34:11,065 - INFO - Boosted OOD loss: -0.0443
2025-09-05 01:34:12,157 - INFO - Boosted OOD loss: -0.0072
2025-09-05 01:34:16,446 - INFO - Boosted OOD loss: -0.0428
2025-09-05 01:34:16,992 - WARNING - No anomaly pixels (254) found in batch
2025-09-05 01:34:20,724 - INFO - Boosted OOD loss: -0.0640
2025-09-05 01:34:21,278 - INFO - Boosted OOD loss: -0.0458
2025-09-05 01:34:22,361 - INFO - Boosted OOD loss: -0.0698
2025-09-05 01:34:22,915 - INFO - Boosted OOD loss: -0.0580
2025-09-05 01:34:23,472 - INFO - Boosted OOD loss: 0.0014
2025-09-05 01:34:24,023 - INFO - Boosted OOD loss: -0.0638
2025-09-05 01:34:27,773 - INFO - Boosted OOD loss: -0.0646
2025-09-05 01:34:28,851 - INFO - Boosted OOD loss: -0.0610
2025-09-05 01:34:34,201 - INFO - Boosted OOD loss: -0.0305
2025-09-05 01:34:35,283 - INFO - Boosted OOD loss: -0.0589
2025-09-05 01:34:36,899 - INFO - Boosted OOD loss: -0.0486
2025-09-05 01:34:37,984 - INFO - Boosted OOD loss: -0.0955
2025-09-05 01:34:40,140 - INFO - Boosted OOD loss: -0.0661
2025-09-05 01:34:43,345 - INFO - Boosted OOD loss: -0.0912
2025-09-05 01:34:44,442 - INFO - Boosted OOD loss: -0.0334
2025-09-05 01:34:45,526 - INFO - Boosted OOD loss: -0.0199
2025-09-05 01:34:47,148 - INFO - Boosted OOD loss: -0.0570
2025-09-05 01:34:48,237 - INFO - Boosted OOD loss: -0.0116
2025-09-05 01:34:49,329 - INFO - Boosted OOD loss: -0.0192
2025-09-05 01:34:52,008 - INFO - Boosted OOD loss: -0.0602
2025-09-05 01:34:55,750 - INFO - Boosted OOD loss: -0.0486
2025-09-05 01:34:58,955 - INFO - Boosted OOD loss: -0.0419
2025-09-05 01:35:01,639 - INFO - Boosted OOD loss: -0.0288
2025-09-05 01:35:09,118 - INFO - Boosted OOD loss: -0.0290
2025-09-05 01:35:10,196 - INFO - Boosted OOD loss: -0.0376
2025-09-05 01:35:10,752 - INFO - Boosted OOD loss: -0.0245
2025-09-05 01:35:10,752 - INFO - Step 8900 Loss Debug:
2025-09-05 01:35:10,752 - INFO -  CE: 2.5905
2025-09-05 01:35:10,752 - INFO -  OOD: -0.0245
2025-09-05 01:35:10,752 - INFO -  β: 64.00
2025-09-05 01:35:10,753 - INFO -  ID: 6145, OOD(254): 550
2025-09-05 01:35:15,617 - INFO - Updated beta to 15.14 (exp decay)
2025-09-05 01:35:17,017 - WARNING - Negative mean energy—verify E_b formula/signs
2025-09-05 01:35:17,017 - INFO - Weights updated successfully
2025-09-05 01:35:17,017 - INFO - Advanced epoch 5 - Updated beta: 15.14
2025-09-05 01:35:17,018 - INFO - Epoch 5 - Avg CE: 1.8687, Avg OOD: -0.0097, β: 64
2025-09-05 01:35:17,018 - INFO - 
Running evaluation with β=64...
2025-09-05 01:35:17,135 - INFO - 
Starting Epoch 6/100
2025-09-05 01:35:17,136 - INFO - ============================================================
2025-09-05 01:35:17,137 - INFO - 
Updating Hopfield boosting weights at epoch 6...
2025-09-05 01:35:18,536 - WARNING - Negative mean energy—verify E_b formula/signs
2025-09-05 01:35:18,537 - INFO - Weights updated successfully
2025-09-05 01:35:18,537 - INFO - Weight Update Debug at Epoch 6: No high-weight OOD pixels found
2025-09-05 01:35:21,235 - INFO - Boosted OOD loss: -0.0534
2025-09-05 01:35:23,359 - INFO - Boosted OOD loss: -0.0141
2025-09-05 01:35:26,546 - INFO - Boosted OOD loss: -0.0248
2025-09-05 01:35:27,618 - INFO - Boosted OOD loss: -0.0409
2025-09-05 01:35:28,699 - INFO - Boosted OOD loss: -0.0042
2025-09-05 01:35:31,911 - INFO - Boosted OOD loss: -0.0417
2025-09-05 01:35:33,530 - INFO - Boosted OOD loss: -0.0488
2025-09-05 01:35:35,148 - INFO - Boosted OOD loss: -0.0263
2025-09-05 01:35:35,697 - INFO - Boosted OOD loss: -0.0569
2025-09-05 01:35:38,924 - INFO - Boosted OOD loss: 0.0152
2025-09-05 01:35:41,087 - INFO - Boosted OOD loss: -0.0177
2025-09-05 01:35:41,087 - INFO - Step 8950 Loss Debug:
2025-09-05 01:35:41,087 - INFO -  CE: 1.7365
2025-09-05 01:35:41,088 - INFO -  OOD: -0.0177
2025-09-05 01:35:41,088 - INFO -  β: 64.00
2025-09-05 01:35:41,088 - INFO -  ID: 5616, OOD(254): 803
2025-09-05 01:35:49,086 - INFO - Boosted OOD loss: -0.0389
2025-09-05 01:35:50,176 - INFO - Boosted OOD loss: -0.0474
2025-09-05 01:35:51,796 - INFO - Boosted OOD loss: -0.0263
2025-09-05 01:36:00,332 - INFO - Boosted OOD loss: -0.0675
2025-09-05 01:36:06,207 - INFO - Boosted OOD loss: -0.0575
2025-09-05 01:36:07,296 - INFO - Boosted OOD loss: -0.0327
2025-09-05 01:36:07,843 - WARNING - No anomaly pixels (254) found in batch
2025-09-05 01:36:08,915 - INFO - Boosted OOD loss: -0.0528
2025-09-05 01:36:09,470 - INFO - Boosted OOD loss: -0.0414
2025-09-05 01:36:22,799 - INFO - Boosted OOD loss: -0.0653
2025-09-05 01:36:23,359 - INFO - Boosted OOD loss: -0.0236
2025-09-05 01:36:26,061 - INFO - Boosted OOD loss: -0.0026
2025-09-05 01:36:28,224 - INFO - Boosted OOD loss: -0.0823
2025-09-05 01:36:28,782 - INFO - Boosted OOD loss: -0.0637
2025-09-05 01:36:31,471 - INFO - Boosted OOD loss: -0.0791
2025-09-05 01:36:35,754 - INFO - Boosted OOD loss: -0.0511
2025-09-05 01:36:38,966 - INFO - Boosted OOD loss: -0.0596
2025-09-05 01:36:41,656 - INFO - Boosted OOD loss: -0.0324
2025-09-05 01:36:48,597 - INFO - Boosted OOD loss: -0.0674
2025-09-05 01:36:51,824 - INFO - Boosted OOD loss: -0.0522
2025-09-05 01:36:52,911 - INFO - Boosted OOD loss: -0.0489
2025-09-05 01:36:59,868 - INFO - Boosted OOD loss: -0.0468
2025-09-05 01:37:01,479 - WARNING - No anomaly pixels (254) found in batch
2025-09-05 01:37:02,551 - INFO - Boosted OOD loss: -0.0516
2025-09-05 01:37:06,300 - INFO - Boosted OOD loss: -0.0273
2025-09-05 01:37:10,053 - INFO - Boosted OOD loss: -0.0446
2025-09-05 01:37:12,732 - INFO - Boosted OOD loss: -0.0858
2025-09-05 01:37:14,885 - INFO - Boosted OOD loss: -0.0518
2025-09-05 01:37:17,031 - INFO - Boosted OOD loss: -0.0424
2025-09-05 01:37:22,923 - INFO - Boosted OOD loss: -0.0205
2025-09-05 01:37:23,481 - INFO - Boosted OOD loss: -0.0516
2025-09-05 01:37:27,754 - INFO - Boosted OOD loss: -0.0626
2025-09-05 01:37:30,443 - INFO - Boosted OOD loss: -0.0577
2025-09-05 01:37:32,586 - INFO - Boosted OOD loss: -0.0564
2025-09-05 01:37:40,624 - INFO - Boosted OOD loss: -0.0345
2025-09-05 01:37:43,316 - INFO - Boosted OOD loss: -0.0350
2025-09-05 01:37:50,252 - INFO - Boosted OOD loss: -0.0151
2025-09-05 01:37:50,813 - INFO - Boosted OOD loss: -0.0389
2025-09-05 01:37:51,365 - INFO - Boosted OOD loss: -0.0561
2025-09-05 01:37:52,983 - INFO - Boosted OOD loss: -0.0248
2025-09-05 01:37:54,073 - INFO - Boosted OOD loss: -0.0322
2025-09-05 01:37:55,152 - WARNING - No anomaly pixels (254) found in batch
2025-09-05 01:37:57,294 - INFO - Boosted OOD loss: -0.0646
2025-09-05 01:37:58,386 - INFO - Boosted OOD loss: -0.0112
2025-09-05 01:37:58,944 - INFO - Boosted OOD loss: -0.0634
2025-09-05 01:38:02,698 - INFO - Boosted OOD loss: -0.0562
2025-09-05 01:38:04,321 - INFO - Boosted OOD loss: -0.0345
2025-09-05 01:38:06,469 - INFO - Boosted OOD loss: -0.0265
2025-09-05 01:38:08,086 - INFO - Boosted OOD loss: -0.0876
2025-09-05 01:38:12,888 - INFO - Boosted OOD loss: -0.0467
2025-09-05 01:38:13,974 - INFO - Boosted OOD loss: -0.0239
2025-09-05 01:38:15,062 - INFO - Boosted OOD loss: -0.0729
2025-09-05 01:38:16,674 - INFO - Boosted OOD loss: -0.0390
2025-09-05 01:38:17,230 - INFO - Boosted OOD loss: -0.0269
2025-09-05 01:38:18,318 - INFO - Boosted OOD loss: -0.0805
2025-09-05 01:38:19,405 - INFO - Boosted OOD loss: -0.0504
2025-09-05 01:38:21,029 - INFO - Boosted OOD loss: -0.0376
2025-09-05 01:38:22,644 - INFO - Boosted OOD loss: -0.0199
2025-09-05 01:38:23,198 - INFO - Boosted OOD loss: -0.0796
2025-09-05 01:38:25,874 - INFO - Boosted OOD loss: -0.0516
2025-09-05 01:38:29,102 - INFO - Boosted OOD loss: -0.0451
2025-09-05 01:38:31,248 - INFO - Boosted OOD loss: -0.0819
2025-09-05 01:38:34,988 - INFO - Boosted OOD loss: -0.0083
2025-09-05 01:38:37,138 - INFO - Boosted OOD loss: -0.0633
2025-09-05 01:38:38,220 - INFO - Boosted OOD loss: -0.0810
2025-09-05 01:38:38,768 - INFO - Boosted OOD loss: -0.0505
2025-09-05 01:38:39,860 - INFO - Boosted OOD loss: -0.0227
2025-09-05 01:38:42,547 - INFO - Boosted OOD loss: -0.0364
2025-09-05 01:38:46,304 - INFO - Boosted OOD loss: -0.0708
2025-09-05 01:38:46,857 - INFO - Boosted OOD loss: 0.0170
2025-09-05 01:38:48,488 - INFO - Boosted OOD loss: -0.0379
2025-09-05 01:38:49,036 - WARNING - No anomaly pixels (254) found in batch
2025-09-05 01:38:50,111 - INFO - Boosted OOD loss: -0.0438
2025-09-05 01:38:51,722 - INFO - Boosted OOD loss: -0.0525
2025-09-05 01:38:54,404 - INFO - Boosted OOD loss: -0.0613
2025-09-05 01:38:56,017 - INFO - Boosted OOD loss: -0.0647
2025-09-05 01:39:00,818 - INFO - Boosted OOD loss: -0.0663
2025-09-05 01:39:01,906 - INFO - Boosted OOD loss: -0.0403
2025-09-05 01:39:02,459 - INFO - Boosted OOD loss: -0.0504
2025-09-05 01:39:06,200 - INFO - Boosted OOD loss: -0.0199
2025-09-05 01:39:07,814 - INFO - Boosted OOD loss: -0.0562
2025-09-05 01:39:13,148 - INFO - Boosted OOD loss: -0.0211
2025-09-05 01:39:14,770 - INFO - Boosted OOD loss: -0.0603
2025-09-05 01:39:15,856 - INFO - Boosted OOD loss: -0.0282
2025-09-05 01:39:15,856 - INFO - Step 9350 Loss Debug:
2025-09-05 01:39:15,856 - INFO -  CE: 1.6974
2025-09-05 01:39:15,856 - INFO -  OOD: -0.0282
2025-09-05 01:39:15,856 - INFO -  β: 64.00
2025-09-05 01:39:15,856 - INFO -  ID: 5336, OOD(254): 765
2025-09-05 01:39:29,185 - INFO - Boosted OOD loss: -0.0721
2025-09-05 01:39:34,522 - INFO - Boosted OOD loss: -0.0409
2025-09-05 01:39:36,668 - INFO - Boosted OOD loss: -0.0696
2025-09-05 01:39:40,939 - INFO - Boosted OOD loss: -0.0438
2025-09-05 01:39:42,548 - WARNING - No anomaly pixels (254) found in batch
2025-09-05 01:39:43,622 - INFO - Boosted OOD loss: -0.0087
2025-09-05 01:39:45,239 - INFO - Boosted OOD loss: -0.0212
2025-09-05 01:39:55,361 - INFO - Boosted OOD loss: -0.0411
2025-09-05 01:39:58,037 - INFO - Boosted OOD loss: -0.0684
2025-09-05 01:40:01,259 - INFO - Boosted OOD loss: -0.0106
2025-09-05 01:40:02,876 - INFO - Boosted OOD loss: -0.0497
2025-09-05 01:40:03,956 - INFO - Boosted OOD loss: -0.0609
2025-09-05 01:40:07,167 - INFO - Boosted OOD loss: -0.0161
2025-09-05 01:40:14,623 - INFO - Boosted OOD loss: -0.0243
2025-09-05 01:40:18,903 - INFO - Boosted OOD loss: -0.0619
2025-09-05 01:40:19,988 - INFO - Boosted OOD loss: -0.0702
2025-09-05 01:40:23,725 - INFO - Boosted OOD loss: -0.0486
2025-09-05 01:40:28,536 - INFO - Boosted OOD loss: -0.0408
2025-09-05 01:40:31,744 - INFO - Boosted OOD loss: -0.0391
2025-09-05 01:40:36,019 - WARNING - No anomaly pixels (254) found in batch
2025-09-05 01:40:39,758 - INFO - Boosted OOD loss: -0.0441
2025-09-05 01:40:42,976 - INFO - Boosted OOD loss: -0.0300
2025-09-05 01:40:46,191 - INFO - Boosted OOD loss: -0.0772
2025-09-05 01:40:48,336 - INFO - Boosted OOD loss: -0.0432
2025-09-05 01:40:49,422 - INFO - Boosted OOD loss: -0.0907
2025-09-05 01:40:51,040 - INFO - Boosted OOD loss: -0.0135
2025-09-05 01:40:52,666 - INFO - Boosted OOD loss: -0.0628
2025-09-05 01:40:56,408 - INFO - Boosted OOD loss: -0.0712
2025-09-05 01:40:56,963 - INFO - Boosted OOD loss: -0.0506
2025-09-05 01:40:59,649 - INFO - Boosted OOD loss: -0.0264
2025-09-05 01:41:00,737 - INFO - Boosted OOD loss: -0.0922
2025-09-05 01:41:04,477 - INFO - Boosted OOD loss: -0.0196
2025-09-05 01:41:05,032 - INFO - Boosted OOD loss: -0.0338
2025-09-05 01:41:06,113 - INFO - Boosted OOD loss: -0.0564
2025-09-05 01:41:08,264 - INFO - Boosted OOD loss: -0.0625
2025-09-05 01:41:09,351 - INFO - Boosted OOD loss: -0.0837
2025-09-05 01:41:10,967 - INFO - Boosted OOD loss: -0.0432
2025-09-05 01:41:11,520 - INFO - Boosted OOD loss: -0.0343
2025-09-05 01:41:12,074 - INFO - Boosted OOD loss: -0.0350
2025-09-05 01:41:14,222 - INFO - Boosted OOD loss: -0.0892
2025-09-05 01:41:17,974 - INFO - Boosted OOD loss: -0.0410
2025-09-05 01:41:18,525 - INFO - Boosted OOD loss: -0.0326
2025-09-05 01:41:21,742 - INFO - Boosted OOD loss: -0.0103
2025-09-05 01:41:22,299 - INFO - Boosted OOD loss: -0.0198
2025-09-05 01:41:26,060 - INFO - Boosted OOD loss: -0.0247
2025-09-05 01:41:27,688 - INFO - Boosted OOD loss: -0.0632
2025-09-05 01:41:28,771 - INFO - Boosted OOD loss: -0.0132
2025-09-05 01:41:29,861 - WARNING - No anomaly pixels (254) found in batch
2025-09-05 01:41:34,653 - INFO - Boosted OOD loss: -0.0376
2025-09-05 01:41:36,267 - INFO - Boosted OOD loss: -0.0582
2025-09-05 01:41:37,351 - INFO - Boosted OOD loss: -0.0390
2025-09-05 01:41:38,438 - INFO - Boosted OOD loss: -0.0208
2025-09-05 01:41:40,588 - INFO - Boosted OOD loss: -0.0419
2025-09-05 01:41:44,327 - INFO - Boosted OOD loss: -0.0228
2025-09-05 01:41:47,023 - INFO - Boosted OOD loss: -0.0705
2025-09-05 01:41:51,845 - INFO - Boosted OOD loss: -0.0217
2025-09-05 01:41:53,995 - INFO - Boosted OOD loss: -0.0575
2025-09-05 01:41:57,744 - INFO - Boosted OOD loss: -0.0451
2025-09-05 01:41:59,895 - INFO - Boosted OOD loss: -0.0368
2025-09-05 01:42:03,114 - INFO - Boosted OOD loss: -0.0358
2025-09-05 01:42:09,007 - INFO - Boosted OOD loss: -0.0225
2025-09-05 01:42:11,169 - INFO - Boosted OOD loss: -0.0022
2025-09-05 01:42:15,449 - INFO - Boosted OOD loss: -0.0209
2025-09-05 01:42:16,539 - INFO - Boosted OOD loss: -0.0412
2025-09-05 01:42:17,092 - INFO - Boosted OOD loss: -0.0276
2025-09-05 01:42:19,245 - INFO - Boosted OOD loss: -0.0327
2025-09-05 01:42:19,801 - INFO - Boosted OOD loss: -0.1010
2025-09-05 01:42:20,352 - INFO - Boosted OOD loss: -0.0642
2025-09-05 01:42:20,909 - INFO - Boosted OOD loss: -0.0141
2025-09-05 01:42:23,598 - INFO - Boosted OOD loss: -0.0570
2025-09-05 01:42:23,598 - INFO - Step 9700 Loss Debug:
2025-09-05 01:42:23,599 - INFO -  CE: 2.0810
2025-09-05 01:42:23,599 - INFO -  OOD: -0.0570
2025-09-05 01:42:23,599 - INFO -  β: 64.00
2025-09-05 01:42:23,599 - INFO -  ID: 6154, OOD(254): 59
2025-09-05 01:42:26,279 - INFO - Boosted OOD loss: -0.0797
2025-09-05 01:42:26,829 - INFO - Boosted OOD loss: -0.0309
2025-09-05 01:42:43,364 - INFO - Boosted OOD loss: -0.0434
2025-09-05 01:42:46,048 - INFO - Boosted OOD loss: -0.0487
2025-09-05 01:42:47,670 - INFO - Boosted OOD loss: -0.0254
2025-09-05 01:42:49,284 - INFO - Boosted OOD loss: -0.0633
2025-09-05 01:42:57,287 - INFO - Boosted OOD loss: -0.0498
2025-09-05 01:42:59,969 - INFO - Boosted OOD loss: -0.0629
2025-09-05 01:43:05,821 - INFO - Boosted OOD loss: -0.0220
2025-09-05 01:43:07,439 - INFO - Boosted OOD loss: -0.0173
2025-09-05 01:43:09,068 - INFO - Boosted OOD loss: -0.0154
2025-09-05 01:43:10,690 - INFO - Boosted OOD loss: -0.0466
2025-09-05 01:43:13,901 - INFO - Boosted OOD loss: -0.0746
2025-09-05 01:43:17,116 - WARNING - No anomaly pixels (254) found in batch
2025-09-05 01:43:20,857 - INFO - Boosted OOD loss: -0.0852
2025-09-05 01:43:21,404 - INFO - Boosted OOD loss: -0.0504
2025-09-05 01:43:21,957 - INFO - Boosted OOD loss: -0.0566
2025-09-05 01:43:23,045 - INFO - Boosted OOD loss: -0.0609
2025-09-05 01:43:27,857 - INFO - Boosted OOD loss: -0.0148
2025-09-05 01:43:33,739 - INFO - Boosted OOD loss: -0.0785
2025-09-05 01:43:36,432 - INFO - Boosted OOD loss: -0.0490
2025-09-05 01:43:38,051 - INFO - Boosted OOD loss: -0.0545
2025-09-05 01:43:39,131 - INFO - Boosted OOD loss: -0.0470
2025-09-05 01:43:39,687 - INFO - Boosted OOD loss: -0.0542
2025-09-05 01:43:40,766 - INFO - Boosted OOD loss: -0.0534
2025-09-05 01:43:44,507 - INFO - Boosted OOD loss: -0.0946
2025-09-05 01:43:45,594 - INFO - Boosted OOD loss: -0.0982
2025-09-05 01:43:48,814 - INFO - Boosted OOD loss: -0.0282
2025-09-05 01:43:49,903 - INFO - Boosted OOD loss: -0.0813
2025-09-05 01:43:50,459 - INFO - Boosted OOD loss: -0.0353
2025-09-05 01:43:54,206 - INFO - Boosted OOD loss: -0.0841
2025-09-05 01:44:00,091 - INFO - Boosted OOD loss: -0.0179
2025-09-05 01:44:04,372 - INFO - Boosted OOD loss: 0.0091
2025-09-05 01:44:06,535 - INFO - Boosted OOD loss: -0.0556
2025-09-05 01:44:10,288 - INFO - Boosted OOD loss: -0.0674
2025-09-05 01:44:10,837 - WARNING - No anomaly pixels (254) found in batch
2025-09-05 01:44:14,564 - INFO - Boosted OOD loss: -0.0343
2025-09-05 01:44:16,718 - INFO - Boosted OOD loss: -0.0723
2025-09-05 01:44:17,799 - INFO - Boosted OOD loss: -0.0804
2025-09-05 01:44:18,348 - INFO - Boosted OOD loss: -0.0705
2025-09-05 01:44:21,033 - INFO - Boosted OOD loss: -0.0437
2025-09-05 01:44:26,383 - INFO - Boosted OOD loss: -0.0704
2025-09-05 01:44:28,007 - INFO - Boosted OOD loss: -0.0399
2025-09-05 01:44:29,087 - INFO - Boosted OOD loss: -0.0616
2025-09-05 01:44:31,236 - INFO - Boosted OOD loss: -0.0084
2025-09-05 01:44:35,524 - INFO - Boosted OOD loss: -0.0553
2025-09-05 01:44:36,085 - INFO - Boosted OOD loss: -0.0151
2025-09-05 01:44:36,642 - INFO - Boosted OOD loss: -0.0352
2025-09-05 01:44:39,329 - INFO - Boosted OOD loss: -0.0385
2025-09-05 01:44:42,550 - INFO - Boosted OOD loss: -0.0806
2025-09-05 01:44:45,755 - INFO - Boosted OOD loss: -0.0415
2025-09-05 01:44:46,311 - INFO - Boosted OOD loss: -0.0024
2025-09-05 01:44:50,056 - INFO - Boosted OOD loss: -0.0487
2025-09-05 01:44:50,605 - INFO - Boosted OOD loss: -0.0467
2025-09-05 01:44:53,295 - INFO - Boosted OOD loss: -0.0388
2025-09-05 01:44:54,383 - INFO - Boosted OOD loss: -0.0084
2025-09-05 01:44:55,472 - INFO - Boosted OOD loss: -0.0336
2025-09-05 01:44:57,092 - INFO - Boosted OOD loss: -0.0471
2025-09-05 01:45:00,309 - INFO - Boosted OOD loss: -0.0583
2025-09-05 01:45:02,986 - INFO - Boosted OOD loss: -0.0494
2025-09-05 01:45:04,594 - WARNING - No anomaly pixels (254) found in batch
2025-09-05 01:45:06,730 - INFO - Boosted OOD loss: -0.0442
2025-09-05 01:45:07,283 - INFO - Boosted OOD loss: -0.0367
2025-09-05 01:45:09,435 - INFO - Boosted OOD loss: -0.0468
2025-09-05 01:45:14,797 - INFO - Boosted OOD loss: 0.0011
2025-09-05 01:45:18,012 - INFO - Boosted OOD loss: -0.0314
2025-09-05 01:45:19,631 - INFO - Boosted OOD loss: -0.0513
2025-09-05 01:45:23,911 - INFO - Boosted OOD loss: -0.0452
2025-09-05 01:45:24,464 - INFO - Boosted OOD loss: -0.0352
2025-09-05 01:45:28,210 - INFO - Boosted OOD loss: -0.0560
2025-09-05 01:45:29,288 - INFO - Boosted OOD loss: -0.0341
2025-09-05 01:45:31,444 - INFO - Boosted OOD loss: -0.0341
2025-09-05 01:45:31,445 - INFO - Step 10050 Loss Debug:
2025-09-05 01:45:31,445 - INFO -  CE: 2.1643
2025-09-05 01:45:31,445 - INFO -  OOD: -0.0341
2025-09-05 01:45:31,445 - INFO -  β: 64.00
2025-09-05 01:45:31,445 - INFO -  ID: 3302, OOD(254): 51
2025-09-05 01:45:37,325 - INFO - Boosted OOD loss: -0.0321
2025-09-05 01:45:38,412 - INFO - Boosted OOD loss: -0.0366
2025-09-05 01:45:40,027 - INFO - Boosted OOD loss: -0.0545
2025-09-05 01:45:41,116 - INFO - Boosted OOD loss: -0.0837
2025-09-05 01:45:41,672 - INFO - Boosted OOD loss: -0.0240
2025-09-05 01:45:43,826 - INFO - Boosted OOD loss: -0.0517
2025-09-05 01:45:45,454 - INFO - Boosted OOD loss: -0.0606
2025-09-05 01:45:46,541 - INFO - Boosted OOD loss: -0.0486
2025-09-05 01:45:52,948 - INFO - Boosted OOD loss: -0.0741
2025-09-05 01:45:55,101 - INFO - Boosted OOD loss: -0.0517
2025-09-05 01:45:57,781 - INFO - Boosted OOD loss: -0.0880
2025-09-05 01:45:58,335 - INFO - Boosted OOD loss: -0.0847
2025-09-05 01:45:58,336 - INFO - Step 10100 Loss Debug:
2025-09-05 01:45:58,336 - INFO -  CE: 2.4656
2025-09-05 01:45:58,336 - INFO -  OOD: -0.0847
2025-09-05 01:45:58,336 - INFO -  β: 64.00
2025-09-05 01:45:58,336 - INFO -  ID: 5134, OOD(254): 49
2025-09-05 01:45:58,886 - INFO - Boosted OOD loss: -0.0273
2025-09-05 01:46:01,566 - INFO - Boosted OOD loss: -0.0263
2025-09-05 01:46:03,187 - INFO - Boosted OOD loss: -0.0065
2025-09-05 01:46:04,808 - INFO - Boosted OOD loss: -0.0258
2025-09-05 01:46:10,152 - INFO - Boosted OOD loss: -0.0410
2025-09-05 01:46:11,244 - INFO - Boosted OOD loss: -0.0824
2025-09-05 01:46:11,794 - INFO - Boosted OOD loss: -0.0518
2025-09-05 01:46:13,948 - INFO - Boosted OOD loss: -0.0251
2025-09-05 01:46:15,035 - INFO - Boosted OOD loss: -0.0566
2025-09-05 01:46:17,715 - INFO - Boosted OOD loss: -0.0539
2025-09-05 01:46:24,648 - INFO - Boosted OOD loss: -0.0624
2025-09-05 01:46:26,266 - INFO - Boosted OOD loss: -0.0573
2025-09-05 01:46:28,405 - INFO - Boosted OOD loss: -0.0576
2025-09-05 01:46:29,486 - INFO - Boosted OOD loss: -0.0696
2025-09-05 01:46:35,906 - INFO - Boosted OOD loss: -0.0178
2025-09-05 01:46:38,583 - INFO - Boosted OOD loss: -0.0637
2025-09-05 01:46:41,268 - INFO - Boosted OOD loss: -0.0477
2025-09-05 01:46:41,822 - INFO - Boosted OOD loss: -0.0178
2025-09-05 01:46:42,379 - INFO - Boosted OOD loss: 0.0080
2025-09-05 01:46:44,539 - INFO - Boosted OOD loss: -0.0890
2025-09-05 01:46:46,154 - INFO - Boosted OOD loss: -0.0005
2025-09-05 01:46:46,713 - INFO - Boosted OOD loss: -0.0224
2025-09-05 01:46:49,386 - INFO - Boosted OOD loss: -0.0470
2025-09-05 01:46:51,537 - INFO - Boosted OOD loss: -0.0030
2025-09-05 01:46:52,084 - WARNING - No anomaly pixels (254) found in batch
2025-09-05 01:46:53,157 - INFO - Boosted OOD loss: -0.0186
2025-09-05 01:46:55,852 - INFO - Boosted OOD loss: -0.0487
2025-09-05 01:46:57,994 - INFO - Boosted OOD loss: -0.0788
2025-09-05 01:47:00,156 - INFO - Boosted OOD loss: -0.0313
2025-09-05 01:47:05,500 - INFO - Boosted OOD loss: -0.0541
2025-09-05 01:47:09,791 - INFO - Boosted OOD loss: -0.0249
2025-09-05 01:47:13,540 - INFO - Boosted OOD loss: -0.0513
2025-09-05 01:47:14,625 - INFO - Boosted OOD loss: -0.0238
2025-09-05 01:47:17,310 - INFO - Boosted OOD loss: -0.0389
2025-09-05 01:47:20,531 - INFO - Boosted OOD loss: -0.0391
2025-09-05 01:47:22,687 - INFO - Boosted OOD loss: -0.0555
2025-09-05 01:47:23,773 - INFO - Boosted OOD loss: -0.0395
2025-09-05 01:47:24,334 - INFO - Boosted OOD loss: -0.0418
2025-09-05 01:47:28,624 - INFO - Boosted OOD loss: -0.0153
2025-09-05 01:47:33,446 - INFO - Boosted OOD loss: -0.0432
2025-09-05 01:47:35,590 - INFO - Boosted OOD loss: -0.0142
2025-09-05 01:47:36,145 - INFO - Boosted OOD loss: -0.0355
2025-09-05 01:47:40,950 - INFO - Boosted OOD loss: -0.0574
2025-09-05 01:47:43,104 - INFO - Boosted OOD loss: -0.0521
2025-09-05 01:47:45,779 - WARNING - No anomaly pixels (254) found in batch
2025-09-05 01:47:46,321 - INFO - Boosted OOD loss: -0.0568
2025-09-05 01:47:46,881 - INFO - Boosted OOD loss: -0.0332
2025-09-05 01:47:48,504 - INFO - Boosted OOD loss: -0.0386
2025-09-05 01:47:53,319 - INFO - Boosted OOD loss: -0.0183
2025-09-05 01:47:55,475 - INFO - Boosted OOD loss: -0.0614
2025-09-05 01:47:56,557 - INFO - Boosted OOD loss: -0.0766
2025-09-05 01:47:57,113 - INFO - Boosted OOD loss: -0.0422
2025-09-05 01:48:00,322 - INFO - Boosted OOD loss: -0.0866
2025-09-05 01:48:00,880 - INFO - Boosted OOD loss: -0.0466
2025-09-05 01:48:06,761 - INFO - Boosted OOD loss: -0.0442
2025-09-05 01:48:09,443 - INFO - Boosted OOD loss: -0.0107
2025-09-05 01:48:13,192 - INFO - Boosted OOD loss: -0.0344
2025-09-05 01:48:15,875 - INFO - Boosted OOD loss: -0.0064
2025-09-05 01:48:22,818 - INFO - Boosted OOD loss: -0.0894
2025-09-05 01:48:23,369 - INFO - Boosted OOD loss: -0.0613
2025-09-05 01:48:23,922 - INFO - Boosted OOD loss: -0.0725
2025-09-05 01:48:25,005 - INFO - Boosted OOD loss: -0.0184
2025-09-05 01:48:25,563 - INFO - Boosted OOD loss: -0.0532
2025-09-05 01:48:31,425 - INFO - Boosted OOD loss: -0.0633
2025-09-05 01:48:34,637 - INFO - Boosted OOD loss: -0.0975
2025-09-05 01:48:35,723 - INFO - Boosted OOD loss: -0.0336
2025-09-05 01:48:36,277 - INFO - Boosted OOD loss: -0.0475
2025-09-05 01:48:36,832 - INFO - Boosted OOD loss: -0.0817
2025-09-05 01:48:37,916 - INFO - Boosted OOD loss: -0.0598
2025-09-05 01:48:39,522 - WARNING - No anomaly pixels (254) found in batch
2025-09-05 01:48:40,053 - INFO - Boosted OOD loss: -0.0515
2025-09-05 01:48:41,139 - INFO - Boosted OOD loss: -0.0596
2025-09-05 01:48:42,221 - INFO - Boosted OOD loss: -0.0514
2025-09-05 01:48:46,497 - INFO - Boosted OOD loss: -0.1095
2025-09-05 01:48:53,450 - INFO - Boosted OOD loss: -0.0421
2025-09-05 01:48:56,129 - INFO - Boosted OOD loss: -0.0107
2025-09-05 01:48:57,223 - INFO - Boosted OOD loss: -0.0167
2025-09-05 01:49:03,114 - INFO - Boosted OOD loss: -0.0560
2025-09-05 01:49:05,792 - INFO - Boosted OOD loss: -0.0482
2025-09-05 01:49:06,877 - INFO - Boosted OOD loss: -0.0411
2025-09-05 01:49:10,627 - INFO - Boosted OOD loss: -0.0692
2025-09-05 01:49:13,850 - INFO - Boosted OOD loss: -0.0454
2025-09-05 01:49:14,947 - INFO - Boosted OOD loss: -0.0629
2025-09-05 01:49:18,159 - INFO - Boosted OOD loss: -0.0611
2025-09-05 01:49:19,780 - INFO - Boosted OOD loss: -0.0002
2025-09-05 01:49:22,462 - INFO - Boosted OOD loss: -0.0620
2025-09-05 01:49:25,152 - INFO - Boosted OOD loss: -0.0581
2025-09-05 01:49:30,489 - INFO - Boosted OOD loss: -0.0641
2025-09-05 01:49:31,575 - INFO - Boosted OOD loss: -0.0446
2025-09-05 01:49:32,132 - INFO - Boosted OOD loss: -0.0330
2025-09-05 01:49:32,687 - INFO - Boosted OOD loss: -0.0137
2025-09-05 01:49:33,243 - WARNING - No anomaly pixels (254) found in batch
2025-09-05 01:49:34,316 - INFO - Boosted OOD loss: -0.0127
2025-09-05 01:49:40,185 - INFO - Boosted OOD loss: -0.0497
2025-09-05 01:49:42,332 - INFO - Boosted OOD loss: -0.0701
2025-09-05 01:49:43,416 - INFO - Boosted OOD loss: -0.0362
2025-09-05 01:49:47,164 - INFO - Boosted OOD loss: -0.1009
2025-09-05 01:49:48,246 - INFO - Boosted OOD loss: -0.0565
2025-09-05 01:49:49,332 - INFO - Boosted OOD loss: -0.0398
2025-09-05 01:49:49,885 - INFO - Boosted OOD loss: -0.0622
2025-09-05 01:49:52,030 - INFO - Boosted OOD loss: -0.0564
2025-09-05 01:49:52,580 - INFO - Boosted OOD loss: -0.0630
2025-09-05 01:49:58,449 - INFO - Boosted OOD loss: -0.0365
2025-09-05 01:50:03,251 - INFO - Boosted OOD loss: -0.0463
2025-09-05 01:50:04,862 - INFO - Boosted OOD loss: -0.0791
2025-09-05 01:50:07,543 - INFO - Boosted OOD loss: -0.0422
2025-09-05 01:50:09,161 - INFO - Boosted OOD loss: -0.0385
2025-09-05 01:50:10,253 - INFO - Boosted OOD loss: -0.0477
2025-09-05 01:50:12,943 - INFO - Boosted OOD loss: -0.0686
2025-09-05 01:50:14,041 - INFO - Boosted OOD loss: -0.0325
2025-09-05 01:50:14,595 - INFO - Boosted OOD loss: -0.0564
2025-09-05 01:50:17,818 - INFO - Boosted OOD loss: -0.0106
2025-09-05 01:50:21,559 - INFO - Boosted OOD loss: -0.0575
2025-09-05 01:50:24,248 - INFO - Boosted OOD loss: -0.1020
2025-09-05 01:50:26,392 - INFO - Boosted OOD loss: -0.0451
2025-09-05 01:50:26,938 - WARNING - No anomaly pixels (254) found in batch
2025-09-05 01:50:29,596 - INFO - Boosted OOD loss: -0.0501
2025-09-05 01:50:30,152 - INFO - Boosted OOD loss: -0.0184
2025-09-05 01:50:32,300 - INFO - Boosted OOD loss: -0.0113
2025-09-05 01:50:38,717 - INFO - Boosted OOD loss: -0.0479
2025-09-05 01:50:39,809 - INFO - Boosted OOD loss: -0.0335
2025-09-05 01:50:43,027 - INFO - Boosted OOD loss: -0.0216
2025-09-05 01:50:45,177 - INFO - Boosted OOD loss: -0.0426
2025-09-05 01:50:49,990 - INFO - Boosted OOD loss: -0.0674
2025-09-05 01:50:52,677 - INFO - Boosted OOD loss: -0.0814
2025-09-05 01:50:57,488 - INFO - Boosted OOD loss: -0.0388
2025-09-05 01:50:58,571 - INFO - Boosted OOD loss: -0.0594
2025-09-05 01:50:59,654 - INFO - Boosted OOD loss: -0.0666
2025-09-05 01:51:00,208 - INFO - Boosted OOD loss: -0.0708
2025-09-05 01:51:00,757 - INFO - Boosted OOD loss: -0.0717
2025-09-05 01:51:01,307 - INFO - Boosted OOD loss: -0.0492
2025-09-05 01:51:01,862 - INFO - Boosted OOD loss: -0.0501
2025-09-05 01:51:04,540 - INFO - Boosted OOD loss: -0.0797
2025-09-05 01:51:06,686 - INFO - Boosted OOD loss: -0.1117
2025-09-05 01:51:13,614 - INFO - Boosted OOD loss: -0.0743
2025-09-05 01:51:15,808 - INFO - Updated beta to 14.98 (exp decay)
2025-09-05 01:51:17,208 - WARNING - Negative mean energy—verify E_b formula/signs
2025-09-05 01:51:17,209 - INFO - Weights updated successfully
2025-09-05 01:51:17,209 - INFO - Advanced epoch 6 - Updated beta: 14.98
2025-09-05 01:51:17,210 - INFO - Epoch 6 - Avg CE: 1.8556, Avg OOD: -0.0096, β: 64
2025-09-05 01:51:17,325 - INFO - 
Starting Epoch 7/100
2025-09-05 01:51:17,327 - INFO - ============================================================
2025-09-05 01:51:17,328 - INFO - 
Updating Hopfield boosting weights at epoch 7...
2025-09-05 01:51:18,726 - WARNING - Negative mean energy—verify E_b formula/signs
2025-09-05 01:51:18,727 - INFO - Weights updated successfully
2025-09-05 01:51:18,727 - INFO - Weight Update Debug at Epoch 7: No high-weight OOD pixels found
2025-09-05 01:51:21,349 - INFO - Boosted OOD loss: -0.0590
2025-09-05 01:51:23,987 - WARNING - No anomaly pixels (254) found in batch
2025-09-05 01:51:25,572 - INFO - Boosted OOD loss: -0.0835
2025-09-05 01:51:29,830 - INFO - Boosted OOD loss: -0.0119
2025-09-05 01:51:30,390 - INFO - Boosted OOD loss: -0.0304
2025-09-05 01:51:31,473 - INFO - Boosted OOD loss: -0.0443
2025-09-05 01:51:34,686 - INFO - Boosted OOD loss: -0.0180
2025-09-05 01:51:35,247 - INFO - Boosted OOD loss: -0.0253
2025-09-05 01:51:37,400 - INFO - Boosted OOD loss: -0.0353
2025-09-05 01:51:41,146 - INFO - Boosted OOD loss: -0.0548
2025-09-05 01:51:42,235 - INFO - Boosted OOD loss: -0.0259
2025-09-05 01:51:44,385 - INFO - Boosted OOD loss: -0.0583
2025-09-05 01:51:46,003 - INFO - Boosted OOD loss: -0.0759
2025-09-05 01:51:51,348 - INFO - Boosted OOD loss: -0.0535
2025-09-05 01:51:53,504 - INFO - Boosted OOD loss: -0.0468
2025-09-05 01:52:01,544 - INFO - Boosted OOD loss: -0.0431
2025-09-05 01:52:02,629 - INFO - Boosted OOD loss: -0.0293
2025-09-05 01:52:04,783 - INFO - Boosted OOD loss: -0.0085
2025-09-05 01:52:07,478 - INFO - Boosted OOD loss: -0.0390
2025-09-05 01:52:11,211 - INFO - Boosted OOD loss: -0.0337
2025-09-05 01:52:16,041 - INFO - Boosted OOD loss: -0.0340
2025-09-05 01:52:17,654 - WARNING - No anomaly pixels (254) found in batch
2025-09-05 01:52:21,928 - INFO - Boosted OOD loss: -0.0274
2025-09-05 01:52:24,077 - INFO - Boosted OOD loss: -0.0541
2025-09-05 01:52:24,633 - INFO - Boosted OOD loss: -0.0375
2025-09-05 01:52:25,194 - INFO - Boosted OOD loss: -0.0739
2025-09-05 01:52:27,342 - INFO - Boosted OOD loss: -0.0617
2025-09-05 01:52:28,426 - INFO - Boosted OOD loss: -0.0657
2025-09-05 01:52:30,044 - INFO - Boosted OOD loss: -0.0491
2025-09-05 01:52:30,597 - INFO - Boosted OOD loss: -0.0373
2025-09-05 01:52:31,683 - INFO - Boosted OOD loss: -0.0819
2025-09-05 01:52:38,628 - INFO - Boosted OOD loss: -0.0339
2025-09-05 01:52:40,248 - INFO - Boosted OOD loss: -0.1018
2025-09-05 01:52:40,802 - INFO - Boosted OOD loss: -0.0441
2025-09-05 01:52:41,361 - INFO - Boosted OOD loss: -0.0155
2025-09-05 01:52:50,982 - INFO - Boosted OOD loss: -0.0409
2025-09-05 01:52:51,532 - INFO - Boosted OOD loss: -0.0875
2025-09-05 01:52:52,616 - INFO - Boosted OOD loss: -0.0500
2025-09-05 01:52:54,231 - INFO - Boosted OOD loss: -0.0289
2025-09-05 01:53:02,249 - INFO - Boosted OOD loss: -0.0133
2025-09-05 01:53:03,875 - INFO - Boosted OOD loss: -0.0758
2025-09-05 01:53:05,494 - INFO - Boosted OOD loss: -0.0159
2025-09-05 01:53:06,587 - INFO - Boosted OOD loss: -0.0670
2025-09-05 01:53:07,141 - INFO - Boosted OOD loss: -0.0732
2025-09-05 01:53:07,696 - INFO - Boosted OOD loss: -0.0323
2025-09-05 01:53:09,857 - INFO - Boosted OOD loss: -0.0012
2025-09-05 01:53:10,408 - INFO - Boosted OOD loss: -0.0923
2025-09-05 01:53:11,486 - WARNING - No anomaly pixels (254) found in batch
2025-09-05 01:53:15,220 - INFO - Boosted OOD loss: -0.0101
2025-09-05 01:53:17,896 - INFO - Boosted OOD loss: -0.0796
2025-09-05 01:53:21,108 - INFO - Boosted OOD loss: -0.0515
2025-09-05 01:53:21,657 - INFO - Boosted OOD loss: -0.0583
2025-09-05 01:53:22,209 - INFO - Boosted OOD loss: -0.0793
2025-09-05 01:53:25,961 - INFO - Boosted OOD loss: -0.0462
2025-09-05 01:53:27,048 - INFO - Boosted OOD loss: -0.0627
2025-09-05 01:53:33,447 - INFO - Boosted OOD loss: -0.0675
2025-09-05 01:53:34,528 - INFO - Boosted OOD loss: -0.1072
2025-09-05 01:53:36,144 - INFO - Boosted OOD loss: -0.0922
2025-09-05 01:53:38,822 - INFO - Boosted OOD loss: -0.0326
2025-09-05 01:53:42,562 - INFO - Boosted OOD loss: -0.0562
2025-09-05 01:53:43,120 - INFO - Boosted OOD loss: -0.0373
2025-09-05 01:53:48,452 - INFO - Boosted OOD loss: -0.0623
2025-09-05 01:53:53,274 - INFO - Boosted OOD loss: -0.0639
2025-09-05 01:53:56,491 - INFO - Boosted OOD loss: -0.0063
2025-09-05 01:53:58,115 - INFO - Boosted OOD loss: 0.0013
2025-09-05 01:54:03,470 - INFO - Boosted OOD loss: -0.0291
2025-09-05 01:54:05,076 - WARNING - No anomaly pixels (254) found in batch
2025-09-05 01:54:05,615 - INFO - Boosted OOD loss: -0.0503
2025-09-05 01:54:06,700 - INFO - Boosted OOD loss: -0.0685
2025-09-05 01:54:08,315 - INFO - Boosted OOD loss: -0.0409
2025-09-05 01:54:12,066 - INFO - Boosted OOD loss: -0.0311
2025-09-05 01:54:16,875 - INFO - Boosted OOD loss: -0.0386
2025-09-05 01:54:17,428 - INFO - Boosted OOD loss: -0.0546
2025-09-05 01:54:20,110 - INFO - Boosted OOD loss: -0.0594
2025-09-05 01:54:22,256 - INFO - Boosted OOD loss: -0.0346
2025-09-05 01:54:26,534 - INFO - Boosted OOD loss: -0.0452
2025-09-05 01:54:27,617 - INFO - Boosted OOD loss: -0.0441
2025-09-05 01:54:29,235 - INFO - Boosted OOD loss: -0.0518
2025-09-05 01:54:32,439 - INFO - Boosted OOD loss: -0.0470
2025-09-05 01:54:34,056 - INFO - Boosted OOD loss: -0.0690
2025-09-05 01:54:36,210 - INFO - Boosted OOD loss: -0.0127
2025-09-05 01:54:37,838 - INFO - Boosted OOD loss: -0.0683
2025-09-05 01:54:39,465 - INFO - Boosted OOD loss: -0.0042
2025-09-05 01:54:40,554 - INFO - Boosted OOD loss: -0.0320
2025-09-05 01:54:43,760 - INFO - Boosted OOD loss: -0.0392
2025-09-05 01:54:44,851 - INFO - Boosted OOD loss: -0.0103
2025-09-05 01:54:49,127 - INFO - Boosted OOD loss: -0.0595
2025-09-05 01:54:56,600 - INFO - Boosted OOD loss: -0.0273
2025-09-05 01:54:58,225 - INFO - Boosted OOD loss: -0.0466
2025-09-05 01:54:58,774 - WARNING - No anomaly pixels (254) found in batch
2025-09-05 01:55:01,435 - INFO - Boosted OOD loss: -0.0669
2025-09-05 01:55:02,520 - INFO - Boosted OOD loss: -0.0200
2025-09-05 01:55:05,205 - INFO - Boosted OOD loss: -0.0584
2025-09-05 01:55:08,428 - INFO - Boosted OOD loss: -0.0500
2025-09-05 01:55:08,979 - INFO - Boosted OOD loss: -0.0280
2025-09-05 01:55:10,063 - INFO - Boosted OOD loss: -0.0463
2025-09-05 01:55:10,610 - INFO - Boosted OOD loss: -0.0847
2025-09-05 01:55:12,764 - INFO - Boosted OOD loss: -0.0174
2025-09-05 01:55:13,328 - INFO - Boosted OOD loss: -0.0287
2025-09-05 01:55:16,543 - INFO - Boosted OOD loss: -0.0309
2025-09-05 01:55:17,095 - INFO - Boosted OOD loss: -0.0717
2025-09-05 01:55:17,652 - INFO - Boosted OOD loss: -0.0197
2025-09-05 01:55:18,211 - INFO - Boosted OOD loss: -0.0529
2025-09-05 01:55:19,292 - INFO - Boosted OOD loss: -0.0394
2025-09-05 01:55:21,977 - INFO - Boosted OOD loss: -0.0176
2025-09-05 01:55:23,605 - INFO - Boosted OOD loss: -0.0139
2025-09-05 01:55:24,165 - INFO - Boosted OOD loss: -0.0578
2025-09-05 01:55:25,249 - INFO - Boosted OOD loss: -0.0538
2025-09-05 01:55:28,465 - INFO - Boosted OOD loss: -0.0554
2025-09-05 01:55:29,552 - INFO - Boosted OOD loss: -0.0632
2025-09-05 01:55:31,704 - INFO - Boosted OOD loss: -0.0407
2025-09-05 01:55:32,794 - INFO - Boosted OOD loss: -0.0354
2025-09-05 01:55:34,415 - INFO - Boosted OOD loss: -0.0235
2025-09-05 01:55:49,367 - INFO - Boosted OOD loss: -0.0362
2025-09-05 01:55:49,917 - INFO - Boosted OOD loss: -0.0649
2025-09-05 01:55:52,596 - WARNING - No anomaly pixels (254) found in batch
2025-09-05 01:55:56,865 - INFO - Boosted OOD loss: -0.0319
2025-09-05 01:55:58,490 - INFO - Boosted OOD loss: -0.0345
2025-09-05 01:55:59,047 - INFO - Boosted OOD loss: -0.0169
2025-09-05 01:56:00,664 - INFO - Boosted OOD loss: -0.0382
2025-09-05 01:56:03,334 - INFO - Boosted OOD loss: -0.0545
2025-09-05 01:56:04,962 - INFO - Boosted OOD loss: -0.0340
2025-09-05 01:56:06,579 - INFO - Boosted OOD loss: -0.0660
2025-09-05 01:56:09,266 - INFO - Boosted OOD loss: -0.0460
2025-09-05 01:56:10,353 - INFO - Boosted OOD loss: -0.0420
2025-09-05 01:56:17,292 - INFO - Boosted OOD loss: -0.0451
2025-09-05 01:56:18,382 - INFO - Boosted OOD loss: -0.0581
2025-09-05 01:56:20,002 - INFO - Boosted OOD loss: -0.0547
2025-09-05 01:56:22,161 - INFO - Boosted OOD loss: -0.0819
2025-09-05 01:56:28,031 - INFO - Boosted OOD loss: -0.0643
2025-09-05 01:56:28,589 - INFO - Boosted OOD loss: -0.0142
2025-09-05 01:56:29,676 - INFO - Boosted OOD loss: -0.0067
2025-09-05 01:56:33,435 - INFO - Boosted OOD loss: -0.0204
2025-09-05 01:56:34,522 - INFO - Boosted OOD loss: -0.0619
2025-09-05 01:56:35,076 - INFO - Boosted OOD loss: -0.0485
2025-09-05 01:56:41,500 - INFO - Boosted OOD loss: 0.0023
2025-09-05 01:56:43,117 - INFO - Boosted OOD loss: -0.0825
2025-09-05 01:56:46,317 - WARNING - No anomaly pixels (254) found in batch
2025-09-05 01:56:47,389 - INFO - Boosted OOD loss: -0.0412
2025-09-05 01:56:52,191 - INFO - Boosted OOD loss: -0.0544
2025-09-05 01:56:55,409 - INFO - Boosted OOD loss: -0.0414
2025-09-05 01:56:57,025 - INFO - Boosted OOD loss: -0.0161
2025-09-05 01:56:58,114 - INFO - Boosted OOD loss: -0.0723
2025-09-05 01:57:02,927 - INFO - Boosted OOD loss: -0.0735
2025-09-05 01:57:05,077 - INFO - Boosted OOD loss: -0.0424
2025-09-05 01:57:06,162 - INFO - Boosted OOD loss: -0.0405
2025-09-05 01:57:08,834 - INFO - Boosted OOD loss: -0.0563
2025-09-05 01:57:13,639 - INFO - Boosted OOD loss: -0.0524
2025-09-05 01:57:26,970 - INFO - Boosted OOD loss: -0.0626
2025-09-05 01:57:29,650 - INFO - Boosted OOD loss: -0.0727
2025-09-05 01:57:32,864 - INFO - Boosted OOD loss: -0.0516
2025-09-05 01:57:34,489 - INFO - Boosted OOD loss: -0.0279
2025-09-05 01:57:38,230 - INFO - Boosted OOD loss: -0.0190
2025-09-05 01:57:39,839 - WARNING - No anomaly pixels (254) found in batch
2025-09-05 01:57:41,438 - INFO - Boosted OOD loss: -0.0382
2025-09-05 01:57:43,062 - INFO - Boosted OOD loss: -0.0332
2025-09-05 01:57:45,212 - INFO - Boosted OOD loss: 0.0006
2025-09-05 01:57:45,768 - INFO - Boosted OOD loss: -0.0862
2025-09-05 01:57:48,451 - INFO - Boosted OOD loss: -0.0244
2025-09-05 01:57:53,256 - INFO - Boosted OOD loss: -0.0905
2025-09-05 01:57:55,395 - INFO - Boosted OOD loss: -0.0563
2025-09-05 01:57:56,480 - INFO - Boosted OOD loss: -0.0764
2025-09-05 01:57:57,563 - INFO - Boosted OOD loss: -0.0431
2025-09-05 01:57:58,648 - INFO - Boosted OOD loss: -0.0475
2025-09-05 01:57:59,210 - INFO - Boosted OOD loss: -0.0459
2025-09-05 01:58:01,356 - INFO - Boosted OOD loss: -0.0641
2025-09-05 01:58:02,447 - INFO - Boosted OOD loss: -0.0442
2025-09-05 01:58:09,943 - INFO - Boosted OOD loss: -0.0188
2025-09-05 01:58:12,101 - INFO - Boosted OOD loss: -0.0588
2025-09-05 01:58:13,188 - INFO - Boosted OOD loss: -0.0805
2025-09-05 01:58:13,743 - INFO - Boosted OOD loss: -0.0706
2025-09-05 01:58:18,535 - INFO - Boosted OOD loss: -0.0585
2025-09-05 01:58:24,414 - INFO - Boosted OOD loss: -0.0118
2025-09-05 01:58:26,560 - INFO - Boosted OOD loss: -0.0620
2025-09-05 01:58:27,114 - INFO - Boosted OOD loss: -0.0401
2025-09-05 01:58:27,670 - INFO - Boosted OOD loss: -0.0228
2025-09-05 01:58:29,827 - INFO - Boosted OOD loss: -0.0053
2025-09-05 01:58:30,384 - INFO - Boosted OOD loss: -0.0441
2025-09-05 01:58:33,597 - WARNING - No anomaly pixels (254) found in batch
2025-09-05 01:58:34,665 - INFO - Boosted OOD loss: -0.0496
2025-09-05 01:58:35,745 - INFO - Boosted OOD loss: -0.0471
2025-09-05 01:58:38,425 - INFO - Boosted OOD loss: -0.0535
2025-09-05 01:58:38,976 - INFO - Boosted OOD loss: -0.0438
2025-09-05 01:58:40,595 - INFO - Boosted OOD loss: -0.0549
2025-09-05 01:58:47,535 - INFO - Boosted OOD loss: -0.0250
2025-09-05 01:58:49,153 - INFO - Boosted OOD loss: -0.0543
2025-09-05 01:58:52,906 - INFO - Boosted OOD loss: -0.0696
2025-09-05 01:58:59,844 - INFO - Boosted OOD loss: -0.0646
2025-09-05 01:59:00,393 - INFO - Boosted OOD loss: -0.0274
2025-09-05 01:59:00,393 - INFO - Step 11550 Loss Debug:
2025-09-05 01:59:00,394 - INFO -  CE: 2.1948
2025-09-05 01:59:00,394 - INFO -  OOD: -0.0274
2025-09-05 01:59:00,394 - INFO -  β: 64.00
2025-09-05 01:59:00,394 - INFO -  ID: 6387, OOD(254): 712
2025-09-05 01:59:03,074 - INFO - Boosted OOD loss: -0.0672
2025-09-05 01:59:05,226 - INFO - Boosted OOD loss: -0.0814
2025-09-05 01:59:05,776 - INFO - Boosted OOD loss: -0.0572
2025-09-05 01:59:06,324 - INFO - Boosted OOD loss: -0.0824
2025-09-05 01:59:12,729 - INFO - Boosted OOD loss: -0.0534
2025-09-05 01:59:16,472 - INFO - Boosted OOD loss: -0.0471
2025-09-05 01:59:20,211 - INFO - Boosted OOD loss: -0.0209
2025-09-05 01:59:20,765 - INFO - Boosted OOD loss: -0.0537
2025-09-05 01:59:22,385 - INFO - Boosted OOD loss: -0.0358
2025-09-05 01:59:24,002 - INFO - Boosted OOD loss: -0.0186
2025-09-05 01:59:24,556 - INFO - Boosted OOD loss: -0.0525
2025-09-05 01:59:27,231 - INFO - Boosted OOD loss: -0.0386
2025-09-05 01:59:27,231 - INFO - Step 11600 Loss Debug:
2025-09-05 01:59:27,232 - INFO -  CE: 1.7837
2025-09-05 01:59:27,232 - INFO -  OOD: -0.0386
2025-09-05 01:59:27,232 - INFO -  β: 64.00
2025-09-05 01:59:27,232 - INFO -  ID: 5826, OOD(254): 329
2025-09-05 01:59:29,386 - INFO - Boosted OOD loss: -0.0181
2025-09-05 01:59:38,452 - INFO - Boosted OOD loss: -0.0445
2025-09-05 01:59:41,671 - INFO - Boosted OOD loss: -0.0591
2025-09-05 01:59:42,226 - INFO - Boosted OOD loss: -0.0595
2025-09-05 01:59:44,377 - INFO - Boosted OOD loss: -0.0847
2025-09-05 01:59:45,462 - INFO - Boosted OOD loss: -0.0857
2025-09-05 01:59:47,085 - INFO - Boosted OOD loss: -0.0000
2025-09-05 01:59:50,313 - INFO - Boosted OOD loss: -0.0802
2025-09-05 01:59:51,933 - INFO - Boosted OOD loss: 0.0035
2025-09-05 01:59:55,149 - INFO - Boosted OOD loss: -0.0646
2025-09-05 02:00:00,494 - INFO - Boosted OOD loss: -0.0402
2025-09-05 02:00:03,181 - INFO - Boosted OOD loss: -0.0606
2025-09-05 02:00:03,738 - INFO - Boosted OOD loss: -0.0567
2025-09-05 02:00:05,889 - INFO - Boosted OOD loss: -0.0628
2025-09-05 02:00:08,032 - INFO - Boosted OOD loss: -0.0935
2025-09-05 02:00:10,187 - INFO - Boosted OOD loss: -0.0963
2025-09-05 02:00:14,463 - INFO - Boosted OOD loss: -0.1143
2025-09-05 02:00:17,677 - INFO - Boosted OOD loss: -0.0125
2025-09-05 02:00:20,878 - WARNING - No anomaly pixels (254) found in batch
2025-09-05 02:00:23,550 - INFO - Boosted OOD loss: -0.0240
2025-09-05 02:00:25,707 - INFO - Boosted OOD loss: -0.0968
2025-09-05 02:00:26,262 - INFO - Boosted OOD loss: -0.0942
2025-09-05 02:00:29,484 - INFO - Boosted OOD loss: -0.0063
2025-09-05 02:00:31,642 - INFO - Boosted OOD loss: -0.0455
2025-09-05 02:00:35,380 - INFO - Boosted OOD loss: -0.0810
2025-09-05 02:00:37,530 - INFO - Boosted OOD loss: -0.0684
2025-09-05 02:00:39,148 - INFO - Boosted OOD loss: -0.0615
2025-09-05 02:00:41,294 - INFO - Boosted OOD loss: -0.0534
2025-09-05 02:00:42,380 - INFO - Boosted OOD loss: -0.0905
2025-09-05 02:00:42,936 - INFO - Boosted OOD loss: -0.0456
2025-09-05 02:00:44,556 - INFO - Boosted OOD loss: -0.0056
2025-09-05 02:00:46,715 - INFO - Boosted OOD loss: -0.0109
2025-09-05 02:00:48,338 - INFO - Boosted OOD loss: -0.0526
2025-09-05 02:00:49,427 - INFO - Boosted OOD loss: -0.0353
2025-09-05 02:00:49,975 - INFO - Boosted OOD loss: -0.0373
2025-09-05 02:00:52,122 - INFO - Boosted OOD loss: -0.0335
2025-09-05 02:00:53,204 - INFO - Boosted OOD loss: -0.0702
2025-09-05 02:00:53,758 - INFO - Boosted OOD loss: -0.0559
2025-09-05 02:00:55,374 - INFO - Boosted OOD loss: -0.0581
2025-09-05 02:01:00,723 - INFO - Boosted OOD loss: -0.0644
2025-09-05 02:01:01,278 - INFO - Boosted OOD loss: -0.0517
2025-09-05 02:01:02,357 - INFO - Boosted OOD loss: -0.0548
2025-09-05 02:01:02,915 - INFO - Boosted OOD loss: -0.0599
2025-09-05 02:01:05,602 - INFO - Boosted OOD loss: -0.0638
2025-09-05 02:01:09,354 - INFO - Boosted OOD loss: -0.0365
2025-09-05 02:01:10,974 - INFO - Boosted OOD loss: -0.0442
2025-09-05 02:01:14,709 - WARNING - No anomaly pixels (254) found in batch
2025-09-05 02:01:16,308 - INFO - Boosted OOD loss: -0.0348
2025-09-05 02:01:16,866 - INFO - Boosted OOD loss: -0.0232
2025-09-05 02:01:17,417 - INFO - Boosted OOD loss: -0.0040
2025-09-05 02:01:18,507 - INFO - Boosted OOD loss: -0.0751
2025-09-05 02:01:21,712 - INFO - Boosted OOD loss: -0.0519
2025-09-05 02:01:24,397 - INFO - Boosted OOD loss: -0.0413
2025-09-05 02:01:29,750 - INFO - Boosted OOD loss: -0.0541
2025-09-05 02:01:35,613 - INFO - Boosted OOD loss: -0.0577
2025-09-05 02:01:36,699 - INFO - Boosted OOD loss: -0.0491
2025-09-05 02:01:38,318 - INFO - Boosted OOD loss: -0.0106
2025-09-05 02:01:38,877 - INFO - Boosted OOD loss: -0.0588
2025-09-05 02:01:39,429 - INFO - Boosted OOD loss: -0.0448
2025-09-05 02:01:39,983 - INFO - Boosted OOD loss: -0.0456
2025-09-05 02:01:41,600 - INFO - Boosted OOD loss: -0.0942
2025-09-05 02:01:41,600 - INFO - Step 11850 Loss Debug:
2025-09-05 02:01:41,600 - INFO -  CE: 2.0625
2025-09-05 02:01:41,600 - INFO -  OOD: -0.0942
2025-09-05 02:01:41,601 - INFO -  β: 64.00
2025-09-05 02:01:41,601 - INFO -  ID: 7413, OOD(254): 26
2025-09-05 02:01:49,062 - INFO - Boosted OOD loss: -0.0557
2025-09-05 02:01:50,682 - INFO - Boosted OOD loss: -0.0653
2025-09-05 02:01:52,302 - INFO - Boosted OOD loss: -0.0729
2025-09-05 02:01:56,036 - INFO - Boosted OOD loss: -0.0554
2025-09-05 02:01:58,721 - INFO - Boosted OOD loss: -0.0612
2025-09-05 02:02:00,335 - INFO - Boosted OOD loss: -0.0108
2025-09-05 02:02:02,488 - INFO - Boosted OOD loss: -0.0305
2025-09-05 02:02:03,577 - INFO - Boosted OOD loss: -0.0404
2025-09-05 02:02:08,382 - WARNING - No anomaly pixels (254) found in batch
2025-09-05 02:02:09,989 - INFO - Boosted OOD loss: -0.0979
2025-09-05 02:02:11,068 - INFO - Boosted OOD loss: -0.0760
2025-09-05 02:02:11,622 - INFO - Boosted OOD loss: -0.0223
2025-09-05 02:02:12,707 - INFO - Boosted OOD loss: -0.0451
2025-09-05 02:02:19,095 - INFO - Boosted OOD loss: -0.0884
2025-09-05 02:02:21,236 - INFO - Boosted OOD loss: -0.0469
2025-09-05 02:02:21,791 - INFO - Boosted OOD loss: -0.0704
2025-09-05 02:02:26,596 - INFO - Boosted OOD loss: -0.0371
2025-09-05 02:02:29,816 - INFO - Boosted OOD loss: -0.0197
2025-09-05 02:02:30,907 - INFO - Boosted OOD loss: -0.0501
2025-09-05 02:02:34,657 - INFO - Boosted OOD loss: -0.0932
2025-09-05 02:02:35,740 - INFO - Boosted OOD loss: -0.0811
2025-09-05 02:02:36,298 - INFO - Boosted OOD loss: -0.0432
2025-09-05 02:02:43,761 - INFO - Boosted OOD loss: -0.0467
2025-09-05 02:02:45,373 - INFO - Boosted OOD loss: -0.0546
2025-09-05 02:02:45,928 - INFO - Boosted OOD loss: -0.0121
2025-09-05 02:02:47,543 - INFO - Boosted OOD loss: -0.0460
2025-09-05 02:02:52,883 - INFO - Boosted OOD loss: -0.0494
2025-09-05 02:02:54,504 - INFO - Boosted OOD loss: -0.0410
2025-09-05 02:02:55,054 - INFO - Boosted OOD loss: -0.0358
2025-09-05 02:02:56,138 - INFO - Boosted OOD loss: -0.0355
2025-09-05 02:02:56,699 - INFO - Boosted OOD loss: -0.0090
2025-09-05 02:02:58,323 - INFO - Boosted OOD loss: -0.0472
2025-09-05 02:03:02,069 - INFO - Boosted OOD loss: -0.0166
2025-09-05 02:03:02,069 - INFO - Step 12000 Loss Debug:
2025-09-05 02:03:02,069 - INFO -  CE: 1.7203
2025-09-05 02:03:02,069 - INFO -  OOD: -0.0166
2025-09-05 02:03:02,070 - INFO -  β: 64.00
2025-09-05 02:03:02,070 - INFO -  ID: 7201, OOD(254): 808
2025-09-05 02:03:03,159 - INFO - Boosted OOD loss: -0.0272
2025-09-05 02:03:06,369 - INFO - Boosted OOD loss: -0.0488
2025-09-05 02:03:07,991 - INFO - Boosted OOD loss: -0.0615
2025-09-05 02:03:19,739 - INFO - Boosted OOD loss: -0.0481
2025-09-05 02:03:22,420 - INFO - Boosted OOD loss: -0.0899
2025-09-05 02:03:24,041 - INFO - Boosted OOD loss: -0.0411
2025-09-05 02:03:26,715 - INFO - Boosted OOD loss: -0.0482
2025-09-05 02:03:27,267 - INFO - Boosted OOD loss: -0.0444
2025-09-05 02:03:29,422 - INFO - Boosted OOD loss: -0.0275
2025-09-05 02:03:30,513 - INFO - Boosted OOD loss: -0.0677
2025-09-05 02:03:32,133 - INFO - Boosted OOD loss: -0.0651
2025-09-05 02:03:33,757 - INFO - Boosted OOD loss: -0.0394
2025-09-05 02:03:34,312 - INFO - Boosted OOD loss: -0.0184
2025-09-05 02:03:35,402 - INFO - Boosted OOD loss: -0.0299
2025-09-05 02:03:36,503 - INFO - Boosted OOD loss: -0.0363
2025-09-05 02:03:40,790 - INFO - Boosted OOD loss: -0.0490
2025-09-05 02:03:41,338 - INFO - Boosted OOD loss: -0.0898
2025-09-05 02:03:46,683 - INFO - Boosted OOD loss: -0.0419
2025-09-05 02:03:47,230 - INFO - Boosted OOD loss: -0.0520
2025-09-05 02:03:49,367 - INFO - Boosted OOD loss: -0.1020
2025-09-05 02:03:50,454 - INFO - Boosted OOD loss: -0.0576
2025-09-05 02:03:52,597 - INFO - Boosted OOD loss: -0.0640
2025-09-05 02:03:55,797 - INFO - Boosted OOD loss: -0.0803
2025-09-05 02:03:55,797 - INFO - Step 12100 Loss Debug:
2025-09-05 02:03:55,797 - INFO -  CE: 1.8428
2025-09-05 02:03:55,798 - INFO -  OOD: -0.0803
2025-09-05 02:03:55,798 - INFO -  β: 64.00
2025-09-05 02:03:55,798 - INFO -  ID: 6993, OOD(254): 3
2025-09-05 02:03:57,405 - INFO - Boosted OOD loss: -0.0874
2025-09-05 02:03:59,024 - INFO - Boosted OOD loss: -0.0454
2025-09-05 02:04:01,164 - INFO - Boosted OOD loss: -0.0413
2025-09-05 02:04:02,781 - INFO - Boosted OOD loss: -0.0317
2025-09-05 02:04:14,498 - INFO - Boosted OOD loss: -0.0646
2025-09-05 02:04:15,580 - INFO - Boosted OOD loss: -0.0434
2025-09-05 02:04:17,728 - INFO - Boosted OOD loss: -0.0347
2025-09-05 02:04:23,066 - INFO - Boosted OOD loss: -0.0594
2025-09-05 02:04:24,677 - INFO - Boosted OOD loss: -0.0580
2025-09-05 02:04:25,764 - INFO - Boosted OOD loss: -0.0568
2025-09-05 02:04:28,446 - INFO - Boosted OOD loss: -0.0146
2025-09-05 02:04:30,607 - INFO - Boosted OOD loss: -0.0069
2025-09-05 02:04:35,412 - INFO - Boosted OOD loss: -0.0530
2025-09-05 02:04:38,100 - INFO - Boosted OOD loss: -0.0167
2025-09-05 02:04:39,723 - INFO - Boosted OOD loss: -0.0531
2025-09-05 02:04:42,406 - INFO - Boosted OOD loss: -0.0332
2025-09-05 02:04:42,961 - INFO - Boosted OOD loss: -0.0571
2025-09-05 02:04:47,226 - INFO - Boosted OOD loss: -0.0071
2025-09-05 02:04:49,377 - WARNING - No anomaly pixels (254) found in batch
2025-09-05 02:04:49,922 - INFO - Boosted OOD loss: -0.0931
2025-09-05 02:04:52,072 - INFO - Boosted OOD loss: -0.0449
2025-09-05 02:04:53,153 - INFO - Boosted OOD loss: -0.0725
2025-09-05 02:05:07,515 - INFO - Boosted OOD loss: -0.0799
2025-09-05 02:05:09,663 - INFO - Boosted OOD loss: -0.0521
2025-09-05 02:05:10,748 - INFO - Boosted OOD loss: -0.0575
2025-09-05 02:05:11,301 - INFO - Boosted OOD loss: -0.0494
2025-09-05 02:05:13,448 - INFO - Boosted OOD loss: -0.0515
2025-09-05 02:05:21,455 - INFO - Boosted OOD loss: -0.0507
2025-09-05 02:05:23,068 - INFO - Boosted OOD loss: -0.0830
2025-09-05 02:05:28,939 - INFO - Boosted OOD loss: -0.0158
2025-09-05 02:05:30,551 - INFO - Boosted OOD loss: -0.0824
2025-09-05 02:05:32,698 - INFO - Boosted OOD loss: -0.0412
2025-09-05 02:05:33,255 - INFO - Boosted OOD loss: -0.0112
2025-09-05 02:05:37,535 - INFO - Boosted OOD loss: -0.0105
2025-09-05 02:05:39,673 - INFO - Boosted OOD loss: -0.0344
2025-09-05 02:05:42,354 - INFO - Boosted OOD loss: -0.0497
2025-09-05 02:05:42,896 - WARNING - No anomaly pixels (254) found in batch
2025-09-05 02:05:45,037 - INFO - Boosted OOD loss: -0.0810
2025-09-05 02:05:46,114 - INFO - Boosted OOD loss: -0.0491
2025-09-05 02:05:48,266 - INFO - Boosted OOD loss: -0.0215
2025-09-05 02:05:50,950 - INFO - Boosted OOD loss: -0.0530
2025-09-05 02:05:52,574 - INFO - Boosted OOD loss: -0.0248
2025-09-05 02:05:53,663 - INFO - Boosted OOD loss: -0.0580
2025-09-05 02:05:58,476 - INFO - Boosted OOD loss: -0.0414
2025-09-05 02:06:07,564 - INFO - Boosted OOD loss: -0.0431
2025-09-05 02:06:08,122 - INFO - Boosted OOD loss: -0.0126
2025-09-05 02:06:08,686 - INFO - Boosted OOD loss: -0.0571
2025-09-05 02:06:09,238 - INFO - Boosted OOD loss: -0.0607
2025-09-05 02:06:14,056 - INFO - Boosted OOD loss: -0.0421
2025-09-05 02:06:19,940 - INFO - Boosted OOD loss: -0.0536
2025-09-05 02:06:23,689 - INFO - Boosted OOD loss: -0.0661
2025-09-05 02:06:24,246 - INFO - Boosted OOD loss: -0.0257
2025-09-05 02:06:25,863 - INFO - Boosted OOD loss: -0.0723
2025-09-05 02:06:28,544 - INFO - Boosted OOD loss: -0.0286
2025-09-05 02:06:32,290 - INFO - Boosted OOD loss: -0.1131
2025-09-05 02:06:36,557 - WARNING - No anomaly pixels (254) found in batch
2025-09-05 02:06:38,161 - INFO - Boosted OOD loss: -0.0362
2025-09-05 02:06:39,782 - INFO - Boosted OOD loss: -0.0890
2025-09-05 02:06:41,397 - INFO - Boosted OOD loss: -0.0649
2025-09-05 02:06:49,378 - INFO - Boosted OOD loss: -0.0576
2025-09-05 02:06:49,931 - INFO - Boosted OOD loss: -0.0274
2025-09-05 02:06:50,484 - INFO - Boosted OOD loss: -0.0523
2025-09-05 02:06:51,572 - INFO - Boosted OOD loss: -0.0094
2025-09-05 02:06:52,128 - INFO - Boosted OOD loss: -0.0510
2025-09-05 02:06:55,867 - INFO - Boosted OOD loss: -0.0385
2025-09-05 02:06:56,945 - INFO - Boosted OOD loss: -0.1160
2025-09-05 02:07:02,285 - INFO - Boosted OOD loss: -0.0373
2025-09-05 02:07:02,845 - INFO - Boosted OOD loss: -0.0221
2025-09-05 02:07:03,399 - INFO - Boosted OOD loss: -0.0430
2025-09-05 02:07:03,400 - INFO - Step 12450 Loss Debug:
2025-09-05 02:07:03,400 - INFO -  CE: 1.4697
2025-09-05 02:07:03,400 - INFO -  OOD: -0.0430
2025-09-05 02:07:03,400 - INFO -  β: 64.00
2025-09-05 02:07:03,400 - INFO -  ID: 6954, OOD(254): 140
2025-09-05 02:07:04,486 - INFO - Boosted OOD loss: -0.0859
2025-09-05 02:07:05,037 - INFO - Boosted OOD loss: -0.0597
2025-09-05 02:07:07,184 - INFO - Boosted OOD loss: -0.0733
2025-09-05 02:07:09,334 - INFO - Boosted OOD loss: -0.0413
2025-09-05 02:07:10,418 - INFO - Boosted OOD loss: -0.0424
2025-09-05 02:07:15,759 - INFO - Boosted OOD loss: -0.0536
2025-09-05 02:07:15,827 - INFO - Updated beta to 14.82 (exp decay)
2025-09-05 02:07:17,228 - WARNING - Negative mean energy—verify E_b formula/signs
2025-09-05 02:07:17,229 - INFO - Weights updated successfully
2025-09-05 02:07:17,229 - INFO - Advanced epoch 7 - Updated beta: 14.82
2025-09-05 02:07:17,230 - INFO - Epoch 7 - Avg CE: 1.8462, Avg OOD: -0.0103, β: 64
2025-09-05 02:07:17,345 - INFO - 
Starting Epoch 8/100
2025-09-05 02:07:17,345 - INFO - ============================================================
2025-09-05 02:07:17,346 - INFO - 
Updating Hopfield boosting weights at epoch 8...
2025-09-05 02:07:18,747 - WARNING - Negative mean energy—verify E_b formula/signs
2025-09-05 02:07:18,747 - INFO - Weights updated successfully
2025-09-05 02:07:18,748 - INFO - Weight Update Debug at Epoch 8: No high-weight OOD pixels found
2025-09-05 02:07:20,515 - INFO - Boosted OOD loss: -0.0756
2025-09-05 02:07:21,572 - INFO - Boosted OOD loss: -0.0923
2025-09-05 02:07:22,114 - INFO - Boosted OOD loss: 0.0032
2025-09-05 02:07:22,664 - INFO - Boosted OOD loss: -0.0673
2025-09-05 02:07:24,794 - INFO - Boosted OOD loss: -0.0413
2025-09-05 02:07:32,228 - INFO - Boosted OOD loss: -0.0222
2025-09-05 02:07:33,834 - WARNING - No anomaly pixels (254) found in batch
2025-09-05 02:07:36,497 - INFO - Boosted OOD loss: -0.0525
2025-09-05 02:07:39,181 - INFO - Boosted OOD loss: -0.0583
2025-09-05 02:07:40,266 - INFO - Boosted OOD loss: -0.0855
2025-09-05 02:07:49,336 - INFO - Boosted OOD loss: -0.0489
2025-09-05 02:07:52,015 - INFO - Boosted OOD loss: -0.0280
2025-09-05 02:07:54,168 - INFO - Boosted OOD loss: -0.0463
2025-09-05 02:07:55,248 - INFO - Boosted OOD loss: -0.0877
2025-09-05 02:08:00,054 - INFO - Boosted OOD loss: -0.0682
2025-09-05 02:08:05,418 - INFO - Boosted OOD loss: -0.0699
2025-09-05 02:08:07,574 - INFO - Boosted OOD loss: -0.0700
2025-09-05 02:08:13,468 - INFO - Boosted OOD loss: -0.0334
2025-09-05 02:08:17,230 - INFO - Boosted OOD loss: -0.0568
2025-09-05 02:08:20,975 - INFO - Boosted OOD loss: -0.0617
2025-09-05 02:08:22,062 - INFO - Boosted OOD loss: -0.0400
2025-09-05 02:08:23,676 - INFO - Boosted OOD loss: -0.0720
2025-09-05 02:08:27,418 - WARNING - No anomaly pixels (254) found in batch
2025-09-05 02:08:29,025 - INFO - Boosted OOD loss: -0.0251
2025-09-05 02:08:31,714 - INFO - Boosted OOD loss: -0.0675
2025-09-05 02:08:32,801 - INFO - Boosted OOD loss: -0.0119
2025-09-05 02:08:33,363 - INFO - Boosted OOD loss: -0.0684
2025-09-05 02:08:35,514 - INFO - Boosted OOD loss: -0.0191
2025-09-05 02:08:51,536 - INFO - Boosted OOD loss: -0.0498
2025-09-05 02:08:52,096 - INFO - Boosted OOD loss: -0.0171
2025-09-05 02:08:59,030 - INFO - Boosted OOD loss: -0.0034
2025-09-05 02:09:00,651 - INFO - Boosted OOD loss: -0.0646
2025-09-05 02:09:01,206 - INFO - Boosted OOD loss: -0.0621
2025-09-05 02:09:01,762 - INFO - Boosted OOD loss: -0.0250
2025-09-05 02:09:03,381 - INFO - Boosted OOD loss: -0.0457
2025-09-05 02:09:07,661 - INFO - Boosted OOD loss: -0.0637
2025-09-05 02:09:08,214 - INFO - Boosted OOD loss: -0.0348
2025-09-05 02:09:09,838 - INFO - Boosted OOD loss: -0.0989
2025-09-05 02:09:11,463 - INFO - Boosted OOD loss: -0.0684
2025-09-05 02:09:12,016 - INFO - Boosted OOD loss: -0.0818
2025-09-05 02:09:17,374 - INFO - Boosted OOD loss: -0.0263
2025-09-05 02:09:21,117 - WARNING - No anomaly pixels (254) found in batch
2025-09-05 02:09:21,656 - INFO - Boosted OOD loss: -0.0739
2025-09-05 02:09:24,871 - INFO - Boosted OOD loss: -0.0362
2025-09-05 02:09:25,956 - INFO - Boosted OOD loss: -0.0435
2025-09-05 02:09:26,509 - INFO - Boosted OOD loss: -0.0695
2025-09-05 02:09:38,754 - INFO - Boosted OOD loss: -0.0402
2025-09-05 02:09:44,090 - INFO - Boosted OOD loss: -0.0806
2025-09-05 02:09:44,639 - INFO - Boosted OOD loss: -0.0807
2025-09-05 02:09:46,252 - INFO - Boosted OOD loss: -0.0521
2025-09-05 02:09:46,810 - INFO - Boosted OOD loss: -0.0154
2025-09-05 02:09:47,363 - INFO - Boosted OOD loss: -0.0533
2025-09-05 02:09:52,185 - INFO - Boosted OOD loss: -0.0899
2025-09-05 02:09:56,456 - INFO - Boosted OOD loss: -0.0716
2025-09-05 02:09:57,543 - INFO - Boosted OOD loss: -0.0116
2025-09-05 02:10:00,760 - INFO - Boosted OOD loss: -0.0713
2025-09-05 02:10:01,319 - INFO - Boosted OOD loss: -0.0800
2025-09-05 02:10:02,402 - INFO - Boosted OOD loss: -0.0314
2025-09-05 02:10:04,560 - INFO - Boosted OOD loss: -0.0033
2025-09-05 02:10:06,182 - INFO - Boosted OOD loss: -0.0419
2025-09-05 02:10:07,799 - INFO - Boosted OOD loss: -0.0299
2025-09-05 02:10:08,888 - INFO - Boosted OOD loss: -0.0673
2025-09-05 02:10:09,443 - INFO - Boosted OOD loss: -0.0350
2025-09-05 02:10:14,781 - WARNING - No anomaly pixels (254) found in batch
2025-09-05 02:10:16,382 - INFO - Boosted OOD loss: -0.0416
2025-09-05 02:10:16,934 - INFO - Boosted OOD loss: -0.0407
2025-09-05 02:10:19,084 - INFO - Boosted OOD loss: -0.0293
2025-09-05 02:10:21,768 - INFO - Boosted OOD loss: -0.0088
2025-09-05 02:10:26,049 - INFO - Boosted OOD loss: -0.0811
2025-09-05 02:10:26,600 - INFO - Boosted OOD loss: -0.0093
2025-09-05 02:10:29,291 - INFO - Boosted OOD loss: -0.0892
2025-09-05 02:10:29,847 - INFO - Boosted OOD loss: -0.0373
2025-09-05 02:10:31,468 - INFO - Boosted OOD loss: -0.0503
2025-09-05 02:10:32,547 - INFO - Boosted OOD loss: -0.0430
2025-09-05 02:10:40,022 - INFO - Boosted OOD loss: -0.0309
2025-09-05 02:10:43,766 - INFO - Boosted OOD loss: -0.0192
2025-09-05 02:10:47,517 - INFO - Boosted OOD loss: -0.0520
2025-09-05 02:10:53,925 - INFO - Boosted OOD loss: -0.0380
2025-09-05 02:10:55,012 - INFO - Boosted OOD loss: -0.0549
2025-09-05 02:10:55,563 - INFO - Boosted OOD loss: -0.0423
2025-09-05 02:11:06,778 - INFO - Boosted OOD loss: -0.0453
2025-09-05 02:11:08,397 - WARNING - No anomaly pixels (254) found in batch
2025-09-05 02:11:08,940 - INFO - Boosted OOD loss: -0.0737
2025-09-05 02:11:11,083 - INFO - Boosted OOD loss: -0.0348
2025-09-05 02:11:13,771 - INFO - Boosted OOD loss: -0.0316
2025-09-05 02:11:16,441 - INFO - Boosted OOD loss: -0.0998
2025-09-05 02:11:26,029 - INFO - Boosted OOD loss: -0.0894
2025-09-05 02:11:31,915 - INFO - Boosted OOD loss: -0.0479
2025-09-05 02:11:36,721 - INFO - Boosted OOD loss: -0.0507
2025-09-05 02:11:37,277 - INFO - Boosted OOD loss: -0.0542
2025-09-05 02:11:37,830 - INFO - Boosted OOD loss: -0.0529
2025-09-05 02:11:38,920 - INFO - Boosted OOD loss: -0.1015
2025-09-05 02:11:45,868 - INFO - Boosted OOD loss: -0.0318
2025-09-05 02:11:46,422 - INFO - Boosted OOD loss: -0.0494
2025-09-05 02:11:47,513 - INFO - Boosted OOD loss: -0.0582
2025-09-05 02:11:49,133 - INFO - Boosted OOD loss: -0.0487
2025-09-05 02:11:53,412 - INFO - Boosted OOD loss: -0.0807
2025-09-05 02:11:57,695 - INFO - Boosted OOD loss: -0.0419
2025-09-05 02:12:01,983 - WARNING - No anomaly pixels (254) found in batch
2025-09-05 02:12:03,588 - INFO - Boosted OOD loss: -0.0491
2025-09-05 02:12:04,141 - INFO - Boosted OOD loss: -0.0448
2025-09-05 02:12:08,416 - INFO - Boosted OOD loss: -0.0644
2025-09-05 02:12:14,279 - INFO - Boosted OOD loss: -0.0407
2025-09-05 02:12:15,890 - INFO - Boosted OOD loss: -0.0596
2025-09-05 02:12:20,703 - INFO - Boosted OOD loss: -0.0996
2025-09-05 02:12:24,981 - INFO - Boosted OOD loss: -0.0602
2025-09-05 02:12:30,334 - INFO - Boosted OOD loss: -0.0538
2025-09-05 02:12:33,542 - INFO - Boosted OOD loss: -0.0445
2025-09-05 02:12:37,825 - INFO - Boosted OOD loss: -0.0503
2025-09-05 02:12:39,972 - INFO - Boosted OOD loss: -0.0582
2025-09-05 02:12:40,524 - INFO - Boosted OOD loss: -0.0450
2025-09-05 02:12:43,208 - INFO - Boosted OOD loss: -0.1009
2025-09-05 02:12:44,291 - INFO - Boosted OOD loss: -0.0176
2025-09-05 02:12:45,916 - INFO - Boosted OOD loss: -0.0060
2025-09-05 02:12:52,321 - INFO - Boosted OOD loss: -0.0963
2025-09-05 02:12:53,401 - INFO - Boosted OOD loss: -0.0702
2025-09-05 02:12:55,546 - WARNING - No anomaly pixels (254) found in batch
2025-09-05 02:13:00,338 - INFO - Boosted OOD loss: -0.0495
2025-09-05 02:13:01,416 - INFO - Boosted OOD loss: -0.0419
2025-09-05 02:13:03,033 - INFO - Boosted OOD loss: -0.0630
2025-09-05 02:13:15,308 - INFO - Boosted OOD loss: -0.0909
2025-09-05 02:13:16,395 - INFO - Boosted OOD loss: -0.0361
2025-09-05 02:13:18,008 - INFO - Boosted OOD loss: -0.0898
2025-09-05 02:13:19,095 - INFO - Boosted OOD loss: -0.0537
2025-09-05 02:13:19,652 - INFO - Boosted OOD loss: -0.0355
2025-09-05 02:13:20,737 - INFO - Boosted OOD loss: -0.0766
2025-09-05 02:13:22,885 - INFO - Boosted OOD loss: -0.0705
2025-09-05 02:13:25,031 - INFO - Boosted OOD loss: -0.0480
2025-09-05 02:13:29,315 - INFO - Boosted OOD loss: -0.0420
2025-09-05 02:13:30,399 - INFO - Boosted OOD loss: -0.0382
2025-09-05 02:13:36,273 - INFO - Boosted OOD loss: -0.0485
2025-09-05 02:13:40,012 - INFO - Boosted OOD loss: -0.0605
2025-09-05 02:13:43,234 - INFO - Boosted OOD loss: -0.0729
2025-09-05 02:13:44,849 - INFO - Boosted OOD loss: -0.0307
2025-09-05 02:13:49,131 - INFO - Boosted OOD loss: -0.0393
2025-09-05 02:13:49,132 - INFO - Step 13200 Loss Debug:
2025-09-05 02:13:49,132 - INFO -  CE: 1.9280
2025-09-05 02:13:49,132 - INFO -  OOD: -0.0393
2025-09-05 02:13:49,132 - INFO -  β: 64.00
2025-09-05 02:13:49,132 - INFO -  ID: 4900, OOD(254): 279
2025-09-05 02:13:51,273 - INFO - Boosted OOD loss: -0.0394
2025-09-05 02:13:51,827 - INFO - Boosted OOD loss: -0.0449
2025-09-05 02:13:53,975 - INFO - Boosted OOD loss: -0.0664
2025-09-05 02:13:55,057 - INFO - Boosted OOD loss: -0.0367
2025-09-05 02:13:57,736 - INFO - Boosted OOD loss: -0.0367
2025-09-05 02:13:58,289 - INFO - Boosted OOD loss: -0.0638
2025-09-05 02:14:00,436 - INFO - Boosted OOD loss: -0.0573
2025-09-05 02:14:04,172 - INFO - Boosted OOD loss: -0.0486
2025-09-05 02:14:06,328 - INFO - Boosted OOD loss: -0.0041
2025-09-05 02:14:09,015 - INFO - Boosted OOD loss: -0.0660
2025-09-05 02:14:10,098 - INFO - Boosted OOD loss: -0.0640
2025-09-05 02:14:10,653 - INFO - Boosted OOD loss: -0.0146
2025-09-05 02:14:11,209 - INFO - Boosted OOD loss: -0.0436
2025-09-05 02:14:17,600 - INFO - Boosted OOD loss: -0.0536
2025-09-05 02:14:18,158 - INFO - Boosted OOD loss: -0.0848
2025-09-05 02:14:21,906 - INFO - Boosted OOD loss: -0.0406
2025-09-05 02:14:22,990 - INFO - Boosted OOD loss: -0.0727
2025-09-05 02:14:24,610 - INFO - Boosted OOD loss: -0.0543
2025-09-05 02:14:25,693 - INFO - Boosted OOD loss: -0.0326
2025-09-05 02:14:26,780 - INFO - Boosted OOD loss: -0.0688
2025-09-05 02:14:27,866 - INFO - Boosted OOD loss: -0.0475
2025-09-05 02:14:28,416 - INFO - Boosted OOD loss: -0.0304
2025-09-05 02:14:29,504 - INFO - Boosted OOD loss: -0.0539
2025-09-05 02:14:30,059 - INFO - Boosted OOD loss: -0.0605
2025-09-05 02:14:35,919 - INFO - Boosted OOD loss: -0.0314
2025-09-05 02:14:40,736 - INFO - Boosted OOD loss: -0.0289
2025-09-05 02:14:42,884 - INFO - Boosted OOD loss: -0.0925
2025-09-05 02:14:42,885 - INFO - Step 13300 Loss Debug:
2025-09-05 02:14:42,885 - INFO -  CE: 1.7250
2025-09-05 02:14:42,885 - INFO -  OOD: -0.0925
2025-09-05 02:14:42,885 - INFO -  β: 64.00
2025-09-05 02:14:42,885 - INFO -  ID: 7202, OOD(254): 132
2025-09-05 02:14:45,030 - INFO - Boosted OOD loss: -0.0582
2025-09-05 02:14:46,118 - INFO - Boosted OOD loss: -0.0106
2025-09-05 02:14:48,801 - INFO - Boosted OOD loss: -0.0525
2025-09-05 02:14:50,952 - INFO - Boosted OOD loss: -0.0252
2025-09-05 02:14:54,713 - INFO - Boosted OOD loss: -0.0943
2025-09-05 02:14:57,928 - INFO - Boosted OOD loss: -0.0483
2025-09-05 02:15:00,083 - INFO - Boosted OOD loss: -0.0340
2025-09-05 02:15:01,173 - INFO - Boosted OOD loss: -0.0302
2025-09-05 02:15:02,792 - INFO - Boosted OOD loss: -0.0359
2025-09-05 02:15:04,404 - INFO - Boosted OOD loss: -0.0529
2025-09-05 02:15:05,493 - INFO - Boosted OOD loss: -0.0518
2025-09-05 02:15:06,050 - INFO - Boosted OOD loss: -0.0503
2025-09-05 02:15:06,602 - INFO - Boosted OOD loss: -0.0822
2025-09-05 02:15:08,216 - INFO - Boosted OOD loss: -0.0605
2025-09-05 02:15:11,421 - INFO - Boosted OOD loss: -0.0340
2025-09-05 02:15:11,973 - INFO - Boosted OOD loss: -0.0346
2025-09-05 02:15:13,591 - INFO - Boosted OOD loss: -0.0355
2025-09-05 02:15:15,205 - INFO - Boosted OOD loss: -0.0835
2025-09-05 02:15:25,891 - INFO - Boosted OOD loss: -0.0209
2025-09-05 02:15:27,514 - INFO - Boosted OOD loss: -0.0475
2025-09-05 02:15:28,599 - INFO - Boosted OOD loss: -0.0668
2025-09-05 02:15:30,761 - INFO - Boosted OOD loss: -0.0027
2025-09-05 02:15:32,377 - INFO - Boosted OOD loss: -0.0266
2025-09-05 02:15:32,928 - INFO - Boosted OOD loss: -0.0574
2025-09-05 02:15:34,008 - INFO - Boosted OOD loss: -0.0562
2025-09-05 02:15:35,093 - INFO - Boosted OOD loss: -0.0566
2025-09-05 02:15:35,649 - INFO - Boosted OOD loss: -0.0548
2025-09-05 02:15:36,199 - INFO - Boosted OOD loss: -0.0585
2025-09-05 02:15:36,746 - WARNING - No anomaly pixels (254) found in batch
2025-09-05 02:15:37,820 - INFO - Boosted OOD loss: -0.0501
2025-09-05 02:15:41,029 - INFO - Boosted OOD loss: -0.0603
2025-09-05 02:15:43,181 - INFO - Boosted OOD loss: -0.0164
2025-09-05 02:15:43,746 - INFO - Boosted OOD loss: -0.0213
2025-09-05 02:15:44,299 - INFO - Boosted OOD loss: -0.0795
2025-09-05 02:15:46,445 - INFO - Boosted OOD loss: -0.0581
2025-09-05 02:15:46,993 - INFO - Boosted OOD loss: -0.0624
2025-09-05 02:15:47,553 - INFO - Boosted OOD loss: -0.0410
2025-09-05 02:15:48,641 - INFO - Boosted OOD loss: -0.0458
2025-09-05 02:15:52,389 - INFO - Boosted OOD loss: -0.0410
2025-09-05 02:15:56,130 - INFO - Boosted OOD loss: -0.0516
2025-09-05 02:15:58,285 - INFO - Boosted OOD loss: -0.0118
2025-09-05 02:16:03,113 - INFO - Boosted OOD loss: -0.0794
2025-09-05 02:16:06,851 - INFO - Boosted OOD loss: -0.0501
2025-09-05 02:16:13,276 - INFO - Boosted OOD loss: -0.0315
2025-09-05 02:16:14,897 - INFO - Boosted OOD loss: -0.0842
2025-09-05 02:16:15,978 - INFO - Boosted OOD loss: -0.0285
2025-09-05 02:16:16,532 - INFO - Boosted OOD loss: -0.0733
2025-09-05 02:16:17,080 - INFO - Boosted OOD loss: -0.0400
2025-09-05 02:16:17,639 - INFO - Boosted OOD loss: -0.0495
2025-09-05 02:16:23,514 - INFO - Boosted OOD loss: -0.0625
2025-09-05 02:16:24,601 - INFO - Boosted OOD loss: -0.0535
2025-09-05 02:16:25,687 - INFO - Boosted OOD loss: -0.0675
2025-09-05 02:16:26,242 - INFO - Boosted OOD loss: -0.0399
2025-09-05 02:16:27,326 - INFO - Boosted OOD loss: -0.0811
2025-09-05 02:16:27,876 - INFO - Boosted OOD loss: -0.0571
2025-09-05 02:16:30,550 - WARNING - No anomaly pixels (254) found in batch
2025-09-05 02:16:31,621 - INFO - Boosted OOD loss: -0.0242
2025-09-05 02:16:33,245 - INFO - Boosted OOD loss: -0.0532
2025-09-05 02:16:34,334 - INFO - Boosted OOD loss: -0.0237
2025-09-05 02:16:34,888 - INFO - Boosted OOD loss: -0.0821
2025-09-05 02:16:36,506 - INFO - Boosted OOD loss: -0.0645
2025-09-05 02:16:38,125 - INFO - Boosted OOD loss: -0.0674
2025-09-05 02:16:38,676 - INFO - Boosted OOD loss: -0.0527
2025-09-05 02:16:39,221 - INFO - Boosted OOD loss: -0.0918
2025-09-05 02:16:41,905 - INFO - Boosted OOD loss: -0.0806
2025-09-05 02:16:42,454 - INFO - Boosted OOD loss: -0.0637
2025-09-05 02:16:48,336 - INFO - Boosted OOD loss: -0.0742
2025-09-05 02:16:51,021 - INFO - Boosted OOD loss: -0.0154
2025-09-05 02:16:54,231 - INFO - Boosted OOD loss: -0.0574
2025-09-05 02:16:58,494 - INFO - Boosted OOD loss: -0.0630
2025-09-05 02:17:00,643 - INFO - Boosted OOD loss: -0.0598
2025-09-05 02:17:03,322 - INFO - Boosted OOD loss: -0.0438
2025-09-05 02:17:04,945 - INFO - Boosted OOD loss: -0.0629
2025-09-05 02:17:06,035 - INFO - Boosted OOD loss: -0.0459
2025-09-05 02:17:06,591 - INFO - Boosted OOD loss: -0.1068
2025-09-05 02:17:12,984 - INFO - Boosted OOD loss: -0.0485
2025-09-05 02:17:15,673 - INFO - Boosted OOD loss: -0.0525
2025-09-05 02:17:18,363 - INFO - Boosted OOD loss: -0.0497
2025-09-05 02:17:19,443 - INFO - Boosted OOD loss: -0.0173
2025-09-05 02:17:20,537 - INFO - Boosted OOD loss: -0.0733
2025-09-05 02:17:21,624 - INFO - Boosted OOD loss: -0.0108
2025-09-05 02:17:24,295 - WARNING - No anomaly pixels (254) found in batch
2025-09-05 02:17:24,834 - INFO - Boosted OOD loss: -0.0520
2025-09-05 02:17:25,390 - INFO - Boosted OOD loss: -0.0307
2025-09-05 02:17:32,321 - INFO - Boosted OOD loss: -0.0810
2025-09-05 02:17:32,872 - INFO - Boosted OOD loss: -0.0453
2025-09-05 02:17:34,491 - INFO - Boosted OOD loss: -0.0446
2025-09-05 02:17:37,186 - INFO - Boosted OOD loss: -0.0560
2025-09-05 02:17:37,737 - INFO - Boosted OOD loss: -0.0439
2025-09-05 02:17:40,419 - INFO - Boosted OOD loss: -0.0440
2025-09-05 02:17:49,498 - INFO - Boosted OOD loss: -0.0420
2025-09-05 02:17:50,053 - INFO - Boosted OOD loss: -0.0490
2025-09-05 02:17:51,682 - INFO - Boosted OOD loss: -0.0495
2025-09-05 02:17:54,894 - INFO - Boosted OOD loss: -0.0727
2025-09-05 02:17:56,512 - INFO - Boosted OOD loss: -0.0820
2025-09-05 02:17:58,663 - INFO - Boosted OOD loss: -0.0593
2025-09-05 02:18:02,941 - INFO - Boosted OOD loss: -0.0341
2025-09-05 02:18:04,563 - INFO - Boosted OOD loss: -0.0769
2025-09-05 02:18:05,645 - INFO - Boosted OOD loss: -0.0114
2025-09-05 02:18:07,260 - INFO - Boosted OOD loss: -0.0675
2025-09-05 02:18:08,877 - INFO - Boosted OOD loss: -0.0908
2025-09-05 02:18:14,225 - INFO - Boosted OOD loss: -0.0525
2025-09-05 02:18:16,377 - INFO - Boosted OOD loss: -0.0001
2025-09-05 02:18:17,468 - INFO - Boosted OOD loss: -0.0727
2025-09-05 02:18:18,013 - WARNING - No anomaly pixels (254) found in batch
2025-09-05 02:18:22,800 - INFO - Boosted OOD loss: -0.1075
2025-09-05 02:18:23,887 - INFO - Boosted OOD loss: -0.0908
2025-09-05 02:18:24,433 - INFO - Boosted OOD loss: -0.0913
2025-09-05 02:18:28,183 - INFO - Boosted OOD loss: -0.1038
2025-09-05 02:18:32,989 - INFO - Boosted OOD loss: -0.1261
2025-09-05 02:18:33,543 - INFO - Boosted OOD loss: -0.0495
2025-09-05 02:18:37,823 - INFO - Boosted OOD loss: -0.0580
2025-09-05 02:18:40,500 - INFO - Boosted OOD loss: -0.1063
2025-09-05 02:18:42,645 - INFO - Boosted OOD loss: -0.0377
2025-09-05 02:18:45,320 - INFO - Boosted OOD loss: -0.0387
2025-09-05 02:18:47,473 - INFO - Boosted OOD loss: -0.0510
2025-09-05 02:18:48,025 - INFO - Boosted OOD loss: -0.0759
2025-09-05 02:18:54,952 - INFO - Boosted OOD loss: -0.0307
2025-09-05 02:18:56,043 - INFO - Boosted OOD loss: -0.0460
2025-09-05 02:18:59,780 - INFO - Boosted OOD loss: -0.0647
2025-09-05 02:19:04,057 - INFO - Boosted OOD loss: -0.0670
2025-09-05 02:19:04,605 - INFO - Boosted OOD loss: -0.0682
2025-09-05 02:19:06,220 - INFO - Boosted OOD loss: -0.0380
2025-09-05 02:19:06,772 - INFO - Boosted OOD loss: -0.0670
2025-09-05 02:19:07,853 - INFO - Boosted OOD loss: -0.0297
2025-09-05 02:19:08,408 - INFO - Boosted OOD loss: -0.0588
2025-09-05 02:19:11,605 - WARNING - No anomaly pixels (254) found in batch
2025-09-05 02:19:12,148 - INFO - Boosted OOD loss: -0.0365
2025-09-05 02:19:15,349 - INFO - Boosted OOD loss: -0.0608
2025-09-05 02:19:23,891 - INFO - Boosted OOD loss: -0.0247
2025-09-05 02:19:24,441 - INFO - Boosted OOD loss: -0.0949
2025-09-05 02:19:29,808 - INFO - Boosted OOD loss: -0.0684
2025-09-05 02:19:30,899 - INFO - Boosted OOD loss: -0.0122
2025-09-05 02:19:32,514 - INFO - Boosted OOD loss: -0.0605
2025-09-05 02:19:38,391 - INFO - Boosted OOD loss: -0.0721
2025-09-05 02:19:38,392 - INFO - Step 13850 Loss Debug:
2025-09-05 02:19:38,392 - INFO -  CE: 2.2852
2025-09-05 02:19:38,392 - INFO -  OOD: -0.0721
2025-09-05 02:19:38,392 - INFO -  β: 64.00
2025-09-05 02:19:38,392 - INFO -  ID: 5985, OOD(254): 59
2025-09-05 02:19:41,073 - INFO - Boosted OOD loss: -0.0444
2025-09-05 02:19:44,824 - INFO - Boosted OOD loss: -0.0231
2025-09-05 02:19:45,374 - INFO - Boosted OOD loss: -0.0896
2025-09-05 02:19:45,929 - INFO - Boosted OOD loss: -0.0572
2025-09-05 02:19:52,336 - INFO - Boosted OOD loss: -0.0886
2025-09-05 02:19:53,422 - INFO - Boosted OOD loss: -0.0496
2025-09-05 02:19:56,094 - INFO - Boosted OOD loss: -0.0590
2025-09-05 02:19:58,765 - INFO - Boosted OOD loss: -0.0459
2025-09-05 02:19:59,319 - INFO - Boosted OOD loss: -0.0632
2025-09-05 02:20:05,185 - WARNING - No anomaly pixels (254) found in batch
2025-09-05 02:20:11,044 - INFO - Boosted OOD loss: -0.0362
2025-09-05 02:20:13,197 - INFO - Boosted OOD loss: -0.0736
2025-09-05 02:20:13,754 - INFO - Boosted OOD loss: -0.0304
2025-09-05 02:20:18,028 - INFO - Boosted OOD loss: -0.1007
2025-09-05 02:20:19,115 - INFO - Boosted OOD loss: -0.0673
2025-09-05 02:20:29,778 - INFO - Boosted OOD loss: -0.0536
2025-09-05 02:20:31,403 - INFO - Boosted OOD loss: -0.0323
2025-09-05 02:20:31,957 - INFO - Boosted OOD loss: -0.0598
2025-09-05 02:20:31,958 - INFO - Step 13950 Loss Debug:
2025-09-05 02:20:31,958 - INFO -  CE: 1.5217
2025-09-05 02:20:31,958 - INFO -  OOD: -0.0598
2025-09-05 02:20:31,958 - INFO -  β: 64.00
2025-09-05 02:20:31,958 - INFO -  ID: 7406, OOD(254): 69
2025-09-05 02:20:35,169 - INFO - Boosted OOD loss: -0.0611
2025-09-05 02:20:35,718 - INFO - Boosted OOD loss: -0.0585
2025-09-05 02:20:36,271 - INFO - Boosted OOD loss: -0.0581
2025-09-05 02:20:37,355 - INFO - Boosted OOD loss: -0.0779
2025-09-05 02:20:38,966 - INFO - Boosted OOD loss: -0.0445
2025-09-05 02:20:41,645 - INFO - Boosted OOD loss: -0.0593
2025-09-05 02:20:42,195 - INFO - Boosted OOD loss: -0.0543
2025-09-05 02:20:48,586 - INFO - Boosted OOD loss: -0.0636
2025-09-05 02:20:52,855 - INFO - Boosted OOD loss: -0.0505
2025-09-05 02:20:53,938 - INFO - Boosted OOD loss: -0.0757
2025-09-05 02:20:55,547 - INFO - Boosted OOD loss: -0.0928
2025-09-05 02:20:56,098 - INFO - Boosted OOD loss: -0.0673
2025-09-05 02:20:56,649 - INFO - Boosted OOD loss: -0.0243
2025-09-05 02:20:57,204 - INFO - Boosted OOD loss: -0.0560
2025-09-05 02:20:58,822 - INFO - Boosted OOD loss: -0.0518
2025-09-05 02:20:58,822 - INFO - Step 14000 Loss Debug:
2025-09-05 02:20:58,822 - INFO -  CE: 1.5914
2025-09-05 02:20:58,822 - INFO -  OOD: -0.0518
2025-09-05 02:20:58,822 - INFO -  β: 64.00
2025-09-05 02:20:58,822 - INFO -  ID: 5803, OOD(254): 376
2025-09-05 02:20:59,906 - INFO - Boosted OOD loss: -0.0071
2025-09-05 02:21:00,996 - INFO - Boosted OOD loss: -0.0478
2025-09-05 02:21:02,082 - INFO - Boosted OOD loss: -0.0307
2025-09-05 02:21:03,702 - INFO - Boosted OOD loss: -0.0534
2025-09-05 02:21:07,454 - INFO - Boosted OOD loss: -0.0236
2025-09-05 02:21:08,538 - INFO - Boosted OOD loss: -0.0676
2025-09-05 02:21:11,222 - INFO - Boosted OOD loss: -0.0240
2025-09-05 02:21:12,843 - INFO - Boosted OOD loss: -0.0250
2025-09-05 02:21:19,258 - INFO - Boosted OOD loss: -0.0832
2025-09-05 02:21:20,344 - INFO - Boosted OOD loss: -0.0833
2025-09-05 02:21:22,497 - INFO - Boosted OOD loss: -0.0565
2025-09-05 02:21:26,777 - INFO - Boosted OOD loss: -0.0008
2025-09-05 02:21:29,456 - INFO - Boosted OOD loss: -0.0301
2025-09-05 02:21:36,386 - INFO - Boosted OOD loss: -0.0561
2025-09-05 02:21:38,536 - INFO - Boosted OOD loss: -0.0475
2025-09-05 02:21:42,276 - INFO - Boosted OOD loss: -0.0827
2025-09-05 02:21:43,902 - INFO - Boosted OOD loss: -0.0473
2025-09-05 02:21:44,458 - INFO - Boosted OOD loss: -0.0923
2025-09-05 02:21:48,196 - INFO - Boosted OOD loss: -0.0610
2025-09-05 02:21:49,278 - INFO - Boosted OOD loss: -0.0500
2025-09-05 02:21:50,368 - INFO - Boosted OOD loss: -0.0312
2025-09-05 02:21:50,921 - INFO - Boosted OOD loss: -0.0729
2025-09-05 02:21:52,011 - INFO - Boosted OOD loss: -0.0879
2025-09-05 02:21:52,560 - INFO - Boosted OOD loss: -0.0605
2025-09-05 02:21:52,560 - INFO - Step 14100 Loss Debug:
2025-09-05 02:21:52,560 - INFO -  CE: 1.9779
2025-09-05 02:21:52,561 - INFO -  OOD: -0.0605
2025-09-05 02:21:52,561 - INFO -  β: 64.00
2025-09-05 02:21:52,561 - INFO -  ID: 5822, OOD(254): 8
2025-09-05 02:21:58,430 - INFO - Boosted OOD loss: -0.0281
2025-09-05 02:21:59,513 - INFO - Boosted OOD loss: -0.0437
2025-09-05 02:22:00,067 - INFO - Boosted OOD loss: -0.0533
2025-09-05 02:22:02,739 - INFO - Boosted OOD loss: -0.0708
2025-09-05 02:22:03,821 - INFO - Boosted OOD loss: -0.0607
2025-09-05 02:22:10,223 - INFO - Boosted OOD loss: -0.0138
2025-09-05 02:22:11,304 - INFO - Boosted OOD loss: -0.0755
2025-09-05 02:22:11,855 - INFO - Boosted OOD loss: -0.0513
2025-09-05 02:22:13,469 - INFO - Boosted OOD loss: -0.0591
2025-09-05 02:22:19,873 - INFO - Boosted OOD loss: -0.0176
2025-09-05 02:22:23,618 - INFO - Boosted OOD loss: -0.0652
2025-09-05 02:22:30,027 - INFO - Boosted OOD loss: -0.0679
2025-09-05 02:22:31,109 - INFO - Boosted OOD loss: -0.0502
2025-09-05 02:22:35,915 - INFO - Boosted OOD loss: -0.0850
2025-09-05 02:22:42,314 - INFO - Boosted OOD loss: -0.0622
2025-09-05 02:22:46,067 - INFO - Boosted OOD loss: -0.0461
2025-09-05 02:22:46,068 - INFO - Step 14200 Loss Debug:
2025-09-05 02:22:46,068 - INFO -  CE: 3.6467
2025-09-05 02:22:46,068 - INFO -  OOD: -0.0461
2025-09-05 02:22:46,068 - INFO -  β: 64.00
2025-09-05 02:22:46,068 - INFO -  ID: 7025, OOD(254): 337
2025-09-05 02:22:50,340 - INFO - Boosted OOD loss: -0.0178
2025-09-05 02:22:50,892 - INFO - Boosted OOD loss: -0.0637
2025-09-05 02:22:54,110 - INFO - Boosted OOD loss: -0.0695
2025-09-05 02:22:54,671 - INFO - Boosted OOD loss: -0.0227
2025-09-05 02:22:55,223 - INFO - Boosted OOD loss: -0.0347
2025-09-05 02:22:59,506 - INFO - Boosted OOD loss: -0.0456
2025-09-05 02:23:00,064 - INFO - Boosted OOD loss: -0.0689
2025-09-05 02:23:04,873 - INFO - Boosted OOD loss: -0.0839
2025-09-05 02:23:05,953 - INFO - Boosted OOD loss: -0.0721
2025-09-05 02:23:09,170 - INFO - Boosted OOD loss: -0.0559
2025-09-05 02:23:10,255 - INFO - Boosted OOD loss: -0.0352
2025-09-05 02:23:10,809 - INFO - Boosted OOD loss: -0.0769
2025-09-05 02:23:11,892 - INFO - Boosted OOD loss: -0.0461
2025-09-05 02:23:13,512 - INFO - Boosted OOD loss: -0.0745
2025-09-05 02:23:15,708 - INFO - Updated beta to 14.65 (exp decay)
2025-09-05 02:23:17,108 - WARNING - Negative mean energy—verify E_b formula/signs
2025-09-05 02:23:17,109 - INFO - Weights updated successfully
2025-09-05 02:23:17,109 - INFO - Advanced epoch 8 - Updated beta: 14.65
2025-09-05 02:23:17,110 - INFO - Epoch 8 - Avg CE: 1.8306, Avg OOD: -0.0111, β: 64
2025-09-05 02:23:17,227 - INFO - 
Starting Epoch 9/100
2025-09-05 02:23:17,227 - INFO - ============================================================
2025-09-05 02:23:17,228 - INFO - 
Updating Hopfield boosting weights at epoch 9...
2025-09-05 02:23:18,628 - WARNING - Negative mean energy—verify E_b formula/signs
2025-09-05 02:23:18,629 - INFO - Weights updated successfully
2025-09-05 02:23:18,629 - INFO - Weight Update Debug at Epoch 9: No high-weight OOD pixels found
2025-09-05 02:23:25,557 - INFO - Boosted OOD loss: -0.1075
2025-09-05 02:23:26,634 - INFO - Boosted OOD loss: -0.0497
2025-09-05 02:23:28,775 - INFO - Boosted OOD loss: -0.0815
2025-09-05 02:23:31,448 - INFO - Boosted OOD loss: -0.0421
2025-09-05 02:23:32,533 - INFO - Boosted OOD loss: -0.0537
2025-09-05 02:23:33,082 - INFO - Boosted OOD loss: -0.0622
2025-09-05 02:23:38,428 - INFO - Boosted OOD loss: -0.0525
2025-09-05 02:23:38,984 - INFO - Boosted OOD loss: -0.0907
2025-09-05 02:23:41,129 - INFO - Boosted OOD loss: -0.0550
2025-09-05 02:23:42,212 - INFO - Boosted OOD loss: -0.1105
2025-09-05 02:23:42,765 - INFO - Boosted OOD loss: -0.0505
2025-09-05 02:23:43,312 - WARNING - No anomaly pixels (254) found in batch
2025-09-05 02:23:47,572 - INFO - Boosted OOD loss: -0.0442
2025-09-05 02:23:50,270 - INFO - Boosted OOD loss: -0.0658
2025-09-05 02:23:50,825 - INFO - Boosted OOD loss: -0.1142
2025-09-05 02:23:51,382 - INFO - Boosted OOD loss: -0.0562
2025-09-05 02:23:53,003 - INFO - Boosted OOD loss: -0.0301
2025-09-05 02:23:55,695 - INFO - Boosted OOD loss: -0.0829
2025-09-05 02:23:56,243 - INFO - Boosted OOD loss: -0.0872
2025-09-05 02:23:57,334 - INFO - Boosted OOD loss: -0.0547
2025-09-05 02:24:00,021 - INFO - Boosted OOD loss: -0.0324
2025-09-05 02:24:01,641 - INFO - Boosted OOD loss: -0.0737
2025-09-05 02:24:03,799 - INFO - Boosted OOD loss: -0.0573
2025-09-05 02:24:04,353 - INFO - Boosted OOD loss: -0.0821
2025-09-05 02:24:04,903 - INFO - Boosted OOD loss: -0.0543
2025-09-05 02:24:05,987 - INFO - Boosted OOD loss: -0.0379
2025-09-05 02:24:08,664 - INFO - Boosted OOD loss: -0.0659
2025-09-05 02:24:11,348 - INFO - Boosted OOD loss: -0.1120
2025-09-05 02:24:11,898 - INFO - Boosted OOD loss: -0.0429
2025-09-05 02:24:17,252 - INFO - Boosted OOD loss: 0.0009
2025-09-05 02:24:19,933 - INFO - Boosted OOD loss: -0.0809
2025-09-05 02:24:20,486 - INFO - Boosted OOD loss: -0.0532
2025-09-05 02:24:21,035 - INFO - Boosted OOD loss: -0.1034
2025-09-05 02:24:22,124 - INFO - Boosted OOD loss: -0.0445
2025-09-05 02:24:22,675 - INFO - Boosted OOD loss: -0.0390
2025-09-05 02:24:28,018 - INFO - Boosted OOD loss: -0.0663
2025-09-05 02:24:29,102 - INFO - Boosted OOD loss: -0.0377
2025-09-05 02:24:29,661 - INFO - Boosted OOD loss: -0.0854
2025-09-05 02:24:37,126 - INFO - Boosted OOD loss: -0.0590
2025-09-05 02:24:37,126 - INFO - Step 14400 Loss Debug:
2025-09-05 02:24:37,127 - INFO -  CE: 2.2362
2025-09-05 02:24:37,127 - INFO -  OOD: -0.0590
2025-09-05 02:24:37,127 - INFO -  β: 64.00
2025-09-05 02:24:37,127 - INFO -  ID: 7082, OOD(254): 137
2025-09-05 02:24:38,212 - INFO - Boosted OOD loss: -0.0167
2025-09-05 02:24:41,430 - INFO - Boosted OOD loss: -0.0591
2025-09-05 02:24:44,122 - INFO - Boosted OOD loss: -0.0164
2025-09-05 02:24:46,279 - INFO - Boosted OOD loss: -0.0481
2025-09-05 02:24:49,497 - INFO - Boosted OOD loss: -0.0605
2025-09-05 02:24:50,051 - INFO - Boosted OOD loss: -0.0396
2025-09-05 02:24:52,199 - INFO - Boosted OOD loss: -0.0579
2025-09-05 02:24:53,284 - INFO - Boosted OOD loss: -0.0380
2025-09-05 02:24:53,840 - INFO - Boosted OOD loss: -0.0535
2025-09-05 02:24:54,394 - INFO - Boosted OOD loss: -0.0557
2025-09-05 02:24:57,069 - INFO - Boosted OOD loss: -0.0808
2025-09-05 02:25:03,490 - INFO - Boosted OOD loss: -0.0573
2025-09-05 02:25:05,101 - INFO - Boosted OOD loss: -0.0524
2025-09-05 02:25:06,719 - INFO - Boosted OOD loss: -0.0380
2025-09-05 02:25:07,271 - INFO - Boosted OOD loss: -0.0742
2025-09-05 02:25:08,365 - INFO - Boosted OOD loss: -0.0387
2025-09-05 02:25:12,113 - INFO - Boosted OOD loss: -0.0352
2025-09-05 02:25:13,742 - INFO - Boosted OOD loss: -0.0377
2025-09-05 02:25:20,142 - INFO - Boosted OOD loss: -0.0755
2025-09-05 02:25:24,412 - INFO - Boosted OOD loss: -0.0752
2025-09-05 02:25:26,562 - INFO - Boosted OOD loss: -0.0722
2025-09-05 02:25:27,122 - INFO - Boosted OOD loss: -0.0359
2025-09-05 02:25:29,274 - INFO - Boosted OOD loss: -0.0885
2025-09-05 02:25:29,826 - INFO - Boosted OOD loss: -0.0810
2025-09-05 02:25:30,905 - WARNING - No anomaly pixels (254) found in batch
2025-09-05 02:25:38,900 - INFO - Boosted OOD loss: -0.0152
2025-09-05 02:25:43,193 - INFO - Boosted OOD loss: -0.0621
2025-09-05 02:25:44,809 - INFO - Boosted OOD loss: -0.0751
2025-09-05 02:25:45,893 - INFO - Boosted OOD loss: -0.0579
2025-09-05 02:25:50,173 - INFO - Boosted OOD loss: -0.0493
2025-09-05 02:25:51,792 - INFO - Boosted OOD loss: -0.0468
2025-09-05 02:25:54,474 - INFO - Boosted OOD loss: -0.0659
2025-09-05 02:25:55,024 - INFO - Boosted OOD loss: -0.0653
2025-09-05 02:25:56,647 - INFO - Boosted OOD loss: -0.0550
2025-09-05 02:26:00,397 - INFO - Boosted OOD loss: -0.0254
2025-09-05 02:26:02,026 - INFO - Boosted OOD loss: -0.0178
2025-09-05 02:26:06,316 - INFO - Boosted OOD loss: -0.1245
2025-09-05 02:26:07,940 - INFO - Boosted OOD loss: -0.0152
2025-09-05 02:26:10,631 - INFO - Boosted OOD loss: -0.0839
2025-09-05 02:26:12,248 - INFO - Boosted OOD loss: -0.0598
2025-09-05 02:26:15,463 - INFO - Boosted OOD loss: -0.0431
2025-09-05 02:26:16,018 - INFO - Boosted OOD loss: -0.0691
2025-09-05 02:26:16,579 - INFO - Boosted OOD loss: -0.0532
2025-09-05 02:26:21,386 - INFO - Boosted OOD loss: -0.0431
2025-09-05 02:26:22,997 - INFO - Boosted OOD loss: -0.0281
2025-09-05 02:26:24,606 - INFO - Boosted OOD loss: -0.1097
2025-09-05 02:26:24,607 - INFO - Step 14600 Loss Debug:
2025-09-05 02:26:24,607 - INFO -  CE: 1.4360
2025-09-05 02:26:24,607 - INFO -  OOD: -0.1097
2025-09-05 02:26:24,607 - INFO -  β: 64.00
2025-09-05 02:26:24,607 - INFO -  ID: 7682, OOD(254): 84
2025-09-05 02:26:25,694 - INFO - Boosted OOD loss: -0.0624
2025-09-05 02:26:27,312 - INFO - Boosted OOD loss: -0.0654
2025-09-05 02:26:30,523 - INFO - Boosted OOD loss: -0.0678
2025-09-05 02:26:32,139 - INFO - Boosted OOD loss: -0.0584
2025-09-05 02:26:32,692 - INFO - Boosted OOD loss: -0.0581
2025-09-05 02:26:34,308 - INFO - Boosted OOD loss: -0.0740
2025-09-05 02:26:36,975 - INFO - Boosted OOD loss: -0.0596
2025-09-05 02:26:38,066 - INFO - Boosted OOD loss: -0.0250
2025-09-05 02:26:42,340 - INFO - Boosted OOD loss: -0.0842
2025-09-05 02:26:42,895 - INFO - Boosted OOD loss: -0.0817
2025-09-05 02:26:48,238 - INFO - Boosted OOD loss: -0.0077
2025-09-05 02:26:49,864 - INFO - Boosted OOD loss: -0.0765
2025-09-05 02:26:50,416 - INFO - Boosted OOD loss: -0.0221
2025-09-05 02:26:52,577 - INFO - Boosted OOD loss: -0.0314
2025-09-05 02:26:55,809 - INFO - Boosted OOD loss: -0.0182
2025-09-05 02:26:56,906 - INFO - Boosted OOD loss: -0.0591
2025-09-05 02:26:57,988 - INFO - Boosted OOD loss: -0.0681
2025-09-05 02:27:04,407 - INFO - Boosted OOD loss: -0.0605
2025-09-05 02:27:05,491 - INFO - Boosted OOD loss: -0.0318
2025-09-05 02:27:06,050 - INFO - Boosted OOD loss: -0.0021
2025-09-05 02:27:11,934 - INFO - Boosted OOD loss: -0.0268
2025-09-05 02:27:14,096 - INFO - Boosted OOD loss: -0.0493
2025-09-05 02:27:18,370 - WARNING - No anomaly pixels (254) found in batch
2025-09-05 02:27:21,575 - INFO - Boosted OOD loss: -0.0443
2025-09-05 02:27:24,261 - INFO - Boosted OOD loss: -0.0600
2025-09-05 02:27:27,474 - INFO - Boosted OOD loss: -0.0601
2025-09-05 02:27:31,217 - INFO - Boosted OOD loss: -0.0741
2025-09-05 02:27:33,368 - INFO - Boosted OOD loss: -0.0193
2025-09-05 02:27:35,523 - INFO - Boosted OOD loss: -0.0452
2025-09-05 02:27:37,137 - INFO - Boosted OOD loss: -0.0405
2025-09-05 02:27:40,355 - INFO - Boosted OOD loss: -0.0782
2025-09-05 02:27:43,029 - INFO - Boosted OOD loss: -0.0397
2025-09-05 02:27:44,653 - INFO - Boosted OOD loss: -0.0478
2025-09-05 02:27:46,274 - INFO - Boosted OOD loss: -0.0489
2025-09-05 02:27:46,825 - INFO - Boosted OOD loss: -0.0136
2025-09-05 02:27:54,827 - INFO - Boosted OOD loss: -0.0426
2025-09-05 02:28:01,231 - INFO - Boosted OOD loss: -0.0149
2025-09-05 02:28:07,113 - INFO - Boosted OOD loss: -0.0098
2025-09-05 02:28:10,336 - INFO - Boosted OOD loss: -0.0535
2025-09-05 02:28:11,946 - WARNING - No anomaly pixels (254) found in batch
2025-09-05 02:28:14,616 - INFO - Boosted OOD loss: -0.0179
2025-09-05 02:28:15,179 - INFO - Boosted OOD loss: -0.0319
2025-09-05 02:28:16,271 - INFO - Boosted OOD loss: -0.0193
2025-09-05 02:28:16,826 - INFO - Boosted OOD loss: -0.0715
2025-09-05 02:28:17,908 - INFO - Boosted OOD loss: -0.0456
2025-09-05 02:28:18,998 - INFO - Boosted OOD loss: -0.0499
2025-09-05 02:28:20,091 - INFO - Boosted OOD loss: -0.0309
2025-09-05 02:28:23,313 - INFO - Boosted OOD loss: -0.0906
2025-09-05 02:28:24,938 - INFO - Boosted OOD loss: -0.0191
2025-09-05 02:28:30,296 - INFO - Boosted OOD loss: -0.0499
2025-09-05 02:28:35,631 - INFO - Boosted OOD loss: -0.0832
2025-09-05 02:28:39,922 - INFO - Boosted OOD loss: -0.0325
2025-09-05 02:28:41,006 - INFO - Boosted OOD loss: -0.0556
2025-09-05 02:28:46,894 - INFO - Boosted OOD loss: -0.0687
2025-09-05 02:28:52,767 - INFO - Boosted OOD loss: -0.1001
2025-09-05 02:28:53,850 - INFO - Boosted OOD loss: -0.0446
2025-09-05 02:28:54,934 - INFO - Boosted OOD loss: -0.0295
2025-09-05 02:28:56,554 - INFO - Boosted OOD loss: -0.0603
2025-09-05 02:29:00,303 - INFO - Boosted OOD loss: -0.0390
2025-09-05 02:29:04,056 - INFO - Boosted OOD loss: -0.0881
2025-09-05 02:29:05,667 - WARNING - No anomaly pixels (254) found in batch
2025-09-05 02:29:07,803 - INFO - Boosted OOD loss: -0.0870
2025-09-05 02:29:11,012 - INFO - Boosted OOD loss: -0.0635
2025-09-05 02:29:12,097 - INFO - Boosted OOD loss: -0.0658
2025-09-05 02:29:13,714 - INFO - Boosted OOD loss: -0.0493
2025-09-05 02:29:16,922 - INFO - Boosted OOD loss: -0.1294
2025-09-05 02:29:19,600 - INFO - Boosted OOD loss: -0.0489
2025-09-05 02:29:20,686 - INFO - Boosted OOD loss: -0.0736
2025-09-05 02:29:22,827 - INFO - Boosted OOD loss: -0.0212
2025-09-05 02:29:27,646 - INFO - Boosted OOD loss: 0.0008
2025-09-05 02:29:33,000 - INFO - Boosted OOD loss: -0.0706
2025-09-05 02:29:36,746 - INFO - Boosted OOD loss: -0.0432
2025-09-05 02:29:38,897 - INFO - Boosted OOD loss: -0.0577
2025-09-05 02:29:40,517 - INFO - Boosted OOD loss: -0.0554
2025-09-05 02:29:43,743 - INFO - Boosted OOD loss: -0.0842
2025-09-05 02:29:49,636 - INFO - Boosted OOD loss: -0.0190
2025-09-05 02:29:51,252 - INFO - Boosted OOD loss: -0.0358
2025-09-05 02:29:52,344 - INFO - Boosted OOD loss: -0.0513
2025-09-05 02:29:53,956 - INFO - Boosted OOD loss: -0.0644
2025-09-05 02:29:56,106 - INFO - Boosted OOD loss: -0.0653
2025-09-05 02:29:56,653 - INFO - Boosted OOD loss: -0.0696
2025-09-05 02:29:58,270 - INFO - Boosted OOD loss: -0.0538
2025-09-05 02:29:59,348 - WARNING - No anomaly pixels (254) found in batch
2025-09-05 02:30:00,952 - INFO - Boosted OOD loss: -0.0262
2025-09-05 02:30:01,505 - INFO - Boosted OOD loss: -0.0512
2025-09-05 02:30:03,120 - INFO - Boosted OOD loss: -0.0477
2025-09-05 02:30:05,791 - INFO - Boosted OOD loss: -0.0586
2025-09-05 02:30:06,878 - INFO - Boosted OOD loss: -0.0798
2025-09-05 02:30:10,088 - INFO - Boosted OOD loss: -0.0478
2025-09-05 02:30:11,709 - INFO - Boosted OOD loss: -0.0365
2025-09-05 02:30:12,259 - INFO - Boosted OOD loss: -0.0720
2025-09-05 02:30:14,408 - INFO - Boosted OOD loss: -0.0454
2025-09-05 02:30:15,498 - INFO - Boosted OOD loss: 0.0028
2025-09-05 02:30:20,321 - INFO - Boosted OOD loss: -0.0381
2025-09-05 02:30:21,411 - INFO - Boosted OOD loss: -0.0402
2025-09-05 02:30:22,496 - INFO - Boosted OOD loss: -0.0463
2025-09-05 02:30:23,590 - INFO - Boosted OOD loss: -0.0549
2025-09-05 02:30:26,275 - INFO - Boosted OOD loss: -0.0690
2025-09-05 02:30:26,275 - INFO - Step 15050 Loss Debug:
2025-09-05 02:30:26,276 - INFO -  CE: 1.2382
2025-09-05 02:30:26,276 - INFO -  OOD: -0.0690
2025-09-05 02:30:26,276 - INFO -  β: 64.00
2025-09-05 02:30:26,276 - INFO -  ID: 6693, OOD(254): 1444
2025-09-05 02:30:28,963 - INFO - Boosted OOD loss: -0.0799
2025-09-05 02:30:31,108 - INFO - Boosted OOD loss: -0.0466
2025-09-05 02:30:33,258 - INFO - Boosted OOD loss: -0.0612
2025-09-05 02:30:38,600 - INFO - Boosted OOD loss: -0.0739
2025-09-05 02:30:47,667 - INFO - Boosted OOD loss: -0.0575
2025-09-05 02:30:48,223 - INFO - Boosted OOD loss: -0.0201
2025-09-05 02:30:49,843 - INFO - Boosted OOD loss: -0.0635
2025-09-05 02:30:53,054 - WARNING - No anomaly pixels (254) found in batch
2025-09-05 02:30:53,586 - INFO - Boosted OOD loss: -0.0447
2025-09-05 02:30:54,138 - INFO - Boosted OOD loss: -0.0406
2025-09-05 02:30:55,224 - INFO - Boosted OOD loss: -0.0601
2025-09-05 02:30:55,774 - INFO - Boosted OOD loss: -0.0664
2025-09-05 02:30:58,987 - INFO - Boosted OOD loss: -0.0479
2025-09-05 02:31:01,664 - INFO - Boosted OOD loss: -0.0559
2025-09-05 02:31:04,335 - INFO - Boosted OOD loss: -0.0642
2025-09-05 02:31:07,543 - INFO - Boosted OOD loss: -0.0900
2025-09-05 02:31:08,096 - INFO - Boosted OOD loss: 0.0001
2025-09-05 02:31:09,180 - INFO - Boosted OOD loss: -0.0625
2025-09-05 02:31:12,405 - INFO - Boosted OOD loss: -0.0244
2025-09-05 02:31:13,489 - INFO - Boosted OOD loss: -0.0700
2025-09-05 02:31:14,579 - INFO - Boosted OOD loss: -0.0572
2025-09-05 02:31:17,781 - INFO - Boosted OOD loss: -0.0477
2025-09-05 02:31:18,332 - INFO - Boosted OOD loss: -0.0372
2025-09-05 02:31:19,950 - INFO - Boosted OOD loss: -0.0205
2025-09-05 02:31:19,950 - INFO - Step 15150 Loss Debug:
2025-09-05 02:31:19,950 - INFO -  CE: 1.3804
2025-09-05 02:31:19,950 - INFO -  OOD: -0.0205
2025-09-05 02:31:19,951 - INFO -  β: 64.00
2025-09-05 02:31:19,951 - INFO -  ID: 4591, OOD(254): 404
2025-09-05 02:31:21,037 - INFO - Boosted OOD loss: -0.0305
2025-09-05 02:31:21,590 - INFO - Boosted OOD loss: -0.0554
2025-09-05 02:31:24,260 - INFO - Boosted OOD loss: -0.0541
2025-09-05 02:31:25,873 - INFO - Boosted OOD loss: -0.0273
2025-09-05 02:31:26,429 - INFO - Boosted OOD loss: -0.0268
2025-09-05 02:31:26,979 - INFO - Boosted OOD loss: -0.0983
2025-09-05 02:31:29,127 - INFO - Boosted OOD loss: -0.0480
2025-09-05 02:31:30,207 - INFO - Boosted OOD loss: -0.0543
2025-09-05 02:31:35,010 - INFO - Boosted OOD loss: -0.0607
2025-09-05 02:31:37,682 - INFO - Boosted OOD loss: -0.0142
2025-09-05 02:31:39,827 - INFO - Boosted OOD loss: -0.0680
2025-09-05 02:31:42,515 - INFO - Boosted OOD loss: -0.0437
2025-09-05 02:31:44,664 - INFO - Boosted OOD loss: -0.0559
2025-09-05 02:31:45,221 - INFO - Boosted OOD loss: -0.0266
2025-09-05 02:31:46,834 - WARNING - No anomaly pixels (254) found in batch
2025-09-05 02:31:55,884 - INFO - Boosted OOD loss: -0.0720
2025-09-05 02:31:56,435 - INFO - Boosted OOD loss: -0.0735
2025-09-05 02:31:58,052 - INFO - Boosted OOD loss: -0.0378
2025-09-05 02:31:59,140 - INFO - Boosted OOD loss: -0.0775
2025-09-05 02:32:08,746 - INFO - Boosted OOD loss: -0.0250
2025-09-05 02:32:14,094 - INFO - Boosted OOD loss: -0.0519
2025-09-05 02:32:17,845 - INFO - Boosted OOD loss: -0.0179
2025-09-05 02:32:18,400 - INFO - Boosted OOD loss: -0.0427
2025-09-05 02:32:20,548 - INFO - Boosted OOD loss: -0.0917
2025-09-05 02:32:21,102 - INFO - Boosted OOD loss: -0.0018
2025-09-05 02:32:24,847 - INFO - Boosted OOD loss: -0.0582
2025-09-05 02:32:25,402 - INFO - Boosted OOD loss: -0.0222
2025-09-05 02:32:27,025 - INFO - Boosted OOD loss: -0.0401
2025-09-05 02:32:28,113 - INFO - Boosted OOD loss: -0.0227
2025-09-05 02:32:29,199 - INFO - Boosted OOD loss: -0.0518
2025-09-05 02:32:32,415 - INFO - Boosted OOD loss: -0.0524
2025-09-05 02:32:33,502 - INFO - Boosted OOD loss: -0.0662
2025-09-05 02:32:34,589 - INFO - Boosted OOD loss: -0.0125
2025-09-05 02:32:35,149 - INFO - Boosted OOD loss: -0.0092
2025-09-05 02:32:36,234 - INFO - Boosted OOD loss: -0.0240
2025-09-05 02:32:37,325 - INFO - Boosted OOD loss: -0.0699
2025-09-05 02:32:40,531 - WARNING - No anomaly pixels (254) found in batch
2025-09-05 02:32:43,201 - INFO - Boosted OOD loss: -0.0333
2025-09-05 02:32:45,354 - INFO - Boosted OOD loss: -0.0302
2025-09-05 02:32:48,030 - INFO - Boosted OOD loss: -0.0398
2025-09-05 02:32:50,709 - INFO - Boosted OOD loss: -0.0460
2025-09-05 02:32:57,107 - INFO - Boosted OOD loss: -0.0570
2025-09-05 02:32:58,720 - INFO - Boosted OOD loss: -0.0548
2025-09-05 02:33:05,132 - INFO - Boosted OOD loss: -0.0634
2025-09-05 02:33:05,683 - INFO - Boosted OOD loss: -0.0429
2025-09-05 02:33:07,304 - INFO - Boosted OOD loss: -0.0601
2025-09-05 02:33:07,304 - INFO - Step 15350 Loss Debug:
2025-09-05 02:33:07,304 - INFO -  CE: 1.8217
2025-09-05 02:33:07,304 - INFO -  OOD: -0.0601
2025-09-05 02:33:07,304 - INFO -  β: 64.00
2025-09-05 02:33:07,304 - INFO -  ID: 7962, OOD(254): 30
2025-09-05 02:33:14,237 - INFO - Boosted OOD loss: -0.0516
2025-09-05 02:33:14,791 - INFO - Boosted OOD loss: -0.0672
2025-09-05 02:33:15,341 - INFO - Boosted OOD loss: -0.0445
2025-09-05 02:33:15,897 - INFO - Boosted OOD loss: -0.0798
2025-09-05 02:33:16,454 - INFO - Boosted OOD loss: -0.0401
2025-09-05 02:33:21,254 - INFO - Boosted OOD loss: -0.0715
2025-09-05 02:33:22,869 - INFO - Boosted OOD loss: -0.0143
2025-09-05 02:33:27,688 - INFO - Boosted OOD loss: -0.0429
2025-09-05 02:33:28,241 - INFO - Boosted OOD loss: -0.0320
2025-09-05 02:33:31,997 - INFO - Boosted OOD loss: -0.0336
2025-09-05 02:33:32,551 - INFO - Boosted OOD loss: -0.0314
2025-09-05 02:33:33,640 - INFO - Boosted OOD loss: -0.0748
2025-09-05 02:33:34,184 - WARNING - No anomaly pixels (254) found in batch
2025-09-05 02:33:38,979 - INFO - Boosted OOD loss: -0.0319
2025-09-05 02:33:44,330 - INFO - Boosted OOD loss: -0.0452
2025-09-05 02:33:45,951 - INFO - Boosted OOD loss: -0.0405
2025-09-05 02:33:49,169 - INFO - Boosted OOD loss: -0.0696
2025-09-05 02:33:50,256 - INFO - Boosted OOD loss: -0.0292
2025-09-05 02:33:53,483 - INFO - Boosted OOD loss: -0.0376
2025-09-05 02:33:56,175 - INFO - Boosted OOD loss: -0.0304
2025-09-05 02:34:00,980 - INFO - Boosted OOD loss: -0.0060
2025-09-05 02:34:00,981 - INFO - Step 15450 Loss Debug:
2025-09-05 02:34:00,981 - INFO -  CE: 1.7635
2025-09-05 02:34:00,981 - INFO -  OOD: -0.0060
2025-09-05 02:34:00,981 - INFO -  β: 64.00
2025-09-05 02:34:00,981 - INFO -  ID: 6823, OOD(254): 828
2025-09-05 02:34:04,194 - INFO - Boosted OOD loss: -0.0493
2025-09-05 02:34:05,804 - INFO - Boosted OOD loss: -0.0466
2025-09-05 02:34:07,423 - INFO - Boosted OOD loss: -0.0623
2025-09-05 02:34:09,039 - INFO - Boosted OOD loss: -0.0247
2025-09-05 02:34:10,658 - INFO - Boosted OOD loss: -0.0585
2025-09-05 02:34:12,802 - INFO - Boosted OOD loss: -0.0790
2025-09-05 02:34:13,356 - INFO - Boosted OOD loss: -0.0554
2025-09-05 02:34:18,159 - INFO - Boosted OOD loss: -0.0812
2025-09-05 02:34:24,560 - INFO - Boosted OOD loss: -0.0643
2025-09-05 02:34:27,772 - WARNING - No anomaly pixels (254) found in batch
2025-09-05 02:34:28,315 - INFO - Boosted OOD loss: -0.0651
2025-09-05 02:34:28,862 - INFO - Boosted OOD loss: -0.0669
2025-09-05 02:34:29,419 - INFO - Boosted OOD loss: -0.0245
2025-09-05 02:34:35,822 - INFO - Boosted OOD loss: -0.0829
2025-09-05 02:34:36,911 - INFO - Boosted OOD loss: -0.0308
2025-09-05 02:34:38,531 - INFO - Boosted OOD loss: -0.0307
2025-09-05 02:34:39,617 - INFO - Boosted OOD loss: -0.0383
2025-09-05 02:34:41,240 - INFO - Boosted OOD loss: -0.0683
2025-09-05 02:34:44,452 - INFO - Boosted OOD loss: -0.0832
2025-09-05 02:34:46,062 - INFO - Boosted OOD loss: -0.0574
2025-09-05 02:34:46,614 - INFO - Boosted OOD loss: -0.0304
2025-09-05 02:34:48,761 - INFO - Boosted OOD loss: -0.0725
2025-09-05 02:34:50,903 - INFO - Boosted OOD loss: -0.0476
2025-09-05 02:34:51,989 - INFO - Boosted OOD loss: -0.0712
2025-09-05 02:34:55,204 - INFO - Boosted OOD loss: -0.0299
2025-09-05 02:34:58,958 - INFO - Boosted OOD loss: -0.0158
2025-09-05 02:35:01,110 - INFO - Boosted OOD loss: -0.0563
2025-09-05 02:35:04,862 - INFO - Boosted OOD loss: -0.0757
2025-09-05 02:35:05,414 - INFO - Boosted OOD loss: -0.0620
2025-09-05 02:35:08,089 - INFO - Boosted OOD loss: -0.0633
2025-09-05 02:35:11,831 - INFO - Boosted OOD loss: -0.0799
2025-09-05 02:35:16,111 - INFO - Boosted OOD loss: -0.0482
2025-09-05 02:35:17,200 - INFO - Boosted OOD loss: -0.0183
2025-09-05 02:35:19,361 - INFO - Boosted OOD loss: -0.0432
2025-09-05 02:35:21,502 - WARNING - No anomaly pixels (254) found in batch
2025-09-05 02:35:23,637 - INFO - Boosted OOD loss: -0.0271
2025-09-05 02:35:24,200 - INFO - Boosted OOD loss: -0.0356
2025-09-05 02:35:27,426 - INFO - Boosted OOD loss: -0.0594
2025-09-05 02:35:34,367 - INFO - Boosted OOD loss: -0.0470
2025-09-05 02:35:39,187 - INFO - Boosted OOD loss: -0.0513
2025-09-05 02:35:39,737 - INFO - Boosted OOD loss: -0.0624
2025-09-05 02:35:50,951 - INFO - Boosted OOD loss: -0.0511
2025-09-05 02:35:53,094 - INFO - Boosted OOD loss: -0.0475
2025-09-05 02:35:56,305 - INFO - Boosted OOD loss: -0.0082
2025-09-05 02:36:04,306 - INFO - Boosted OOD loss: -0.0535
2025-09-05 02:36:04,864 - INFO - Boosted OOD loss: -0.0139
2025-09-05 02:36:06,483 - INFO - Boosted OOD loss: -0.0407
2025-09-05 02:36:13,422 - INFO - Boosted OOD loss: -0.0098
2025-09-05 02:36:15,050 - INFO - Boosted OOD loss: -0.0331
2025-09-05 02:36:15,050 - INFO - Step 15700 Loss Debug:
2025-09-05 02:36:15,051 - INFO -  CE: 1.9508
2025-09-05 02:36:15,051 - INFO -  OOD: -0.0331
2025-09-05 02:36:15,051 - INFO -  β: 64.00
2025-09-05 02:36:15,051 - INFO -  ID: 4491, OOD(254): 234
2025-09-05 02:36:20,398 - INFO - Boosted OOD loss: -0.0298
2025-09-05 02:36:27,353 - INFO - Boosted OOD loss: -0.0182
2025-09-05 02:36:30,037 - INFO - Boosted OOD loss: -0.0935
2025-09-05 02:36:36,439 - INFO - Boosted OOD loss: -0.0277
2025-09-05 02:36:40,715 - INFO - Boosted OOD loss: 0.0006
2025-09-05 02:36:41,272 - INFO - Boosted OOD loss: -0.0387
2025-09-05 02:36:44,477 - INFO - Boosted OOD loss: -0.0497
2025-09-05 02:36:47,145 - INFO - Boosted OOD loss: -0.0431
2025-09-05 02:36:55,124 - INFO - Boosted OOD loss: -0.0501
2025-09-05 02:36:56,733 - INFO - Boosted OOD loss: -0.0301
2025-09-05 02:36:58,353 - INFO - Boosted OOD loss: -0.0625
2025-09-05 02:36:59,436 - INFO - Boosted OOD loss: -0.0377
2025-09-05 02:37:02,649 - INFO - Boosted OOD loss: -0.0471
2025-09-05 02:37:08,529 - WARNING - No anomaly pixels (254) found in batch
2025-09-05 02:37:10,133 - INFO - Boosted OOD loss: -0.0505
2025-09-05 02:37:11,749 - INFO - Boosted OOD loss: -0.0575
2025-09-05 02:37:13,896 - INFO - Boosted OOD loss: -0.0616
2025-09-05 02:37:15,512 - INFO - Boosted OOD loss: -0.0806
2025-09-05 02:37:16,063 - INFO - Boosted OOD loss: -0.0341
2025-09-05 02:37:16,614 - INFO - Boosted OOD loss: -0.0602
2025-09-05 02:37:18,765 - INFO - Boosted OOD loss: -0.0549
2025-09-05 02:37:25,178 - INFO - Boosted OOD loss: -0.0433
2025-09-05 02:37:27,323 - INFO - Boosted OOD loss: -0.0483
2025-09-05 02:37:28,404 - INFO - Boosted OOD loss: -0.0357
2025-09-05 02:37:30,022 - INFO - Boosted OOD loss: -0.0514
2025-09-05 02:37:33,225 - INFO - Boosted OOD loss: -0.0531
2025-09-05 02:37:36,427 - INFO - Boosted OOD loss: -0.0770
2025-09-05 02:37:37,515 - INFO - Boosted OOD loss: -0.0641
2025-09-05 02:37:38,062 - INFO - Boosted OOD loss: -0.0385
2025-09-05 02:37:38,617 - INFO - Boosted OOD loss: -0.0603
2025-09-05 02:37:41,834 - INFO - Boosted OOD loss: -0.0493
2025-09-05 02:37:43,982 - INFO - Boosted OOD loss: -0.0717
2025-09-05 02:37:50,384 - INFO - Boosted OOD loss: -0.0578
2025-09-05 02:37:51,477 - INFO - Boosted OOD loss: -0.0038
2025-09-05 02:37:53,103 - INFO - Boosted OOD loss: -0.0806
2025-09-05 02:37:54,188 - INFO - Boosted OOD loss: -0.0206
2025-09-05 02:37:56,337 - INFO - Boosted OOD loss: -0.0486
2025-09-05 02:37:59,023 - INFO - Boosted OOD loss: -0.0507
2025-09-05 02:38:02,219 - WARNING - No anomaly pixels (254) found in batch
2025-09-05 02:38:03,820 - INFO - Boosted OOD loss: -0.0433
2025-09-05 02:38:06,499 - INFO - Boosted OOD loss: -0.0388
2025-09-05 02:38:14,497 - INFO - Boosted OOD loss: -0.0636
2025-09-05 02:38:16,111 - INFO - Boosted OOD loss: -0.0335
2025-09-05 02:38:16,664 - INFO - Boosted OOD loss: -0.0514
2025-09-05 02:38:21,995 - INFO - Boosted OOD loss: -0.0785
2025-09-05 02:38:23,072 - INFO - Boosted OOD loss: -0.0889
2025-09-05 02:38:24,157 - INFO - Boosted OOD loss: -0.0459
2025-09-05 02:38:31,638 - INFO - Boosted OOD loss: -0.0380
2025-09-05 02:38:32,720 - INFO - Boosted OOD loss: -0.0934
2025-09-05 02:38:34,874 - INFO - Boosted OOD loss: -0.0383
2025-09-05 02:38:36,498 - INFO - Boosted OOD loss: -0.0492
2025-09-05 02:38:39,182 - INFO - Boosted OOD loss: -0.0390
2025-09-05 02:38:46,125 - INFO - Boosted OOD loss: -0.0543
2025-09-05 02:38:47,740 - INFO - Boosted OOD loss: -0.0221
2025-09-05 02:38:50,425 - INFO - Boosted OOD loss: -0.0144
2025-09-05 02:38:55,227 - INFO - Boosted OOD loss: -0.0535
2025-09-05 02:38:55,775 - WARNING - No anomaly pixels (254) found in batch
2025-09-05 02:38:57,912 - INFO - Boosted OOD loss: -0.0405
2025-09-05 02:39:01,126 - INFO - Boosted OOD loss: -0.1068
2025-09-05 02:39:02,738 - INFO - Boosted OOD loss: -0.0352
2025-09-05 02:39:04,888 - INFO - Boosted OOD loss: -0.0833
2025-09-05 02:39:12,365 - INFO - Boosted OOD loss: -0.0485
2025-09-05 02:39:12,917 - INFO - Boosted OOD loss: -0.0195
2025-09-05 02:39:14,542 - INFO - Boosted OOD loss: -0.0365
2025-09-05 02:39:15,689 - INFO - Updated beta to 14.49 (exp decay)
2025-09-05 02:39:17,091 - WARNING - Negative mean energy—verify E_b formula/signs
2025-09-05 02:39:17,091 - INFO - Weights updated successfully
2025-09-05 02:39:17,091 - INFO - Advanced epoch 9 - Updated beta: 14.49
2025-09-05 02:39:17,092 - INFO - Epoch 9 - Avg CE: 1.8548, Avg OOD: -0.0107, β: 64
2025-09-05 02:39:17,208 - INFO - 
Starting Epoch 10/100
2025-09-05 02:39:17,209 - INFO - ============================================================
2025-09-05 02:39:17,210 - INFO - 
Updating Hopfield boosting weights at epoch 10...
2025-09-05 02:39:18,610 - WARNING - Negative mean energy—verify E_b formula/signs
2025-09-05 02:39:18,611 - INFO - Weights updated successfully
2025-09-05 02:39:18,611 - INFO - Weight Update Debug at Epoch 10: No high-weight OOD pixels found
2025-09-05 02:39:19,575 - INFO - Boosted OOD loss: -0.0815
2025-09-05 02:39:21,679 - INFO - Boosted OOD loss: -0.0598
2025-09-05 02:39:22,224 - INFO - Boosted OOD loss: -0.0462
2025-09-05 02:39:29,113 - INFO - Boosted OOD loss: -0.0519
2025-09-05 02:39:29,672 - INFO - Boosted OOD loss: -0.0316
2025-09-05 02:39:30,228 - INFO - Boosted OOD loss: -0.0516
2025-09-05 02:39:35,030 - INFO - Boosted OOD loss: -0.0300
2025-09-05 02:39:40,353 - INFO - Boosted OOD loss: -0.0618
2025-09-05 02:39:40,909 - INFO - Boosted OOD loss: -0.0117
2025-09-05 02:39:41,996 - INFO - Boosted OOD loss: -0.0247
2025-09-05 02:39:42,549 - INFO - Boosted OOD loss: -0.0444
2025-09-05 02:39:43,631 - INFO - Boosted OOD loss: -0.0464
2025-09-05 02:39:44,714 - INFO - Boosted OOD loss: -0.0411
2025-09-05 02:39:48,454 - INFO - Boosted OOD loss: -0.0375
2025-09-05 02:39:49,543 - INFO - Boosted OOD loss: -0.0378
2025-09-05 02:39:51,694 - INFO - Boosted OOD loss: -0.0903
2025-09-05 02:39:52,764 - WARNING - No anomaly pixels (254) found in batch
2025-09-05 02:39:53,841 - INFO - Boosted OOD loss: -0.0127
2025-09-05 02:39:55,466 - INFO - Boosted OOD loss: -0.0577
2025-09-05 02:39:56,020 - INFO - Boosted OOD loss: -0.0293
2025-09-05 02:39:57,639 - INFO - Boosted OOD loss: -0.0140
2025-09-05 02:39:59,788 - INFO - Boosted OOD loss: -0.0817
2025-09-05 02:40:01,401 - INFO - Boosted OOD loss: -0.0439
2025-09-05 02:40:02,485 - INFO - Boosted OOD loss: -0.0528
2025-09-05 02:40:05,698 - INFO - Boosted OOD loss: -0.0883
2025-09-05 02:40:07,313 - INFO - Boosted OOD loss: -0.0670
2025-09-05 02:40:10,001 - INFO - Boosted OOD loss: -0.0139
2025-09-05 02:40:15,892 - INFO - Boosted OOD loss: -0.0612
2025-09-05 02:40:16,981 - INFO - Boosted OOD loss: -0.0183
2025-09-05 02:40:17,542 - INFO - Boosted OOD loss: -0.0328
2025-09-05 02:40:20,228 - INFO - Boosted OOD loss: -0.0542
2025-09-05 02:40:21,847 - INFO - Boosted OOD loss: -0.0649
2025-09-05 02:40:25,586 - INFO - Boosted OOD loss: -0.0839
2025-09-05 02:40:30,934 - INFO - Boosted OOD loss: -0.0597
2025-09-05 02:40:32,020 - INFO - Boosted OOD loss: -0.0542
2025-09-05 02:40:35,239 - INFO - Boosted OOD loss: -0.0744
2025-09-05 02:40:36,328 - INFO - Boosted OOD loss: -0.0117
2025-09-05 02:40:44,877 - INFO - Boosted OOD loss: -0.0934
2025-09-05 02:40:45,972 - INFO - Boosted OOD loss: -0.0305
2025-09-05 02:40:46,519 - WARNING - No anomaly pixels (254) found in batch
2025-09-05 02:40:49,183 - INFO - Boosted OOD loss: -0.0627
2025-09-05 02:40:49,739 - INFO - Boosted OOD loss: -0.0751
2025-09-05 02:40:54,011 - INFO - Boosted OOD loss: -0.0557
2025-09-05 02:40:56,154 - INFO - Boosted OOD loss: -0.0359
2025-09-05 02:41:00,437 - INFO - Boosted OOD loss: -0.0358
2025-09-05 02:41:01,526 - INFO - Boosted OOD loss: -0.0208
2025-09-05 02:41:02,084 - INFO - Boosted OOD loss: -0.0050
2025-09-05 02:41:08,500 - INFO - Boosted OOD loss: -0.0755
2025-09-05 02:41:12,242 - INFO - Boosted OOD loss: -0.0716
2025-09-05 02:41:25,552 - INFO - Boosted OOD loss: -0.0466
2025-09-05 02:41:29,830 - INFO - Boosted OOD loss: -0.0562
2025-09-05 02:41:30,387 - INFO - Boosted OOD loss: -0.0483
2025-09-05 02:41:31,473 - INFO - Boosted OOD loss: -0.0379
2025-09-05 02:41:34,686 - INFO - Boosted OOD loss: -0.0630
2025-09-05 02:41:38,436 - INFO - Boosted OOD loss: -0.0879
2025-09-05 02:41:40,048 - WARNING - No anomaly pixels (254) found in batch
2025-09-05 02:41:49,626 - INFO - Boosted OOD loss: -0.0368
2025-09-05 02:41:51,770 - INFO - Boosted OOD loss: -0.0528
2025-09-05 02:41:52,325 - INFO - Boosted OOD loss: -0.0341
2025-09-05 02:41:54,469 - INFO - Boosted OOD loss: -0.0524
2025-09-05 02:41:55,554 - INFO - Boosted OOD loss: -0.0148
2025-09-05 02:41:56,109 - INFO - Boosted OOD loss: -0.0895
2025-09-05 02:42:00,912 - INFO - Boosted OOD loss: -0.0143
2025-09-05 02:42:03,590 - INFO - Boosted OOD loss: -0.0823
2025-09-05 02:42:05,210 - INFO - Boosted OOD loss: -0.0458
2025-09-05 02:42:06,822 - INFO - Boosted OOD loss: -0.0624
2025-09-05 02:42:06,822 - INFO - Step 16350 Loss Debug:
2025-09-05 02:42:06,823 - INFO -  CE: 1.5768
2025-09-05 02:42:06,823 - INFO -  OOD: -0.0624
2025-09-05 02:42:06,823 - INFO -  β: 64.00
2025-09-05 02:42:06,823 - INFO -  ID: 7115, OOD(254): 264
2025-09-05 02:42:07,903 - INFO - Boosted OOD loss: -0.0569
2025-09-05 02:42:10,583 - INFO - Boosted OOD loss: -0.0609
2025-09-05 02:42:11,670 - INFO - Boosted OOD loss: -0.0434
2025-09-05 02:42:13,825 - INFO - Boosted OOD loss: -0.0537
2025-09-05 02:42:16,501 - INFO - Boosted OOD loss: -0.0251
2025-09-05 02:42:17,588 - INFO - Boosted OOD loss: -0.0322
2025-09-05 02:42:19,732 - INFO - Boosted OOD loss: -0.0429
2025-09-05 02:42:25,067 - INFO - Boosted OOD loss: -0.0478
2025-09-05 02:42:30,404 - INFO - Boosted OOD loss: -0.0434
2025-09-05 02:42:33,618 - WARNING - No anomaly pixels (254) found in batch
2025-09-05 02:42:34,690 - INFO - Boosted OOD loss: -0.0658
2025-09-05 02:42:40,030 - INFO - Boosted OOD loss: -0.0515
2025-09-05 02:42:41,641 - INFO - Boosted OOD loss: -0.0473
2025-09-05 02:42:43,778 - INFO - Boosted OOD loss: -0.0706
2025-09-05 02:42:45,390 - INFO - Boosted OOD loss: -0.0722
2025-09-05 02:42:48,062 - INFO - Boosted OOD loss: -0.0402
2025-09-05 02:42:51,800 - INFO - Boosted OOD loss: -0.0749
2025-09-05 02:42:57,132 - INFO - Boosted OOD loss: -0.0857
2025-09-05 02:42:57,685 - INFO - Boosted OOD loss: -0.0644
2025-09-05 02:43:00,894 - INFO - Boosted OOD loss: -0.0571
2025-09-05 02:43:08,359 - INFO - Boosted OOD loss: -0.0680
2025-09-05 02:43:09,976 - INFO - Boosted OOD loss: -0.0628
2025-09-05 02:43:10,529 - INFO - Boosted OOD loss: -0.0820
2025-09-05 02:43:11,079 - INFO - Boosted OOD loss: -0.0722
2025-09-05 02:43:11,634 - INFO - Boosted OOD loss: -0.0632
2025-09-05 02:43:12,189 - INFO - Boosted OOD loss: -0.0404
2025-09-05 02:43:14,863 - INFO - Boosted OOD loss: -0.0645
2025-09-05 02:43:22,849 - INFO - Boosted OOD loss: -0.0298
2025-09-05 02:43:26,587 - INFO - Boosted OOD loss: -0.0548
2025-09-05 02:43:27,140 - INFO - Boosted OOD loss: -0.0938
2025-09-05 02:43:27,140 - INFO - Step 16500 Loss Debug:
2025-09-05 02:43:27,141 - INFO -  CE: 2.0351
2025-09-05 02:43:27,141 - INFO -  OOD: -0.0938
2025-09-05 02:43:27,141 - INFO -  β: 64.00
2025-09-05 02:43:27,141 - INFO -  ID: 6740, OOD(254): 282
2025-09-05 02:43:37,254 - INFO - Boosted OOD loss: -0.0962
2025-09-05 02:43:41,527 - INFO - Boosted OOD loss: -0.0732
2025-09-05 02:43:43,142 - INFO - Boosted OOD loss: -0.0483
2025-09-05 02:43:50,622 - INFO - Boosted OOD loss: -0.0468
2025-09-05 02:43:54,904 - INFO - Boosted OOD loss: -0.0733
2025-09-05 02:43:59,722 - INFO - Boosted OOD loss: -0.0461
2025-09-05 02:44:02,406 - INFO - Boosted OOD loss: -0.0519
2025-09-05 02:44:04,025 - INFO - Boosted OOD loss: -0.0115
2025-09-05 02:44:13,609 - INFO - Boosted OOD loss: -0.0586
2025-09-05 02:44:16,300 - INFO - Boosted OOD loss: -0.0562
2025-09-05 02:44:17,917 - INFO - Boosted OOD loss: -0.0692
2025-09-05 02:44:19,532 - INFO - Boosted OOD loss: -0.0613
2025-09-05 02:44:20,608 - WARNING - No anomaly pixels (254) found in batch
2025-09-05 02:44:21,679 - INFO - Boosted OOD loss: -0.0555
2025-09-05 02:44:23,831 - INFO - Boosted OOD loss: -0.0360
2025-09-05 02:44:24,915 - INFO - Boosted OOD loss: -0.0439
2025-09-05 02:44:25,470 - INFO - Boosted OOD loss: -0.0461
2025-09-05 02:44:26,018 - INFO - Boosted OOD loss: -0.0424
2025-09-05 02:44:28,169 - INFO - Boosted OOD loss: -0.0376
2025-09-05 02:44:32,972 - INFO - Boosted OOD loss: -0.0248
2025-09-05 02:44:35,126 - INFO - Boosted OOD loss: -0.0140
2025-09-05 02:44:36,218 - INFO - Boosted OOD loss: -0.0663
2025-09-05 02:44:40,490 - INFO - Boosted OOD loss: -0.0359
2025-09-05 02:44:44,244 - INFO - Boosted OOD loss: -0.0662
2025-09-05 02:44:46,930 - INFO - Boosted OOD loss: -0.0737
2025-09-05 02:44:48,546 - INFO - Boosted OOD loss: -0.0468
2025-09-05 02:44:49,629 - INFO - Boosted OOD loss: -0.0468
2025-09-05 02:44:50,181 - INFO - Boosted OOD loss: -0.0579
2025-09-05 02:44:50,734 - INFO - Boosted OOD loss: -0.0761
2025-09-05 02:44:51,287 - INFO - Boosted OOD loss: -0.0433
2025-09-05 02:44:52,368 - INFO - Boosted OOD loss: -0.0799
2025-09-05 02:44:56,119 - INFO - Boosted OOD loss: -0.0503
2025-09-05 02:44:57,741 - INFO - Boosted OOD loss: -0.0250
2025-09-05 02:44:58,297 - INFO - Boosted OOD loss: -0.0484
2025-09-05 02:44:59,380 - INFO - Boosted OOD loss: -0.0468
2025-09-05 02:44:59,932 - INFO - Boosted OOD loss: -0.0697
2025-09-05 02:45:01,544 - INFO - Boosted OOD loss: -0.0532
2025-09-05 02:45:05,278 - INFO - Boosted OOD loss: -0.0507
2025-09-05 02:45:14,320 - WARNING - No anomaly pixels (254) found in batch
2025-09-05 02:45:16,987 - INFO - Boosted OOD loss: -0.0368
2025-09-05 02:45:19,663 - INFO - Boosted OOD loss: -0.0426
2025-09-05 02:45:23,920 - INFO - Boosted OOD loss: -0.0711
2025-09-05 02:45:26,062 - INFO - Boosted OOD loss: -0.0267
2025-09-05 02:45:26,613 - INFO - Boosted OOD loss: -0.0792
2025-09-05 02:45:28,753 - INFO - Boosted OOD loss: -0.0545
2025-09-05 02:45:31,426 - INFO - Boosted OOD loss: -0.1026
2025-09-05 02:45:31,974 - INFO - Boosted OOD loss: -0.0710
2025-09-05 02:45:34,125 - INFO - Boosted OOD loss: -0.0389
2025-09-05 02:45:34,672 - INFO - Boosted OOD loss: -0.0621
2025-09-05 02:45:37,345 - INFO - Boosted OOD loss: -0.0179
2025-09-05 02:45:39,500 - INFO - Boosted OOD loss: -0.0568
2025-09-05 02:45:41,114 - INFO - Boosted OOD loss: -0.0270
2025-09-05 02:45:41,114 - INFO - Step 16750 Loss Debug:
2025-09-05 02:45:41,114 - INFO -  CE: 1.8317
2025-09-05 02:45:41,114 - INFO -  OOD: -0.0270
2025-09-05 02:45:41,114 - INFO -  β: 64.00
2025-09-05 02:45:41,114 - INFO -  ID: 4591, OOD(254): 497
2025-09-05 02:45:43,270 - INFO - Boosted OOD loss: -0.0546
2025-09-05 02:45:51,281 - INFO - Boosted OOD loss: -0.0421
2025-09-05 02:45:52,896 - INFO - Boosted OOD loss: -0.0639
2025-09-05 02:45:53,983 - INFO - Boosted OOD loss: -0.0628
2025-09-05 02:45:59,318 - INFO - Boosted OOD loss: -0.0242
2025-09-05 02:45:59,869 - INFO - Boosted OOD loss: -0.0482
2025-09-05 02:46:00,955 - INFO - Boosted OOD loss: -0.0302
2025-09-05 02:46:02,036 - INFO - Boosted OOD loss: -0.0726
2025-09-05 02:46:04,715 - INFO - Boosted OOD loss: -0.0495
2025-09-05 02:46:06,331 - INFO - Boosted OOD loss: -0.0760
2025-09-05 02:46:07,415 - INFO - Boosted OOD loss: -0.0872
2025-09-05 02:46:07,960 - WARNING - No anomaly pixels (254) found in batch
2025-09-05 02:46:08,498 - INFO - Boosted OOD loss: -0.0614
2025-09-05 02:46:09,048 - INFO - Boosted OOD loss: -0.0469
2025-09-05 02:46:09,604 - INFO - Boosted OOD loss: -0.0408
2025-09-05 02:46:16,529 - INFO - Boosted OOD loss: -0.0134
2025-09-05 02:46:19,213 - INFO - Boosted OOD loss: -0.0723
2025-09-05 02:46:21,361 - INFO - Boosted OOD loss: -0.0558
2025-09-05 02:46:24,583 - INFO - Boosted OOD loss: -0.0750
2025-09-05 02:46:25,134 - INFO - Boosted OOD loss: -0.0558
2025-09-05 02:46:29,413 - INFO - Boosted OOD loss: -0.0440
2025-09-05 02:46:30,495 - INFO - Boosted OOD loss: -0.0085
2025-09-05 02:46:32,117 - INFO - Boosted OOD loss: -0.0347
2025-09-05 02:46:34,269 - INFO - Boosted OOD loss: -0.1016
2025-09-05 02:46:34,824 - INFO - Boosted OOD loss: -0.0616
2025-09-05 02:46:34,824 - INFO - Step 16850 Loss Debug:
2025-09-05 02:46:34,824 - INFO -  CE: 1.4330
2025-09-05 02:46:34,824 - INFO -  OOD: -0.0616
2025-09-05 02:46:34,824 - INFO -  β: 64.00
2025-09-05 02:46:34,824 - INFO -  ID: 7092, OOD(254): 147
2025-09-05 02:46:38,575 - INFO - Boosted OOD loss: -0.0555
2025-09-05 02:46:40,191 - INFO - Boosted OOD loss: -0.0762
2025-09-05 02:46:47,655 - INFO - Boosted OOD loss: -0.0667
2025-09-05 02:46:49,802 - INFO - Boosted OOD loss: -0.0607
2025-09-05 02:46:50,894 - INFO - Boosted OOD loss: -0.0159
2025-09-05 02:46:56,240 - INFO - Boosted OOD loss: -0.0490
2025-09-05 02:46:56,792 - INFO - Boosted OOD loss: -0.0561
2025-09-05 02:47:00,542 - INFO - Boosted OOD loss: -0.0101
2025-09-05 02:47:01,628 - INFO - Boosted OOD loss: -0.0579
2025-09-05 02:47:01,629 - INFO - Step 16900 Loss Debug:
2025-09-05 02:47:01,629 - INFO -  CE: 1.8380
2025-09-05 02:47:01,629 - INFO -  OOD: -0.0579
2025-09-05 02:47:01,629 - INFO -  β: 64.00
2025-09-05 02:47:01,629 - INFO -  ID: 7205, OOD(254): 227
2025-09-05 02:47:02,714 - INFO - Boosted OOD loss: -0.0643
2025-09-05 02:47:06,990 - INFO - Boosted OOD loss: -0.0728
2025-09-05 02:47:09,139 - INFO - Boosted OOD loss: -0.0752
2025-09-05 02:47:10,213 - INFO - Boosted OOD loss: -0.0419
2025-09-05 02:47:11,297 - INFO - Boosted OOD loss: -0.0483
2025-09-05 02:47:19,301 - INFO - Boosted OOD loss: -0.0505
2025-09-05 02:47:20,914 - INFO - Boosted OOD loss: -0.0468
2025-09-05 02:47:21,467 - INFO - Boosted OOD loss: -0.0618
2025-09-05 02:47:22,021 - INFO - Boosted OOD loss: -0.0791
2025-09-05 02:47:22,570 - INFO - Boosted OOD loss: -0.0686
2025-09-05 02:47:27,372 - INFO - Boosted OOD loss: -0.0661
2025-09-05 02:47:31,639 - INFO - Boosted OOD loss: -0.0754
2025-09-05 02:47:32,717 - INFO - Boosted OOD loss: -0.1111
2025-09-05 02:47:34,864 - INFO - Boosted OOD loss: -0.0745
2025-09-05 02:47:35,944 - INFO - Boosted OOD loss: -0.0658
2025-09-05 02:47:39,685 - INFO - Boosted OOD loss: -0.0153
2025-09-05 02:47:40,247 - INFO - Boosted OOD loss: -0.0471
2025-09-05 02:47:45,570 - INFO - Boosted OOD loss: -0.0431
2025-09-05 02:47:48,782 - INFO - Boosted OOD loss: -0.0736
2025-09-05 02:47:51,991 - INFO - Boosted OOD loss: -0.0487
2025-09-05 02:47:53,614 - INFO - Boosted OOD loss: -0.0131
2025-09-05 02:47:55,239 - INFO - Boosted OOD loss: -0.0232
2025-09-05 02:47:55,239 - INFO - Step 17000 Loss Debug:
2025-09-05 02:47:55,239 - INFO -  CE: 2.9611
2025-09-05 02:47:55,239 - INFO -  OOD: -0.0232
2025-09-05 02:47:55,240 - INFO -  β: 64.00
2025-09-05 02:47:55,240 - INFO -  ID: 6810, OOD(254): 429
2025-09-05 02:48:05,365 - INFO - Boosted OOD loss: -0.0228
2025-09-05 02:48:06,990 - INFO - Boosted OOD loss: -0.0327
2025-09-05 02:48:08,080 - INFO - Boosted OOD loss: -0.0611
2025-09-05 02:48:13,425 - INFO - Boosted OOD loss: -0.0663
2025-09-05 02:48:17,166 - INFO - Boosted OOD loss: -0.0537
2025-09-05 02:48:24,113 - INFO - Boosted OOD loss: -0.0698
2025-09-05 02:48:24,663 - INFO - Boosted OOD loss: -0.0842
2025-09-05 02:48:29,482 - INFO - Boosted OOD loss: -0.0101
2025-09-05 02:48:32,166 - INFO - Boosted OOD loss: -0.0103
2025-09-05 02:48:36,964 - INFO - Boosted OOD loss: -0.0890
2025-09-05 02:48:39,107 - INFO - Boosted OOD loss: -0.0844
2025-09-05 02:48:45,502 - INFO - Boosted OOD loss: -0.0678
2025-09-05 02:48:46,588 - INFO - Boosted OOD loss: -0.0388
2025-09-05 02:48:48,730 - WARNING - No anomaly pixels (254) found in batch
2025-09-05 02:48:54,048 - INFO - Boosted OOD loss: -0.0642
2025-09-05 02:49:00,451 - INFO - Boosted OOD loss: -0.0267
2025-09-05 02:49:01,539 - INFO - Boosted OOD loss: -0.0206
2025-09-05 02:49:03,152 - INFO - Boosted OOD loss: -0.0658
2025-09-05 02:49:04,773 - INFO - Boosted OOD loss: -0.0632
2025-09-05 02:49:06,390 - INFO - Boosted OOD loss: -0.0455
2025-09-05 02:49:06,943 - INFO - Boosted OOD loss: -0.0842
2025-09-05 02:49:07,500 - INFO - Boosted OOD loss: -0.0514
2025-09-05 02:49:10,715 - INFO - Boosted OOD loss: -0.0773
2025-09-05 02:49:13,935 - INFO - Boosted OOD loss: -0.0563
2025-09-05 02:49:15,014 - INFO - Boosted OOD loss: -0.0423
2025-09-05 02:49:16,100 - INFO - Boosted OOD loss: -0.0535
2025-09-05 02:49:19,843 - INFO - Boosted OOD loss: -0.0870
2025-09-05 02:49:21,466 - INFO - Boosted OOD loss: -0.0199
2025-09-05 02:49:22,565 - INFO - Boosted OOD loss: -0.0299
2025-09-05 02:49:23,653 - INFO - Boosted OOD loss: -0.0351
2025-09-05 02:49:24,743 - INFO - Boosted OOD loss: -0.0010
2025-09-05 02:49:38,580 - INFO - Boosted OOD loss: -0.0662
2025-09-05 02:49:39,666 - INFO - Boosted OOD loss: -0.0613
2025-09-05 02:49:40,215 - INFO - Boosted OOD loss: -0.0197
2025-09-05 02:49:41,837 - INFO - Boosted OOD loss: -0.0686
2025-09-05 02:49:42,384 - WARNING - No anomaly pixels (254) found in batch
2025-09-05 02:49:42,925 - INFO - Boosted OOD loss: -0.0083
2025-09-05 02:49:50,404 - INFO - Boosted OOD loss: -0.0446
2025-09-05 02:49:57,331 - INFO - Boosted OOD loss: -0.0835
2025-09-05 02:50:00,014 - INFO - Boosted OOD loss: -0.0920
2025-09-05 02:50:02,164 - INFO - Boosted OOD loss: -0.0978
2025-09-05 02:50:10,692 - INFO - Boosted OOD loss: -0.0625
2025-09-05 02:50:12,312 - INFO - Boosted OOD loss: -0.0236
2025-09-05 02:50:12,870 - INFO - Boosted OOD loss: -0.0258
2025-09-05 02:50:13,956 - INFO - Boosted OOD loss: -0.0538
2025-09-05 02:50:16,633 - INFO - Boosted OOD loss: -0.0408
2025-09-05 02:50:18,256 - INFO - Boosted OOD loss: -0.0414
2025-09-05 02:50:20,406 - INFO - Boosted OOD loss: -0.0113
2025-09-05 02:50:23,095 - INFO - Boosted OOD loss: -0.0223
2025-09-05 02:50:25,771 - INFO - Boosted OOD loss: -0.0689
2025-09-05 02:50:26,857 - INFO - Boosted OOD loss: -0.0541
2025-09-05 02:50:28,996 - INFO - Boosted OOD loss: -0.0633
2025-09-05 02:50:32,737 - INFO - Boosted OOD loss: -0.0530
2025-09-05 02:50:33,834 - INFO - Boosted OOD loss: -0.0539
2025-09-05 02:50:34,918 - INFO - Boosted OOD loss: -0.0628
2025-09-05 02:50:36,003 - INFO - Boosted OOD loss: -0.0715
2025-09-05 02:50:36,004 - INFO - Step 17300 Loss Debug:
2025-09-05 02:50:36,004 - INFO -  CE: 1.5149
2025-09-05 02:50:36,004 - INFO -  OOD: -0.0715
2025-09-05 02:50:36,004 - INFO -  β: 64.00
2025-09-05 02:50:36,004 - INFO -  ID: 7016, OOD(254): 451
2025-09-05 02:50:37,092 - INFO - Boosted OOD loss: -0.0932
2025-09-05 02:50:39,771 - INFO - Boosted OOD loss: -0.0674
2025-09-05 02:50:40,854 - INFO - Boosted OOD loss: -0.0240
2025-09-05 02:50:45,663 - INFO - Boosted OOD loss: -0.0431
2025-09-05 02:50:49,933 - INFO - Boosted OOD loss: -0.0431
2025-09-05 02:50:51,552 - INFO - Boosted OOD loss: -0.0875
2025-09-05 02:50:53,692 - INFO - Boosted OOD loss: -0.0946
2025-09-05 02:50:55,834 - INFO - Boosted OOD loss: -0.0463
2025-09-05 02:50:58,517 - INFO - Boosted OOD loss: -0.0656
2025-09-05 02:51:00,136 - INFO - Boosted OOD loss: -0.0468
2025-09-05 02:51:01,756 - INFO - Boosted OOD loss: -0.0354
2025-09-05 02:51:02,835 - INFO - Boosted OOD loss: -0.0405
2025-09-05 02:51:02,835 - INFO - Step 17350 Loss Debug:
2025-09-05 02:51:02,835 - INFO -  CE: 1.6953
2025-09-05 02:51:02,836 - INFO -  OOD: -0.0405
2025-09-05 02:51:02,836 - INFO -  β: 64.00
2025-09-05 02:51:02,836 - INFO -  ID: 5672, OOD(254): 384
2025-09-05 02:51:03,919 - INFO - Boosted OOD loss: -0.0479
2025-09-05 02:51:11,894 - INFO - Boosted OOD loss: -0.0617
2025-09-05 02:51:15,106 - INFO - Boosted OOD loss: -0.0363
2025-09-05 02:51:17,785 - INFO - Boosted OOD loss: -0.0494
2025-09-05 02:51:19,399 - INFO - Boosted OOD loss: -0.1006
2025-09-05 02:51:19,952 - INFO - Boosted OOD loss: -0.0259
2025-09-05 02:51:26,352 - INFO - Boosted OOD loss: -0.0756
2025-09-05 02:51:29,551 - INFO - Boosted OOD loss: -0.0728
2025-09-05 02:51:29,552 - INFO - Step 17400 Loss Debug:
2025-09-05 02:51:29,552 - INFO -  CE: 2.2366
2025-09-05 02:51:29,552 - INFO -  OOD: -0.0728
2025-09-05 02:51:29,552 - INFO -  β: 64.00
2025-09-05 02:51:29,552 - INFO -  ID: 8075, OOD(254): 2
2025-09-05 02:51:34,886 - INFO - Boosted OOD loss: -0.0450
2025-09-05 02:51:35,971 - INFO - Boosted OOD loss: -0.0426
2025-09-05 02:51:39,719 - INFO - Boosted OOD loss: -0.0636
2025-09-05 02:51:42,396 - INFO - Boosted OOD loss: -0.0400
2025-09-05 02:51:42,947 - INFO - Boosted OOD loss: -0.0673
2025-09-05 02:51:44,555 - INFO - Boosted OOD loss: -0.0502
2025-09-05 02:51:45,643 - INFO - Boosted OOD loss: -0.0649
2025-09-05 02:51:46,727 - INFO - Boosted OOD loss: -0.0215
2025-09-05 02:51:51,536 - INFO - Boosted OOD loss: -0.0346
2025-09-05 02:51:52,087 - INFO - Boosted OOD loss: -0.0388
2025-09-05 02:51:52,639 - INFO - Boosted OOD loss: -0.0703
2025-09-05 02:51:55,856 - INFO - Boosted OOD loss: -0.0598
2025-09-05 02:51:58,532 - INFO - Boosted OOD loss: -0.0237
2025-09-05 02:52:02,803 - INFO - Boosted OOD loss: -0.0569
2025-09-05 02:52:05,488 - INFO - Boosted OOD loss: -0.0541
2025-09-05 02:52:06,566 - INFO - Boosted OOD loss: -0.0278
2025-09-05 02:52:07,124 - INFO - Boosted OOD loss: -0.1064
2025-09-05 02:52:07,674 - INFO - Boosted OOD loss: -0.0317
2025-09-05 02:52:17,290 - INFO - Boosted OOD loss: -0.0273
2025-09-05 02:52:19,985 - INFO - Boosted OOD loss: -0.0410
2025-09-05 02:52:21,599 - INFO - Boosted OOD loss: -0.0483
2025-09-05 02:52:23,209 - WARNING - No anomaly pixels (254) found in batch
2025-09-05 02:52:23,750 - INFO - Boosted OOD loss: -0.0754
2025-09-05 02:52:26,431 - INFO - Boosted OOD loss: -0.0624
2025-09-05 02:52:30,706 - INFO - Boosted OOD loss: -0.0352
2025-09-05 02:52:31,794 - INFO - Boosted OOD loss: -0.0746
2025-09-05 02:52:32,347 - INFO - Boosted OOD loss: -0.0475
2025-09-05 02:52:34,500 - INFO - Boosted OOD loss: -0.0587
2025-09-05 02:52:36,648 - INFO - Boosted OOD loss: -0.0575
2025-09-05 02:52:37,214 - INFO - Boosted OOD loss: -0.0264
2025-09-05 02:52:41,489 - INFO - Boosted OOD loss: -0.0508
2025-09-05 02:52:45,238 - INFO - Boosted OOD loss: -0.0214
2025-09-05 02:52:45,797 - INFO - Boosted OOD loss: -0.0078
2025-09-05 02:52:49,020 - INFO - Boosted OOD loss: -0.0679
2025-09-05 02:52:51,176 - INFO - Boosted OOD loss: -0.0461
2025-09-05 02:52:56,515 - INFO - Boosted OOD loss: -0.0927
2025-09-05 02:52:58,134 - INFO - Boosted OOD loss: -0.0529
2025-09-05 02:52:59,759 - INFO - Boosted OOD loss: -0.0808
2025-09-05 02:53:01,906 - INFO - Boosted OOD loss: -0.0602
2025-09-05 02:53:03,525 - INFO - Boosted OOD loss: -0.0148
2025-09-05 02:53:04,611 - INFO - Boosted OOD loss: -0.0448
2025-09-05 02:53:05,700 - INFO - Boosted OOD loss: -0.0223
2025-09-05 02:53:07,315 - INFO - Boosted OOD loss: -0.0910
2025-09-05 02:53:08,398 - INFO - Boosted OOD loss: -0.1124
2025-09-05 02:53:08,948 - INFO - Boosted OOD loss: -0.0707
2025-09-05 02:53:14,832 - INFO - Boosted OOD loss: -0.0617
2025-09-05 02:53:16,982 - INFO - Boosted OOD loss: -0.0627
2025-09-05 02:53:16,982 - INFO - Step 17600 Loss Debug:
2025-09-05 02:53:16,982 - INFO -  CE: 1.6209
2025-09-05 02:53:16,982 - INFO -  OOD: -0.0627
2025-09-05 02:53:16,982 - INFO -  β: 64.00
2025-09-05 02:53:16,982 - INFO -  ID: 6665, OOD(254): 250
2025-09-05 02:53:17,541 - INFO - Boosted OOD loss: -0.0544
2025-09-05 02:53:19,684 - INFO - Boosted OOD loss: -0.0333
2025-09-05 02:53:20,242 - INFO - Boosted OOD loss: -0.0566
2025-09-05 02:53:22,389 - INFO - Boosted OOD loss: -0.0489
2025-09-05 02:53:23,478 - INFO - Boosted OOD loss: -0.0815
2025-09-05 02:53:34,131 - INFO - Boosted OOD loss: -0.0445
2025-09-05 02:53:35,212 - INFO - Boosted OOD loss: -0.0467
2025-09-05 02:53:38,425 - INFO - Boosted OOD loss: -0.0326
2025-09-05 02:53:42,706 - INFO - Boosted OOD loss: -0.0914
2025-09-05 02:53:43,259 - INFO - Boosted OOD loss: -0.0538
2025-09-05 02:53:45,410 - INFO - Boosted OOD loss: -0.0790
2025-09-05 02:53:50,217 - INFO - Boosted OOD loss: -0.0190
2025-09-05 02:53:52,364 - INFO - Boosted OOD loss: -0.0599
2025-09-05 02:53:53,453 - INFO - Boosted OOD loss: -0.0567
2025-09-05 02:53:56,139 - INFO - Boosted OOD loss: -0.0060
2025-09-05 02:53:56,698 - INFO - Boosted OOD loss: 0.0090
2025-09-05 02:54:02,048 - INFO - Boosted OOD loss: -0.0845
2025-09-05 02:54:05,782 - INFO - Boosted OOD loss: -0.1047
2025-09-05 02:54:10,055 - INFO - Boosted OOD loss: -0.0158
2025-09-05 02:54:10,615 - INFO - Boosted OOD loss: -0.0489
2025-09-05 02:54:10,615 - INFO - Step 17700 Loss Debug:
2025-09-05 02:54:10,615 - INFO -  CE: 1.9899
2025-09-05 02:54:10,615 - INFO -  OOD: -0.0489
2025-09-05 02:54:10,615 - INFO -  β: 64.00
2025-09-05 02:54:10,615 - INFO -  ID: 6136, OOD(254): 100
2025-09-05 02:54:11,702 - INFO - Boosted OOD loss: -0.0285
2025-09-05 02:54:22,905 - INFO - Boosted OOD loss: -0.0231
2025-09-05 02:54:27,186 - INFO - Boosted OOD loss: -0.0513
2025-09-05 02:54:29,340 - INFO - Boosted OOD loss: -0.0414
2025-09-05 02:54:29,899 - INFO - Boosted OOD loss: -0.0222
2025-09-05 02:54:30,989 - INFO - Boosted OOD loss: -0.0500
2025-09-05 02:54:37,913 - INFO - Boosted OOD loss: -0.0275
2025-09-05 02:54:39,000 - INFO - Boosted OOD loss: -0.0714
2025-09-05 02:54:40,624 - INFO - Boosted OOD loss: -0.0669
2025-09-05 02:54:41,177 - INFO - Boosted OOD loss: -0.0651
2025-09-05 02:54:44,919 - INFO - Boosted OOD loss: -0.0415
2025-09-05 02:54:46,001 - INFO - Boosted OOD loss: -0.0463
2025-09-05 02:54:49,742 - INFO - Boosted OOD loss: -0.0623
2025-09-05 02:54:54,016 - INFO - Boosted OOD loss: -0.0358
2025-09-05 02:54:56,700 - INFO - Boosted OOD loss: -0.0844
2025-09-05 02:55:03,104 - INFO - Boosted OOD loss: -0.0687
2025-09-05 02:55:04,183 - WARNING - No anomaly pixels (254) found in batch
2025-09-05 02:55:05,782 - INFO - Boosted OOD loss: -0.0715
2025-09-05 02:55:07,388 - INFO - Boosted OOD loss: -0.0820
2025-09-05 02:55:07,940 - INFO - Boosted OOD loss: -0.0329
2025-09-05 02:55:14,401 - INFO - Updated beta to 14.34 (exp decay)
2025-09-05 02:55:15,804 - WARNING - Negative mean energy—verify E_b formula/signs
2025-09-05 02:55:15,804 - INFO - Weights updated successfully
2025-09-05 02:55:15,805 - INFO - Advanced epoch 10 - Updated beta: 14.34
2025-09-05 02:55:15,805 - INFO - Epoch 10 - Avg CE: 1.8428, Avg OOD: -0.0105, β: 64
2025-09-05 02:55:23,385 - INFO - Checkpoint saved for epoch 10 with β=64
2025-09-05 02:55:23,386 - INFO - 
Running evaluation with β=64...
2025-09-05 02:55:23,504 - INFO - 
Starting Epoch 11/100
2025-09-05 02:55:23,504 - INFO - ============================================================
2025-09-05 02:55:23,505 - INFO - 
Updating Hopfield boosting weights at epoch 11...
2025-09-05 02:55:24,900 - WARNING - Negative mean energy—verify E_b formula/signs
2025-09-05 02:55:24,900 - INFO - Weights updated successfully
2025-09-05 02:55:24,900 - INFO - Weight Update Debug at Epoch 11: No high-weight OOD pixels found
2025-09-05 02:55:31,501 - INFO - Boosted OOD loss: -0.0228
2025-09-05 02:55:32,028 - INFO - Boosted OOD loss: -0.0557
2025-09-05 02:55:36,097 - INFO - Boosted OOD loss: -0.1085
2025-09-05 02:55:38,673 - INFO - Boosted OOD loss: -0.0363
2025-09-05 02:55:41,801 - INFO - Boosted OOD loss: -0.0168
2025-09-05 02:55:42,349 - INFO - Boosted OOD loss: -0.0561
2025-09-05 02:55:43,942 - INFO - Boosted OOD loss: -0.0774
2025-09-05 02:55:46,073 - INFO - Boosted OOD loss: -0.0383
2025-09-05 02:55:46,631 - INFO - Boosted OOD loss: -0.1157
2025-09-05 02:55:50,935 - INFO - Boosted OOD loss: -0.0530
2025-09-05 02:55:53,114 - INFO - Boosted OOD loss: -0.0012
2025-09-05 02:55:53,682 - INFO - Boosted OOD loss: -0.0268
2025-09-05 02:55:55,337 - INFO - Boosted OOD loss: -0.0308
2025-09-05 02:55:55,900 - INFO - Boosted OOD loss: -0.1026
2025-09-05 02:55:57,549 - INFO - Boosted OOD loss: -0.0701
2025-09-05 02:55:58,663 - INFO - Boosted OOD loss: -0.0559
2025-09-05 02:56:04,682 - INFO - Boosted OOD loss: -0.0079
2025-09-05 02:56:05,793 - INFO - Boosted OOD loss: -0.0106
2025-09-05 02:56:08,548 - INFO - Boosted OOD loss: -0.0648
2025-09-05 02:56:08,549 - INFO - Step 17900 Loss Debug:
2025-09-05 02:56:08,549 - INFO -  CE: 1.2551
2025-09-05 02:56:08,549 - INFO -  OOD: -0.0648
2025-09-05 02:56:08,549 - INFO -  β: 64.00
2025-09-05 02:56:08,549 - INFO -  ID: 5410, OOD(254): 24
2025-09-05 02:56:20,587 - INFO - Boosted OOD loss: -0.0356
2025-09-05 02:56:29,887 - INFO - Boosted OOD loss: -0.0437
2025-09-05 02:56:32,635 - INFO - Boosted OOD loss: -0.0723
2025-09-05 02:56:34,292 - INFO - Boosted OOD loss: -0.0130
2025-09-05 02:56:37,047 - INFO - Boosted OOD loss: -0.0465
2025-09-05 02:56:38,697 - INFO - Boosted OOD loss: -0.0457
2025-09-05 02:56:40,354 - INFO - Boosted OOD loss: -0.0372
2025-09-05 02:56:43,644 - INFO - Boosted OOD loss: -0.0524
2025-09-05 02:56:45,288 - INFO - Boosted OOD loss: -0.0753
2025-09-05 02:56:49,655 - INFO - Boosted OOD loss: -0.0348
2025-09-05 02:56:51,850 - INFO - Boosted OOD loss: -0.0359
2025-09-05 02:56:54,586 - INFO - Boosted OOD loss: -0.0977
2025-09-05 02:56:56,782 - INFO - Boosted OOD loss: -0.0279
2025-09-05 02:56:57,350 - INFO - Boosted OOD loss: -0.0510
2025-09-05 02:56:57,917 - INFO - Boosted OOD loss: -0.0384
2025-09-05 02:57:00,104 - INFO - Boosted OOD loss: -0.0221
2025-09-05 02:57:03,367 - WARNING - No anomaly pixels (254) found in batch
2025-09-05 02:57:03,917 - INFO - Boosted OOD loss: -0.0300
2025-09-05 02:57:06,641 - INFO - Boosted OOD loss: -0.0480
2025-09-05 02:57:08,281 - INFO - Boosted OOD loss: -0.0731
2025-09-05 02:57:11,004 - INFO - Boosted OOD loss: -0.0507
2025-09-05 02:57:14,270 - INFO - Boosted OOD loss: -0.0496
2025-09-05 02:57:17,001 - INFO - Boosted OOD loss: -0.1080
2025-09-05 02:57:18,104 - INFO - Boosted OOD loss: -0.0444
2025-09-05 02:57:26,206 - INFO - Boosted OOD loss: -0.0501
2025-09-05 02:57:27,840 - INFO - Boosted OOD loss: -0.0775
2025-09-05 02:57:28,396 - INFO - Boosted OOD loss: -0.0485
2025-09-05 02:57:28,957 - INFO - Boosted OOD loss: -0.0868
2025-09-05 02:57:30,597 - INFO - Boosted OOD loss: -0.0532
2025-09-05 02:57:30,597 - INFO - Step 18050 Loss Debug:
2025-09-05 02:57:30,597 - INFO -  CE: 1.7443
2025-09-05 02:57:30,598 - INFO -  OOD: -0.0532
2025-09-05 02:57:30,598 - INFO -  β: 64.00
2025-09-05 02:57:30,598 - INFO -  ID: 7638, OOD(254): 81
2025-09-05 02:57:32,239 - INFO - Boosted OOD loss: -0.0330
2025-09-05 02:57:34,417 - INFO - Boosted OOD loss: -0.0526
2025-09-05 02:57:35,520 - INFO - Boosted OOD loss: -0.0712
2025-09-05 02:57:39,307 - INFO - Boosted OOD loss: -0.0523
2025-09-05 02:57:44,692 - INFO - Boosted OOD loss: -0.0523
2025-09-05 02:57:53,859 - INFO - Boosted OOD loss: -0.0622
2025-09-05 02:57:55,496 - INFO - Boosted OOD loss: -0.0640
2025-09-05 02:57:57,655 - WARNING - No anomaly pixels (254) found in batch
2025-09-05 02:57:58,200 - INFO - Boosted OOD loss: -0.0631
2025-09-05 02:57:58,760 - INFO - Boosted OOD loss: -0.0607
2025-09-05 02:57:59,317 - INFO - Boosted OOD loss: -0.0339
2025-09-05 02:58:02,024 - INFO - Boosted OOD loss: -0.0537
2025-09-05 02:58:03,117 - INFO - Boosted OOD loss: -0.0623
2025-09-05 02:58:09,588 - INFO - Boosted OOD loss: -0.0405
2025-09-05 02:58:12,286 - INFO - Boosted OOD loss: -0.1333
2025-09-05 02:58:18,197 - INFO - Boosted OOD loss: -0.0277
2025-09-05 02:58:19,294 - INFO - Boosted OOD loss: -0.0548
2025-09-05 02:58:24,149 - INFO - Boosted OOD loss: -0.0190
2025-09-05 02:58:26,319 - INFO - Boosted OOD loss: -0.0486
2025-09-05 02:58:29,558 - INFO - Boosted OOD loss: -0.0096
2025-09-05 02:58:32,788 - INFO - Boosted OOD loss: -0.0702
2025-09-05 02:58:36,559 - INFO - Boosted OOD loss: -0.0401
2025-09-05 02:58:38,187 - INFO - Boosted OOD loss: -0.0603
2025-09-05 02:58:39,281 - INFO - Boosted OOD loss: -0.0573
2025-09-05 02:58:39,828 - INFO - Boosted OOD loss: -0.0943
2025-09-05 02:58:45,192 - INFO - Boosted OOD loss: -0.0359
2025-09-05 02:58:45,753 - INFO - Boosted OOD loss: -0.0636
2025-09-05 02:58:46,843 - INFO - Boosted OOD loss: -0.0530
2025-09-05 02:58:49,002 - INFO - Boosted OOD loss: -0.0460
2025-09-05 02:58:51,685 - WARNING - No anomaly pixels (254) found in batch
2025-09-05 02:58:53,293 - INFO - Boosted OOD loss: -0.0754
2025-09-05 02:58:54,912 - INFO - Boosted OOD loss: -0.1083
2025-09-05 02:58:55,464 - INFO - Boosted OOD loss: -0.0935
2025-09-05 02:58:56,552 - INFO - Boosted OOD loss: -0.0534
2025-09-05 02:58:57,115 - INFO - Boosted OOD loss: -0.0129
2025-09-05 02:58:58,742 - INFO - Boosted OOD loss: -0.0913
2025-09-05 02:59:00,365 - INFO - Boosted OOD loss: -0.0330
2025-09-05 02:59:03,057 - INFO - Boosted OOD loss: -0.0203
2025-09-05 02:59:04,139 - INFO - Boosted OOD loss: -0.1114
2025-09-05 02:59:06,832 - INFO - Boosted OOD loss: -0.0059
2025-09-05 02:59:08,458 - INFO - Boosted OOD loss: -0.0526
2025-09-05 02:59:10,625 - INFO - Boosted OOD loss: -0.0172
2025-09-05 02:59:19,736 - INFO - Boosted OOD loss: -0.0160
2025-09-05 02:59:22,955 - INFO - Boosted OOD loss: -0.0264
2025-09-05 02:59:24,052 - INFO - Boosted OOD loss: -0.0574
2025-09-05 02:59:24,606 - INFO - Boosted OOD loss: -0.0435
2025-09-05 02:59:28,881 - INFO - Boosted OOD loss: -0.0790
2025-09-05 02:59:36,907 - INFO - Boosted OOD loss: -0.1178
2025-09-05 02:59:37,462 - INFO - Boosted OOD loss: -0.0479
2025-09-05 02:59:39,616 - INFO - Boosted OOD loss: -0.0420
2025-09-05 02:59:45,505 - INFO - Boosted OOD loss: -0.0583
2025-09-05 02:59:45,505 - INFO - Step 18300 Loss Debug:
2025-09-05 02:59:45,505 - INFO -  CE: 2.7985
2025-09-05 02:59:45,505 - INFO -  OOD: -0.0583
2025-09-05 02:59:45,505 - INFO -  β: 64.00
2025-09-05 02:59:45,506 - INFO -  ID: 7168, OOD(254): 125
2025-09-05 02:59:46,063 - INFO - Boosted OOD loss: -0.0278
2025-09-05 02:59:47,152 - INFO - Boosted OOD loss: -0.0559
2025-09-05 02:59:47,710 - INFO - Boosted OOD loss: -0.0550
2025-09-05 02:59:49,327 - INFO - Boosted OOD loss: -0.0521
2025-09-05 02:59:56,271 - INFO - Boosted OOD loss: -0.0514
2025-09-05 02:59:56,829 - INFO - Boosted OOD loss: -0.0064
2025-09-05 02:59:57,385 - INFO - Boosted OOD loss: -0.0507
2025-09-05 03:00:00,605 - INFO - Boosted OOD loss: -0.0272
2025-09-05 03:00:02,228 - INFO - Boosted OOD loss: -0.0294
2025-09-05 03:00:03,844 - INFO - Boosted OOD loss: -0.0788
2025-09-05 03:00:07,062 - INFO - Boosted OOD loss: -0.0301
2025-09-05 03:00:07,617 - INFO - Boosted OOD loss: -0.0485
2025-09-05 03:00:09,764 - INFO - Boosted OOD loss: -0.0433
2025-09-05 03:00:11,377 - INFO - Boosted OOD loss: -0.0587
2025-09-05 03:00:12,467 - INFO - Boosted OOD loss: -0.0306
2025-09-05 03:00:12,467 - INFO - Step 18350 Loss Debug:
2025-09-05 03:00:12,467 - INFO -  CE: 1.5128
2025-09-05 03:00:12,467 - INFO -  OOD: -0.0306
2025-09-05 03:00:12,467 - INFO -  β: 64.00
2025-09-05 03:00:12,467 - INFO -  ID: 6513, OOD(254): 382
2025-09-05 03:00:18,877 - INFO - Boosted OOD loss: -0.0389
2025-09-05 03:00:21,031 - INFO - Boosted OOD loss: -0.0556
2025-09-05 03:00:23,190 - INFO - Boosted OOD loss: -0.0695
2025-09-05 03:00:23,745 - INFO - Boosted OOD loss: -0.0422
2025-09-05 03:00:24,833 - INFO - Boosted OOD loss: -0.0718
2025-09-05 03:00:25,392 - INFO - Boosted OOD loss: -0.0495
2025-09-05 03:00:27,007 - INFO - Boosted OOD loss: -0.0340
2025-09-05 03:00:30,222 - INFO - Boosted OOD loss: -0.0075
2025-09-05 03:00:33,980 - INFO - Boosted OOD loss: -0.0887
2025-09-05 03:00:38,788 - INFO - Boosted OOD loss: -0.0537
2025-09-05 03:00:39,335 - WARNING - No anomaly pixels (254) found in batch
2025-09-05 03:00:42,535 - INFO - Boosted OOD loss: -0.0341
2025-09-05 03:00:53,212 - INFO - Boosted OOD loss: -0.0786
2025-09-05 03:00:53,764 - INFO - Boosted OOD loss: -0.0438
2025-09-05 03:00:54,321 - INFO - Boosted OOD loss: -0.0278
2025-09-05 03:00:58,076 - INFO - Boosted OOD loss: -0.0370
2025-09-05 03:00:59,691 - INFO - Boosted OOD loss: -0.0600
2025-09-05 03:01:01,309 - INFO - Boosted OOD loss: -0.0548
2025-09-05 03:01:05,061 - INFO - Boosted OOD loss: -0.0468
2025-09-05 03:01:06,684 - INFO - Boosted OOD loss: -0.0549
2025-09-05 03:01:07,237 - INFO - Boosted OOD loss: -0.0807
2025-09-05 03:01:08,323 - INFO - Boosted OOD loss: 0.0093
2025-09-05 03:01:15,799 - INFO - Boosted OOD loss: -0.0593
2025-09-05 03:01:16,359 - INFO - Boosted OOD loss: -0.0386
2025-09-05 03:01:16,910 - INFO - Boosted OOD loss: -0.0778
2025-09-05 03:01:19,604 - INFO - Boosted OOD loss: -0.0701
2025-09-05 03:01:20,155 - INFO - Boosted OOD loss: -0.0379
2025-09-05 03:01:22,838 - INFO - Boosted OOD loss: -0.0744
2025-09-05 03:01:24,452 - INFO - Boosted OOD loss: -0.0502
2025-09-05 03:01:26,600 - INFO - Boosted OOD loss: -0.0787
2025-09-05 03:01:28,214 - INFO - Boosted OOD loss: -0.0524
2025-09-05 03:01:31,966 - INFO - Boosted OOD loss: -0.0939
2025-09-05 03:01:33,045 - WARNING - No anomaly pixels (254) found in batch
2025-09-05 03:01:34,119 - INFO - Boosted OOD loss: -0.0310
2025-09-05 03:01:34,671 - INFO - Boosted OOD loss: -0.0872
2025-09-05 03:01:37,897 - INFO - Boosted OOD loss: -0.0900
2025-09-05 03:01:41,638 - INFO - Boosted OOD loss: -0.0718
2025-09-05 03:01:45,378 - INFO - Boosted OOD loss: -0.0512
2025-09-05 03:01:47,003 - INFO - Boosted OOD loss: -0.0681
2025-09-05 03:01:51,271 - INFO - Boosted OOD loss: -0.0695
2025-09-05 03:01:54,485 - INFO - Boosted OOD loss: -0.0763
2025-09-05 03:02:01,963 - INFO - Boosted OOD loss: -0.0425
2025-09-05 03:02:03,051 - INFO - Boosted OOD loss: -0.0458
2025-09-05 03:02:07,858 - INFO - Boosted OOD loss: -0.0100
2025-09-05 03:02:09,481 - INFO - Boosted OOD loss: -0.0714
2025-09-05 03:02:12,165 - INFO - Boosted OOD loss: -0.0604
2025-09-05 03:02:12,716 - INFO - Boosted OOD loss: -0.0717
2025-09-05 03:02:14,337 - INFO - Boosted OOD loss: -0.0647
2025-09-05 03:02:17,553 - INFO - Boosted OOD loss: -0.0493
2025-09-05 03:02:22,881 - INFO - Boosted OOD loss: -0.0995
2025-09-05 03:02:23,434 - INFO - Boosted OOD loss: -0.0433
2025-09-05 03:02:26,117 - INFO - Boosted OOD loss: -0.0578
2025-09-05 03:02:26,662 - WARNING - No anomaly pixels (254) found in batch
2025-09-05 03:02:27,733 - INFO - Boosted OOD loss: -0.0524
2025-09-05 03:02:28,289 - INFO - Boosted OOD loss: -0.0310
2025-09-05 03:02:29,376 - INFO - Boosted OOD loss: -0.0228
2025-09-05 03:02:38,973 - INFO - Boosted OOD loss: -0.0886
2025-09-05 03:02:40,060 - INFO - Boosted OOD loss: -0.0824
2025-09-05 03:02:41,682 - INFO - Boosted OOD loss: -0.0664
2025-09-05 03:02:42,767 - INFO - Boosted OOD loss: -0.0462
2025-09-05 03:02:44,383 - INFO - Boosted OOD loss: -0.0402
2025-09-05 03:02:44,935 - INFO - Boosted OOD loss: -0.0642
2025-09-05 03:02:46,021 - INFO - Boosted OOD loss: -0.0602
2025-09-05 03:02:46,578 - INFO - Boosted OOD loss: -0.0223
2025-09-05 03:02:47,669 - INFO - Boosted OOD loss: -0.0167
2025-09-05 03:02:49,289 - INFO - Boosted OOD loss: -0.0634
2025-09-05 03:02:49,839 - INFO - Boosted OOD loss: -0.0558
2025-09-05 03:02:51,982 - INFO - Boosted OOD loss: -0.0728
2025-09-05 03:02:54,128 - INFO - Boosted OOD loss: -0.0908
2025-09-05 03:02:58,406 - INFO - Boosted OOD loss: -0.0645
2025-09-05 03:02:59,505 - INFO - Boosted OOD loss: -0.0381
2025-09-05 03:03:04,861 - INFO - Boosted OOD loss: -0.0258
2025-09-05 03:03:09,666 - INFO - Boosted OOD loss: -0.0621
2025-09-05 03:03:10,754 - INFO - Boosted OOD loss: -0.0511
2025-09-05 03:03:11,310 - INFO - Boosted OOD loss: -0.0435
2025-09-05 03:03:13,995 - INFO - Boosted OOD loss: -0.0603
2025-09-05 03:03:15,611 - INFO - Boosted OOD loss: -0.0472
2025-09-05 03:03:19,376 - INFO - Boosted OOD loss: -0.0508
2025-09-05 03:03:20,458 - WARNING - No anomaly pixels (254) found in batch
2025-09-05 03:03:22,062 - INFO - Boosted OOD loss: -0.0847
2025-09-05 03:03:25,808 - INFO - Boosted OOD loss: -0.0498
2025-09-05 03:03:31,687 - INFO - Boosted OOD loss: -0.0765
2025-09-05 03:03:41,847 - INFO - Boosted OOD loss: -0.0349
2025-09-05 03:03:43,992 - INFO - Boosted OOD loss: -0.0377
2025-09-05 03:03:46,150 - INFO - Boosted OOD loss: -0.0212
2025-09-05 03:03:46,714 - INFO - Boosted OOD loss: -0.0472
2025-09-05 03:03:48,869 - INFO - Boosted OOD loss: -0.0447
2025-09-05 03:03:50,496 - INFO - Boosted OOD loss: -0.0618
2025-09-05 03:03:52,643 - INFO - Boosted OOD loss: -0.0297
2025-09-05 03:03:54,796 - INFO - Boosted OOD loss: -0.0443
2025-09-05 03:03:55,350 - INFO - Boosted OOD loss: -0.0266
2025-09-05 03:03:57,503 - INFO - Boosted OOD loss: -0.0672
2025-09-05 03:03:58,053 - INFO - Boosted OOD loss: -0.0723
2025-09-05 03:04:01,797 - INFO - Boosted OOD loss: -0.0704
2025-09-05 03:04:04,470 - INFO - Boosted OOD loss: -0.0306
2025-09-05 03:04:07,149 - INFO - Boosted OOD loss: -0.0538
2025-09-05 03:04:14,067 - WARNING - No anomaly pixels (254) found in batch
2025-09-05 03:04:17,258 - INFO - Boosted OOD loss: -0.0706
2025-09-05 03:04:23,140 - INFO - Boosted OOD loss: -0.0585
2025-09-05 03:04:28,498 - INFO - Boosted OOD loss: -0.0508
2025-09-05 03:04:32,248 - INFO - Boosted OOD loss: -0.0531
2025-09-05 03:04:34,404 - INFO - Boosted OOD loss: -0.0093
2025-09-05 03:04:34,963 - INFO - Boosted OOD loss: 0.0350
2025-09-05 03:04:38,713 - INFO - Boosted OOD loss: -0.0162
2025-09-05 03:04:40,872 - INFO - Boosted OOD loss: -0.0675
2025-09-05 03:04:40,872 - INFO - Step 18850 Loss Debug:
2025-09-05 03:04:40,872 - INFO -  CE: 2.0871
2025-09-05 03:04:40,873 - INFO -  OOD: -0.0675
2025-09-05 03:04:40,873 - INFO -  β: 64.00
2025-09-05 03:04:40,873 - INFO -  ID: 7703, OOD(254): 139
2025-09-05 03:04:44,096 - INFO - Boosted OOD loss: -0.0541
2025-09-05 03:04:46,787 - INFO - Boosted OOD loss: -0.0531
2025-09-05 03:04:48,408 - INFO - Boosted OOD loss: -0.0376
2025-09-05 03:04:48,960 - INFO - Boosted OOD loss: -0.0963
2025-09-05 03:04:54,831 - INFO - Boosted OOD loss: -0.0506
2025-09-05 03:04:57,519 - INFO - Boosted OOD loss: -0.0631
2025-09-05 03:04:58,070 - INFO - Boosted OOD loss: -0.0487
2025-09-05 03:04:58,624 - INFO - Boosted OOD loss: -0.0695
2025-09-05 03:05:00,247 - INFO - Boosted OOD loss: -0.1129
2025-09-05 03:05:02,919 - INFO - Boosted OOD loss: -0.0706
2025-09-05 03:05:04,539 - INFO - Boosted OOD loss: -0.0570
2025-09-05 03:05:05,618 - INFO - Boosted OOD loss: -0.0561
2025-09-05 03:05:06,701 - INFO - Boosted OOD loss: -0.0670
2025-09-05 03:05:07,780 - WARNING - No anomaly pixels (254) found in batch
2025-09-05 03:05:08,849 - INFO - Boosted OOD loss: -0.0441
2025-09-05 03:05:12,593 - INFO - Boosted OOD loss: -0.0663
2025-09-05 03:05:19,542 - INFO - Boosted OOD loss: -0.0687
2025-09-05 03:05:23,816 - INFO - Boosted OOD loss: -0.0553
2025-09-05 03:05:24,372 - INFO - Boosted OOD loss: -0.0103
2025-09-05 03:05:26,525 - INFO - Boosted OOD loss: -0.0275
2025-09-05 03:05:28,145 - INFO - Boosted OOD loss: -0.0221
2025-09-05 03:05:32,437 - INFO - Boosted OOD loss: -0.0514
2025-09-05 03:05:34,598 - INFO - Boosted OOD loss: -0.0895
2025-09-05 03:05:34,598 - INFO - Step 18950 Loss Debug:
2025-09-05 03:05:34,598 - INFO -  CE: 1.8995
2025-09-05 03:05:34,599 - INFO -  OOD: -0.0895
2025-09-05 03:05:34,599 - INFO -  β: 64.00
2025-09-05 03:05:34,599 - INFO -  ID: 7198, OOD(254): 56
2025-09-05 03:05:36,216 - INFO - Boosted OOD loss: -0.0366
2025-09-05 03:05:36,770 - INFO - Boosted OOD loss: -0.0606
2025-09-05 03:05:37,326 - INFO - Boosted OOD loss: -0.0411
2025-09-05 03:05:41,069 - INFO - Boosted OOD loss: -0.0837
2025-09-05 03:05:44,270 - INFO - Boosted OOD loss: -0.0827
2025-09-05 03:05:53,333 - INFO - Boosted OOD loss: -0.0490
2025-09-05 03:05:55,487 - INFO - Boosted OOD loss: -0.0924
2025-09-05 03:05:59,237 - INFO - Boosted OOD loss: -0.0040
2025-09-05 03:05:59,794 - INFO - Boosted OOD loss: -0.0579
2025-09-05 03:06:00,349 - INFO - Boosted OOD loss: -0.0651
2025-09-05 03:06:01,434 - INFO - Boosted OOD loss: -0.0801
2025-09-05 03:06:01,434 - INFO - Step 19000 Loss Debug:
2025-09-05 03:06:01,434 - INFO -  CE: 1.9886
2025-09-05 03:06:01,434 - INFO -  OOD: -0.0801
2025-09-05 03:06:01,435 - INFO -  β: 64.00
2025-09-05 03:06:01,435 - INFO -  ID: 7598, OOD(254): 14
2025-09-05 03:06:01,984 - INFO - Boosted OOD loss: -0.0178
2025-09-05 03:06:04,676 - INFO - Boosted OOD loss: -0.0541
2025-09-05 03:06:05,769 - INFO - Boosted OOD loss: -0.0855
2025-09-05 03:06:06,853 - INFO - Boosted OOD loss: -0.0717
2025-09-05 03:06:10,070 - INFO - Boosted OOD loss: -0.0486
2025-09-05 03:06:11,152 - INFO - Boosted OOD loss: -0.0659
2025-09-05 03:06:12,238 - INFO - Boosted OOD loss: -0.0275
2025-09-05 03:06:13,859 - INFO - Boosted OOD loss: -0.0126
2025-09-05 03:06:19,203 - INFO - Boosted OOD loss: -0.0694
2025-09-05 03:06:23,481 - INFO - Boosted OOD loss: -0.0101
2025-09-05 03:06:27,221 - INFO - Boosted OOD loss: -0.0529
2025-09-05 03:06:29,908 - INFO - Boosted OOD loss: -0.0359
2025-09-05 03:06:33,118 - INFO - Boosted OOD loss: -0.0366
2025-09-05 03:06:35,802 - INFO - Boosted OOD loss: -0.0852
2025-09-05 03:06:36,886 - INFO - Boosted OOD loss: -0.0953
2025-09-05 03:06:37,436 - INFO - Boosted OOD loss: -0.0696
2025-09-05 03:06:39,052 - INFO - Boosted OOD loss: -0.0030
2025-09-05 03:06:44,937 - INFO - Boosted OOD loss: -0.0707
2025-09-05 03:06:46,555 - INFO - Boosted OOD loss: -0.0593
2025-09-05 03:06:50,307 - INFO - Boosted OOD loss: -0.0737
2025-09-05 03:06:51,919 - INFO - Boosted OOD loss: -0.0805
2025-09-05 03:06:54,609 - INFO - Boosted OOD loss: -0.0329
2025-09-05 03:06:55,154 - WARNING - No anomaly pixels (254) found in batch
2025-09-05 03:06:56,221 - INFO - Boosted OOD loss: -0.0455
2025-09-05 03:06:57,837 - INFO - Boosted OOD loss: -0.0673
2025-09-05 03:06:58,390 - INFO - Boosted OOD loss: -0.0715
2025-09-05 03:07:00,538 - INFO - Boosted OOD loss: -0.0477
2025-09-05 03:07:07,991 - INFO - Boosted OOD loss: -0.0618
2025-09-05 03:07:13,856 - INFO - Boosted OOD loss: -0.0435
2025-09-05 03:07:14,940 - INFO - Boosted OOD loss: -0.0449
2025-09-05 03:07:20,822 - INFO - Boosted OOD loss: -0.0486
2025-09-05 03:07:23,493 - INFO - Boosted OOD loss: -0.0642
2025-09-05 03:07:24,048 - INFO - Boosted OOD loss: -0.0409
2025-09-05 03:07:29,387 - INFO - Boosted OOD loss: -0.0691
2025-09-05 03:07:36,856 - INFO - Boosted OOD loss: -0.0652
2025-09-05 03:07:37,407 - INFO - Boosted OOD loss: -0.0713
2025-09-05 03:07:38,490 - INFO - Boosted OOD loss: -0.0941
2025-09-05 03:07:39,043 - INFO - Boosted OOD loss: -0.0500
2025-09-05 03:07:42,783 - INFO - Boosted OOD loss: -0.0563
2025-09-05 03:07:44,933 - INFO - Boosted OOD loss: -0.0640
2025-09-05 03:07:48,668 - WARNING - No anomaly pixels (254) found in batch
2025-09-05 03:07:49,206 - INFO - Boosted OOD loss: -0.0549
2025-09-05 03:07:51,359 - INFO - Boosted OOD loss: -0.0517
2025-09-05 03:07:57,233 - INFO - Boosted OOD loss: -0.0597
2025-09-05 03:08:02,042 - INFO - Boosted OOD loss: -0.0233
2025-09-05 03:08:03,667 - INFO - Boosted OOD loss: -0.0165
2025-09-05 03:08:07,959 - INFO - Boosted OOD loss: -0.0859
2025-09-05 03:08:08,515 - INFO - Boosted OOD loss: -0.0277
2025-09-05 03:08:12,797 - INFO - Boosted OOD loss: -0.0813
2025-09-05 03:08:15,479 - INFO - Boosted OOD loss: -0.0453
2025-09-05 03:08:15,479 - INFO - Step 19250 Loss Debug:
2025-09-05 03:08:15,480 - INFO -  CE: 1.6753
2025-09-05 03:08:15,480 - INFO -  OOD: -0.0453
2025-09-05 03:08:15,480 - INFO -  β: 64.00
2025-09-05 03:08:15,480 - INFO -  ID: 5903, OOD(254): 255
2025-09-05 03:08:18,158 - INFO - Boosted OOD loss: -0.0835
2025-09-05 03:08:19,767 - INFO - Boosted OOD loss: -0.0795
2025-09-05 03:08:23,501 - INFO - Boosted OOD loss: -0.0357
2025-09-05 03:08:25,128 - INFO - Boosted OOD loss: -0.0331
2025-09-05 03:08:26,213 - INFO - Boosted OOD loss: -0.0061
2025-09-05 03:08:29,432 - INFO - Boosted OOD loss: -0.0538
2025-09-05 03:08:30,517 - INFO - Boosted OOD loss: -0.0158
2025-09-05 03:08:31,076 - INFO - Boosted OOD loss: -0.0448
2025-09-05 03:08:34,302 - INFO - Boosted OOD loss: -0.0391
2025-09-05 03:08:39,105 - INFO - Boosted OOD loss: -0.0652
2025-09-05 03:08:42,309 - WARNING - No anomaly pixels (254) found in batch
2025-09-05 03:08:44,439 - INFO - Boosted OOD loss: -0.0569
2025-09-05 03:08:45,526 - INFO - Boosted OOD loss: -0.0721
2025-09-05 03:08:46,076 - INFO - Boosted OOD loss: -0.0274
2025-09-05 03:08:55,674 - INFO - Boosted OOD loss: -0.0568
2025-09-05 03:08:58,354 - INFO - Boosted OOD loss: -0.0795
2025-09-05 03:08:58,909 - INFO - Boosted OOD loss: -0.0658
2025-09-05 03:09:01,593 - INFO - Boosted OOD loss: -0.0625
2025-09-05 03:09:05,884 - INFO - Boosted OOD loss: -0.0691
2025-09-05 03:09:06,968 - INFO - Boosted OOD loss: -0.0522
2025-09-05 03:09:08,059 - INFO - Boosted OOD loss: -0.0459
2025-09-05 03:09:14,470 - INFO - Boosted OOD loss: -0.0784
2025-09-05 03:09:16,077 - INFO - Boosted OOD loss: -0.0616
2025-09-05 03:09:19,294 - INFO - Boosted OOD loss: -0.0615
2025-09-05 03:09:21,983 - INFO - Boosted OOD loss: -0.0824
2025-09-05 03:09:25,722 - INFO - Boosted OOD loss: -0.0660
2025-09-05 03:09:27,882 - INFO - Boosted OOD loss: -0.0545
2025-09-05 03:09:29,496 - INFO - Boosted OOD loss: -0.0177
2025-09-05 03:09:34,842 - INFO - Boosted OOD loss: -0.0953
2025-09-05 03:09:35,918 - WARNING - No anomaly pixels (254) found in batch
2025-09-05 03:09:40,705 - INFO - Boosted OOD loss: -0.0655
2025-09-05 03:09:41,791 - INFO - Boosted OOD loss: -0.0393
2025-09-05 03:09:42,339 - INFO - Boosted OOD loss: -0.0781
2025-09-05 03:09:52,991 - INFO - Boosted OOD loss: -0.0546
2025-09-05 03:09:56,207 - INFO - Boosted OOD loss: -0.0301
2025-09-05 03:10:02,088 - INFO - Boosted OOD loss: -0.0441
2025-09-05 03:10:06,903 - INFO - Boosted OOD loss: -0.0555
2025-09-05 03:10:09,583 - INFO - Boosted OOD loss: -0.0092
2025-09-05 03:10:10,142 - INFO - Boosted OOD loss: -0.0582
2025-09-05 03:10:11,757 - INFO - Boosted OOD loss: -0.0576
2025-09-05 03:10:14,965 - INFO - Boosted OOD loss: -0.0748
2025-09-05 03:10:15,517 - INFO - Boosted OOD loss: -0.0084
2025-09-05 03:10:17,132 - INFO - Boosted OOD loss: -0.0812
2025-09-05 03:10:17,688 - INFO - Boosted OOD loss: -0.0549
2025-09-05 03:10:19,299 - INFO - Boosted OOD loss: -0.0542
2025-09-05 03:10:21,446 - INFO - Boosted OOD loss: -0.1218
2025-09-05 03:10:23,596 - INFO - Boosted OOD loss: -0.0232
2025-09-05 03:10:27,341 - INFO - Boosted OOD loss: -0.0525
2025-09-05 03:10:29,484 - WARNING - No anomaly pixels (254) found in batch
2025-09-05 03:10:30,024 - INFO - Boosted OOD loss: -0.0656
2025-09-05 03:10:39,637 - INFO - Boosted OOD loss: -0.0767
2025-09-05 03:10:43,381 - INFO - Boosted OOD loss: -0.0795
2025-09-05 03:10:50,862 - INFO - Boosted OOD loss: -0.0352
2025-09-05 03:10:52,474 - INFO - Boosted OOD loss: -0.0566
2025-09-05 03:10:53,027 - INFO - Boosted OOD loss: -0.0720
2025-09-05 03:10:53,580 - INFO - Boosted OOD loss: -0.0654
2025-09-05 03:10:54,134 - INFO - Boosted OOD loss: -0.0277
2025-09-05 03:10:56,812 - INFO - Boosted OOD loss: -0.0481
2025-09-05 03:10:57,898 - INFO - Boosted OOD loss: -0.0504
2025-09-05 03:11:02,714 - INFO - Boosted OOD loss: -0.0116
2025-09-05 03:11:05,397 - INFO - Boosted OOD loss: -0.0266
2025-09-05 03:11:06,485 - INFO - Boosted OOD loss: -0.0400
2025-09-05 03:11:08,103 - INFO - Boosted OOD loss: -0.0618
2025-09-05 03:11:11,843 - INFO - Boosted OOD loss: -0.0584
2025-09-05 03:11:12,399 - INFO - Boosted OOD loss: -0.0327
2025-09-05 03:11:13,483 - INFO - Boosted OOD loss: -0.0675
2025-09-05 03:11:14,037 - INFO - Boosted OOD loss: -0.0570
2025-09-05 03:11:14,590 - INFO - Boosted OOD loss: -0.0518
2025-09-05 03:11:15,668 - INFO - Boosted OOD loss: -0.0515
2025-09-05 03:11:17,286 - INFO - Boosted OOD loss: -0.0431
2025-09-05 03:11:17,839 - INFO - Boosted OOD loss: -0.1016
2025-09-05 03:11:23,165 - WARNING - No anomaly pixels (254) found in batch
2025-09-05 03:11:23,733 - INFO - Updated beta to 14.18 (exp decay)
2025-09-05 03:11:25,135 - WARNING - Negative mean energy—verify E_b formula/signs
2025-09-05 03:11:25,136 - INFO - Weights updated successfully
2025-09-05 03:11:25,136 - INFO - Advanced epoch 11 - Updated beta: 14.18
2025-09-05 03:11:25,136 - INFO - Epoch 11 - Avg CE: 1.8359, Avg OOD: -0.0108, β: 64
2025-09-05 03:11:25,252 - INFO - 
Starting Epoch 12/100
2025-09-05 03:11:25,252 - INFO - ============================================================
2025-09-05 03:11:25,253 - INFO - 
Updating Hopfield boosting weights at epoch 12...
2025-09-05 03:11:26,653 - WARNING - Negative mean energy—verify E_b formula/signs
2025-09-05 03:11:26,654 - INFO - Weights updated successfully
2025-09-05 03:11:26,654 - INFO - Weight Update Debug at Epoch 12: No high-weight OOD pixels found
2025-09-05 03:11:29,683 - INFO - Boosted OOD loss: -0.0455
2025-09-05 03:11:34,450 - INFO - Boosted OOD loss: -0.0138
2025-09-05 03:11:35,003 - INFO - Boosted OOD loss: -0.0615
2025-09-05 03:11:36,083 - INFO - Boosted OOD loss: -0.0274
2025-09-05 03:11:40,351 - INFO - Boosted OOD loss: -0.0751
2025-09-05 03:11:41,438 - INFO - Boosted OOD loss: -0.0406
2025-09-05 03:11:43,049 - INFO - Boosted OOD loss: -0.0319
2025-09-05 03:11:43,604 - INFO - Boosted OOD loss: -0.0386
2025-09-05 03:11:45,228 - INFO - Boosted OOD loss: -0.0337
2025-09-05 03:11:46,850 - INFO - Boosted OOD loss: -0.0420
2025-09-05 03:11:47,933 - INFO - Boosted OOD loss: -0.0622
2025-09-05 03:11:50,614 - INFO - Boosted OOD loss: -0.0492
2025-09-05 03:11:52,760 - INFO - Boosted OOD loss: -0.0506
2025-09-05 03:11:53,849 - INFO - Boosted OOD loss: -0.0238
2025-09-05 03:11:56,003 - INFO - Boosted OOD loss: -0.0393
2025-09-05 03:11:59,225 - INFO - Boosted OOD loss: -0.0671
2025-09-05 03:11:59,778 - INFO - Boosted OOD loss: -0.0311
2025-09-05 03:12:04,586 - INFO - Boosted OOD loss: -0.0810
2025-09-05 03:12:05,140 - INFO - Boosted OOD loss: -0.0224
2025-09-05 03:12:06,232 - INFO - Boosted OOD loss: -0.0490
2025-09-05 03:12:06,794 - INFO - Boosted OOD loss: -0.0566
2025-09-05 03:12:07,883 - INFO - Boosted OOD loss: -0.0446
2025-09-05 03:12:08,438 - INFO - Boosted OOD loss: -0.0737
2025-09-05 03:12:13,248 - INFO - Boosted OOD loss: -0.0506
2025-09-05 03:12:17,532 - INFO - Boosted OOD loss: -0.0495
2025-09-05 03:12:20,210 - WARNING - No anomaly pixels (254) found in batch
2025-09-05 03:12:21,281 - INFO - Boosted OOD loss: -0.0300
2025-09-05 03:12:23,434 - INFO - Boosted OOD loss: -0.0105
2025-09-05 03:12:23,990 - INFO - Boosted OOD loss: -0.0804
2025-09-05 03:12:26,145 - INFO - Boosted OOD loss: -0.0488
2025-09-05 03:12:32,031 - INFO - Boosted OOD loss: -0.0628
2025-09-05 03:12:34,177 - INFO - Boosted OOD loss: -0.0467
2025-09-05 03:12:34,730 - INFO - Boosted OOD loss: -0.0763
2025-09-05 03:12:35,813 - INFO - Boosted OOD loss: -0.0770
2025-09-05 03:12:39,569 - INFO - Boosted OOD loss: -0.0927
2025-09-05 03:12:43,314 - INFO - Boosted OOD loss: -0.0782
2025-09-05 03:12:43,873 - INFO - Boosted OOD loss: -0.0469
2025-09-05 03:12:50,811 - INFO - Boosted OOD loss: -0.0511
2025-09-05 03:12:52,969 - INFO - Boosted OOD loss: -0.0626
2025-09-05 03:12:55,114 - INFO - Boosted OOD loss: -0.0532
2025-09-05 03:12:56,737 - INFO - Boosted OOD loss: -0.0279
2025-09-05 03:12:57,830 - INFO - Boosted OOD loss: -0.0608
2025-09-05 03:12:59,979 - INFO - Boosted OOD loss: -0.0514
2025-09-05 03:13:00,532 - INFO - Boosted OOD loss: -0.0440
2025-09-05 03:13:01,616 - INFO - Boosted OOD loss: -0.0606
2025-09-05 03:13:03,772 - INFO - Boosted OOD loss: -0.0595
2025-09-05 03:13:06,987 - INFO - Boosted OOD loss: -0.0339
2025-09-05 03:13:11,280 - INFO - Boosted OOD loss: -0.0553
2025-09-05 03:13:13,437 - INFO - Boosted OOD loss: -0.0521
2025-09-05 03:13:13,992 - INFO - Boosted OOD loss: -0.0549
2025-09-05 03:13:13,993 - INFO - Step 19800 Loss Debug:
2025-09-05 03:13:13,993 - INFO -  CE: 1.6483
2025-09-05 03:13:13,993 - INFO -  OOD: -0.0549
2025-09-05 03:13:13,993 - INFO -  β: 64.00
2025-09-05 03:13:13,993 - INFO -  ID: 7545, OOD(254): 131
2025-09-05 03:13:18,821 - INFO - Boosted OOD loss: -0.0208
2025-09-05 03:13:21,519 - INFO - Boosted OOD loss: -0.0976
2025-09-05 03:13:24,208 - INFO - Boosted OOD loss: -0.0363
2025-09-05 03:13:31,156 - INFO - Boosted OOD loss: -0.0736
2025-09-05 03:13:32,247 - INFO - Boosted OOD loss: -0.0780
2025-09-05 03:13:37,050 - INFO - Boosted OOD loss: -0.0468
2025-09-05 03:13:38,678 - INFO - Boosted OOD loss: -0.0332
2025-09-05 03:13:40,829 - INFO - Boosted OOD loss: -0.1062
2025-09-05 03:13:40,829 - INFO - Step 19850 Loss Debug:
2025-09-05 03:13:40,830 - INFO -  CE: 1.8873
2025-09-05 03:13:40,830 - INFO -  OOD: -0.1062
2025-09-05 03:13:40,830 - INFO -  β: 64.00
2025-09-05 03:13:40,830 - INFO -  ID: 7194, OOD(254): 16
2025-09-05 03:13:41,912 - INFO - Boosted OOD loss: -0.0869
2025-09-05 03:13:48,333 - INFO - Boosted OOD loss: -0.0707
2025-09-05 03:13:49,419 - INFO - Boosted OOD loss: -0.0631
2025-09-05 03:13:51,039 - INFO - Boosted OOD loss: -0.0425
2025-09-05 03:13:56,901 - INFO - Boosted OOD loss: -0.0632
2025-09-05 03:13:57,452 - INFO - Boosted OOD loss: -0.0712
2025-09-05 03:13:59,075 - INFO - Boosted OOD loss: -0.0761
2025-09-05 03:14:00,157 - INFO - Boosted OOD loss: -0.0796
2025-09-05 03:14:03,369 - INFO - Boosted OOD loss: -0.0889
2025-09-05 03:14:04,455 - INFO - Boosted OOD loss: -0.0505
2025-09-05 03:14:07,140 - INFO - Boosted OOD loss: -0.0204
2025-09-05 03:14:07,686 - WARNING - No anomaly pixels (254) found in batch
2025-09-05 03:14:13,551 - INFO - Boosted OOD loss: -0.0401
2025-09-05 03:14:20,502 - INFO - Boosted OOD loss: -0.0660
2025-09-05 03:14:23,734 - INFO - Boosted OOD loss: -0.0210
2025-09-05 03:14:28,550 - INFO - Boosted OOD loss: -0.0430
2025-09-05 03:14:31,771 - INFO - Boosted OOD loss: -0.0108
2025-09-05 03:14:32,330 - INFO - Boosted OOD loss: -0.0186
2025-09-05 03:14:37,147 - INFO - Boosted OOD loss: -0.0874
2025-09-05 03:14:38,765 - INFO - Boosted OOD loss: -0.1176
2025-09-05 03:14:39,313 - INFO - Boosted OOD loss: -0.0710
2025-09-05 03:14:41,464 - INFO - Boosted OOD loss: -0.1150
2025-09-05 03:14:44,126 - INFO - Boosted OOD loss: -0.0674
2025-09-05 03:14:45,740 - INFO - Boosted OOD loss: -0.0203
2025-09-05 03:14:46,826 - INFO - Boosted OOD loss: -0.1173
2025-09-05 03:14:48,451 - INFO - Boosted OOD loss: -0.0686
2025-09-05 03:14:49,010 - INFO - Boosted OOD loss: -0.0489
2025-09-05 03:14:50,624 - INFO - Boosted OOD loss: -0.0647
2025-09-05 03:14:54,898 - INFO - Boosted OOD loss: -0.0265
2025-09-05 03:15:00,243 - INFO - Boosted OOD loss: -0.0769
2025-09-05 03:15:01,331 - INFO - Boosted OOD loss: -0.0788
2025-09-05 03:15:01,331 - INFO - Step 20000 Loss Debug:
2025-09-05 03:15:01,331 - INFO -  CE: 1.8542
2025-09-05 03:15:01,331 - INFO -  OOD: -0.0788
2025-09-05 03:15:01,331 - INFO -  β: 64.00
2025-09-05 03:15:01,332 - INFO -  ID: 7004, OOD(254): 191
2025-09-05 03:15:01,881 - INFO - Boosted OOD loss: -0.0730
2025-09-05 03:15:08,824 - INFO - Boosted OOD loss: -0.0302
2025-09-05 03:15:13,113 - INFO - Boosted OOD loss: -0.0537
2025-09-05 03:15:13,669 - INFO - Boosted OOD loss: -0.0568
2025-09-05 03:15:15,290 - INFO - Boosted OOD loss: -0.0777
2025-09-05 03:15:18,501 - INFO - Boosted OOD loss: -0.1066
2025-09-05 03:15:19,050 - INFO - Boosted OOD loss: -0.0802
2025-09-05 03:15:19,603 - INFO - Boosted OOD loss: -0.0261
2025-09-05 03:15:24,405 - INFO - Boosted OOD loss: -0.0536
2025-09-05 03:15:24,962 - INFO - Boosted OOD loss: -0.0388
2025-09-05 03:15:30,838 - INFO - Boosted OOD loss: -0.0274
2025-09-05 03:15:32,457 - INFO - Boosted OOD loss: -0.1014
2025-09-05 03:15:38,325 - INFO - Boosted OOD loss: -0.0648
2025-09-05 03:15:39,945 - INFO - Boosted OOD loss: -0.0763
2025-09-05 03:15:43,694 - INFO - Boosted OOD loss: -0.0554
2025-09-05 03:15:46,374 - INFO - Boosted OOD loss: -0.0599
2025-09-05 03:15:54,901 - INFO - Boosted OOD loss: -0.0351
2025-09-05 03:15:54,901 - INFO - Step 20100 Loss Debug:
2025-09-05 03:15:54,901 - INFO -  CE: 2.3160
2025-09-05 03:15:54,901 - INFO -  OOD: -0.0351
2025-09-05 03:15:54,901 - INFO -  β: 64.00
2025-09-05 03:15:54,902 - INFO -  ID: 6779, OOD(254): 1000
2025-09-05 03:15:58,642 - INFO - Boosted OOD loss: -0.0563
2025-09-05 03:16:01,318 - INFO - Boosted OOD loss: -0.0442
2025-09-05 03:16:09,850 - INFO - Boosted OOD loss: -0.0263
2025-09-05 03:16:17,850 - INFO - Boosted OOD loss: -0.0504
2025-09-05 03:16:21,075 - INFO - Boosted OOD loss: -0.0810
2025-09-05 03:16:24,284 - INFO - Boosted OOD loss: -0.0895
2025-09-05 03:16:26,435 - INFO - Boosted OOD loss: -0.0273
2025-09-05 03:16:29,649 - INFO - Boosted OOD loss: -0.0164
2025-09-05 03:16:31,270 - INFO - Boosted OOD loss: -0.0584
2025-09-05 03:16:37,143 - INFO - Boosted OOD loss: -0.0602
2025-09-05 03:16:47,822 - INFO - Boosted OOD loss: -0.0816
2025-09-05 03:16:48,365 - WARNING - No anomaly pixels (254) found in batch
2025-09-05 03:16:48,906 - INFO - Boosted OOD loss: -0.0877
2025-09-05 03:16:49,458 - INFO - Boosted OOD loss: -0.0803
2025-09-05 03:16:54,271 - INFO - Boosted OOD loss: -0.0122
2025-09-05 03:16:55,362 - INFO - Boosted OOD loss: -0.1154
2025-09-05 03:16:56,446 - INFO - Boosted OOD loss: -0.0314
2025-09-05 03:16:57,005 - INFO - Boosted OOD loss: -0.0416
2025-09-05 03:17:04,488 - INFO - Boosted OOD loss: -0.0479
2025-09-05 03:17:05,043 - INFO - Boosted OOD loss: -0.1099
2025-09-05 03:17:08,254 - INFO - Boosted OOD loss: -0.0701
2025-09-05 03:17:14,132 - INFO - Boosted OOD loss: -0.0293
2025-09-05 03:17:16,282 - INFO - Boosted OOD loss: -0.0920
2025-09-05 03:17:22,148 - INFO - Boosted OOD loss: -0.0915
2025-09-05 03:17:22,703 - INFO - Boosted OOD loss: -0.0081
2025-09-05 03:17:25,391 - INFO - Boosted OOD loss: -0.0663
2025-09-05 03:17:25,947 - INFO - Boosted OOD loss: -0.0513
2025-09-05 03:17:32,875 - INFO - Boosted OOD loss: -0.0565
2025-09-05 03:17:34,486 - INFO - Boosted OOD loss: -0.0384
2025-09-05 03:17:37,692 - INFO - Boosted OOD loss: -0.0544
2025-09-05 03:17:38,244 - INFO - Boosted OOD loss: -0.0695
2025-09-05 03:17:39,857 - INFO - Boosted OOD loss: -0.0337
2025-09-05 03:17:40,411 - INFO - Boosted OOD loss: -0.0857
2025-09-05 03:17:40,962 - INFO - Boosted OOD loss: -0.0660
2025-09-05 03:17:42,048 - WARNING - No anomaly pixels (254) found in batch
2025-09-05 03:17:42,590 - INFO - Boosted OOD loss: -0.0805
2025-09-05 03:17:46,321 - INFO - Boosted OOD loss: -0.0790
2025-09-05 03:17:49,010 - INFO - Boosted OOD loss: -0.0824
2025-09-05 03:17:51,161 - INFO - Boosted OOD loss: -0.0471
2025-09-05 03:17:54,915 - INFO - Boosted OOD loss: -0.0514
2025-09-05 03:17:56,529 - INFO - Boosted OOD loss: -0.0182
2025-09-05 03:17:59,750 - INFO - Boosted OOD loss: -0.0565
2025-09-05 03:18:05,610 - INFO - Boosted OOD loss: 0.0021
2025-09-05 03:18:09,887 - INFO - Boosted OOD loss: -0.0609
2025-09-05 03:18:10,444 - INFO - Boosted OOD loss: -0.0563
2025-09-05 03:18:12,599 - INFO - Boosted OOD loss: -0.0626
2025-09-05 03:18:14,739 - INFO - Boosted OOD loss: -0.0576
2025-09-05 03:18:15,286 - INFO - Boosted OOD loss: -0.0488
2025-09-05 03:18:22,228 - INFO - Boosted OOD loss: -0.0196
2025-09-05 03:18:23,319 - INFO - Boosted OOD loss: -0.0477
2025-09-05 03:18:27,600 - INFO - Boosted OOD loss: -0.1012
2025-09-05 03:18:28,152 - INFO - Boosted OOD loss: -0.0546
2025-09-05 03:18:34,555 - INFO - Boosted OOD loss: -0.1116
2025-09-05 03:18:35,640 - INFO - Boosted OOD loss: -0.0838
2025-09-05 03:18:35,640 - INFO - Step 20400 Loss Debug:
2025-09-05 03:18:35,640 - INFO -  CE: 1.9378
2025-09-05 03:18:35,640 - INFO -  OOD: -0.0838
2025-09-05 03:18:35,640 - INFO -  β: 64.00
2025-09-05 03:18:35,641 - INFO -  ID: 6868, OOD(254): 25
2025-09-05 03:18:42,037 - INFO - Boosted OOD loss: -0.1140
2025-09-05 03:18:44,185 - INFO - Boosted OOD loss: -0.0549
2025-09-05 03:18:55,902 - INFO - Boosted OOD loss: -0.0521
2025-09-05 03:18:59,641 - INFO - Boosted OOD loss: 0.0005
2025-09-05 03:19:00,733 - INFO - Boosted OOD loss: -0.0313
2025-09-05 03:19:02,880 - INFO - Boosted OOD loss: -0.0025
2025-09-05 03:19:11,419 - INFO - Boosted OOD loss: -0.0766
2025-09-05 03:19:11,978 - INFO - Boosted OOD loss: -0.0511
2025-09-05 03:19:13,598 - INFO - Boosted OOD loss: -0.0187
2025-09-05 03:19:17,877 - INFO - Boosted OOD loss: -0.0560
2025-09-05 03:19:19,492 - INFO - Boosted OOD loss: -0.0703
2025-09-05 03:19:20,044 - INFO - Boosted OOD loss: -0.0595
2025-09-05 03:19:22,728 - INFO - Boosted OOD loss: -0.0213
2025-09-05 03:19:29,118 - WARNING - No anomaly pixels (254) found in batch
2025-09-05 03:19:29,658 - INFO - Boosted OOD loss: -0.0168
2025-09-05 03:19:30,218 - INFO - Boosted OOD loss: -0.0856
2025-09-05 03:19:30,766 - INFO - Boosted OOD loss: -0.0616
2025-09-05 03:19:31,320 - INFO - Boosted OOD loss: -0.0382
2025-09-05 03:19:35,060 - INFO - Boosted OOD loss: -0.0721
2025-09-05 03:19:39,331 - INFO - Boosted OOD loss: -0.0647
2025-09-05 03:19:43,595 - INFO - Boosted OOD loss: -0.0438
2025-09-05 03:19:44,682 - INFO - Boosted OOD loss: -0.0631
2025-09-05 03:19:45,243 - INFO - Boosted OOD loss: -0.0246
2025-09-05 03:19:47,931 - INFO - Boosted OOD loss: -0.0690
2025-09-05 03:19:49,010 - INFO - Boosted OOD loss: -0.1205
2025-09-05 03:19:50,094 - INFO - Boosted OOD loss: -0.1273
2025-09-05 03:19:53,310 - INFO - Boosted OOD loss: -0.0704
2025-09-05 03:19:53,864 - INFO - Boosted OOD loss: -0.0328
2025-09-05 03:19:55,476 - INFO - Boosted OOD loss: -0.1097
2025-09-05 03:19:56,032 - INFO - Boosted OOD loss: -0.0056
2025-09-05 03:19:56,032 - INFO - Step 20550 Loss Debug:
2025-09-05 03:19:56,032 - INFO -  CE: 1.8720
2025-09-05 03:19:56,032 - INFO -  OOD: -0.0056
2025-09-05 03:19:56,032 - INFO -  β: 64.00
2025-09-05 03:19:56,032 - INFO -  ID: 5809, OOD(254): 1576
2025-09-05 03:19:57,117 - INFO - Boosted OOD loss: -0.0488
2025-09-05 03:19:58,738 - INFO - Boosted OOD loss: 0.0062
2025-09-05 03:19:59,299 - INFO - Boosted OOD loss: -0.0584
2025-09-05 03:20:00,387 - INFO - Boosted OOD loss: -0.0451
2025-09-05 03:20:03,065 - INFO - Boosted OOD loss: -0.0273
2025-09-05 03:20:03,619 - INFO - Boosted OOD loss: -0.0506
2025-09-05 03:20:12,152 - INFO - Boosted OOD loss: -0.0180
2025-09-05 03:20:13,245 - INFO - Boosted OOD loss: -0.0511
2025-09-05 03:20:19,642 - INFO - Boosted OOD loss: -0.0557
2025-09-05 03:20:21,264 - INFO - Boosted OOD loss: -0.0440
2025-09-05 03:20:21,818 - INFO - Boosted OOD loss: -0.0608
2025-09-05 03:20:22,904 - INFO - Boosted OOD loss: -0.1009
2025-09-05 03:20:22,904 - INFO - Step 20600 Loss Debug:
2025-09-05 03:20:22,904 - INFO -  CE: 2.2001
2025-09-05 03:20:22,904 - INFO -  OOD: -0.1009
2025-09-05 03:20:22,904 - INFO -  β: 64.00
2025-09-05 03:20:22,904 - INFO -  ID: 6115, OOD(254): 24
2025-09-05 03:20:27,178 - INFO - Boosted OOD loss: -0.0489
2025-09-05 03:20:33,065 - INFO - Boosted OOD loss: -0.0565
2025-09-05 03:20:33,616 - INFO - Boosted OOD loss: -0.0534
2025-09-05 03:20:35,771 - INFO - Boosted OOD loss: -0.0700
2025-09-05 03:20:37,384 - INFO - Boosted OOD loss: -0.0782
2025-09-05 03:20:46,462 - INFO - Boosted OOD loss: -0.1016
2025-09-05 03:20:49,139 - INFO - Boosted OOD loss: -0.0594
2025-09-05 03:20:52,880 - INFO - Boosted OOD loss: -0.0689
2025-09-05 03:20:53,435 - INFO - Boosted OOD loss: -0.0329
2025-09-05 03:20:59,834 - INFO - Boosted OOD loss: -0.0705
2025-09-05 03:21:02,515 - INFO - Boosted OOD loss: -0.0273
2025-09-05 03:21:03,072 - INFO - Boosted OOD loss: -0.0893
2025-09-05 03:21:05,230 - INFO - Boosted OOD loss: -0.0426
2025-09-05 03:21:09,509 - INFO - Boosted OOD loss: -0.0300
2025-09-05 03:21:10,594 - INFO - Boosted OOD loss: -0.1073
2025-09-05 03:21:13,818 - INFO - Boosted OOD loss: -0.0630
2025-09-05 03:21:15,964 - INFO - Boosted OOD loss: -0.1150
2025-09-05 03:21:16,511 - WARNING - No anomaly pixels (254) found in batch
2025-09-05 03:21:19,704 - INFO - Boosted OOD loss: -0.0564
2025-09-05 03:21:21,859 - INFO - Boosted OOD loss: -0.0539
2025-09-05 03:21:24,542 - INFO - Boosted OOD loss: -0.0796
2025-09-05 03:21:27,223 - INFO - Boosted OOD loss: -0.0606
2025-09-05 03:21:27,780 - INFO - Boosted OOD loss: -0.0373
2025-09-05 03:21:28,867 - INFO - Boosted OOD loss: 0.0030
2025-09-05 03:21:34,223 - INFO - Boosted OOD loss: -0.0755
2025-09-05 03:21:35,840 - INFO - Boosted OOD loss: -0.0319
2025-09-05 03:21:36,393 - INFO - Boosted OOD loss: -0.0644
2025-09-05 03:21:39,076 - INFO - Boosted OOD loss: -0.1115
2025-09-05 03:21:41,222 - INFO - Boosted OOD loss: -0.0745
2025-09-05 03:21:48,158 - INFO - Boosted OOD loss: -0.0431
2025-09-05 03:21:49,253 - INFO - Boosted OOD loss: -0.0163
2025-09-05 03:21:49,809 - INFO - Boosted OOD loss: -0.0848
2025-09-05 03:21:50,361 - INFO - Boosted OOD loss: -0.0986
2025-09-05 03:21:52,503 - INFO - Boosted OOD loss: -0.0605
2025-09-05 03:21:55,192 - INFO - Boosted OOD loss: -0.0773
2025-09-05 03:21:55,748 - INFO - Boosted OOD loss: -0.0736
2025-09-05 03:21:56,839 - INFO - Boosted OOD loss: -0.0606
2025-09-05 03:21:58,449 - INFO - Boosted OOD loss: -0.0689
2025-09-05 03:22:01,130 - INFO - Boosted OOD loss: -0.0791
2025-09-05 03:22:02,754 - INFO - Boosted OOD loss: -0.0631
2025-09-05 03:22:04,900 - INFO - Boosted OOD loss: -0.0445
2025-09-05 03:22:08,650 - INFO - Boosted OOD loss: -0.0301
2025-09-05 03:22:09,208 - INFO - Boosted OOD loss: -0.0533
2025-09-05 03:22:10,286 - WARNING - No anomaly pixels (254) found in batch
2025-09-05 03:22:18,282 - INFO - Boosted OOD loss: -0.0462
2025-09-05 03:22:19,897 - INFO - Boosted OOD loss: -0.0452
2025-09-05 03:22:23,112 - INFO - Boosted OOD loss: -0.0649
2025-09-05 03:22:24,201 - INFO - Boosted OOD loss: -0.0582
2025-09-05 03:22:26,882 - INFO - Boosted OOD loss: -0.0755
2025-09-05 03:22:30,606 - INFO - Boosted OOD loss: -0.0335
2025-09-05 03:22:31,696 - INFO - Boosted OOD loss: -0.0164
2025-09-05 03:22:33,847 - INFO - Boosted OOD loss: -0.1044
2025-09-05 03:22:38,656 - INFO - Boosted OOD loss: -0.0363
2025-09-05 03:22:39,219 - INFO - Boosted OOD loss: -0.0480
2025-09-05 03:22:41,898 - INFO - Boosted OOD loss: -0.0476
2025-09-05 03:22:45,117 - INFO - Boosted OOD loss: -0.0143
2025-09-05 03:22:49,920 - INFO - Boosted OOD loss: -0.0438
2025-09-05 03:22:51,537 - INFO - Boosted OOD loss: -0.0660
2025-09-05 03:22:52,090 - INFO - Boosted OOD loss: -0.0471
2025-09-05 03:22:59,576 - INFO - Boosted OOD loss: -0.0398
2025-09-05 03:23:00,130 - INFO - Boosted OOD loss: -0.0695
2025-09-05 03:23:01,213 - INFO - Boosted OOD loss: -0.0456
2025-09-05 03:23:02,296 - INFO - Boosted OOD loss: -0.0664
2025-09-05 03:23:02,851 - INFO - Boosted OOD loss: -0.0420
2025-09-05 03:23:03,934 - WARNING - No anomaly pixels (254) found in batch
2025-09-05 03:23:05,540 - INFO - Boosted OOD loss: -0.0364
2025-09-05 03:23:08,222 - INFO - Boosted OOD loss: -0.0709
2025-09-05 03:23:10,897 - INFO - Boosted OOD loss: -0.1092
2025-09-05 03:23:17,843 - INFO - Boosted OOD loss: -0.0311
2025-09-05 03:23:19,461 - INFO - Boosted OOD loss: -0.0414
2025-09-05 03:23:21,618 - INFO - Boosted OOD loss: -0.0487
2025-09-05 03:23:25,878 - INFO - Boosted OOD loss: -0.0898
2025-09-05 03:23:29,627 - INFO - Boosted OOD loss: -0.0657
2025-09-05 03:23:33,377 - INFO - Boosted OOD loss: -0.0633
2025-09-05 03:23:39,252 - INFO - Boosted OOD loss: -0.0443
2025-09-05 03:23:40,861 - INFO - Boosted OOD loss: -0.0232
2025-09-05 03:23:43,011 - INFO - Boosted OOD loss: -0.0690
2025-09-05 03:23:43,562 - INFO - Boosted OOD loss: -0.0470
2025-09-05 03:23:44,646 - INFO - Boosted OOD loss: -0.0013
2025-09-05 03:23:51,585 - INFO - Boosted OOD loss: -0.0912
2025-09-05 03:23:54,269 - INFO - Boosted OOD loss: -0.0504
2025-09-05 03:23:54,825 - INFO - Boosted OOD loss: -0.0814
2025-09-05 03:23:55,374 - INFO - Boosted OOD loss: -0.0432
2025-09-05 03:23:57,523 - WARNING - No anomaly pixels (254) found in batch
2025-09-05 03:24:00,201 - INFO - Boosted OOD loss: -0.0450
2025-09-05 03:24:01,286 - INFO - Boosted OOD loss: -0.0896
2025-09-05 03:24:01,842 - INFO - Boosted OOD loss: -0.0687
2025-09-05 03:24:02,930 - INFO - Boosted OOD loss: -0.0644
2025-09-05 03:24:03,481 - INFO - Boosted OOD loss: -0.0574
2025-09-05 03:24:05,099 - INFO - Boosted OOD loss: -0.0739
2025-09-05 03:24:06,184 - INFO - Boosted OOD loss: -0.0476
2025-09-05 03:24:13,118 - INFO - Boosted OOD loss: -0.0673
2025-09-05 03:24:13,671 - INFO - Boosted OOD loss: -0.0610
2025-09-05 03:24:14,754 - INFO - Boosted OOD loss: -0.0349
2025-09-05 03:24:19,575 - INFO - Boosted OOD loss: -0.0363
2025-09-05 03:24:20,662 - INFO - Boosted OOD loss: -0.0552
2025-09-05 03:24:23,346 - INFO - Boosted OOD loss: -0.0563
2025-09-05 03:24:27,607 - INFO - Boosted OOD loss: -0.0616
2025-09-05 03:24:35,622 - INFO - Boosted OOD loss: -0.0490
2025-09-05 03:24:38,299 - INFO - Boosted OOD loss: -0.0638
2025-09-05 03:24:39,914 - INFO - Boosted OOD loss: -0.0412
2025-09-05 03:24:41,003 - INFO - Boosted OOD loss: -0.0497
2025-09-05 03:24:47,403 - INFO - Boosted OOD loss: -0.0754
2025-09-05 03:24:49,553 - INFO - Boosted OOD loss: -0.0635
2025-09-05 03:24:50,636 - INFO - Boosted OOD loss: -0.1214
2025-09-05 03:24:51,179 - WARNING - No anomaly pixels (254) found in batch
2025-09-05 03:24:53,850 - INFO - Boosted OOD loss: -0.0123
2025-09-05 03:25:00,792 - INFO - Boosted OOD loss: -0.0784
2025-09-05 03:25:01,349 - INFO - Boosted OOD loss: -0.0372
2025-09-05 03:25:03,494 - INFO - Boosted OOD loss: -0.0272
2025-09-05 03:25:07,254 - INFO - Boosted OOD loss: -0.0513
2025-09-05 03:25:07,805 - INFO - Boosted OOD loss: -0.0181
2025-09-05 03:25:09,418 - INFO - Boosted OOD loss: -0.0407
2025-09-05 03:25:11,566 - INFO - Boosted OOD loss: -0.0474
2025-09-05 03:25:13,713 - INFO - Boosted OOD loss: -0.0626
2025-09-05 03:25:20,116 - INFO - Boosted OOD loss: -0.0785
2025-09-05 03:25:24,916 - INFO - Boosted OOD loss: -0.0464
2025-09-05 03:25:25,468 - INFO - Boosted OOD loss: -0.0652
2025-09-05 03:25:31,873 - INFO - Boosted OOD loss: -0.0064
2025-09-05 03:25:36,689 - INFO - Boosted OOD loss: -0.0478
2025-09-05 03:25:37,245 - INFO - Boosted OOD loss: -0.0523
2025-09-05 03:25:37,799 - INFO - Boosted OOD loss: -0.0859
2025-09-05 03:25:39,949 - INFO - Boosted OOD loss: -0.0394
2025-09-05 03:25:44,748 - WARNING - No anomaly pixels (254) found in batch
2025-09-05 03:25:46,883 - INFO - Boosted OOD loss: -0.0368
2025-09-05 03:25:53,812 - INFO - Boosted OOD loss: -0.0530
2025-09-05 03:25:55,959 - INFO - Boosted OOD loss: -0.0520
2025-09-05 03:25:56,511 - INFO - Boosted OOD loss: -0.0680
2025-09-05 03:25:57,069 - INFO - Boosted OOD loss: -0.0265
2025-09-05 03:25:57,621 - INFO - Boosted OOD loss: -0.0520
2025-09-05 03:25:58,712 - INFO - Boosted OOD loss: -0.0298
2025-09-05 03:26:00,334 - INFO - Boosted OOD loss: -0.0488
2025-09-05 03:26:01,944 - INFO - Boosted OOD loss: -0.0276
2025-09-05 03:26:04,095 - INFO - Boosted OOD loss: -0.1119
2025-09-05 03:26:04,653 - INFO - Boosted OOD loss: -0.0318
2025-09-05 03:26:12,123 - INFO - Boosted OOD loss: -0.1129
2025-09-05 03:26:16,930 - INFO - Boosted OOD loss: -0.0341
2025-09-05 03:26:21,219 - INFO - Boosted OOD loss: -0.0838
2025-09-05 03:26:26,031 - INFO - Boosted OOD loss: -0.0558
2025-09-05 03:26:27,645 - INFO - Boosted OOD loss: -0.0458
2025-09-05 03:26:30,321 - INFO - Boosted OOD loss: -0.0825
2025-09-05 03:26:35,122 - INFO - Boosted OOD loss: -0.0572
2025-09-05 03:26:36,216 - INFO - Boosted OOD loss: -0.0465
2025-09-05 03:26:36,772 - INFO - Boosted OOD loss: -0.0919
2025-09-05 03:26:37,326 - INFO - Boosted OOD loss: -0.0351
2025-09-05 03:26:38,413 - WARNING - No anomaly pixels (254) found in batch
2025-09-05 03:26:39,485 - INFO - Boosted OOD loss: -0.0358
2025-09-05 03:26:40,039 - INFO - Boosted OOD loss: -0.0124
2025-09-05 03:26:41,124 - INFO - Boosted OOD loss: -0.0790
2025-09-05 03:26:49,121 - INFO - Boosted OOD loss: -0.0106
2025-09-05 03:26:49,678 - INFO - Boosted OOD loss: -0.0757
2025-09-05 03:26:51,817 - INFO - Boosted OOD loss: -0.0345
2025-09-05 03:26:52,369 - INFO - Boosted OOD loss: -0.0933
2025-09-05 03:26:53,449 - INFO - Boosted OOD loss: -0.0702
2025-09-05 03:26:53,998 - INFO - Boosted OOD loss: -0.0745
2025-09-05 03:26:54,553 - INFO - Boosted OOD loss: -0.0070
2025-09-05 03:27:00,969 - INFO - Boosted OOD loss: -0.0100
2025-09-05 03:27:03,653 - INFO - Boosted OOD loss: -0.0920
2025-09-05 03:27:04,738 - INFO - Boosted OOD loss: -0.0599
2025-09-05 03:27:06,361 - INFO - Boosted OOD loss: -0.0376
2025-09-05 03:27:09,576 - INFO - Boosted OOD loss: -0.0832
2025-09-05 03:27:10,657 - INFO - Boosted OOD loss: -0.0409
2025-09-05 03:27:14,407 - INFO - Boosted OOD loss: -0.1007
2025-09-05 03:27:15,499 - INFO - Boosted OOD loss: -0.0329
2025-09-05 03:27:16,054 - INFO - Boosted OOD loss: -0.0545
2025-09-05 03:27:17,148 - INFO - Boosted OOD loss: -0.0374
2025-09-05 03:27:17,702 - INFO - Boosted OOD loss: -0.0458
2025-09-05 03:27:19,850 - INFO - Boosted OOD loss: 0.0011
2025-09-05 03:27:22,532 - INFO - Boosted OOD loss: -0.0568
2025-09-05 03:27:23,129 - INFO - Updated beta to 14.02 (exp decay)
2025-09-05 03:27:24,529 - WARNING - Negative mean energy—verify E_b formula/signs
2025-09-05 03:27:24,530 - INFO - Weights updated successfully
2025-09-05 03:27:24,530 - INFO - Advanced epoch 12 - Updated beta: 14.02
2025-09-05 03:27:24,530 - INFO - Epoch 12 - Avg CE: 1.8500, Avg OOD: -0.0113, β: 64
2025-09-05 03:27:24,646 - INFO - 
Starting Epoch 13/100
2025-09-05 03:27:24,646 - INFO - ============================================================
2025-09-05 03:27:24,647 - INFO - 
Updating Hopfield boosting weights at epoch 13...
2025-09-05 03:27:26,045 - WARNING - Negative mean energy—verify E_b formula/signs
2025-09-05 03:27:26,046 - INFO - Weights updated successfully
2025-09-05 03:27:26,046 - INFO - Weight Update Debug at Epoch 13: No high-weight OOD pixels found
2025-09-05 03:27:30,858 - INFO - Boosted OOD loss: -0.0602
2025-09-05 03:27:34,573 - INFO - Boosted OOD loss: -0.0482
2025-09-05 03:27:35,639 - WARNING - No anomaly pixels (254) found in batch
2025-09-05 03:27:36,176 - INFO - Boosted OOD loss: -0.0509
2025-09-05 03:27:38,310 - INFO - Boosted OOD loss: -0.0414
2025-09-05 03:27:42,564 - INFO - Boosted OOD loss: -0.0554
2025-09-05 03:27:47,362 - INFO - Boosted OOD loss: -0.0977
2025-09-05 03:27:47,917 - INFO - Boosted OOD loss: -0.0548
2025-09-05 03:27:49,539 - INFO - Boosted OOD loss: -0.0311
2025-09-05 03:27:50,636 - INFO - Boosted OOD loss: -0.0199
2025-09-05 03:27:52,261 - INFO - Boosted OOD loss: -0.1021
2025-09-05 03:28:01,860 - INFO - Boosted OOD loss: -0.0332
2025-09-05 03:28:02,416 - INFO - Boosted OOD loss: -0.0286
2025-09-05 03:28:02,417 - INFO - Step 21450 Loss Debug:
2025-09-05 03:28:02,417 - INFO -  CE: 1.6521
2025-09-05 03:28:02,417 - INFO -  OOD: -0.0286
2025-09-05 03:28:02,417 - INFO -  β: 64.00
2025-09-05 03:28:02,417 - INFO -  ID: 7652, OOD(254): 360
2025-09-05 03:28:03,495 - INFO - Boosted OOD loss: -0.0414
2025-09-05 03:28:04,056 - INFO - Boosted OOD loss: -0.0065
2025-09-05 03:28:04,607 - INFO - Boosted OOD loss: -0.0469
2025-09-05 03:28:05,166 - INFO - Boosted OOD loss: -0.0235
2025-09-05 03:28:06,254 - INFO - Boosted OOD loss: -0.0534
2025-09-05 03:28:10,538 - INFO - Boosted OOD loss: -0.0449
2025-09-05 03:28:13,222 - INFO - Boosted OOD loss: -0.0237
2025-09-05 03:28:16,449 - INFO - Boosted OOD loss: -0.0181
2025-09-05 03:28:18,077 - INFO - Boosted OOD loss: -0.0634
2025-09-05 03:28:20,230 - INFO - Boosted OOD loss: -0.0223
2025-09-05 03:28:23,460 - INFO - Boosted OOD loss: -0.0309
2025-09-05 03:28:27,218 - INFO - Boosted OOD loss: 0.0079
2025-09-05 03:28:27,773 - INFO - Boosted OOD loss: -0.0851
2025-09-05 03:28:28,868 - INFO - Boosted OOD loss: -0.0116
2025-09-05 03:28:29,418 - WARNING - No anomaly pixels (254) found in batch
2025-09-05 03:28:31,027 - INFO - Boosted OOD loss: -0.0539
2025-09-05 03:28:37,981 - INFO - Boosted OOD loss: -0.0495
2025-09-05 03:28:40,658 - INFO - Boosted OOD loss: -0.0473
2025-09-05 03:28:41,748 - INFO - Boosted OOD loss: -0.0802
2025-09-05 03:28:43,891 - INFO - Boosted OOD loss: -0.0575
2025-09-05 03:28:45,510 - INFO - Boosted OOD loss: -0.0493
2025-09-05 03:28:47,131 - INFO - Boosted OOD loss: -0.0731
2025-09-05 03:28:47,686 - INFO - Boosted OOD loss: -0.0743
2025-09-05 03:28:48,233 - INFO - Boosted OOD loss: -0.0942
2025-09-05 03:28:50,387 - INFO - Boosted OOD loss: -0.0736
2025-09-05 03:28:50,945 - INFO - Boosted OOD loss: -0.0830
2025-09-05 03:28:53,102 - INFO - Boosted OOD loss: -0.0566
2025-09-05 03:28:56,858 - INFO - Boosted OOD loss: -0.0434
2025-09-05 03:28:59,018 - INFO - Boosted OOD loss: -0.1157
2025-09-05 03:29:01,709 - INFO - Boosted OOD loss: -0.0468
2025-09-05 03:29:02,265 - INFO - Boosted OOD loss: -0.0398
2025-09-05 03:29:04,419 - INFO - Boosted OOD loss: -0.0352
2025-09-05 03:29:04,978 - INFO - Boosted OOD loss: -0.0755
2025-09-05 03:29:06,056 - INFO - Boosted OOD loss: -0.0776
2025-09-05 03:29:07,674 - INFO - Boosted OOD loss: -0.0549
2025-09-05 03:29:09,288 - INFO - Boosted OOD loss: -0.1075
2025-09-05 03:29:11,981 - INFO - Boosted OOD loss: -0.0454
2025-09-05 03:29:12,540 - INFO - Boosted OOD loss: -0.0677
2025-09-05 03:29:15,760 - INFO - Boosted OOD loss: -0.0408
2025-09-05 03:29:17,930 - INFO - Boosted OOD loss: -0.0696
2025-09-05 03:29:18,481 - INFO - Boosted OOD loss: -0.0823
2025-09-05 03:29:21,693 - INFO - Boosted OOD loss: -0.0469
2025-09-05 03:29:23,304 - WARNING - No anomaly pixels (254) found in batch
2025-09-05 03:29:29,149 - INFO - Boosted OOD loss: -0.0696
2025-09-05 03:29:31,293 - INFO - Boosted OOD loss: -0.0465
2025-09-05 03:29:33,976 - INFO - Boosted OOD loss: -0.0595
2025-09-05 03:29:36,653 - INFO - Boosted OOD loss: -0.0195
2025-09-05 03:29:40,408 - INFO - Boosted OOD loss: -0.1002
2025-09-05 03:29:43,623 - INFO - Boosted OOD loss: -0.0568
2025-09-05 03:29:45,244 - INFO - Boosted OOD loss: -0.0705
2025-09-05 03:29:45,796 - INFO - Boosted OOD loss: -0.0345
2025-09-05 03:29:50,610 - INFO - Boosted OOD loss: -0.0549
2025-09-05 03:29:52,223 - INFO - Boosted OOD loss: -0.0551
2025-09-05 03:29:54,380 - INFO - Boosted OOD loss: -0.0933
2025-09-05 03:29:57,068 - INFO - Boosted OOD loss: -0.0441
2025-09-05 03:29:58,151 - INFO - Boosted OOD loss: -0.0726
2025-09-05 03:29:59,770 - INFO - Boosted OOD loss: -0.0387
2025-09-05 03:30:01,386 - INFO - Boosted OOD loss: -0.0720
2025-09-05 03:30:04,069 - INFO - Boosted OOD loss: -0.0765
2025-09-05 03:30:05,679 - INFO - Boosted OOD loss: -0.1056
2025-09-05 03:30:06,229 - INFO - Boosted OOD loss: -0.0377
2025-09-05 03:30:07,849 - INFO - Boosted OOD loss: -0.0564
2025-09-05 03:30:10,527 - INFO - Boosted OOD loss: -0.0340
2025-09-05 03:30:13,757 - INFO - Boosted OOD loss: -0.0370
2025-09-05 03:30:14,312 - INFO - Boosted OOD loss: -0.0694
2025-09-05 03:30:15,920 - INFO - Boosted OOD loss: -0.0672
2025-09-05 03:30:16,999 - WARNING - No anomaly pixels (254) found in batch
2025-09-05 03:30:19,129 - INFO - Boosted OOD loss: -0.0856
2025-09-05 03:30:26,581 - INFO - Boosted OOD loss: -0.0545
2025-09-05 03:30:31,934 - INFO - Boosted OOD loss: -0.0130
2025-09-05 03:30:32,484 - INFO - Boosted OOD loss: -0.0547
2025-09-05 03:30:36,232 - INFO - Boosted OOD loss: -0.0617
2025-09-05 03:30:41,566 - INFO - Boosted OOD loss: -0.0475
2025-09-05 03:30:43,187 - INFO - Boosted OOD loss: -0.0516
2025-09-05 03:30:43,738 - INFO - Boosted OOD loss: -0.0912
2025-09-05 03:30:43,738 - INFO - Step 21750 Loss Debug:
2025-09-05 03:30:43,738 - INFO -  CE: 1.6561
2025-09-05 03:30:43,738 - INFO -  OOD: -0.0912
2025-09-05 03:30:43,738 - INFO -  β: 64.00
2025-09-05 03:30:43,738 - INFO -  ID: 7073, OOD(254): 8
2025-09-05 03:30:44,288 - INFO - Boosted OOD loss: -0.1057
2025-09-05 03:30:44,836 - INFO - Boosted OOD loss: -0.0722
2025-09-05 03:30:45,385 - INFO - Boosted OOD loss: -0.0388
2025-09-05 03:30:49,666 - INFO - Boosted OOD loss: -0.0097
2025-09-05 03:30:52,882 - INFO - Boosted OOD loss: -0.0275
2025-09-05 03:30:59,297 - INFO - Boosted OOD loss: -0.0057
2025-09-05 03:31:05,177 - INFO - Boosted OOD loss: -0.0550
2025-09-05 03:31:05,733 - INFO - Boosted OOD loss: -0.0429
2025-09-05 03:31:08,410 - INFO - Boosted OOD loss: -0.0593
2025-09-05 03:31:09,496 - INFO - Boosted OOD loss: -0.0528
2025-09-05 03:31:10,572 - WARNING - No anomaly pixels (254) found in batch
2025-09-05 03:31:11,106 - INFO - Boosted OOD loss: -0.0647
2025-09-05 03:31:14,333 - INFO - Boosted OOD loss: -0.0611
2025-09-05 03:31:17,541 - INFO - Boosted OOD loss: -0.0555
2025-09-05 03:31:18,628 - INFO - Boosted OOD loss: -0.0985
2025-09-05 03:31:20,767 - INFO - Boosted OOD loss: -0.0707
2025-09-05 03:31:23,447 - INFO - Boosted OOD loss: -0.0938
2025-09-05 03:31:23,998 - INFO - Boosted OOD loss: -0.0598
2025-09-05 03:31:27,755 - INFO - Boosted OOD loss: -0.0713
2025-09-05 03:31:37,355 - INFO - Boosted OOD loss: -0.0956
2025-09-05 03:31:37,355 - INFO - Step 21850 Loss Debug:
2025-09-05 03:31:37,355 - INFO -  CE: 2.2726
2025-09-05 03:31:37,356 - INFO -  OOD: -0.0956
2025-09-05 03:31:37,356 - INFO -  β: 64.00
2025-09-05 03:31:37,356 - INFO -  ID: 6871, OOD(254): 42
2025-09-05 03:31:41,638 - INFO - Boosted OOD loss: -0.0584
2025-09-05 03:31:42,722 - INFO - Boosted OOD loss: -0.0683
2025-09-05 03:31:46,476 - INFO - Boosted OOD loss: -0.1030
2025-09-05 03:31:47,026 - INFO - Boosted OOD loss: -0.0325
2025-09-05 03:31:47,587 - INFO - Boosted OOD loss: -0.0722
2025-09-05 03:31:50,802 - INFO - Boosted OOD loss: -0.0580
2025-09-05 03:31:51,365 - INFO - Boosted OOD loss: -0.0285
2025-09-05 03:31:51,921 - INFO - Boosted OOD loss: -0.0653
2025-09-05 03:31:55,126 - INFO - Boosted OOD loss: -0.0429
2025-09-05 03:31:56,210 - INFO - Boosted OOD loss: -0.0715
2025-09-05 03:31:58,361 - INFO - Boosted OOD loss: -0.0561
2025-09-05 03:31:59,447 - INFO - Boosted OOD loss: -0.0649
2025-09-05 03:31:59,997 - INFO - Boosted OOD loss: -0.0621
2025-09-05 03:32:00,547 - INFO - Boosted OOD loss: -0.0895
2025-09-05 03:32:01,098 - INFO - Boosted OOD loss: -0.0817
2025-09-05 03:32:02,711 - INFO - Boosted OOD loss: -0.1079
2025-09-05 03:32:03,791 - INFO - Boosted OOD loss: -0.0476
2025-09-05 03:32:04,338 - WARNING - No anomaly pixels (254) found in batch
2025-09-05 03:32:06,479 - INFO - Boosted OOD loss: -0.0805
2025-09-05 03:32:08,629 - INFO - Boosted OOD loss: -0.0521
2025-09-05 03:32:09,187 - INFO - Boosted OOD loss: -0.1133
2025-09-05 03:32:11,873 - INFO - Boosted OOD loss: -0.0207
2025-09-05 03:32:14,554 - INFO - Boosted OOD loss: -0.0967
2025-09-05 03:32:17,764 - INFO - Boosted OOD loss: -0.0644
2025-09-05 03:32:20,441 - INFO - Boosted OOD loss: -0.0084
2025-09-05 03:32:23,123 - INFO - Boosted OOD loss: -0.0435
2025-09-05 03:32:24,206 - INFO - Boosted OOD loss: -0.0354
2025-09-05 03:32:26,357 - INFO - Boosted OOD loss: -0.0136
2025-09-05 03:32:32,233 - INFO - Boosted OOD loss: -0.0613
2025-09-05 03:32:34,918 - INFO - Boosted OOD loss: -0.0564
2025-09-05 03:32:35,472 - INFO - Boosted OOD loss: -0.0372
2025-09-05 03:32:38,168 - INFO - Boosted OOD loss: -0.0516
2025-09-05 03:32:39,783 - INFO - Boosted OOD loss: -0.0360
2025-09-05 03:32:42,464 - INFO - Boosted OOD loss: -0.0707
2025-09-05 03:32:45,667 - INFO - Boosted OOD loss: -0.0750
2025-09-05 03:32:50,999 - INFO - Boosted OOD loss: -0.0621
2025-09-05 03:32:52,617 - INFO - Boosted OOD loss: -0.0434
2025-09-05 03:32:54,231 - INFO - Boosted OOD loss: -0.1033
2025-09-05 03:32:54,782 - INFO - Boosted OOD loss: -0.0548
2025-09-05 03:32:57,997 - INFO - Boosted OOD loss: -0.0517
2025-09-05 03:32:57,997 - INFO - Step 22000 Loss Debug:
2025-09-05 03:32:57,997 - INFO -  CE: 1.3399
2025-09-05 03:32:57,997 - INFO -  OOD: -0.0517
2025-09-05 03:32:57,998 - INFO -  β: 64.00
2025-09-05 03:32:57,998 - INFO -  ID: 5245, OOD(254): 7
2025-09-05 03:32:59,623 - INFO - Boosted OOD loss: -0.0385
2025-09-05 03:33:00,186 - INFO - Boosted OOD loss: -0.0715
2025-09-05 03:33:06,053 - INFO - Boosted OOD loss: -0.0692
2025-09-05 03:33:07,665 - INFO - Boosted OOD loss: -0.0567
2025-09-05 03:33:08,219 - INFO - Boosted OOD loss: -0.0482
2025-09-05 03:33:10,898 - INFO - Boosted OOD loss: -0.0767
2025-09-05 03:33:12,541 - INFO - Boosted OOD loss: -0.0301
2025-09-05 03:33:14,650 - INFO - Boosted OOD loss: -0.0609
2025-09-05 03:33:16,775 - INFO - Boosted OOD loss: -0.0778
2025-09-05 03:33:24,180 - INFO - Boosted OOD loss: -0.0459
2025-09-05 03:33:26,326 - INFO - Boosted OOD loss: -0.0477
2025-09-05 03:33:28,994 - INFO - Boosted OOD loss: -0.0640
2025-09-05 03:33:30,075 - INFO - Boosted OOD loss: -0.0518
2025-09-05 03:33:33,279 - INFO - Boosted OOD loss: -0.0381
2025-09-05 03:33:36,497 - INFO - Boosted OOD loss: -0.1030
2025-09-05 03:33:37,577 - INFO - Boosted OOD loss: -0.0877
2025-09-05 03:33:39,724 - INFO - Boosted OOD loss: -0.0972
2025-09-05 03:33:40,804 - INFO - Boosted OOD loss: -0.0349
2025-09-05 03:33:42,429 - INFO - Boosted OOD loss: -0.0592
2025-09-05 03:33:44,052 - INFO - Boosted OOD loss: -0.0377
2025-09-05 03:33:46,211 - INFO - Boosted OOD loss: -0.0555
2025-09-05 03:33:51,569 - INFO - Boosted OOD loss: -0.0584
2025-09-05 03:33:52,648 - WARNING - No anomaly pixels (254) found in batch
2025-09-05 03:33:56,381 - INFO - Boosted OOD loss: -0.0524
2025-09-05 03:33:56,934 - INFO - Boosted OOD loss: -0.0327
2025-09-05 03:34:00,666 - INFO - Boosted OOD loss: -0.0371
2025-09-05 03:34:01,226 - INFO - Boosted OOD loss: -0.0234
2025-09-05 03:34:04,978 - INFO - Boosted OOD loss: -0.0371
2025-09-05 03:34:08,189 - INFO - Boosted OOD loss: -0.0878
2025-09-05 03:34:09,812 - INFO - Boosted OOD loss: -0.0134
2025-09-05 03:34:11,436 - INFO - Boosted OOD loss: -0.0632
2025-09-05 03:34:13,043 - INFO - Boosted OOD loss: -0.0574
2025-09-05 03:34:14,666 - INFO - Boosted OOD loss: -0.0232
2025-09-05 03:34:15,758 - INFO - Boosted OOD loss: -0.0400
2025-09-05 03:34:18,974 - INFO - Boosted OOD loss: -0.0652
2025-09-05 03:34:22,711 - INFO - Boosted OOD loss: -0.0688
2025-09-05 03:34:30,734 - INFO - Boosted OOD loss: -0.0120
2025-09-05 03:34:40,847 - INFO - Boosted OOD loss: -0.0637
2025-09-05 03:34:43,529 - INFO - Boosted OOD loss: -0.0686
2025-09-05 03:34:44,619 - INFO - Boosted OOD loss: -0.0405
2025-09-05 03:34:45,703 - INFO - Boosted OOD loss: -0.0647
2025-09-05 03:34:46,266 - INFO - Boosted OOD loss: -0.0278
2025-09-05 03:34:46,266 - INFO - Step 22200 Loss Debug:
2025-09-05 03:34:46,267 - INFO -  CE: 1.6926
2025-09-05 03:34:46,267 - INFO -  OOD: -0.0278
2025-09-05 03:34:46,267 - INFO -  β: 64.00
2025-09-05 03:34:46,267 - INFO -  ID: 6289, OOD(254): 552
2025-09-05 03:34:46,821 - INFO - Boosted OOD loss: -0.0171
2025-09-05 03:34:58,557 - INFO - Boosted OOD loss: -0.0507
2025-09-05 03:35:02,305 - INFO - Boosted OOD loss: -0.0826
2025-09-05 03:35:04,454 - INFO - Boosted OOD loss: -0.0640
2025-09-05 03:35:06,069 - INFO - Boosted OOD loss: -0.1079
2025-09-05 03:35:07,152 - INFO - Boosted OOD loss: -0.0565
2025-09-05 03:35:10,368 - INFO - Boosted OOD loss: -0.0478
2025-09-05 03:35:22,631 - INFO - Boosted OOD loss: -0.0417
2025-09-05 03:35:27,957 - INFO - Boosted OOD loss: -0.0741
2025-09-05 03:35:29,049 - INFO - Boosted OOD loss: -0.0365
2025-09-05 03:35:31,725 - INFO - Boosted OOD loss: -0.0651
2025-09-05 03:35:32,808 - INFO - Boosted OOD loss: -0.0983
2025-09-05 03:35:35,493 - INFO - Boosted OOD loss: -0.1280
2025-09-05 03:35:38,708 - INFO - Boosted OOD loss: -0.0544
2025-09-05 03:35:39,794 - INFO - Boosted OOD loss: -0.0455
2025-09-05 03:35:39,795 - INFO - Step 22300 Loss Debug:
2025-09-05 03:35:39,795 - INFO -  CE: 1.7801
2025-09-05 03:35:39,795 - INFO -  OOD: -0.0455
2025-09-05 03:35:39,795 - INFO -  β: 64.00
2025-09-05 03:35:39,795 - INFO -  ID: 6799, OOD(254): 198
2025-09-05 03:35:42,492 - INFO - Boosted OOD loss: -0.0541
2025-09-05 03:35:46,761 - INFO - Boosted OOD loss: -0.0709
2025-09-05 03:35:48,922 - INFO - Boosted OOD loss: -0.0204
2025-09-05 03:35:49,479 - INFO - Boosted OOD loss: 0.0007
2025-09-05 03:35:50,030 - INFO - Boosted OOD loss: -0.0420
2025-09-05 03:35:50,583 - INFO - Boosted OOD loss: -0.0447
2025-09-05 03:35:51,130 - INFO - Boosted OOD loss: -0.0510
2025-09-05 03:36:01,792 - INFO - Boosted OOD loss: -0.0196
2025-09-05 03:36:03,954 - INFO - Boosted OOD loss: -0.0221
2025-09-05 03:36:06,111 - INFO - Boosted OOD loss: -0.0562
2025-09-05 03:36:06,667 - INFO - Boosted OOD loss: -0.0953
2025-09-05 03:36:06,667 - INFO - Step 22350 Loss Debug:
2025-09-05 03:36:06,667 - INFO -  CE: 2.3290
2025-09-05 03:36:06,667 - INFO -  OOD: -0.0953
2025-09-05 03:36:06,667 - INFO -  β: 64.00
2025-09-05 03:36:06,667 - INFO -  ID: 6741, OOD(254): 43
2025-09-05 03:36:13,068 - INFO - Boosted OOD loss: -0.0087
2025-09-05 03:36:16,810 - INFO - Boosted OOD loss: -0.0534
2025-09-05 03:36:19,491 - INFO - Boosted OOD loss: -0.0252
2025-09-05 03:36:21,641 - INFO - Boosted OOD loss: -0.0483
2025-09-05 03:36:22,191 - INFO - Boosted OOD loss: -0.0641
2025-09-05 03:36:29,647 - INFO - Boosted OOD loss: -0.0363
2025-09-05 03:36:33,394 - WARNING - No anomaly pixels (254) found in batch
2025-09-05 03:36:39,257 - INFO - Boosted OOD loss: -0.0085
2025-09-05 03:36:39,819 - INFO - Boosted OOD loss: -0.0233
2025-09-05 03:36:40,377 - INFO - Boosted OOD loss: -0.0333
2025-09-05 03:36:41,471 - INFO - Boosted OOD loss: -0.0490
2025-09-05 03:36:43,083 - INFO - Boosted OOD loss: -0.0528
2025-09-05 03:36:43,638 - INFO - Boosted OOD loss: -0.0284
2025-09-05 03:36:44,720 - INFO - Boosted OOD loss: -0.0487
2025-09-05 03:36:45,278 - INFO - Boosted OOD loss: -0.0134
2025-09-05 03:36:47,427 - INFO - Boosted OOD loss: -0.0322
2025-09-05 03:36:49,050 - INFO - Boosted OOD loss: -0.0559
2025-09-05 03:36:52,258 - INFO - Boosted OOD loss: -0.0443
2025-09-05 03:36:54,938 - INFO - Boosted OOD loss: -0.0438
2025-09-05 03:36:55,493 - INFO - Boosted OOD loss: -0.0715
2025-09-05 03:36:56,573 - INFO - Boosted OOD loss: -0.0750
2025-09-05 03:37:02,988 - INFO - Boosted OOD loss: -0.0229
2025-09-05 03:37:04,084 - INFO - Boosted OOD loss: 0.0081
2025-09-05 03:37:08,881 - INFO - Boosted OOD loss: -0.0655
2025-09-05 03:37:10,492 - INFO - Boosted OOD loss: -0.0387
2025-09-05 03:37:11,045 - INFO - Boosted OOD loss: -0.0413
2025-09-05 03:37:20,089 - INFO - Boosted OOD loss: -0.0187
2025-09-05 03:37:26,486 - INFO - Boosted OOD loss: -0.0600
2025-09-05 03:37:27,041 - INFO - Boosted OOD loss: -0.0074
2025-09-05 03:37:27,042 - INFO - Step 22500 Loss Debug:
2025-09-05 03:37:27,042 - INFO -  CE: 1.9777
2025-09-05 03:37:27,042 - INFO -  OOD: -0.0074
2025-09-05 03:37:27,042 - INFO -  β: 64.00
2025-09-05 03:37:27,042 - INFO -  ID: 6096, OOD(254): 834
2025-09-05 03:37:28,129 - INFO - Boosted OOD loss: -0.0557
2025-09-05 03:37:29,746 - INFO - Boosted OOD loss: -0.0497
2025-09-05 03:37:30,833 - INFO - Boosted OOD loss: -0.0473
2025-09-05 03:37:32,977 - INFO - Boosted OOD loss: -0.0369
2025-09-05 03:37:35,126 - INFO - Boosted OOD loss: -0.0804
2025-09-05 03:37:36,207 - INFO - Boosted OOD loss: -0.0469
2025-09-05 03:37:37,832 - INFO - Boosted OOD loss: -0.0394
2025-09-05 03:37:39,984 - INFO - Boosted OOD loss: -0.0619
2025-09-05 03:37:41,073 - INFO - Boosted OOD loss: -0.0550
2025-09-05 03:37:42,163 - INFO - Boosted OOD loss: -0.0642
2025-09-05 03:37:55,484 - INFO - Boosted OOD loss: -0.0492
2025-09-05 03:37:57,089 - INFO - Boosted OOD loss: -0.0913
2025-09-05 03:37:58,174 - INFO - Boosted OOD loss: -0.0451
2025-09-05 03:38:00,329 - INFO - Boosted OOD loss: -0.0172
2025-09-05 03:38:02,481 - INFO - Boosted OOD loss: -0.0658
2025-09-05 03:38:04,633 - INFO - Boosted OOD loss: -0.0439
2025-09-05 03:38:05,187 - INFO - Boosted OOD loss: -0.0577
2025-09-05 03:38:06,802 - INFO - Boosted OOD loss: -0.0344
2025-09-05 03:38:07,355 - INFO - Boosted OOD loss: -0.0659
2025-09-05 03:38:11,632 - INFO - Boosted OOD loss: -0.0847
2025-09-05 03:38:12,724 - INFO - Boosted OOD loss: -0.0517
2025-09-05 03:38:14,880 - INFO - Boosted OOD loss: -0.0255
2025-09-05 03:38:15,969 - INFO - Boosted OOD loss: -0.0541
2025-09-05 03:38:18,117 - INFO - Boosted OOD loss: -0.0493
2025-09-05 03:38:20,267 - INFO - Boosted OOD loss: -0.0432
2025-09-05 03:38:20,804 - WARNING - No anomaly pixels (254) found in batch
2025-09-05 03:38:24,534 - INFO - Boosted OOD loss: -0.0343
2025-09-05 03:38:32,534 - INFO - Boosted OOD loss: -0.0177
2025-09-05 03:38:33,624 - INFO - Boosted OOD loss: -0.0632
2025-09-05 03:38:36,301 - INFO - Boosted OOD loss: -0.0670
2025-09-05 03:38:36,861 - INFO - Boosted OOD loss: -0.0827
2025-09-05 03:38:42,730 - INFO - Boosted OOD loss: -0.0301
2025-09-05 03:38:46,483 - INFO - Boosted OOD loss: -0.0559
2025-09-05 03:38:50,223 - INFO - Boosted OOD loss: -0.0408
2025-09-05 03:38:50,781 - INFO - Boosted OOD loss: -0.0891
2025-09-05 03:38:51,866 - INFO - Boosted OOD loss: -0.0501
2025-09-05 03:38:54,553 - INFO - Boosted OOD loss: -0.0175
2025-09-05 03:38:58,292 - INFO - Boosted OOD loss: -0.0549
2025-09-05 03:39:07,348 - INFO - Boosted OOD loss: -0.0522
2025-09-05 03:39:08,439 - INFO - Boosted OOD loss: -0.0126
2025-09-05 03:39:10,050 - INFO - Boosted OOD loss: -0.0675
2025-09-05 03:39:14,315 - WARNING - No anomaly pixels (254) found in batch
2025-09-05 03:39:16,436 - INFO - Boosted OOD loss: -0.0363
2025-09-05 03:39:16,991 - INFO - Boosted OOD loss: -0.0649
2025-09-05 03:39:17,541 - INFO - Boosted OOD loss: -0.0680
2025-09-05 03:39:18,623 - INFO - Boosted OOD loss: -0.0584
2025-09-05 03:39:23,953 - INFO - Boosted OOD loss: -0.0516
2025-09-05 03:39:26,099 - INFO - Boosted OOD loss: -0.0599
2025-09-05 03:39:28,800 - INFO - Boosted OOD loss: -0.0754
2025-09-05 03:39:29,355 - INFO - Boosted OOD loss: -0.0194
2025-09-05 03:39:31,510 - INFO - Boosted OOD loss: -0.0668
2025-09-05 03:39:35,264 - INFO - Boosted OOD loss: -0.0495
2025-09-05 03:39:37,403 - INFO - Boosted OOD loss: -0.0517
2025-09-05 03:39:41,158 - INFO - Boosted OOD loss: -0.0100
2025-09-05 03:39:41,158 - INFO - Step 22750 Loss Debug:
2025-09-05 03:39:41,158 - INFO -  CE: 2.0412
2025-09-05 03:39:41,159 - INFO -  OOD: -0.0100
2025-09-05 03:39:41,159 - INFO -  β: 64.00
2025-09-05 03:39:41,159 - INFO -  ID: 6057, OOD(254): 1560
2025-09-05 03:39:44,908 - INFO - Boosted OOD loss: -0.0268
2025-09-05 03:39:51,324 - INFO - Boosted OOD loss: -0.0619
2025-09-05 03:39:56,662 - INFO - Boosted OOD loss: -0.0063
2025-09-05 03:39:57,224 - INFO - Boosted OOD loss: -0.0543
2025-09-05 03:39:57,781 - INFO - Boosted OOD loss: -0.0121
2025-09-05 03:40:01,001 - INFO - Boosted OOD loss: -0.0113
2025-09-05 03:40:02,094 - INFO - Boosted OOD loss: -0.0223
2025-09-05 03:40:07,973 - WARNING - No anomaly pixels (254) found in batch
2025-09-05 03:40:10,633 - INFO - Boosted OOD loss: -0.0766
2025-09-05 03:40:11,187 - INFO - Boosted OOD loss: -0.0593
2025-09-05 03:40:13,336 - INFO - Boosted OOD loss: -0.0735
2025-09-05 03:40:16,015 - INFO - Boosted OOD loss: -0.0735
2025-09-05 03:40:16,563 - INFO - Boosted OOD loss: -0.0739
2025-09-05 03:40:19,252 - INFO - Boosted OOD loss: -0.0247
2025-09-05 03:40:24,593 - INFO - Boosted OOD loss: -0.0119
2025-09-05 03:40:30,476 - INFO - Boosted OOD loss: -0.0352
2025-09-05 03:40:31,036 - INFO - Boosted OOD loss: -0.0284
2025-09-05 03:40:31,589 - INFO - Boosted OOD loss: -0.0624
2025-09-05 03:40:39,066 - INFO - Boosted OOD loss: -0.0986
2025-09-05 03:40:41,216 - INFO - Boosted OOD loss: -0.0770
2025-09-05 03:40:42,293 - INFO - Boosted OOD loss: -0.0410
2025-09-05 03:40:43,381 - INFO - Boosted OOD loss: -0.0093
2025-09-05 03:40:46,595 - INFO - Boosted OOD loss: -0.0781
2025-09-05 03:40:47,144 - INFO - Boosted OOD loss: -0.0828
2025-09-05 03:40:52,474 - INFO - Boosted OOD loss: -0.0671
2025-09-05 03:40:54,093 - INFO - Boosted OOD loss: -0.0137
2025-09-05 03:40:57,832 - INFO - Boosted OOD loss: -0.0384
2025-09-05 03:40:58,917 - INFO - Boosted OOD loss: -0.0357
2025-09-05 03:41:01,591 - WARNING - No anomaly pixels (254) found in batch
2025-09-05 03:41:12,783 - INFO - Boosted OOD loss: -0.0545
2025-09-05 03:41:16,522 - INFO - Boosted OOD loss: -0.0962
2025-09-05 03:41:20,818 - INFO - Boosted OOD loss: -0.0554
2025-09-05 03:41:24,031 - INFO - Boosted OOD loss: -0.0551
2025-09-05 03:41:25,117 - INFO - Boosted OOD loss: -0.0316
2025-09-05 03:41:27,266 - INFO - Boosted OOD loss: -0.1026
2025-09-05 03:41:33,142 - INFO - Boosted OOD loss: -0.0422
2025-09-05 03:41:35,286 - INFO - Boosted OOD loss: -0.0403
2025-09-05 03:41:37,438 - INFO - Boosted OOD loss: -0.0835
2025-09-05 03:41:38,521 - INFO - Boosted OOD loss: -0.0906
2025-09-05 03:41:39,072 - INFO - Boosted OOD loss: -0.0670
2025-09-05 03:41:44,945 - INFO - Boosted OOD loss: -0.0665
2025-09-05 03:41:46,025 - INFO - Boosted OOD loss: -0.0758
2025-09-05 03:41:47,113 - INFO - Boosted OOD loss: -0.0795
2025-09-05 03:41:53,525 - INFO - Boosted OOD loss: -0.0356
2025-09-05 03:41:55,143 - WARNING - No anomaly pixels (254) found in batch
2025-09-05 03:41:55,685 - INFO - Boosted OOD loss: -0.0187
2025-09-05 03:41:57,304 - INFO - Boosted OOD loss: -0.0186
2025-09-05 03:41:58,930 - INFO - Boosted OOD loss: -0.0055
2025-09-05 03:42:01,092 - INFO - Boosted OOD loss: -0.0118
2025-09-05 03:42:03,786 - INFO - Boosted OOD loss: -0.0546
2025-09-05 03:42:04,870 - INFO - Boosted OOD loss: -0.0957
2025-09-05 03:42:05,955 - INFO - Boosted OOD loss: -0.0537
2025-09-05 03:42:06,508 - INFO - Boosted OOD loss: 0.0068
2025-09-05 03:42:12,375 - INFO - Boosted OOD loss: -0.0191
2025-09-05 03:42:16,642 - INFO - Boosted OOD loss: -0.0575
2025-09-05 03:42:21,974 - INFO - Boosted OOD loss: -0.0470
2025-09-05 03:42:21,974 - INFO - Step 23050 Loss Debug:
2025-09-05 03:42:21,974 - INFO -  CE: 1.5642
2025-09-05 03:42:21,974 - INFO -  OOD: -0.0470
2025-09-05 03:42:21,975 - INFO -  β: 64.00
2025-09-05 03:42:21,975 - INFO -  ID: 7097, OOD(254): 947
2025-09-05 03:42:23,061 - INFO - Boosted OOD loss: -0.0482
2025-09-05 03:42:26,798 - INFO - Boosted OOD loss: -0.0524
2025-09-05 03:42:27,888 - INFO - Boosted OOD loss: -0.0452
2025-09-05 03:42:36,438 - INFO - Boosted OOD loss: -0.0743
2025-09-05 03:42:40,185 - INFO - Boosted OOD loss: -0.0241
2025-09-05 03:42:43,401 - INFO - Boosted OOD loss: -0.0683
2025-09-05 03:42:45,023 - INFO - Boosted OOD loss: -0.0387
2025-09-05 03:42:47,170 - INFO - Boosted OOD loss: -0.0815
2025-09-05 03:42:47,722 - INFO - Boosted OOD loss: -0.0529
2025-09-05 03:42:48,800 - WARNING - No anomaly pixels (254) found in batch
2025-09-05 03:42:50,937 - INFO - Boosted OOD loss: -0.0694
2025-09-05 03:42:52,557 - INFO - Boosted OOD loss: -0.0610
2025-09-05 03:42:53,638 - INFO - Boosted OOD loss: -0.0746
2025-09-05 03:43:02,193 - INFO - Boosted OOD loss: -0.0705
2025-09-05 03:43:04,866 - INFO - Boosted OOD loss: -0.0621
2025-09-05 03:43:06,492 - INFO - Boosted OOD loss: -0.0630
2025-09-05 03:43:07,044 - INFO - Boosted OOD loss: -0.0406
2025-09-05 03:43:08,134 - INFO - Boosted OOD loss: -0.0994
2025-09-05 03:43:10,809 - INFO - Boosted OOD loss: -0.1035
2025-09-05 03:43:17,765 - INFO - Boosted OOD loss: -0.0678
2025-09-05 03:43:21,512 - INFO - Boosted OOD loss: -0.0815
2025-09-05 03:43:23,715 - INFO - Updated beta to 13.87 (exp decay)
2025-09-05 03:43:25,115 - WARNING - Negative mean energy—verify E_b formula/signs
2025-09-05 03:43:25,116 - INFO - Weights updated successfully
2025-09-05 03:43:25,116 - INFO - Advanced epoch 13 - Updated beta: 13.87
2025-09-05 03:43:25,116 - INFO - Epoch 13 - Avg CE: 1.8375, Avg OOD: -0.0109, β: 64
2025-09-05 03:43:25,232 - INFO - 
Starting Epoch 14/100
2025-09-05 03:43:25,232 - INFO - ============================================================
2025-09-05 03:43:25,233 - INFO - 
Updating Hopfield boosting weights at epoch 14...
2025-09-05 03:43:26,632 - WARNING - Negative mean energy—verify E_b formula/signs
2025-09-05 03:43:26,632 - INFO - Weights updated successfully
2025-09-05 03:43:26,633 - INFO - Weight Update Debug at Epoch 14: No high-weight OOD pixels found
2025-09-05 03:43:28,648 - INFO - Boosted OOD loss: -0.0798
2025-09-05 03:43:31,298 - INFO - Boosted OOD loss: -0.0445
2025-09-05 03:43:31,848 - INFO - Boosted OOD loss: -0.0560
2025-09-05 03:43:32,922 - INFO - Boosted OOD loss: -0.0257
2025-09-05 03:43:39,294 - INFO - Boosted OOD loss: -0.0684
2025-09-05 03:43:41,436 - INFO - Boosted OOD loss: -0.0524
2025-09-05 03:43:43,051 - INFO - Boosted OOD loss: -0.0369
2025-09-05 03:43:45,724 - WARNING - No anomaly pixels (254) found in batch
2025-09-05 03:43:46,260 - INFO - Boosted OOD loss: -0.0593
2025-09-05 03:43:47,345 - INFO - Boosted OOD loss: -0.0606
2025-09-05 03:43:47,894 - INFO - Boosted OOD loss: -0.0934
2025-09-05 03:43:48,444 - INFO - Boosted OOD loss: -0.0636
2025-09-05 03:43:50,067 - INFO - Boosted OOD loss: -0.0539
2025-09-05 03:43:51,683 - INFO - Boosted OOD loss: -0.0836
2025-09-05 03:43:52,765 - INFO - Boosted OOD loss: -0.0443
2025-09-05 03:43:54,383 - INFO - Boosted OOD loss: -0.0644
2025-09-05 03:44:00,252 - INFO - Boosted OOD loss: -0.0769
2025-09-05 03:44:00,803 - INFO - Boosted OOD loss: -0.0779
2025-09-05 03:44:01,898 - INFO - Boosted OOD loss: -0.0021
2025-09-05 03:44:02,454 - INFO - Boosted OOD loss: -0.0874
2025-09-05 03:44:14,208 - INFO - Boosted OOD loss: -0.0172
2025-09-05 03:44:17,419 - INFO - Boosted OOD loss: -0.1074
2025-09-05 03:44:18,506 - INFO - Boosted OOD loss: 0.0097
2025-09-05 03:44:22,267 - INFO - Boosted OOD loss: -0.0719
2025-09-05 03:44:22,819 - INFO - Boosted OOD loss: -0.0951
2025-09-05 03:44:26,039 - INFO - Boosted OOD loss: -0.0840
2025-09-05 03:44:27,125 - INFO - Boosted OOD loss: -0.0526
2025-09-05 03:44:30,345 - INFO - Boosted OOD loss: -0.0763
2025-09-05 03:44:32,493 - INFO - Boosted OOD loss: -0.1027
2025-09-05 03:44:34,108 - INFO - Boosted OOD loss: -0.0413
2025-09-05 03:44:34,663 - INFO - Boosted OOD loss: -0.0316
2025-09-05 03:44:37,878 - INFO - Boosted OOD loss: -0.0432
2025-09-05 03:44:38,973 - INFO - Boosted OOD loss: -0.0371
2025-09-05 03:44:39,520 - WARNING - No anomaly pixels (254) found in batch
2025-09-05 03:44:40,061 - INFO - Boosted OOD loss: -0.0638
2025-09-05 03:44:40,614 - INFO - Boosted OOD loss: -0.0585
2025-09-05 03:44:42,235 - INFO - Boosted OOD loss: -0.0358
2025-09-05 03:44:45,986 - INFO - Boosted OOD loss: -0.0946
2025-09-05 03:44:48,136 - INFO - Boosted OOD loss: -0.0384
2025-09-05 03:44:51,356 - INFO - Boosted OOD loss: -0.1104
2025-09-05 03:44:51,906 - INFO - Boosted OOD loss: -0.0466
2025-09-05 03:44:53,526 - INFO - Boosted OOD loss: -0.0049
2025-09-05 03:45:02,064 - INFO - Boosted OOD loss: -0.0200
2025-09-05 03:45:04,750 - INFO - Boosted OOD loss: -0.0855
2025-09-05 03:45:05,301 - INFO - Boosted OOD loss: -0.0445
2025-09-05 03:45:06,920 - INFO - Boosted OOD loss: -0.0711
2025-09-05 03:45:08,005 - INFO - Boosted OOD loss: -0.0490
2025-09-05 03:45:09,089 - INFO - Boosted OOD loss: -0.0695
2025-09-05 03:45:12,302 - INFO - Boosted OOD loss: -0.0349
2025-09-05 03:45:15,523 - INFO - Boosted OOD loss: -0.0769
2025-09-05 03:45:16,612 - INFO - Boosted OOD loss: -0.0694
2025-09-05 03:45:19,835 - INFO - Boosted OOD loss: -0.0326
2025-09-05 03:45:26,259 - INFO - Boosted OOD loss: -0.0603
2025-09-05 03:45:33,213 - WARNING - No anomaly pixels (254) found in batch
2025-09-05 03:45:35,358 - INFO - Boosted OOD loss: -0.0381
2025-09-05 03:45:37,511 - INFO - Boosted OOD loss: -0.0406
2025-09-05 03:45:46,047 - INFO - Boosted OOD loss: -0.0640
2025-09-05 03:45:47,669 - INFO - Boosted OOD loss: -0.0502
2025-09-05 03:45:48,227 - INFO - Boosted OOD loss: -0.0299
2025-09-05 03:45:48,782 - INFO - Boosted OOD loss: -0.0608
2025-09-05 03:45:50,398 - INFO - Boosted OOD loss: -0.0913
2025-09-05 03:45:52,548 - INFO - Boosted OOD loss: -0.0306
2025-09-05 03:45:54,716 - INFO - Boosted OOD loss: -0.0138
2025-09-05 03:45:58,465 - INFO - Boosted OOD loss: -0.0642
2025-09-05 03:46:00,093 - INFO - Boosted OOD loss: -0.0343
2025-09-05 03:46:00,094 - INFO - Step 23450 Loss Debug:
2025-09-05 03:46:00,094 - INFO -  CE: 1.8560
2025-09-05 03:46:00,094 - INFO -  OOD: -0.0343
2025-09-05 03:46:00,094 - INFO -  β: 64.00
2025-09-05 03:46:00,094 - INFO -  ID: 7259, OOD(254): 586
2025-09-05 03:46:00,654 - INFO - Boosted OOD loss: -0.0501
2025-09-05 03:46:02,802 - INFO - Boosted OOD loss: -0.0547
2025-09-05 03:46:06,013 - INFO - Boosted OOD loss: -0.0716
2025-09-05 03:46:06,562 - INFO - Boosted OOD loss: -0.0470
2025-09-05 03:46:08,713 - INFO - Boosted OOD loss: -0.0860
2025-09-05 03:46:11,394 - INFO - Boosted OOD loss: -0.0662
2025-09-05 03:46:12,483 - INFO - Boosted OOD loss: -0.0249
2025-09-05 03:46:16,758 - INFO - Boosted OOD loss: -0.0474
2025-09-05 03:46:18,913 - INFO - Boosted OOD loss: -0.0607
2025-09-05 03:46:24,787 - INFO - Boosted OOD loss: -0.0544
2025-09-05 03:46:25,875 - INFO - Boosted OOD loss: -0.0625
2025-09-05 03:46:26,951 - WARNING - No anomaly pixels (254) found in batch
2025-09-05 03:46:27,491 - INFO - Boosted OOD loss: -0.0733
2025-09-05 03:46:31,763 - INFO - Boosted OOD loss: -0.0114
2025-09-05 03:46:33,918 - INFO - Boosted OOD loss: -0.1036
2025-09-05 03:46:34,471 - INFO - Boosted OOD loss: -0.0761
2025-09-05 03:46:37,151 - INFO - Boosted OOD loss: -0.0699
2025-09-05 03:46:38,234 - INFO - Boosted OOD loss: -0.0664
2025-09-05 03:46:43,582 - INFO - Boosted OOD loss: -0.0447
2025-09-05 03:46:46,801 - INFO - Boosted OOD loss: -0.0862
2025-09-05 03:46:47,358 - INFO - Boosted OOD loss: -0.0296
2025-09-05 03:46:49,514 - INFO - Boosted OOD loss: -0.0793
2025-09-05 03:46:51,126 - INFO - Boosted OOD loss: -0.0498
2025-09-05 03:46:54,337 - INFO - Boosted OOD loss: -0.0596
2025-09-05 03:46:59,146 - INFO - Boosted OOD loss: -0.0191
2025-09-05 03:47:01,831 - INFO - Boosted OOD loss: -0.0683
2025-09-05 03:47:04,518 - INFO - Boosted OOD loss: -0.0224
2025-09-05 03:47:07,741 - INFO - Boosted OOD loss: -0.0553
2025-09-05 03:47:08,823 - INFO - Boosted OOD loss: -0.0588
2025-09-05 03:47:10,443 - INFO - Boosted OOD loss: -0.0565
2025-09-05 03:47:13,650 - INFO - Boosted OOD loss: -0.0277
2025-09-05 03:47:15,274 - INFO - Boosted OOD loss: -0.0555
2025-09-05 03:47:20,611 - INFO - Boosted OOD loss: -0.0827
2025-09-05 03:47:20,611 - INFO - Step 23600 Loss Debug:
2025-09-05 03:47:20,611 - INFO -  CE: 1.8352
2025-09-05 03:47:20,611 - INFO -  OOD: -0.0827
2025-09-05 03:47:20,612 - INFO -  β: 64.00
2025-09-05 03:47:20,612 - INFO -  ID: 5838, OOD(254): 47
2025-09-05 03:47:21,160 - INFO - Boosted OOD loss: -0.0788
2025-09-05 03:47:21,709 - INFO - Boosted OOD loss: -0.0500
2025-09-05 03:47:23,322 - INFO - Boosted OOD loss: -0.0576
2025-09-05 03:47:28,669 - INFO - Boosted OOD loss: -0.1050
2025-09-05 03:47:29,224 - INFO - Boosted OOD loss: -0.0832
2025-09-05 03:47:30,844 - INFO - Boosted OOD loss: -0.1290
2025-09-05 03:47:31,403 - INFO - Boosted OOD loss: -0.0282
2025-09-05 03:47:31,960 - INFO - Boosted OOD loss: -0.0225
2025-09-05 03:47:33,053 - INFO - Boosted OOD loss: -0.0774
2025-09-05 03:47:34,676 - INFO - Boosted OOD loss: -0.0488
2025-09-05 03:47:36,291 - INFO - Boosted OOD loss: -0.1096
2025-09-05 03:47:37,376 - INFO - Boosted OOD loss: -0.0444
2025-09-05 03:47:39,530 - INFO - Boosted OOD loss: -0.0661
2025-09-05 03:47:40,084 - INFO - Boosted OOD loss: 0.0409
2025-09-05 03:47:42,769 - INFO - Boosted OOD loss: -0.0416
2025-09-05 03:47:45,442 - INFO - Boosted OOD loss: -0.0394
2025-09-05 03:47:45,998 - INFO - Boosted OOD loss: -0.0868
2025-09-05 03:47:50,814 - INFO - Boosted OOD loss: -0.0328
2025-09-05 03:47:55,095 - INFO - Boosted OOD loss: -0.0854
2025-09-05 03:47:58,838 - INFO - Boosted OOD loss: -0.0540
2025-09-05 03:48:02,583 - INFO - Boosted OOD loss: -0.1015
2025-09-05 03:48:10,047 - INFO - Boosted OOD loss: -0.0528
2025-09-05 03:48:12,202 - INFO - Boosted OOD loss: -0.0756
2025-09-05 03:48:13,296 - INFO - Boosted OOD loss: -0.0175
2025-09-05 03:48:14,381 - WARNING - No anomaly pixels (254) found in batch
2025-09-05 03:48:15,455 - INFO - Boosted OOD loss: -0.0412
2025-09-05 03:48:17,068 - INFO - Boosted OOD loss: -0.0144
2025-09-05 03:48:17,620 - INFO - Boosted OOD loss: -0.1035
2025-09-05 03:48:25,623 - INFO - Boosted OOD loss: -0.0653
2025-09-05 03:48:27,242 - INFO - Boosted OOD loss: -0.0488
2025-09-05 03:48:32,574 - INFO - Boosted OOD loss: -0.0754
2025-09-05 03:48:34,190 - INFO - Boosted OOD loss: -0.0484
2025-09-05 03:48:35,815 - INFO - Boosted OOD loss: -0.0616
2025-09-05 03:48:36,900 - INFO - Boosted OOD loss: -0.0508
2025-09-05 03:48:37,983 - INFO - Boosted OOD loss: -0.0653
2025-09-05 03:48:41,731 - INFO - Boosted OOD loss: -0.0204
2025-09-05 03:48:50,257 - INFO - Boosted OOD loss: -0.0489
2025-09-05 03:48:52,939 - INFO - Boosted OOD loss: -0.0702
2025-09-05 03:48:55,623 - INFO - Boosted OOD loss: -0.0294
2025-09-05 03:48:57,776 - INFO - Boosted OOD loss: -0.0280
2025-09-05 03:48:58,871 - INFO - Boosted OOD loss: -0.0499
2025-09-05 03:49:00,489 - INFO - Boosted OOD loss: -0.0187
2025-09-05 03:49:02,644 - INFO - Boosted OOD loss: -0.0519
2025-09-05 03:49:03,732 - INFO - Boosted OOD loss: -0.0546
2025-09-05 03:49:07,996 - WARNING - No anomaly pixels (254) found in batch
2025-09-05 03:49:08,536 - INFO - Boosted OOD loss: -0.0374
2025-09-05 03:49:12,276 - INFO - Boosted OOD loss: -0.0646
2025-09-05 03:49:13,369 - INFO - Boosted OOD loss: -0.0845
2025-09-05 03:49:19,239 - INFO - Boosted OOD loss: -0.0189
2025-09-05 03:49:20,866 - INFO - Boosted OOD loss: -0.0917
2025-09-05 03:49:21,953 - INFO - Boosted OOD loss: -0.0107
2025-09-05 03:49:24,636 - INFO - Boosted OOD loss: -0.0345
2025-09-05 03:49:26,788 - INFO - Boosted OOD loss: -0.0456
2025-09-05 03:49:28,403 - INFO - Boosted OOD loss: -0.0025
2025-09-05 03:49:28,964 - INFO - Boosted OOD loss: -0.0438
2025-09-05 03:49:30,580 - INFO - Boosted OOD loss: -0.1162
2025-09-05 03:49:34,854 - INFO - Boosted OOD loss: -0.0341
2025-09-05 03:49:34,854 - INFO - Step 23850 Loss Debug:
2025-09-05 03:49:34,855 - INFO -  CE: 1.7434
2025-09-05 03:49:34,855 - INFO -  OOD: -0.0341
2025-09-05 03:49:34,855 - INFO -  β: 64.00
2025-09-05 03:49:34,855 - INFO -  ID: 7353, OOD(254): 485
2025-09-05 03:49:37,538 - INFO - Boosted OOD loss: -0.0179
2025-09-05 03:49:40,231 - INFO - Boosted OOD loss: -0.0282
2025-09-05 03:49:43,444 - INFO - Boosted OOD loss: -0.0220
2025-09-05 03:49:50,926 - INFO - Boosted OOD loss: -0.0410
2025-09-05 03:49:55,731 - INFO - Boosted OOD loss: -0.0453
2025-09-05 03:49:57,346 - INFO - Boosted OOD loss: -0.0769
2025-09-05 03:50:00,558 - INFO - Boosted OOD loss: -0.0302
2025-09-05 03:50:01,645 - WARNING - No anomaly pixels (254) found in batch
2025-09-05 03:50:06,452 - INFO - Boosted OOD loss: -0.0375
2025-09-05 03:50:07,539 - INFO - Boosted OOD loss: -0.0631
2025-09-05 03:50:09,153 - INFO - Boosted OOD loss: -0.0970
2025-09-05 03:50:09,708 - INFO - Boosted OOD loss: -0.0293
2025-09-05 03:50:15,051 - INFO - Boosted OOD loss: -0.0386
2025-09-05 03:50:15,600 - INFO - Boosted OOD loss: -0.0171
2025-09-05 03:50:16,692 - INFO - Boosted OOD loss: -0.0336
2025-09-05 03:50:17,243 - INFO - Boosted OOD loss: -0.0039
2025-09-05 03:50:18,333 - INFO - Boosted OOD loss: -0.0266
2025-09-05 03:50:18,886 - INFO - Boosted OOD loss: -0.0474
2025-09-05 03:50:19,439 - INFO - Boosted OOD loss: -0.0522
2025-09-05 03:50:19,995 - INFO - Boosted OOD loss: -0.0843
2025-09-05 03:50:27,445 - INFO - Boosted OOD loss: -0.0349
2025-09-05 03:50:27,995 - INFO - Boosted OOD loss: -0.0602
2025-09-05 03:50:28,549 - INFO - Boosted OOD loss: -0.0597
2025-09-05 03:50:28,550 - INFO - Step 23950 Loss Debug:
2025-09-05 03:50:28,550 - INFO -  CE: 1.7985
2025-09-05 03:50:28,550 - INFO -  OOD: -0.0597
2025-09-05 03:50:28,550 - INFO -  β: 64.00
2025-09-05 03:50:28,550 - INFO -  ID: 5870, OOD(254): 168
2025-09-05 03:50:30,170 - INFO - Boosted OOD loss: -0.0465
2025-09-05 03:50:30,719 - INFO - Boosted OOD loss: -0.0989
2025-09-05 03:50:32,876 - INFO - Boosted OOD loss: -0.0600
2025-09-05 03:50:35,023 - INFO - Boosted OOD loss: -0.1176
2025-09-05 03:50:38,777 - INFO - Boosted OOD loss: -0.0901
2025-09-05 03:50:39,857 - INFO - Boosted OOD loss: -0.0700
2025-09-05 03:50:42,009 - INFO - Boosted OOD loss: -0.0276
2025-09-05 03:50:42,564 - INFO - Boosted OOD loss: -0.0734
2025-09-05 03:50:44,178 - INFO - Boosted OOD loss: -0.0097
2025-09-05 03:50:46,339 - INFO - Boosted OOD loss: -0.0126
2025-09-05 03:50:47,425 - INFO - Boosted OOD loss: -0.0399
2025-09-05 03:50:47,982 - INFO - Boosted OOD loss: -0.1127
2025-09-05 03:50:48,529 - INFO - Boosted OOD loss: -0.0715
2025-09-05 03:50:49,608 - INFO - Boosted OOD loss: -0.0345
2025-09-05 03:50:51,224 - INFO - Boosted OOD loss: -0.0434
2025-09-05 03:50:54,966 - INFO - Boosted OOD loss: -0.1393
2025-09-05 03:50:55,510 - WARNING - No anomaly pixels (254) found in batch
2025-09-05 03:50:58,712 - INFO - Boosted OOD loss: -0.0248
2025-09-05 03:51:02,993 - INFO - Boosted OOD loss: -0.0489
2025-09-05 03:51:06,751 - INFO - Boosted OOD loss: -0.0486
2025-09-05 03:51:10,510 - INFO - Boosted OOD loss: -0.0470
2025-09-05 03:51:15,316 - INFO - Boosted OOD loss: -0.0969
2025-09-05 03:51:19,592 - INFO - Boosted OOD loss: -0.0707
2025-09-05 03:51:20,682 - INFO - Boosted OOD loss: -0.0249
2025-09-05 03:51:24,439 - INFO - Boosted OOD loss: -0.0719
2025-09-05 03:51:28,185 - INFO - Boosted OOD loss: -0.0466
2025-09-05 03:51:29,803 - INFO - Boosted OOD loss: -0.0730
2025-09-05 03:51:34,079 - INFO - Boosted OOD loss: -0.0437
2025-09-05 03:51:35,168 - INFO - Boosted OOD loss: -0.0664
2025-09-05 03:51:42,131 - INFO - Boosted OOD loss: -0.0574
2025-09-05 03:51:48,533 - INFO - Boosted OOD loss: -0.0436
2025-09-05 03:51:49,085 - WARNING - No anomaly pixels (254) found in batch
2025-09-05 03:51:50,694 - INFO - Boosted OOD loss: -0.0983
2025-09-05 03:52:01,348 - INFO - Boosted OOD loss: -0.0720
2025-09-05 03:52:01,903 - INFO - Boosted OOD loss: -0.0468
2025-09-05 03:52:06,184 - INFO - Boosted OOD loss: -0.0174
2025-09-05 03:52:09,418 - INFO - Boosted OOD loss: -0.0459
2025-09-05 03:52:11,572 - INFO - Boosted OOD loss: -0.0549
2025-09-05 03:52:15,314 - INFO - Boosted OOD loss: -0.0884
2025-09-05 03:52:18,513 - INFO - Boosted OOD loss: -0.0889
2025-09-05 03:52:21,716 - INFO - Boosted OOD loss: -0.0394
2025-09-05 03:52:22,274 - INFO - Boosted OOD loss: -0.0163
2025-09-05 03:52:22,833 - INFO - Boosted OOD loss: -0.0680
2025-09-05 03:52:28,170 - INFO - Boosted OOD loss: -0.0541
2025-09-05 03:52:28,719 - INFO - Boosted OOD loss: -0.0763
2025-09-05 03:52:29,808 - INFO - Boosted OOD loss: -0.0601
2025-09-05 03:52:30,356 - INFO - Boosted OOD loss: -0.0996
2025-09-05 03:52:30,909 - INFO - Boosted OOD loss: -0.0930
2025-09-05 03:52:31,464 - INFO - Boosted OOD loss: -0.0206
2025-09-05 03:52:32,556 - INFO - Boosted OOD loss: -0.0353
2025-09-05 03:52:33,636 - INFO - Boosted OOD loss: -0.0606
2025-09-05 03:52:34,722 - INFO - Boosted OOD loss: -0.0326
2025-09-05 03:52:39,526 - INFO - Boosted OOD loss: -0.0566
2025-09-05 03:52:40,611 - INFO - Boosted OOD loss: -0.0493
2025-09-05 03:52:42,749 - WARNING - No anomaly pixels (254) found in batch
2025-09-05 03:52:44,356 - INFO - Boosted OOD loss: -0.0632
2025-09-05 03:52:45,975 - INFO - Boosted OOD loss: -0.0963
2025-09-05 03:52:47,589 - INFO - Boosted OOD loss: 0.0129
2025-09-05 03:52:55,587 - INFO - Boosted OOD loss: -0.0847
2025-09-05 03:52:56,140 - INFO - Boosted OOD loss: -0.0482
2025-09-05 03:53:00,418 - INFO - Boosted OOD loss: -0.0896
2025-09-05 03:53:06,305 - INFO - Boosted OOD loss: -0.1112
2025-09-05 03:53:10,581 - INFO - Boosted OOD loss: -0.0471
2025-09-05 03:53:15,397 - INFO - Boosted OOD loss: -0.0860
2025-09-05 03:53:18,601 - INFO - Boosted OOD loss: -0.0715
2025-09-05 03:53:22,873 - INFO - Boosted OOD loss: -0.0728
2025-09-05 03:53:27,157 - INFO - Boosted OOD loss: -0.0223
2025-09-05 03:53:33,572 - INFO - Boosted OOD loss: -0.0521
2025-09-05 03:53:35,187 - INFO - Boosted OOD loss: -0.0444
2025-09-05 03:53:36,277 - INFO - Boosted OOD loss: -0.0658
2025-09-05 03:53:36,277 - INFO - Step 24300 Loss Debug:
2025-09-05 03:53:36,277 - INFO -  CE: 1.7433
2025-09-05 03:53:36,277 - INFO -  OOD: -0.0658
2025-09-05 03:53:36,277 - INFO -  β: 64.00
2025-09-05 03:53:36,278 - INFO -  ID: 4979, OOD(254): 43
2025-09-05 03:53:37,363 - INFO - Boosted OOD loss: -0.0527
2025-09-05 03:53:37,918 - INFO - Boosted OOD loss: -0.0123
2025-09-05 03:53:42,197 - INFO - Boosted OOD loss: -0.0576
2025-09-05 03:53:49,151 - INFO - Boosted OOD loss: -0.0777
2025-09-05 03:53:59,823 - INFO - Boosted OOD loss: -0.0613
2025-09-05 03:54:03,575 - INFO - Boosted OOD loss: -0.0318
2025-09-05 03:54:06,799 - INFO - Boosted OOD loss: -0.0715
2025-09-05 03:54:07,354 - INFO - Boosted OOD loss: -0.0839
2025-09-05 03:54:09,507 - INFO - Boosted OOD loss: -0.0448
2025-09-05 03:54:11,123 - INFO - Boosted OOD loss: -0.0746
2025-09-05 03:54:14,864 - INFO - Boosted OOD loss: -0.0831
2025-09-05 03:54:17,546 - INFO - Boosted OOD loss: -0.1356
2025-09-05 03:54:18,626 - INFO - Boosted OOD loss: -0.0566
2025-09-05 03:54:19,179 - INFO - Boosted OOD loss: -0.0589
2025-09-05 03:54:26,648 - INFO - Boosted OOD loss: -0.0663
2025-09-05 03:54:28,272 - INFO - Boosted OOD loss: -0.0482
2025-09-05 03:54:29,884 - WARNING - No anomaly pixels (254) found in batch
2025-09-05 03:54:30,951 - INFO - Boosted OOD loss: -0.0565
2025-09-05 03:54:31,502 - INFO - Boosted OOD loss: -0.0504
2025-09-05 03:54:34,710 - INFO - Boosted OOD loss: -0.0847
2025-09-05 03:54:40,062 - INFO - Boosted OOD loss: -0.0246
2025-09-05 03:54:41,145 - INFO - Boosted OOD loss: -0.0954
2025-09-05 03:54:51,820 - INFO - Boosted OOD loss: 0.0019
2025-09-05 03:54:52,908 - INFO - Boosted OOD loss: -0.0485
2025-09-05 03:54:57,192 - INFO - Boosted OOD loss: -0.0464
2025-09-05 03:54:59,347 - INFO - Boosted OOD loss: -0.0528
2025-09-05 03:55:02,030 - INFO - Boosted OOD loss: -0.0088
2025-09-05 03:55:03,117 - INFO - Boosted OOD loss: -0.0704
2025-09-05 03:55:05,267 - INFO - Boosted OOD loss: -0.0725
2025-09-05 03:55:06,896 - INFO - Boosted OOD loss: -0.0561
2025-09-05 03:55:08,518 - INFO - Boosted OOD loss: -0.0636
2025-09-05 03:55:09,596 - INFO - Boosted OOD loss: -0.0556
2025-09-05 03:55:10,684 - INFO - Boosted OOD loss: -0.0568
2025-09-05 03:55:14,423 - INFO - Boosted OOD loss: -0.0139
2025-09-05 03:55:16,570 - INFO - Boosted OOD loss: -0.1035
2025-09-05 03:55:18,717 - INFO - Boosted OOD loss: -0.0796
2025-09-05 03:55:21,395 - INFO - Boosted OOD loss: -0.0809
2025-09-05 03:55:21,951 - INFO - Boosted OOD loss: -0.0372
2025-09-05 03:55:22,506 - INFO - Boosted OOD loss: -0.0298
2025-09-05 03:55:23,587 - WARNING - No anomaly pixels (254) found in batch
2025-09-05 03:55:26,784 - INFO - Boosted OOD loss: -0.0612
2025-09-05 03:55:27,337 - INFO - Boosted OOD loss: -0.0605
2025-09-05 03:55:34,819 - INFO - Boosted OOD loss: -0.0706
2025-09-05 03:55:35,371 - INFO - Boosted OOD loss: -0.0438
2025-09-05 03:55:35,929 - INFO - Boosted OOD loss: -0.0401
2025-09-05 03:55:40,737 - INFO - Boosted OOD loss: -0.0387
2025-09-05 03:55:41,827 - INFO - Boosted OOD loss: -0.0097
2025-09-05 03:55:43,452 - INFO - Boosted OOD loss: -0.0481
2025-09-05 03:55:44,006 - INFO - Boosted OOD loss: -0.0220
2025-09-05 03:55:44,565 - INFO - Boosted OOD loss: -0.0417
2025-09-05 03:55:45,116 - INFO - Boosted OOD loss: -0.0472
2025-09-05 03:55:49,941 - INFO - Boosted OOD loss: -0.0404
2025-09-05 03:55:52,086 - INFO - Boosted OOD loss: -0.0780
2025-09-05 03:55:52,639 - INFO - Boosted OOD loss: -0.0431
2025-09-05 03:55:55,319 - INFO - Boosted OOD loss: -0.0753
2025-09-05 03:56:00,150 - INFO - Boosted OOD loss: -0.0454
2025-09-05 03:56:06,046 - INFO - Boosted OOD loss: -0.0047
2025-09-05 03:56:08,214 - INFO - Boosted OOD loss: -0.0353
2025-09-05 03:56:08,769 - INFO - Boosted OOD loss: -0.0116
2025-09-05 03:56:14,118 - INFO - Boosted OOD loss: -0.0704
2025-09-05 03:56:17,341 - INFO - Boosted OOD loss: -0.0543
2025-09-05 03:56:17,342 - INFO - Step 24600 Loss Debug:
2025-09-05 03:56:17,342 - INFO -  CE: 1.5653
2025-09-05 03:56:17,342 - INFO -  OOD: -0.0543
2025-09-05 03:56:17,342 - INFO -  β: 64.00
2025-09-05 03:56:17,342 - INFO -  ID: 5449, OOD(254): 423
2025-09-05 03:56:17,894 - INFO - Boosted OOD loss: -0.0409
2025-09-05 03:56:26,440 - INFO - Boosted OOD loss: -0.0371
2025-09-05 03:56:28,058 - INFO - Boosted OOD loss: -0.0226
2025-09-05 03:56:33,401 - INFO - Boosted OOD loss: -0.0262
2025-09-05 03:56:38,230 - INFO - Boosted OOD loss: -0.1010
2025-09-05 03:56:38,777 - INFO - Boosted OOD loss: -0.0470
2025-09-05 03:56:40,397 - INFO - Boosted OOD loss: -0.0655
2025-09-05 03:56:43,076 - INFO - Boosted OOD loss: -0.0867
2025-09-05 03:56:45,757 - INFO - Boosted OOD loss: -0.0960
2025-09-05 03:56:48,431 - INFO - Boosted OOD loss: -0.0646
2025-09-05 03:56:48,978 - INFO - Boosted OOD loss: -0.0614
2025-09-05 03:56:52,196 - INFO - Boosted OOD loss: -0.0891
2025-09-05 03:56:52,751 - INFO - Boosted OOD loss: -0.0493
2025-09-05 03:56:55,970 - INFO - Boosted OOD loss: -0.0328
2025-09-05 03:56:58,126 - INFO - Boosted OOD loss: -0.0397
2025-09-05 03:56:58,683 - INFO - Boosted OOD loss: -0.0488
2025-09-05 03:57:00,304 - INFO - Boosted OOD loss: -0.0621
2025-09-05 03:57:01,388 - INFO - Boosted OOD loss: -0.0170
2025-09-05 03:57:03,536 - INFO - Boosted OOD loss: -0.0384
2025-09-05 03:57:06,744 - INFO - Boosted OOD loss: -0.0283
2025-09-05 03:57:11,018 - WARNING - No anomaly pixels (254) found in batch
2025-09-05 03:57:12,623 - INFO - Boosted OOD loss: -0.0293
2025-09-05 03:57:16,362 - INFO - Boosted OOD loss: -0.0760
2025-09-05 03:57:19,032 - INFO - Boosted OOD loss: -0.0668
2025-09-05 03:57:20,658 - INFO - Boosted OOD loss: -0.0968
2025-09-05 03:57:26,528 - INFO - Boosted OOD loss: -0.0491
2025-09-05 03:57:28,676 - INFO - Boosted OOD loss: -0.0591
2025-09-05 03:57:33,489 - INFO - Boosted OOD loss: -0.0603
2025-09-05 03:57:37,769 - INFO - Boosted OOD loss: -0.0388
2025-09-05 03:57:37,769 - INFO - Step 24750 Loss Debug:
2025-09-05 03:57:37,770 - INFO -  CE: 1.5237
2025-09-05 03:57:37,770 - INFO -  OOD: -0.0388
2025-09-05 03:57:37,770 - INFO -  β: 64.00
2025-09-05 03:57:37,770 - INFO -  ID: 5520, OOD(254): 240
2025-09-05 03:57:43,648 - INFO - Boosted OOD loss: -0.0372
2025-09-05 03:57:47,399 - INFO - Boosted OOD loss: -0.0414
2025-09-05 03:57:49,549 - INFO - Boosted OOD loss: -0.0301
2025-09-05 03:57:51,705 - INFO - Boosted OOD loss: -0.0374
2025-09-05 03:57:52,258 - INFO - Boosted OOD loss: -0.1260
2025-09-05 03:57:53,877 - INFO - Boosted OOD loss: -0.0365
2025-09-05 03:58:01,349 - INFO - Boosted OOD loss: -0.0556
2025-09-05 03:58:04,562 - WARNING - No anomaly pixels (254) found in batch
2025-09-05 03:58:05,104 - INFO - Boosted OOD loss: -0.0436
2025-09-05 03:58:06,729 - INFO - Boosted OOD loss: -0.0520
2025-09-05 03:58:09,413 - INFO - Boosted OOD loss: -0.0835
2025-09-05 03:58:09,964 - INFO - Boosted OOD loss: -0.0596
2025-09-05 03:58:11,583 - INFO - Boosted OOD loss: -0.0970
2025-09-05 03:58:12,134 - INFO - Boosted OOD loss: -0.0250
2025-09-05 03:58:14,828 - INFO - Boosted OOD loss: -0.0362
2025-09-05 03:58:15,382 - INFO - Boosted OOD loss: -0.0777
2025-09-05 03:58:16,999 - INFO - Boosted OOD loss: -0.0338
2025-09-05 03:58:18,616 - INFO - Boosted OOD loss: -0.0766
2025-09-05 03:58:22,356 - INFO - Boosted OOD loss: -0.0459
2025-09-05 03:58:29,840 - INFO - Boosted OOD loss: -0.0228
2025-09-05 03:58:31,458 - INFO - Boosted OOD loss: -0.0148
2025-09-05 03:58:31,458 - INFO - Step 24850 Loss Debug:
2025-09-05 03:58:31,458 - INFO -  CE: 1.9149
2025-09-05 03:58:31,459 - INFO -  OOD: -0.0148
2025-09-05 03:58:31,459 - INFO -  β: 64.00
2025-09-05 03:58:31,459 - INFO -  ID: 5069, OOD(254): 1796
2025-09-05 03:58:33,085 - INFO - Boosted OOD loss: -0.0408
2025-09-05 03:58:33,642 - INFO - Boosted OOD loss: -0.0192
2025-09-05 03:58:34,734 - INFO - Boosted OOD loss: -0.0499
2025-09-05 03:58:35,818 - INFO - Boosted OOD loss: -0.0456
2025-09-05 03:58:46,475 - INFO - Boosted OOD loss: -0.0317
2025-09-05 03:58:51,825 - INFO - Boosted OOD loss: -0.0587
2025-09-05 03:58:55,562 - INFO - Boosted OOD loss: -0.0641
2025-09-05 03:58:58,232 - WARNING - No anomaly pixels (254) found in batch
2025-09-05 03:58:59,832 - INFO - Boosted OOD loss: -0.0968
2025-09-05 03:59:02,514 - INFO - Boosted OOD loss: -0.0414
2025-09-05 03:59:09,994 - INFO - Boosted OOD loss: -0.0691
2025-09-05 03:59:11,617 - INFO - Boosted OOD loss: -0.0800
2025-09-05 03:59:14,822 - INFO - Boosted OOD loss: -0.0633
2025-09-05 03:59:16,970 - INFO - Boosted OOD loss: -0.0638
2025-09-05 03:59:20,190 - INFO - Boosted OOD loss: -0.0580
2025-09-05 03:59:23,401 - INFO - Boosted OOD loss: -0.0352
2025-09-05 03:59:23,481 - INFO - Updated beta to 13.72 (exp decay)
2025-09-05 03:59:24,880 - WARNING - Negative mean energy—verify E_b formula/signs
2025-09-05 03:59:24,881 - INFO - Weights updated successfully
2025-09-05 03:59:24,881 - INFO - Advanced epoch 14 - Updated beta: 13.72
2025-09-05 03:59:24,881 - INFO - Epoch 14 - Avg CE: 1.8364, Avg OOD: -0.0111, β: 64
2025-09-05 03:59:24,998 - INFO - 
Starting Epoch 15/100
2025-09-05 03:59:24,998 - INFO - ============================================================
2025-09-05 03:59:24,999 - INFO - 
Updating Hopfield boosting weights at epoch 15...
2025-09-05 03:59:26,398 - WARNING - Negative mean energy—verify E_b formula/signs
2025-09-05 03:59:26,399 - INFO - Weights updated successfully
2025-09-05 03:59:26,399 - INFO - Weight Update Debug at Epoch 15: No high-weight OOD pixels found
2025-09-05 03:59:33,357 - INFO - Boosted OOD loss: -0.0064
2025-09-05 03:59:34,443 - INFO - Boosted OOD loss: -0.0276
2025-09-05 03:59:37,631 - INFO - Boosted OOD loss: -0.0696
2025-09-05 03:59:38,708 - INFO - Boosted OOD loss: -0.0609
2025-09-05 03:59:42,440 - INFO - Boosted OOD loss: -0.0558
2025-09-05 03:59:43,535 - INFO - Boosted OOD loss: -0.0750
2025-09-05 03:59:55,244 - WARNING - No anomaly pixels (254) found in batch
2025-09-05 03:59:58,973 - INFO - Boosted OOD loss: -0.0853
2025-09-05 03:59:59,530 - INFO - Boosted OOD loss: -0.0474
2025-09-05 04:00:00,613 - INFO - Boosted OOD loss: -0.0476
2025-09-05 04:00:01,168 - INFO - Boosted OOD loss: -0.0850
2025-09-05 04:00:01,721 - INFO - Boosted OOD loss: -0.0450
2025-09-05 04:00:02,281 - INFO - Boosted OOD loss: -0.0726
2025-09-05 04:00:08,157 - INFO - Boosted OOD loss: -0.1085
2025-09-05 04:00:10,849 - INFO - Boosted OOD loss: -0.0571
2025-09-05 04:00:11,940 - INFO - Boosted OOD loss: -0.0361
2025-09-05 04:00:13,031 - INFO - Boosted OOD loss: -0.0616
2025-09-05 04:00:22,108 - INFO - Boosted OOD loss: -0.0712
2025-09-05 04:00:22,109 - INFO - Step 25050 Loss Debug:
2025-09-05 04:00:22,109 - INFO -  CE: 1.8888
2025-09-05 04:00:22,109 - INFO -  OOD: -0.0712
2025-09-05 04:00:22,109 - INFO -  β: 64.00
2025-09-05 04:00:22,109 - INFO -  ID: 4282, OOD(254): 12
2025-09-05 04:00:23,197 - INFO - Boosted OOD loss: -0.0574
2025-09-05 04:00:23,748 - INFO - Boosted OOD loss: -0.0826
2025-09-05 04:00:27,497 - INFO - Boosted OOD loss: -0.0828
2025-09-05 04:00:28,051 - INFO - Boosted OOD loss: -0.0238
2025-09-05 04:00:34,999 - INFO - Boosted OOD loss: -0.0390
2025-09-05 04:00:37,687 - INFO - Boosted OOD loss: -0.0410
2025-09-05 04:00:42,484 - INFO - Boosted OOD loss: -0.0745
2025-09-05 04:00:44,638 - INFO - Boosted OOD loss: -0.0768
2025-09-05 04:00:46,788 - INFO - Boosted OOD loss: -0.0493
2025-09-05 04:00:48,948 - INFO - Boosted OOD loss: -0.0309
2025-09-05 04:00:48,949 - INFO - Step 25100 Loss Debug:
2025-09-05 04:00:48,949 - INFO -  CE: 1.7694
2025-09-05 04:00:48,949 - INFO -  OOD: -0.0309
2025-09-05 04:00:48,949 - INFO -  β: 64.00
2025-09-05 04:00:48,949 - INFO -  ID: 5566, OOD(254): 591
2025-09-05 04:00:54,302 - INFO - Boosted OOD loss: -0.0510
2025-09-05 04:00:54,859 - INFO - Boosted OOD loss: -0.0492
2025-09-05 04:00:59,141 - INFO - Boosted OOD loss: -0.0675
2025-09-05 04:01:00,221 - INFO - Boosted OOD loss: -0.0457
2025-09-05 04:01:00,774 - INFO - Boosted OOD loss: -0.0691
2025-09-05 04:01:02,396 - INFO - Boosted OOD loss: -0.0460
2025-09-05 04:01:03,484 - INFO - Boosted OOD loss: -0.0666
2025-09-05 04:01:06,694 - INFO - Boosted OOD loss: -0.0060
2025-09-05 04:01:11,516 - INFO - Boosted OOD loss: -0.0447
2025-09-05 04:01:14,188 - INFO - Boosted OOD loss: -0.0533
2025-09-05 04:01:20,612 - INFO - Boosted OOD loss: -0.0670
2025-09-05 04:01:25,414 - INFO - Boosted OOD loss: -0.1037
2025-09-05 04:01:29,707 - INFO - Boosted OOD loss: -0.0503
2025-09-05 04:01:30,261 - INFO - Boosted OOD loss: -0.0865
2025-09-05 04:01:30,814 - INFO - Boosted OOD loss: -0.0097
2025-09-05 04:01:35,100 - INFO - Boosted OOD loss: -0.0501
2025-09-05 04:01:38,320 - INFO - Boosted OOD loss: -0.0821
2025-09-05 04:01:39,411 - INFO - Boosted OOD loss: -0.0295
2025-09-05 04:01:42,640 - WARNING - No anomaly pixels (254) found in batch
2025-09-05 04:01:44,772 - INFO - Boosted OOD loss: -0.0612
2025-09-05 04:01:51,710 - INFO - Boosted OOD loss: -0.0591
2025-09-05 04:01:53,857 - INFO - Boosted OOD loss: -0.0385
2025-09-05 04:01:56,534 - INFO - Boosted OOD loss: -0.0381
2025-09-05 04:02:02,435 - INFO - Boosted OOD loss: -0.0583
2025-09-05 04:02:03,524 - INFO - Boosted OOD loss: -0.0391
2025-09-05 04:02:04,081 - INFO - Boosted OOD loss: -0.0692
2025-09-05 04:02:06,228 - INFO - Boosted OOD loss: -0.0530
2025-09-05 04:02:08,907 - INFO - Boosted OOD loss: -0.0979
2025-09-05 04:02:09,994 - INFO - Boosted OOD loss: -0.0799
2025-09-05 04:02:12,675 - INFO - Boosted OOD loss: -0.0461
2025-09-05 04:02:14,825 - INFO - Boosted OOD loss: -0.0528
2025-09-05 04:02:19,112 - INFO - Boosted OOD loss: -0.0431
2025-09-05 04:02:22,331 - INFO - Boosted OOD loss: -0.0394
2025-09-05 04:02:27,138 - INFO - Boosted OOD loss: -0.0387
2025-09-05 04:02:29,290 - INFO - Boosted OOD loss: -0.1031
2025-09-05 04:02:33,578 - INFO - Boosted OOD loss: -0.1197
2025-09-05 04:02:35,199 - INFO - Boosted OOD loss: -0.0943
2025-09-05 04:02:36,276 - WARNING - No anomaly pixels (254) found in batch
2025-09-05 04:02:37,877 - INFO - Boosted OOD loss: -0.0532
2025-09-05 04:02:43,219 - INFO - Boosted OOD loss: -0.0589
2025-09-05 04:02:43,776 - INFO - Boosted OOD loss: -0.0316
2025-09-05 04:02:44,326 - INFO - Boosted OOD loss: -0.0814
2025-09-05 04:02:45,415 - INFO - Boosted OOD loss: -0.0689
2025-09-05 04:02:47,564 - INFO - Boosted OOD loss: -0.0672
2025-09-05 04:02:50,772 - INFO - Boosted OOD loss: -0.0401
2025-09-05 04:02:55,060 - INFO - Boosted OOD loss: -0.0783
2025-09-05 04:02:56,139 - INFO - Boosted OOD loss: -0.0372
2025-09-05 04:02:56,697 - INFO - Boosted OOD loss: -0.0930
2025-09-05 04:02:58,309 - INFO - Boosted OOD loss: -0.0482
2025-09-05 04:03:00,998 - INFO - Boosted OOD loss: -0.0890
2025-09-05 04:03:03,676 - INFO - Boosted OOD loss: -0.0298
2025-09-05 04:03:07,962 - INFO - Boosted OOD loss: -0.0486
2025-09-05 04:03:08,510 - INFO - Boosted OOD loss: -0.0874
2025-09-05 04:03:09,071 - INFO - Boosted OOD loss: -0.0175
2025-09-05 04:03:11,753 - INFO - Boosted OOD loss: -0.0714
2025-09-05 04:03:12,843 - INFO - Boosted OOD loss: -0.0679
2025-09-05 04:03:13,932 - INFO - Boosted OOD loss: -0.0303
2025-09-05 04:03:16,607 - INFO - Boosted OOD loss: -0.0517
2025-09-05 04:03:20,890 - INFO - Boosted OOD loss: -0.0015
2025-09-05 04:03:22,513 - INFO - Boosted OOD loss: -0.0734
2025-09-05 04:03:25,716 - INFO - Boosted OOD loss: -0.0538
2025-09-05 04:03:26,801 - INFO - Boosted OOD loss: -0.0641
2025-09-05 04:03:27,349 - INFO - Boosted OOD loss: -0.0924
2025-09-05 04:03:30,032 - WARNING - No anomaly pixels (254) found in batch
2025-09-05 04:03:31,104 - INFO - Boosted OOD loss: -0.0932
2025-09-05 04:03:32,179 - INFO - Boosted OOD loss: -0.0657
2025-09-05 04:03:34,854 - INFO - Boosted OOD loss: -0.0593
2025-09-05 04:03:36,471 - INFO - Boosted OOD loss: -0.0508
2025-09-05 04:03:42,866 - INFO - Boosted OOD loss: -0.0515
2025-09-05 04:03:47,685 - INFO - Boosted OOD loss: -0.0888
2025-09-05 04:03:53,033 - INFO - Boosted OOD loss: -0.0188
2025-09-05 04:03:58,917 - INFO - Boosted OOD loss: -0.0602
2025-09-05 04:03:59,997 - INFO - Boosted OOD loss: -0.0600
2025-09-05 04:04:00,555 - INFO - Boosted OOD loss: -0.1063
2025-09-05 04:04:09,080 - INFO - Boosted OOD loss: -0.0484
2025-09-05 04:04:14,434 - INFO - Boosted OOD loss: -0.1067
2025-09-05 04:04:15,521 - INFO - Boosted OOD loss: -0.0640
2025-09-05 04:04:16,605 - INFO - Boosted OOD loss: -0.0818
2025-09-05 04:04:20,352 - INFO - Boosted OOD loss: -0.0734
2025-09-05 04:04:21,437 - INFO - Boosted OOD loss: -0.0214
2025-09-05 04:04:21,987 - INFO - Boosted OOD loss: -0.0801
2025-09-05 04:04:23,597 - WARNING - No anomaly pixels (254) found in batch
2025-09-05 04:04:25,206 - INFO - Boosted OOD loss: -0.0786
2025-09-05 04:04:27,351 - INFO - Boosted OOD loss: -0.0916
2025-09-05 04:04:29,501 - INFO - Boosted OOD loss: -0.0366
2025-09-05 04:04:30,589 - INFO - Boosted OOD loss: -0.0627
2025-09-05 04:04:35,918 - INFO - Boosted OOD loss: -0.0199
2025-09-05 04:04:36,479 - INFO - Boosted OOD loss: -0.0495
2025-09-05 04:04:39,154 - INFO - Boosted OOD loss: -0.0060
2025-09-05 04:04:41,307 - INFO - Boosted OOD loss: -0.0270
2025-09-05 04:04:42,389 - INFO - Boosted OOD loss: -0.0311
2025-09-05 04:04:43,476 - INFO - Boosted OOD loss: -0.0847
2025-09-05 04:04:49,344 - INFO - Boosted OOD loss: -0.0256
2025-09-05 04:04:50,962 - INFO - Boosted OOD loss: -0.0174
2025-09-05 04:04:51,515 - INFO - Boosted OOD loss: -0.0775
2025-09-05 04:04:52,071 - INFO - Boosted OOD loss: -0.0265
2025-09-05 04:04:55,280 - INFO - Boosted OOD loss: -0.0622
2025-09-05 04:04:56,365 - INFO - Boosted OOD loss: -0.0525
2025-09-05 04:04:57,983 - INFO - Boosted OOD loss: -0.0818
2025-09-05 04:04:58,535 - INFO - Boosted OOD loss: -0.0351
2025-09-05 04:05:01,745 - INFO - Boosted OOD loss: -0.0518
2025-09-05 04:05:03,894 - INFO - Boosted OOD loss: -0.0868
2025-09-05 04:05:06,578 - INFO - Boosted OOD loss: -0.0185
2025-09-05 04:05:07,675 - INFO - Boosted OOD loss: -0.0938
2025-09-05 04:05:08,232 - INFO - Boosted OOD loss: -0.0107
2025-09-05 04:05:08,786 - INFO - Boosted OOD loss: -0.1188
2025-09-05 04:05:09,334 - INFO - Boosted OOD loss: -0.1195
2025-09-05 04:05:12,013 - INFO - Boosted OOD loss: -0.0736
2025-09-05 04:05:16,289 - INFO - Boosted OOD loss: -0.0266
2025-09-05 04:05:16,846 - INFO - Boosted OOD loss: -0.0263
2025-09-05 04:05:17,395 - WARNING - No anomaly pixels (254) found in batch
2025-09-05 04:05:20,072 - INFO - Boosted OOD loss: -0.1028
2025-09-05 04:05:21,161 - INFO - Boosted OOD loss: -0.0429
2025-09-05 04:05:21,714 - INFO - Boosted OOD loss: -0.0552
2025-09-05 04:05:30,269 - INFO - Boosted OOD loss: -0.0376
2025-09-05 04:05:30,826 - INFO - Boosted OOD loss: -0.0705
2025-09-05 04:05:31,382 - INFO - Boosted OOD loss: -0.0558
2025-09-05 04:05:39,393 - INFO - Boosted OOD loss: -0.1126
2025-09-05 04:05:44,203 - INFO - Boosted OOD loss: -0.0206
2025-09-05 04:05:44,203 - INFO - Step 25650 Loss Debug:
2025-09-05 04:05:44,204 - INFO -  CE: 1.7005
2025-09-05 04:05:44,204 - INFO -  OOD: -0.0206
2025-09-05 04:05:44,204 - INFO -  β: 64.00
2025-09-05 04:05:44,204 - INFO -  ID: 6463, OOD(254): 1676
2025-09-05 04:05:46,360 - INFO - Boosted OOD loss: -0.0549
2025-09-05 04:05:46,914 - INFO - Boosted OOD loss: -0.0585
2025-09-05 04:05:48,005 - INFO - Boosted OOD loss: -0.0036
2025-09-05 04:05:54,958 - INFO - Boosted OOD loss: -0.0383
2025-09-05 04:05:56,043 - INFO - Boosted OOD loss: -0.0499
2025-09-05 04:05:56,597 - INFO - Boosted OOD loss: -0.0886
2025-09-05 04:06:00,890 - INFO - Boosted OOD loss: -0.0445
2025-09-05 04:06:06,227 - INFO - Boosted OOD loss: -0.0425
2025-09-05 04:06:07,851 - INFO - Boosted OOD loss: -0.0577
2025-09-05 04:06:09,468 - INFO - Boosted OOD loss: -0.0328
2025-09-05 04:06:11,079 - WARNING - No anomaly pixels (254) found in batch
2025-09-05 04:06:14,279 - INFO - Boosted OOD loss: -0.0635
2025-09-05 04:06:15,362 - INFO - Boosted OOD loss: -0.0379
2025-09-05 04:06:15,916 - INFO - Boosted OOD loss: -0.0655
2025-09-05 04:06:17,000 - INFO - Boosted OOD loss: -0.0897
2025-09-05 04:06:23,413 - INFO - Boosted OOD loss: -0.0853
2025-09-05 04:06:24,495 - INFO - Boosted OOD loss: -0.0681
2025-09-05 04:06:30,379 - INFO - Boosted OOD loss: -0.0076
2025-09-05 04:06:34,121 - INFO - Boosted OOD loss: -0.1073
2025-09-05 04:06:35,741 - INFO - Boosted OOD loss: -0.0125
2025-09-05 04:06:44,280 - INFO - Boosted OOD loss: -0.0367
2025-09-05 04:06:45,367 - INFO - Boosted OOD loss: -0.0478
2025-09-05 04:06:49,650 - INFO - Boosted OOD loss: -0.0273
2025-09-05 04:06:50,205 - INFO - Boosted OOD loss: -0.0833
2025-09-05 04:06:50,762 - INFO - Boosted OOD loss: -0.0183
2025-09-05 04:06:52,920 - INFO - Boosted OOD loss: -0.0267
2025-09-05 04:06:55,623 - INFO - Boosted OOD loss: -0.0503
2025-09-05 04:06:56,713 - INFO - Boosted OOD loss: -0.0979
2025-09-05 04:07:02,051 - INFO - Boosted OOD loss: -0.0573
2025-09-05 04:07:04,737 - INFO - Boosted OOD loss: -0.0425
2025-09-05 04:07:04,737 - INFO - Step 25800 Loss Debug:
2025-09-05 04:07:04,737 - INFO -  CE: 1.7772
2025-09-05 04:07:04,737 - INFO -  OOD: -0.0425
2025-09-05 04:07:04,738 - INFO -  β: 64.00
2025-09-05 04:07:04,738 - INFO -  ID: 7648, OOD(254): 371
2025-09-05 04:07:05,294 - INFO - Boosted OOD loss: -0.0338
2025-09-05 04:07:07,984 - INFO - Boosted OOD loss: -0.0416
2025-09-05 04:07:09,068 - INFO - Boosted OOD loss: -0.0721
2025-09-05 04:07:12,828 - INFO - Boosted OOD loss: -0.0235
2025-09-05 04:07:15,517 - INFO - Boosted OOD loss: -0.0805
2025-09-05 04:07:16,066 - INFO - Boosted OOD loss: -0.0465
2025-09-05 04:07:19,285 - INFO - Boosted OOD loss: -0.0865
2025-09-05 04:07:23,561 - INFO - Boosted OOD loss: -0.0563
2025-09-05 04:07:25,179 - INFO - Boosted OOD loss: -0.0755
2025-09-05 04:07:37,965 - INFO - Boosted OOD loss: -0.0463
2025-09-05 04:07:38,522 - INFO - Boosted OOD loss: -0.0214
2025-09-05 04:07:39,608 - INFO - Boosted OOD loss: -0.0332
2025-09-05 04:07:40,162 - INFO - Boosted OOD loss: -0.0768
2025-09-05 04:07:41,253 - INFO - Boosted OOD loss: -0.0783
2025-09-05 04:07:41,806 - INFO - Boosted OOD loss: -0.0837
2025-09-05 04:07:42,361 - INFO - Boosted OOD loss: -0.0580
2025-09-05 04:07:48,230 - INFO - Boosted OOD loss: -0.0694
2025-09-05 04:07:50,907 - INFO - Boosted OOD loss: -0.1203
2025-09-05 04:07:53,052 - INFO - Boosted OOD loss: -0.0284
2025-09-05 04:07:55,744 - INFO - Boosted OOD loss: -0.0579
2025-09-05 04:07:58,412 - WARNING - No anomaly pixels (254) found in batch
2025-09-05 04:07:59,481 - INFO - Boosted OOD loss: -0.0955
2025-09-05 04:08:00,564 - INFO - Boosted OOD loss: -0.0498
2025-09-05 04:08:03,243 - INFO - Boosted OOD loss: -0.0294
2025-09-05 04:08:04,860 - INFO - Boosted OOD loss: -0.0458
2025-09-05 04:08:08,079 - INFO - Boosted OOD loss: -0.0684
2025-09-05 04:08:08,631 - INFO - Boosted OOD loss: -0.0567
2025-09-05 04:08:11,314 - INFO - Boosted OOD loss: -0.0576
2025-09-05 04:08:12,404 - INFO - Boosted OOD loss: -0.0130
2025-09-05 04:08:12,971 - INFO - Boosted OOD loss: -0.0043
2025-09-05 04:08:20,462 - INFO - Boosted OOD loss: -0.0740
2025-09-05 04:08:21,014 - INFO - Boosted OOD loss: -0.0646
2025-09-05 04:08:22,100 - INFO - Boosted OOD loss: -0.0937
2025-09-05 04:08:22,649 - INFO - Boosted OOD loss: -0.0704
2025-09-05 04:08:23,207 - INFO - Boosted OOD loss: -0.0387
2025-09-05 04:08:25,895 - INFO - Boosted OOD loss: -0.0933
2025-09-05 04:08:28,050 - INFO - Boosted OOD loss: -0.0660
2025-09-05 04:08:31,267 - INFO - Boosted OOD loss: -0.0485
2025-09-05 04:08:32,360 - INFO - Boosted OOD loss: -0.0822
2025-09-05 04:08:33,448 - INFO - Boosted OOD loss: -0.0159
2025-09-05 04:08:36,131 - INFO - Boosted OOD loss: -0.0795
2025-09-05 04:08:37,217 - INFO - Boosted OOD loss: -0.0526
2025-09-05 04:08:40,438 - INFO - Boosted OOD loss: -0.0550
2025-09-05 04:08:45,765 - INFO - Boosted OOD loss: -0.0714
2025-09-05 04:08:47,386 - INFO - Boosted OOD loss: -0.0394
2025-09-05 04:08:48,996 - INFO - Boosted OOD loss: -0.0563
2025-09-05 04:08:49,549 - INFO - Boosted OOD loss: -0.0747
2025-09-05 04:08:51,162 - INFO - Boosted OOD loss: -0.0619
2025-09-05 04:08:52,243 - WARNING - No anomaly pixels (254) found in batch
2025-09-05 04:08:57,567 - INFO - Boosted OOD loss: -0.0802
2025-09-05 04:08:59,188 - INFO - Boosted OOD loss: -0.0396
2025-09-05 04:09:00,804 - INFO - Boosted OOD loss: -0.0373
2025-09-05 04:09:08,265 - INFO - Boosted OOD loss: -0.0847
2025-09-05 04:09:09,879 - INFO - Boosted OOD loss: -0.0612
2025-09-05 04:09:10,433 - INFO - Boosted OOD loss: -0.0623
2025-09-05 04:09:10,986 - INFO - Boosted OOD loss: -0.0463
2025-09-05 04:09:20,066 - INFO - Boosted OOD loss: -0.0629
2025-09-05 04:09:20,619 - INFO - Boosted OOD loss: -0.0966
2025-09-05 04:09:22,239 - INFO - Boosted OOD loss: -0.0579
2025-09-05 04:09:23,328 - INFO - Boosted OOD loss: -0.0166
2025-09-05 04:09:24,415 - INFO - Boosted OOD loss: -0.0698
2025-09-05 04:09:26,558 - INFO - Boosted OOD loss: -0.0647
2025-09-05 04:09:31,903 - INFO - Boosted OOD loss: -0.0330
2025-09-05 04:09:33,515 - INFO - Boosted OOD loss: -0.0916
2025-09-05 04:09:38,311 - INFO - Boosted OOD loss: -0.0415
2025-09-05 04:09:43,664 - INFO - Boosted OOD loss: -0.0084
2025-09-05 04:09:45,808 - WARNING - No anomaly pixels (254) found in batch
2025-09-05 04:09:46,343 - INFO - Boosted OOD loss: 0.0129
2025-09-05 04:09:49,573 - INFO - Boosted OOD loss: -0.0679
2025-09-05 04:09:50,122 - INFO - Boosted OOD loss: -0.0149
2025-09-05 04:09:51,211 - INFO - Boosted OOD loss: -0.0410
2025-09-05 04:09:53,365 - INFO - Boosted OOD loss: -0.0212
2025-09-05 04:09:58,171 - INFO - Boosted OOD loss: -0.0805
2025-09-05 04:10:00,311 - INFO - Boosted OOD loss: -0.0648
2025-09-05 04:10:05,671 - INFO - Boosted OOD loss: -0.0899
2025-09-05 04:10:08,892 - INFO - Boosted OOD loss: -0.0114
2025-09-05 04:10:11,042 - INFO - Boosted OOD loss: -0.0481
2025-09-05 04:10:12,663 - INFO - Boosted OOD loss: -0.0674
2025-09-05 04:10:12,664 - INFO - Step 26150 Loss Debug:
2025-09-05 04:10:12,664 - INFO -  CE: 1.6553
2025-09-05 04:10:12,664 - INFO -  OOD: -0.0674
2025-09-05 04:10:12,664 - INFO -  β: 64.00
2025-09-05 04:10:12,664 - INFO -  ID: 6126, OOD(254): 675
2025-09-05 04:10:13,751 - INFO - Boosted OOD loss: -0.0532
2025-09-05 04:10:14,306 - INFO - Boosted OOD loss: -0.1092
2025-09-05 04:10:15,389 - INFO - Boosted OOD loss: -0.0603
2025-09-05 04:10:16,473 - INFO - Boosted OOD loss: -0.0609
2025-09-05 04:10:21,286 - INFO - Boosted OOD loss: -0.0708
2025-09-05 04:10:22,377 - INFO - Boosted OOD loss: -0.0456
2025-09-05 04:10:22,933 - INFO - Boosted OOD loss: -0.0909
2025-09-05 04:10:24,019 - INFO - Boosted OOD loss: -0.0970
2025-09-05 04:10:27,230 - INFO - Boosted OOD loss: -0.1007
2025-09-05 04:10:29,388 - INFO - Boosted OOD loss: -0.0148
2025-09-05 04:10:33,680 - INFO - Boosted OOD loss: -0.0349
2025-09-05 04:10:35,297 - INFO - Boosted OOD loss: -0.0180
2025-09-05 04:10:36,383 - INFO - Boosted OOD loss: -0.0126
2025-09-05 04:10:39,601 - WARNING - No anomaly pixels (254) found in batch
2025-09-05 04:10:41,201 - INFO - Boosted OOD loss: -0.0720
2025-09-05 04:10:43,891 - INFO - Boosted OOD loss: -0.0171
2025-09-05 04:10:44,450 - INFO - Boosted OOD loss: -0.0648
2025-09-05 04:10:45,532 - INFO - Boosted OOD loss: -0.0407
2025-09-05 04:10:49,294 - INFO - Boosted OOD loss: -0.0718
2025-09-05 04:10:51,443 - INFO - Boosted OOD loss: -0.0691
2025-09-05 04:10:52,534 - INFO - Boosted OOD loss: -0.0468
2025-09-05 04:10:54,147 - INFO - Boosted OOD loss: -0.0695
2025-09-05 04:10:54,704 - INFO - Boosted OOD loss: -0.0151
2025-09-05 04:10:59,513 - INFO - Boosted OOD loss: -0.0505
2025-09-05 04:11:02,721 - INFO - Boosted OOD loss: -0.0550
2025-09-05 04:11:05,929 - INFO - Boosted OOD loss: -0.0467
2025-09-05 04:11:07,538 - INFO - Boosted OOD loss: -0.0772
2025-09-05 04:11:20,846 - INFO - Boosted OOD loss: -0.0351
2025-09-05 04:11:22,469 - INFO - Boosted OOD loss: -0.0688
2025-09-05 04:11:24,088 - INFO - Boosted OOD loss: -0.0388
2025-09-05 04:11:24,643 - INFO - Boosted OOD loss: -0.0643
2025-09-05 04:11:28,920 - INFO - Boosted OOD loss: -0.0538
2025-09-05 04:11:29,482 - INFO - Boosted OOD loss: -0.0258
2025-09-05 04:11:31,632 - INFO - Boosted OOD loss: -0.0533
2025-09-05 04:11:32,195 - INFO - Boosted OOD loss: -0.0394
2025-09-05 04:11:32,752 - INFO - Boosted OOD loss: -0.0188
2025-09-05 04:11:33,299 - WARNING - No anomaly pixels (254) found in batch
2025-09-05 04:11:34,372 - INFO - Boosted OOD loss: -0.0433
2025-09-05 04:11:37,051 - INFO - Boosted OOD loss: -0.0760
2025-09-05 04:11:42,403 - INFO - Boosted OOD loss: -0.0359
2025-09-05 04:11:43,488 - INFO - Boosted OOD loss: -0.0681
2025-09-05 04:11:46,170 - INFO - Boosted OOD loss: -0.0439
2025-09-05 04:11:46,724 - INFO - Boosted OOD loss: -0.0650
2025-09-05 04:11:49,922 - INFO - Boosted OOD loss: -0.0653
2025-09-05 04:11:52,070 - INFO - Boosted OOD loss: -0.0807
2025-09-05 04:11:53,161 - INFO - Boosted OOD loss: -0.0552
2025-09-05 04:11:53,717 - INFO - Boosted OOD loss: -0.0520
2025-09-05 04:11:55,857 - INFO - Boosted OOD loss: -0.0697
2025-09-05 04:11:59,076 - INFO - Boosted OOD loss: -0.0858
2025-09-05 04:12:01,224 - INFO - Boosted OOD loss: -0.0681
2025-09-05 04:12:05,496 - INFO - Boosted OOD loss: -0.0544
2025-09-05 04:12:06,583 - INFO - Boosted OOD loss: -0.0191
2025-09-05 04:12:08,197 - INFO - Boosted OOD loss: -0.0400
2025-09-05 04:12:11,951 - INFO - Boosted OOD loss: -0.0752
2025-09-05 04:12:16,230 - INFO - Boosted OOD loss: -0.0339
2025-09-05 04:12:17,846 - INFO - Boosted OOD loss: -0.0508
2025-09-05 04:12:18,397 - INFO - Boosted OOD loss: -0.0588
2025-09-05 04:12:26,928 - WARNING - No anomaly pixels (254) found in batch
2025-09-05 04:12:27,999 - INFO - Boosted OOD loss: -0.0440
2025-09-05 04:12:29,080 - INFO - Boosted OOD loss: -0.0839
2025-09-05 04:12:37,063 - INFO - Boosted OOD loss: -0.0337
2025-09-05 04:12:39,747 - INFO - Boosted OOD loss: -0.0411
2025-09-05 04:12:44,024 - INFO - Boosted OOD loss: -0.0390
2025-09-05 04:12:46,704 - INFO - Boosted OOD loss: -0.0522
2025-09-05 04:12:48,858 - INFO - Boosted OOD loss: -0.0448
2025-09-05 04:12:51,002 - INFO - Boosted OOD loss: -0.0792
2025-09-05 04:12:53,160 - INFO - Boosted OOD loss: -0.0358
2025-09-05 04:12:54,252 - INFO - Boosted OOD loss: -0.0535
2025-09-05 04:12:56,927 - INFO - Boosted OOD loss: -0.0288
2025-09-05 04:12:57,481 - INFO - Boosted OOD loss: -0.0738
2025-09-05 04:12:58,034 - INFO - Boosted OOD loss: -0.0461
2025-09-05 04:13:03,380 - INFO - Boosted OOD loss: -0.1095
2025-09-05 04:13:07,657 - INFO - Boosted OOD loss: -0.0255
2025-09-05 04:13:09,813 - INFO - Boosted OOD loss: -0.0511
2025-09-05 04:13:12,490 - INFO - Boosted OOD loss: -0.0321
2025-09-05 04:13:13,043 - INFO - Boosted OOD loss: -0.0574
2025-09-05 04:13:14,127 - INFO - Boosted OOD loss: -0.1148
2025-09-05 04:13:14,681 - INFO - Boosted OOD loss: -0.0251
2025-09-05 04:13:16,299 - INFO - Boosted OOD loss: -0.0819
2025-09-05 04:13:20,034 - INFO - Boosted OOD loss: -0.0432
2025-09-05 04:13:20,592 - INFO - Boosted OOD loss: -0.0594
2025-09-05 04:13:20,592 - INFO - Step 26500 Loss Debug:
2025-09-05 04:13:20,592 - INFO -  CE: 1.9221
2025-09-05 04:13:20,592 - INFO -  OOD: -0.0594
2025-09-05 04:13:20,592 - INFO -  β: 64.00
2025-09-05 04:13:20,593 - INFO -  ID: 5908, OOD(254): 96
2025-09-05 04:13:21,677 - INFO - Boosted OOD loss: -0.0642
2025-09-05 04:13:27,564 - INFO - Boosted OOD loss: -0.0278
2025-09-05 04:13:28,118 - INFO - Boosted OOD loss: -0.0738
2025-09-05 04:13:33,990 - INFO - Boosted OOD loss: -0.0645
2025-09-05 04:13:35,598 - INFO - Boosted OOD loss: -0.0489
2025-09-05 04:13:37,752 - INFO - Boosted OOD loss: -0.0773
2025-09-05 04:13:44,154 - INFO - Boosted OOD loss: -0.0612
2025-09-05 04:13:45,242 - INFO - Boosted OOD loss: -0.0864
2025-09-05 04:13:45,797 - INFO - Boosted OOD loss: -0.0293
2025-09-05 04:13:49,539 - INFO - Boosted OOD loss: -0.0853
2025-09-05 04:13:50,621 - INFO - Boosted OOD loss: -0.0655
2025-09-05 04:13:52,247 - INFO - Boosted OOD loss: -0.0299
2025-09-05 04:13:52,798 - INFO - Boosted OOD loss: -0.0723
2025-09-05 04:13:56,018 - INFO - Boosted OOD loss: -0.0793
2025-09-05 04:14:01,350 - INFO - Boosted OOD loss: -0.0689
2025-09-05 04:14:03,485 - INFO - Boosted OOD loss: -0.0614
2025-09-05 04:14:06,683 - INFO - Boosted OOD loss: -0.0657
2025-09-05 04:14:07,772 - INFO - Boosted OOD loss: -0.0153
2025-09-05 04:14:09,385 - INFO - Boosted OOD loss: -0.0937
2025-09-05 04:14:11,537 - INFO - Boosted OOD loss: -0.0281
2025-09-05 04:14:12,091 - INFO - Boosted OOD loss: -0.0749
2025-09-05 04:14:14,234 - WARNING - No anomaly pixels (254) found in batch
2025-09-05 04:14:16,910 - INFO - Boosted OOD loss: -0.0267
2025-09-05 04:14:32,362 - INFO - Boosted OOD loss: -0.0502
2025-09-05 04:14:36,106 - INFO - Boosted OOD loss: -0.0179
2025-09-05 04:14:37,195 - INFO - Boosted OOD loss: -0.0204
2025-09-05 04:14:39,349 - INFO - Boosted OOD loss: -0.0840
2025-09-05 04:14:39,895 - INFO - Boosted OOD loss: -0.0506
2025-09-05 04:14:43,641 - INFO - Boosted OOD loss: -0.0326
2025-09-05 04:14:45,797 - INFO - Boosted OOD loss: -0.0322
2025-09-05 04:14:50,068 - INFO - Boosted OOD loss: -0.0393
2025-09-05 04:14:51,152 - INFO - Boosted OOD loss: -0.0507
2025-09-05 04:14:52,242 - INFO - Boosted OOD loss: -0.0869
2025-09-05 04:14:53,326 - INFO - Boosted OOD loss: -0.0477
2025-09-05 04:14:56,543 - INFO - Boosted OOD loss: -0.0386
2025-09-05 04:14:57,626 - INFO - Boosted OOD loss: -0.0621
2025-09-05 04:15:01,369 - INFO - Boosted OOD loss: -0.0630
2025-09-05 04:15:02,458 - INFO - Boosted OOD loss: -0.0822
2025-09-05 04:15:07,796 - INFO - Boosted OOD loss: -0.0618
2025-09-05 04:15:07,796 - INFO - Step 26700 Loss Debug:
2025-09-05 04:15:07,796 - INFO -  CE: 1.8631
2025-09-05 04:15:07,796 - INFO -  OOD: -0.0618
2025-09-05 04:15:07,796 - INFO -  β: 64.00
2025-09-05 04:15:07,796 - INFO -  ID: 7938, OOD(254): 197
2025-09-05 04:15:09,951 - INFO - Boosted OOD loss: -0.0304
2025-09-05 04:15:12,109 - INFO - Boosted OOD loss: -0.0301
2025-09-05 04:15:15,330 - INFO - Boosted OOD loss: -0.0684
2025-09-05 04:15:15,880 - INFO - Boosted OOD loss: -0.0637
2025-09-05 04:15:18,553 - INFO - Boosted OOD loss: -0.0342
2025-09-05 04:15:23,410 - INFO - Updated beta to 13.57 (exp decay)
2025-09-05 04:15:24,810 - WARNING - Negative mean energy—verify E_b formula/signs
2025-09-05 04:15:24,811 - INFO - Weights updated successfully
2025-09-05 04:15:24,811 - INFO - Advanced epoch 15 - Updated beta: 13.57
2025-09-05 04:15:24,811 - INFO - Epoch 15 - Avg CE: 1.8344, Avg OOD: -0.0115, β: 64
2025-09-05 04:15:24,812 - INFO - 
Running evaluation with β=64...
2025-09-05 04:15:24,929 - INFO - 
Starting Epoch 16/100
2025-09-05 04:15:24,929 - INFO - ============================================================
2025-09-05 04:15:24,930 - INFO - 
Updating Hopfield boosting weights at epoch 16...
2025-09-05 04:15:26,328 - WARNING - Negative mean energy—verify E_b formula/signs
2025-09-05 04:15:26,328 - INFO - Weights updated successfully
2025-09-05 04:15:26,329 - INFO - Weight Update Debug at Epoch 16: No high-weight OOD pixels found
2025-09-05 04:15:28,583 - INFO - Boosted OOD loss: -0.0875
2025-09-05 04:15:29,122 - INFO - Boosted OOD loss: -0.0272
2025-09-05 04:15:32,812 - INFO - Boosted OOD loss: -0.0644
2025-09-05 04:15:34,937 - INFO - Boosted OOD loss: -0.0456
2025-09-05 04:15:37,076 - INFO - Boosted OOD loss: -0.0179
2025-09-05 04:15:45,054 - INFO - Boosted OOD loss: -0.0855
2025-09-05 04:15:46,136 - INFO - Boosted OOD loss: -0.0353
2025-09-05 04:15:46,699 - INFO - Boosted OOD loss: -0.0559
2025-09-05 04:15:47,253 - INFO - Boosted OOD loss: -0.0505
2025-09-05 04:15:52,071 - INFO - Boosted OOD loss: -0.0624
2025-09-05 04:15:56,355 - INFO - Boosted OOD loss: -0.0987
2025-09-05 04:15:56,908 - INFO - Boosted OOD loss: -0.0676
2025-09-05 04:16:00,661 - INFO - Boosted OOD loss: -0.0412
2025-09-05 04:16:04,405 - INFO - Boosted OOD loss: -0.0620
2025-09-05 04:16:04,951 - WARNING - No anomaly pixels (254) found in batch
2025-09-05 04:16:09,760 - INFO - Boosted OOD loss: -0.0396
2025-09-05 04:16:13,521 - INFO - Boosted OOD loss: -0.0285
2025-09-05 04:16:14,609 - INFO - Boosted OOD loss: -0.0637
2025-09-05 04:16:15,166 - INFO - Boosted OOD loss: -0.0195
2025-09-05 04:16:17,845 - INFO - Boosted OOD loss: -0.1049
2025-09-05 04:16:22,106 - INFO - Boosted OOD loss: -0.0935
2025-09-05 04:16:22,659 - INFO - Boosted OOD loss: -0.0392
2025-09-05 04:16:24,277 - INFO - Boosted OOD loss: -0.0516
2025-09-05 04:16:24,833 - INFO - Boosted OOD loss: -0.0645
2025-09-05 04:16:26,974 - INFO - Boosted OOD loss: -0.0351
2025-09-05 04:16:28,606 - INFO - Boosted OOD loss: -0.1081
2025-09-05 04:16:31,291 - INFO - Boosted OOD loss: -0.1173
2025-09-05 04:16:31,844 - INFO - Boosted OOD loss: -0.0555
2025-09-05 04:16:31,844 - INFO - Step 26850 Loss Debug:
2025-09-05 04:16:31,844 - INFO -  CE: 1.8872
2025-09-05 04:16:31,844 - INFO -  OOD: -0.0555
2025-09-05 04:16:31,844 - INFO -  β: 64.00
2025-09-05 04:16:31,844 - INFO -  ID: 6780, OOD(254): 204
2025-09-05 04:16:35,601 - INFO - Boosted OOD loss: -0.0634
2025-09-05 04:16:36,689 - INFO - Boosted OOD loss: -0.0187
2025-09-05 04:16:41,511 - INFO - Boosted OOD loss: -0.0569
2025-09-05 04:16:45,794 - INFO - Boosted OOD loss: -0.0211
2025-09-05 04:16:50,070 - INFO - Boosted OOD loss: -0.0291
2025-09-05 04:16:51,159 - INFO - Boosted OOD loss: -0.0716
2025-09-05 04:16:51,710 - INFO - Boosted OOD loss: -0.0730
2025-09-05 04:16:53,867 - INFO - Boosted OOD loss: -0.0095
2025-09-05 04:16:54,420 - INFO - Boosted OOD loss: -0.0215
2025-09-05 04:16:54,982 - INFO - Boosted OOD loss: -0.0268
2025-09-05 04:16:55,543 - INFO - Boosted OOD loss: -0.0294
2025-09-05 04:16:56,097 - INFO - Boosted OOD loss: -0.0374
2025-09-05 04:16:58,774 - WARNING - No anomaly pixels (254) found in batch
2025-09-05 04:17:03,036 - INFO - Boosted OOD loss: -0.0564
2025-09-05 04:17:03,582 - INFO - Boosted OOD loss: -0.0604
2025-09-05 04:17:04,135 - INFO - Boosted OOD loss: -0.0513
2025-09-05 04:17:05,224 - INFO - Boosted OOD loss: -0.0362
2025-09-05 04:17:14,841 - INFO - Boosted OOD loss: -0.0326
2025-09-05 04:17:16,461 - INFO - Boosted OOD loss: -0.0752
2025-09-05 04:17:19,149 - INFO - Boosted OOD loss: -0.0201
2025-09-05 04:17:19,709 - INFO - Boosted OOD loss: -0.0483
2025-09-05 04:17:23,451 - INFO - Boosted OOD loss: -0.0983
2025-09-05 04:17:27,194 - INFO - Boosted OOD loss: -0.0786
2025-09-05 04:17:29,345 - INFO - Boosted OOD loss: -0.0587
2025-09-05 04:17:33,089 - INFO - Boosted OOD loss: -0.0862
2025-09-05 04:17:35,765 - INFO - Boosted OOD loss: -0.0325
2025-09-05 04:17:36,317 - INFO - Boosted OOD loss: -0.0916
2025-09-05 04:17:38,989 - INFO - Boosted OOD loss: -0.0464
2025-09-05 04:17:41,138 - INFO - Boosted OOD loss: -0.0579
2025-09-05 04:17:42,221 - INFO - Boosted OOD loss: -0.0665
2025-09-05 04:17:48,628 - INFO - Boosted OOD loss: -0.0165
2025-09-05 04:17:49,187 - INFO - Boosted OOD loss: -0.0914
2025-09-05 04:17:50,270 - INFO - Boosted OOD loss: -0.0212
2025-09-05 04:17:52,415 - WARNING - No anomaly pixels (254) found in batch
2025-09-05 04:17:54,016 - INFO - Boosted OOD loss: -0.0495
2025-09-05 04:17:55,640 - INFO - Boosted OOD loss: -0.0521
2025-09-05 04:17:56,723 - INFO - Boosted OOD loss: -0.0423
2025-09-05 04:17:58,874 - INFO - Boosted OOD loss: -0.0338
2025-09-05 04:18:02,080 - INFO - Boosted OOD loss: -0.0989
2025-09-05 04:18:03,687 - INFO - Boosted OOD loss: -0.0703
2025-09-05 04:18:06,898 - INFO - Boosted OOD loss: -0.0748
2025-09-05 04:18:07,453 - INFO - Boosted OOD loss: -0.0230
2025-09-05 04:18:09,080 - INFO - Boosted OOD loss: -0.1136
2025-09-05 04:18:14,414 - INFO - Boosted OOD loss: -0.0471
2025-09-05 04:18:14,977 - INFO - Boosted OOD loss: -0.1235
2025-09-05 04:18:18,718 - INFO - Boosted OOD loss: -0.0463
2025-09-05 04:18:26,201 - INFO - Boosted OOD loss: -0.0467
2025-09-05 04:18:26,761 - INFO - Boosted OOD loss: -0.0422
2025-09-05 04:18:28,371 - INFO - Boosted OOD loss: -0.0811
2025-09-05 04:18:40,081 - INFO - Boosted OOD loss: -0.0779
2025-09-05 04:18:41,162 - INFO - Boosted OOD loss: -0.0771
2025-09-05 04:18:42,249 - INFO - Boosted OOD loss: -0.0719
2025-09-05 04:18:45,466 - INFO - Boosted OOD loss: -0.0113
2025-09-05 04:18:46,020 - WARNING - No anomaly pixels (254) found in batch
2025-09-05 04:18:47,090 - INFO - Boosted OOD loss: -0.0335
2025-09-05 04:18:51,368 - INFO - Boosted OOD loss: -0.0922
2025-09-05 04:18:52,986 - INFO - Boosted OOD loss: -0.0513
2025-09-05 04:18:54,061 - INFO - Boosted OOD loss: -0.0884
2025-09-05 04:18:56,215 - INFO - Boosted OOD loss: -0.0589
2025-09-05 04:18:57,299 - INFO - Boosted OOD loss: -0.0365
2025-09-05 04:19:03,720 - INFO - Boosted OOD loss: -0.0283
2025-09-05 04:19:08,550 - INFO - Boosted OOD loss: -0.0992
2025-09-05 04:19:10,695 - INFO - Boosted OOD loss: -0.0468
2025-09-05 04:19:13,910 - INFO - Boosted OOD loss: -0.0559
2025-09-05 04:19:17,655 - INFO - Boosted OOD loss: -0.0555
2025-09-05 04:19:18,212 - INFO - Boosted OOD loss: -0.0203
2025-09-05 04:19:19,301 - INFO - Boosted OOD loss: -0.0330
2025-09-05 04:19:20,923 - INFO - Boosted OOD loss: -0.0449
2025-09-05 04:19:24,670 - INFO - Boosted OOD loss: -0.0875
2025-09-05 04:19:28,957 - INFO - Boosted OOD loss: -0.0440
2025-09-05 04:19:31,107 - INFO - Boosted OOD loss: -0.0585
2025-09-05 04:19:31,664 - INFO - Boosted OOD loss: -0.0218
2025-09-05 04:19:32,750 - INFO - Boosted OOD loss: -0.0595
2025-09-05 04:19:33,832 - INFO - Boosted OOD loss: -0.0214
2025-09-05 04:19:36,523 - INFO - Boosted OOD loss: -0.0603
2025-09-05 04:19:39,726 - WARNING - No anomaly pixels (254) found in batch
2025-09-05 04:19:40,273 - INFO - Boosted OOD loss: -0.0055
2025-09-05 04:19:42,427 - INFO - Boosted OOD loss: -0.0914
2025-09-05 04:19:47,785 - INFO - Boosted OOD loss: -0.0590
2025-09-05 04:19:52,048 - INFO - Boosted OOD loss: -0.0858
2025-09-05 04:19:53,127 - INFO - Boosted OOD loss: -0.0605
2025-09-05 04:19:54,217 - INFO - Boosted OOD loss: -0.0500
2025-09-05 04:19:54,767 - INFO - Boosted OOD loss: -0.0425
2025-09-05 04:20:01,169 - INFO - Boosted OOD loss: -0.0457
2025-09-05 04:20:03,850 - INFO - Boosted OOD loss: -0.0783
2025-09-05 04:20:07,588 - INFO - Boosted OOD loss: -0.0693
2025-09-05 04:20:10,277 - INFO - Boosted OOD loss: -0.1005
2025-09-05 04:20:11,358 - INFO - Boosted OOD loss: -0.0521
2025-09-05 04:20:11,915 - INFO - Boosted OOD loss: -0.1174
2025-09-05 04:20:12,461 - INFO - Boosted OOD loss: -0.0554
2025-09-05 04:20:14,082 - INFO - Boosted OOD loss: -0.0516
2025-09-05 04:20:14,632 - INFO - Boosted OOD loss: -0.0668
2025-09-05 04:20:15,187 - INFO - Boosted OOD loss: -0.0474
2025-09-05 04:20:17,333 - INFO - Boosted OOD loss: -0.0800
2025-09-05 04:20:21,082 - INFO - Boosted OOD loss: -0.0260
2025-09-05 04:20:21,642 - INFO - Boosted OOD loss: -0.0123
2025-09-05 04:20:24,330 - INFO - Boosted OOD loss: -0.0482
2025-09-05 04:20:25,412 - INFO - Boosted OOD loss: -0.1012
2025-09-05 04:20:26,499 - INFO - Boosted OOD loss: -0.0541
2025-09-05 04:20:27,052 - INFO - Boosted OOD loss: -0.0622
2025-09-05 04:20:33,444 - WARNING - No anomaly pixels (254) found in batch
2025-09-05 04:20:33,980 - INFO - Boosted OOD loss: -0.0631
2025-09-05 04:20:39,319 - INFO - Boosted OOD loss: -0.0758
2025-09-05 04:20:40,932 - INFO - Boosted OOD loss: -0.0921
2025-09-05 04:20:44,684 - INFO - Boosted OOD loss: -0.0388
2025-09-05 04:20:51,074 - INFO - Boosted OOD loss: -0.0727
2025-09-05 04:20:55,365 - INFO - Boosted OOD loss: -0.0757
2025-09-05 04:20:56,447 - INFO - Boosted OOD loss: -0.0296
2025-09-05 04:20:58,595 - INFO - Boosted OOD loss: -0.0742
2025-09-05 04:21:00,738 - INFO - Boosted OOD loss: -0.0526
2025-09-05 04:21:02,345 - INFO - Boosted OOD loss: -0.0647
2025-09-05 04:21:05,031 - INFO - Boosted OOD loss: 0.0031
2025-09-05 04:21:06,115 - INFO - Boosted OOD loss: -0.0809
2025-09-05 04:21:07,201 - INFO - Boosted OOD loss: -0.1147
2025-09-05 04:21:12,541 - INFO - Boosted OOD loss: -0.0255
2025-09-05 04:21:13,095 - INFO - Boosted OOD loss: -0.0709
2025-09-05 04:21:16,311 - INFO - Boosted OOD loss: -0.0119
2025-09-05 04:21:17,398 - INFO - Boosted OOD loss: -0.0495
2025-09-05 04:21:19,016 - INFO - Boosted OOD loss: -0.0308
2025-09-05 04:21:22,229 - INFO - Boosted OOD loss: -0.0859
2025-09-05 04:21:27,036 - WARNING - No anomaly pixels (254) found in batch
2025-09-05 04:21:29,171 - INFO - Boosted OOD loss: -0.0914
2025-09-05 04:21:29,720 - INFO - Boosted OOD loss: -0.0652
2025-09-05 04:21:30,275 - INFO - Boosted OOD loss: -0.0895
2025-09-05 04:21:34,535 - INFO - Boosted OOD loss: -0.0471
2025-09-05 04:21:35,092 - INFO - Boosted OOD loss: -0.0369
2025-09-05 04:21:36,174 - INFO - Boosted OOD loss: -0.0873
2025-09-05 04:21:39,904 - INFO - Boosted OOD loss: -0.0971
2025-09-05 04:21:44,723 - INFO - Boosted OOD loss: -0.0926
2025-09-05 04:21:51,649 - INFO - Boosted OOD loss: -0.0842
2025-09-05 04:21:53,266 - INFO - Boosted OOD loss: -0.0328
2025-09-05 04:21:54,890 - INFO - Boosted OOD loss: -0.0205
2025-09-05 04:21:56,517 - INFO - Boosted OOD loss: -0.0447
2025-09-05 04:21:57,071 - INFO - Boosted OOD loss: -0.1346
2025-09-05 04:22:00,292 - INFO - Boosted OOD loss: -0.0670
2025-09-05 04:22:02,971 - INFO - Boosted OOD loss: -0.0429
2025-09-05 04:22:04,591 - INFO - Boosted OOD loss: -0.0418
2025-09-05 04:22:07,803 - INFO - Boosted OOD loss: -0.0515
2025-09-05 04:22:10,488 - INFO - Boosted OOD loss: -0.0298
2025-09-05 04:22:13,159 - INFO - Boosted OOD loss: -0.0700
2025-09-05 04:22:20,635 - INFO - Boosted OOD loss: -0.0613
2025-09-05 04:22:20,635 - INFO - Step 27500 Loss Debug:
2025-09-05 04:22:20,635 - INFO -  CE: 1.6645
2025-09-05 04:22:20,635 - INFO -  OOD: -0.0613
2025-09-05 04:22:20,636 - INFO -  β: 64.00
2025-09-05 04:22:20,636 - INFO -  ID: 5113, OOD(254): 173
2025-09-05 04:22:23,321 - INFO - Boosted OOD loss: -0.0539
2025-09-05 04:22:24,406 - INFO - Boosted OOD loss: -0.0493
2025-09-05 04:22:25,495 - INFO - Boosted OOD loss: 0.0085
2025-09-05 04:22:27,130 - INFO - Boosted OOD loss: -0.0337
2025-09-05 04:22:27,689 - INFO - Boosted OOD loss: -0.0798
2025-09-05 04:22:28,236 - INFO - Boosted OOD loss: -0.0569
2025-09-05 04:22:30,921 - INFO - Boosted OOD loss: -0.0106
2025-09-05 04:22:32,539 - INFO - Boosted OOD loss: -0.0667
2025-09-05 04:22:41,084 - INFO - Boosted OOD loss: -0.0778
2025-09-05 04:22:48,556 - INFO - Boosted OOD loss: -0.0554
2025-09-05 04:22:49,640 - INFO - Boosted OOD loss: -0.1009
2025-09-05 04:22:50,715 - INFO - Boosted OOD loss: -0.0728
2025-09-05 04:22:57,114 - INFO - Boosted OOD loss: -0.0535
2025-09-05 04:23:00,340 - INFO - Boosted OOD loss: -0.0809
2025-09-05 04:23:04,611 - INFO - Boosted OOD loss: -0.0722
2025-09-05 04:23:05,699 - INFO - Boosted OOD loss: -0.1317
2025-09-05 04:23:07,313 - INFO - Boosted OOD loss: -0.0608
2025-09-05 04:23:11,059 - INFO - Boosted OOD loss: -0.0442
2025-09-05 04:23:12,149 - INFO - Boosted OOD loss: -0.0112
2025-09-05 04:23:14,297 - WARNING - No anomaly pixels (254) found in batch
2025-09-05 04:23:23,892 - INFO - Boosted OOD loss: -0.0148
2025-09-05 04:23:25,520 - INFO - Boosted OOD loss: -0.0198
2025-09-05 04:23:26,609 - INFO - Boosted OOD loss: -0.0596
2025-09-05 04:23:28,227 - INFO - Boosted OOD loss: -0.0649
2025-09-05 04:23:38,896 - INFO - Boosted OOD loss: -0.0444
2025-09-05 04:23:39,449 - INFO - Boosted OOD loss: -0.0962
2025-09-05 04:23:40,006 - INFO - Boosted OOD loss: -0.0930
2025-09-05 04:23:43,219 - INFO - Boosted OOD loss: -0.0514
2025-09-05 04:23:44,300 - INFO - Boosted OOD loss: -0.0725
2025-09-05 04:23:45,913 - INFO - Boosted OOD loss: -0.0604
2025-09-05 04:23:47,529 - INFO - Boosted OOD loss: -0.0450
2025-09-05 04:23:51,282 - INFO - Boosted OOD loss: -0.0319
2025-09-05 04:23:54,492 - INFO - Boosted OOD loss: -0.0780
2025-09-05 04:23:56,652 - INFO - Boosted OOD loss: -0.0416
2025-09-05 04:23:57,734 - INFO - Boosted OOD loss: -0.1075
2025-09-05 04:24:03,059 - INFO - Boosted OOD loss: -0.0461
2025-09-05 04:24:05,735 - INFO - Boosted OOD loss: -0.0680
2025-09-05 04:24:06,819 - INFO - Boosted OOD loss: -0.0509
2025-09-05 04:24:07,900 - WARNING - No anomaly pixels (254) found in batch
2025-09-05 04:24:10,033 - INFO - Boosted OOD loss: -0.0636
2025-09-05 04:24:10,582 - INFO - Boosted OOD loss: -0.0654
2025-09-05 04:24:12,205 - INFO - Boosted OOD loss: -0.0440
2025-09-05 04:24:13,825 - INFO - Boosted OOD loss: -0.0340
2025-09-05 04:24:14,910 - INFO - Boosted OOD loss: -0.0567
2025-09-05 04:24:18,126 - INFO - Boosted OOD loss: -0.0805
2025-09-05 04:24:19,746 - INFO - Boosted OOD loss: -0.0706
2025-09-05 04:24:22,962 - INFO - Boosted OOD loss: -0.0495
2025-09-05 04:24:24,053 - INFO - Boosted OOD loss: -0.0277
2025-09-05 04:24:25,668 - INFO - Boosted OOD loss: -0.0544
2025-09-05 04:24:27,818 - INFO - Boosted OOD loss: -0.0585
2025-09-05 04:24:29,433 - INFO - Boosted OOD loss: -0.0476
2025-09-05 04:24:34,239 - INFO - Boosted OOD loss: -0.0316
2025-09-05 04:24:37,458 - INFO - Boosted OOD loss: -0.0886
2025-09-05 04:24:40,669 - INFO - Boosted OOD loss: -0.0525
2025-09-05 04:24:45,485 - INFO - Boosted OOD loss: -0.0572
2025-09-05 04:24:48,700 - INFO - Boosted OOD loss: -0.0267
2025-09-05 04:24:49,256 - INFO - Boosted OOD loss: -0.0769
2025-09-05 04:24:52,992 - INFO - Boosted OOD loss: -0.0429
2025-09-05 04:24:57,270 - INFO - Boosted OOD loss: -0.0572
2025-09-05 04:24:57,821 - INFO - Boosted OOD loss: -0.0552
2025-09-05 04:25:01,563 - INFO - Boosted OOD loss: -0.0647
2025-09-05 04:25:01,563 - INFO - Step 27800 Loss Debug:
2025-09-05 04:25:01,564 - INFO -  CE: 1.5670
2025-09-05 04:25:01,564 - INFO -  OOD: -0.0647
2025-09-05 04:25:01,564 - INFO -  β: 64.00
2025-09-05 04:25:01,564 - INFO -  ID: 7778, OOD(254): 6
2025-09-05 04:25:02,654 - INFO - Boosted OOD loss: -0.0342
2025-09-05 04:25:03,210 - INFO - Boosted OOD loss: -0.0525
2025-09-05 04:25:04,830 - INFO - Boosted OOD loss: -0.0198
2025-09-05 04:25:10,701 - INFO - Boosted OOD loss: -0.0983
2025-09-05 04:25:12,842 - INFO - Boosted OOD loss: -0.0530
2025-09-05 04:25:13,923 - INFO - Boosted OOD loss: -0.0525
2025-09-05 04:25:14,476 - INFO - Boosted OOD loss: -0.0380
2025-09-05 04:25:15,565 - INFO - Boosted OOD loss: -0.0682
2025-09-05 04:25:16,652 - INFO - Boosted OOD loss: -0.0435
2025-09-05 04:25:18,265 - INFO - Boosted OOD loss: -0.0641
2025-09-05 04:25:19,350 - INFO - Boosted OOD loss: -0.0628
2025-09-05 04:25:19,900 - INFO - Boosted OOD loss: -0.0685
2025-09-05 04:25:28,445 - INFO - Boosted OOD loss: -0.0319
2025-09-05 04:25:28,446 - INFO - Step 27850 Loss Debug:
2025-09-05 04:25:28,446 - INFO -  CE: 1.6888
2025-09-05 04:25:28,446 - INFO -  OOD: -0.0319
2025-09-05 04:25:28,446 - INFO -  β: 64.00
2025-09-05 04:25:28,446 - INFO -  ID: 6676, OOD(254): 388
2025-09-05 04:25:28,998 - INFO - Boosted OOD loss: -0.0827
2025-09-05 04:25:31,675 - INFO - Boosted OOD loss: -0.1062
2025-09-05 04:25:37,009 - INFO - Boosted OOD loss: -0.0545
2025-09-05 04:25:40,750 - INFO - Boosted OOD loss: -0.0707
2025-09-05 04:25:44,502 - INFO - Boosted OOD loss: -0.0861
2025-09-05 04:25:45,052 - INFO - Boosted OOD loss: -0.0445
2025-09-05 04:25:50,932 - INFO - Boosted OOD loss: -0.0217
2025-09-05 04:25:52,548 - INFO - Boosted OOD loss: -0.0425
2025-09-05 04:25:55,225 - WARNING - No anomaly pixels (254) found in batch
2025-09-05 04:26:00,028 - INFO - Boosted OOD loss: -0.0877
2025-09-05 04:26:04,865 - INFO - Boosted OOD loss: -0.0246
2025-09-05 04:26:05,429 - INFO - Boosted OOD loss: -0.0356
2025-09-05 04:26:05,987 - INFO - Boosted OOD loss: -0.0167
2025-09-05 04:26:06,544 - INFO - Boosted OOD loss: -0.0639
2025-09-05 04:26:07,098 - INFO - Boosted OOD loss: -0.0459
2025-09-05 04:26:08,189 - INFO - Boosted OOD loss: -0.0631
2025-09-05 04:26:12,469 - INFO - Boosted OOD loss: -0.0444
2025-09-05 04:26:13,020 - INFO - Boosted OOD loss: -0.0556
2025-09-05 04:26:13,570 - INFO - Boosted OOD loss: -0.0460
2025-09-05 04:26:15,715 - INFO - Boosted OOD loss: -0.0370
2025-09-05 04:26:17,338 - INFO - Boosted OOD loss: -0.0738
2025-09-05 04:26:20,027 - INFO - Boosted OOD loss: -0.1026
2025-09-05 04:26:26,416 - INFO - Boosted OOD loss: -0.0210
2025-09-05 04:26:30,705 - INFO - Boosted OOD loss: -0.0200
2025-09-05 04:26:31,789 - INFO - Boosted OOD loss: -0.0703
2025-09-05 04:26:34,996 - INFO - Boosted OOD loss: -0.0539
2025-09-05 04:26:35,549 - INFO - Boosted OOD loss: -0.0441
2025-09-05 04:26:36,098 - INFO - Boosted OOD loss: -0.0942
2025-09-05 04:26:40,370 - INFO - Boosted OOD loss: -0.0386
2025-09-05 04:26:40,925 - INFO - Boosted OOD loss: -0.0766
2025-09-05 04:26:43,079 - INFO - Boosted OOD loss: -0.0540
2025-09-05 04:26:44,694 - INFO - Boosted OOD loss: -0.0752
2025-09-05 04:26:47,377 - INFO - Boosted OOD loss: -0.0757
2025-09-05 04:26:48,980 - WARNING - No anomaly pixels (254) found in batch
2025-09-05 04:26:52,705 - INFO - Boosted OOD loss: -0.0661
2025-09-05 04:26:56,449 - INFO - Boosted OOD loss: -0.0448
2025-09-05 04:27:06,054 - INFO - Boosted OOD loss: -0.0104
2025-09-05 04:27:14,051 - INFO - Boosted OOD loss: -0.0997
2025-09-05 04:27:16,209 - INFO - Boosted OOD loss: -0.0170
2025-09-05 04:27:19,423 - INFO - Boosted OOD loss: -0.0444
2025-09-05 04:27:21,042 - INFO - Boosted OOD loss: -0.0464
2025-09-05 04:27:25,847 - INFO - Boosted OOD loss: -0.0636
2025-09-05 04:27:29,073 - INFO - Boosted OOD loss: -0.0684
2025-09-05 04:27:38,140 - INFO - Boosted OOD loss: -0.0232
2025-09-05 04:27:41,897 - INFO - Boosted OOD loss: -0.0776
2025-09-05 04:27:42,444 - WARNING - No anomaly pixels (254) found in batch
2025-09-05 04:27:44,589 - INFO - Boosted OOD loss: -0.0279
2025-09-05 04:27:45,679 - INFO - Boosted OOD loss: -0.0698
2025-09-05 04:27:46,236 - INFO - Boosted OOD loss: -0.0165
2025-09-05 04:27:51,582 - INFO - Boosted OOD loss: -0.0617
2025-09-05 04:27:54,274 - INFO - Boosted OOD loss: -0.0140
2025-09-05 04:27:56,432 - INFO - Boosted OOD loss: -0.0550
2025-09-05 04:27:56,982 - INFO - Boosted OOD loss: -0.0892
2025-09-05 04:27:57,535 - INFO - Boosted OOD loss: -0.0918
2025-09-05 04:27:58,618 - INFO - Boosted OOD loss: -0.1076
2025-09-05 04:28:01,829 - INFO - Boosted OOD loss: -0.0860
2025-09-05 04:28:09,290 - INFO - Boosted OOD loss: -0.0560
2025-09-05 04:28:09,290 - INFO - Step 28150 Loss Debug:
2025-09-05 04:28:09,290 - INFO -  CE: 2.2682
2025-09-05 04:28:09,291 - INFO -  OOD: -0.0560
2025-09-05 04:28:09,291 - INFO -  β: 64.00
2025-09-05 04:28:09,291 - INFO -  ID: 3197, OOD(254): 76
2025-09-05 04:28:21,018 - INFO - Boosted OOD loss: -0.0377
2025-09-05 04:28:25,286 - INFO - Boosted OOD loss: -0.0690
2025-09-05 04:28:26,368 - INFO - Boosted OOD loss: -0.0500
2025-09-05 04:28:29,049 - INFO - Boosted OOD loss: -0.0581
2025-09-05 04:28:29,600 - INFO - Boosted OOD loss: -0.0893
2025-09-05 04:28:32,808 - INFO - Boosted OOD loss: -0.0272
2025-09-05 04:28:36,017 - WARNING - No anomaly pixels (254) found in batch
2025-09-05 04:28:38,687 - INFO - Boosted OOD loss: -0.0122
2025-09-05 04:28:39,775 - INFO - Boosted OOD loss: -0.0307
2025-09-05 04:28:40,329 - INFO - Boosted OOD loss: -0.0519
2025-09-05 04:28:41,942 - INFO - Boosted OOD loss: -0.0902
2025-09-05 04:28:43,026 - INFO - Boosted OOD loss: -0.0988
2025-09-05 04:28:47,309 - INFO - Boosted OOD loss: -0.0144
2025-09-05 04:28:48,391 - INFO - Boosted OOD loss: -0.0556
2025-09-05 04:28:49,479 - INFO - Boosted OOD loss: -0.0053
2025-09-05 04:28:53,232 - INFO - Boosted OOD loss: -0.0471
2025-09-05 04:28:53,787 - INFO - Boosted OOD loss: -0.0126
2025-09-05 04:28:54,880 - INFO - Boosted OOD loss: -0.0356
2025-09-05 04:29:03,405 - INFO - Boosted OOD loss: -0.1027
2025-09-05 04:29:11,409 - INFO - Boosted OOD loss: -0.0565
2025-09-05 04:29:11,962 - INFO - Boosted OOD loss: -0.0568
2025-09-05 04:29:12,511 - INFO - Boosted OOD loss: -0.0751
2025-09-05 04:29:14,122 - INFO - Boosted OOD loss: -0.0434
2025-09-05 04:29:15,211 - INFO - Boosted OOD loss: -0.0169
2025-09-05 04:29:19,497 - INFO - Boosted OOD loss: -0.0458
2025-09-05 04:29:22,181 - INFO - Boosted OOD loss: -0.0114
2025-09-05 04:29:22,735 - INFO - Boosted OOD loss: -0.0736
2025-09-05 04:29:23,288 - INFO - Boosted OOD loss: 0.0024
2025-09-05 04:29:25,443 - INFO - Boosted OOD loss: -0.0227
2025-09-05 04:29:29,711 - WARNING - No anomaly pixels (254) found in batch
2025-09-05 04:29:32,912 - INFO - Boosted OOD loss: -0.0110
2025-09-05 04:29:33,470 - INFO - Boosted OOD loss: -0.0347
2025-09-05 04:29:34,021 - INFO - Boosted OOD loss: -0.0120
2025-09-05 04:29:51,618 - INFO - Boosted OOD loss: -0.0171
2025-09-05 04:29:52,705 - INFO - Boosted OOD loss: -0.0350
2025-09-05 04:29:54,318 - INFO - Boosted OOD loss: -0.0413
2025-09-05 04:29:55,402 - INFO - Boosted OOD loss: -0.0668
2025-09-05 04:29:57,551 - INFO - Boosted OOD loss: -0.0211
2025-09-05 04:29:58,634 - INFO - Boosted OOD loss: -0.0350
2025-09-05 04:29:59,715 - INFO - Boosted OOD loss: -0.0546
2025-09-05 04:30:00,799 - INFO - Boosted OOD loss: -0.0204
2025-09-05 04:30:04,548 - INFO - Boosted OOD loss: -0.0134
2025-09-05 04:30:07,226 - INFO - Boosted OOD loss: -0.0754
2025-09-05 04:30:09,374 - INFO - Boosted OOD loss: -0.0695
2025-09-05 04:30:11,000 - INFO - Boosted OOD loss: -0.0488
2025-09-05 04:30:12,626 - INFO - Boosted OOD loss: -0.0452
2025-09-05 04:30:16,916 - INFO - Boosted OOD loss: -0.0262
2025-09-05 04:30:19,599 - INFO - Boosted OOD loss: -0.0471
2025-09-05 04:30:23,343 - INFO - Boosted OOD loss: -0.0729
2025-09-05 04:30:23,343 - INFO - Step 28400 Loss Debug:
2025-09-05 04:30:23,343 - INFO -  CE: 2.0680
2025-09-05 04:30:23,343 - INFO -  OOD: -0.0729
2025-09-05 04:30:23,343 - INFO -  β: 64.00
2025-09-05 04:30:23,343 - INFO -  ID: 5848, OOD(254): 18
2025-09-05 04:30:29,748 - INFO - Boosted OOD loss: -0.0796
2025-09-05 04:30:34,024 - INFO - Boosted OOD loss: -0.0271
2025-09-05 04:30:35,115 - INFO - Boosted OOD loss: -0.0439
2025-09-05 04:30:36,200 - INFO - Boosted OOD loss: -0.0009
2025-09-05 04:30:37,825 - INFO - Boosted OOD loss: -0.0532
2025-09-05 04:30:44,206 - INFO - Boosted OOD loss: -0.0679
2025-09-05 04:30:46,352 - INFO - Boosted OOD loss: -0.0458
2025-09-05 04:30:46,909 - INFO - Boosted OOD loss: -0.0151
2025-09-05 04:30:50,653 - INFO - Boosted OOD loss: -0.0868
2025-09-05 04:30:52,811 - INFO - Boosted OOD loss: -0.0517
2025-09-05 04:31:00,259 - INFO - Boosted OOD loss: -0.0843
2025-09-05 04:31:01,875 - INFO - Boosted OOD loss: -0.0357
2025-09-05 04:31:03,500 - INFO - Boosted OOD loss: -0.0641
2025-09-05 04:31:07,251 - INFO - Boosted OOD loss: -0.0307
2025-09-05 04:31:11,006 - INFO - Boosted OOD loss: -0.0527
2025-09-05 04:31:14,222 - INFO - Boosted OOD loss: -0.0547
2025-09-05 04:31:16,895 - WARNING - No anomaly pixels (254) found in batch
2025-09-05 04:31:17,970 - INFO - Boosted OOD loss: -0.0781
2025-09-05 04:31:22,844 - INFO - Updated beta to 13.42 (exp decay)
2025-09-05 04:31:24,247 - WARNING - Negative mean energy—verify E_b formula/signs
2025-09-05 04:31:24,247 - INFO - Weights updated successfully
2025-09-05 04:31:24,247 - INFO - Advanced epoch 16 - Updated beta: 13.42
2025-09-05 04:31:24,248 - INFO - Epoch 16 - Avg CE: 1.8415, Avg OOD: -0.0109, β: 64
2025-09-05 04:31:24,364 - INFO - 
Starting Epoch 17/100
2025-09-05 04:31:24,364 - INFO - ============================================================
2025-09-05 04:31:24,366 - INFO - 
Updating Hopfield boosting weights at epoch 17...
2025-09-05 04:31:25,766 - WARNING - Negative mean energy—verify E_b formula/signs
2025-09-05 04:31:25,767 - INFO - Weights updated successfully
2025-09-05 04:31:25,767 - INFO - Weight Update Debug at Epoch 17: No high-weight OOD pixels found
2025-09-05 04:31:26,773 - INFO - Boosted OOD loss: -0.0273
2025-09-05 04:31:27,314 - INFO - Boosted OOD loss: -0.0101
2025-09-05 04:31:32,588 - INFO - Boosted OOD loss: -0.0440
2025-09-05 04:31:40,558 - INFO - Boosted OOD loss: -0.0591
2025-09-05 04:31:43,775 - INFO - Boosted OOD loss: -0.0774
2025-09-05 04:31:44,331 - INFO - Boosted OOD loss: -0.0655
2025-09-05 04:31:48,608 - INFO - Boosted OOD loss: -0.0886
2025-09-05 04:31:50,760 - INFO - Boosted OOD loss: -0.0708
2025-09-05 04:31:56,645 - INFO - Boosted OOD loss: -0.0714
2025-09-05 04:31:57,195 - INFO - Boosted OOD loss: -0.0888
2025-09-05 04:31:58,282 - INFO - Boosted OOD loss: -0.0703
2025-09-05 04:32:13,224 - INFO - Boosted OOD loss: -0.0513
2025-09-05 04:32:13,768 - WARNING - No anomaly pixels (254) found in batch
2025-09-05 04:32:16,441 - INFO - Boosted OOD loss: -0.0848
2025-09-05 04:32:19,669 - INFO - Boosted OOD loss: -0.0257
2025-09-05 04:32:20,754 - INFO - Boosted OOD loss: -0.0991
2025-09-05 04:32:21,842 - INFO - Boosted OOD loss: -0.0321
2025-09-05 04:32:24,533 - INFO - Boosted OOD loss: -0.0612
2025-09-05 04:32:29,891 - INFO - Boosted OOD loss: -0.0643
2025-09-05 04:32:30,971 - INFO - Boosted OOD loss: -0.0737
2025-09-05 04:32:39,518 - INFO - Boosted OOD loss: -0.0564
2025-09-05 04:32:40,071 - INFO - Boosted OOD loss: -0.0715
2025-09-05 04:32:41,688 - INFO - Boosted OOD loss: -0.0405
2025-09-05 04:32:50,774 - INFO - Boosted OOD loss: -0.0468
2025-09-05 04:32:51,865 - INFO - Boosted OOD loss: -0.0776
2025-09-05 04:32:52,419 - INFO - Boosted OOD loss: -0.0770
2025-09-05 04:32:54,563 - INFO - Boosted OOD loss: -0.0819
2025-09-05 04:32:57,783 - INFO - Boosted OOD loss: -0.0290
2025-09-05 04:33:04,181 - INFO - Boosted OOD loss: -0.1286
2025-09-05 04:33:04,737 - INFO - Boosted OOD loss: -0.0201
2025-09-05 04:33:06,895 - INFO - Boosted OOD loss: -0.0522
2025-09-05 04:33:07,441 - WARNING - No anomaly pixels (254) found in batch
2025-09-05 04:33:14,898 - INFO - Boosted OOD loss: -0.0423
2025-09-05 04:33:16,516 - INFO - Boosted OOD loss: -0.0363
2025-09-05 04:33:17,070 - INFO - Boosted OOD loss: -0.0534
2025-09-05 04:33:19,224 - INFO - Boosted OOD loss: -0.0560
2025-09-05 04:33:21,381 - INFO - Boosted OOD loss: -0.1005
2025-09-05 04:33:28,317 - INFO - Boosted OOD loss: -0.0890
2025-09-05 04:33:30,465 - INFO - Boosted OOD loss: -0.0356
2025-09-05 04:33:35,270 - INFO - Boosted OOD loss: -0.0205
2025-09-05 04:33:35,828 - INFO - Boosted OOD loss: -0.0672
2025-09-05 04:33:40,100 - INFO - Boosted OOD loss: -0.0154
2025-09-05 04:33:42,791 - INFO - Boosted OOD loss: -0.0838
2025-09-05 04:33:49,193 - INFO - Boosted OOD loss: -0.0089
2025-09-05 04:33:50,826 - INFO - Boosted OOD loss: -0.0441
2025-09-05 04:33:51,378 - INFO - Boosted OOD loss: -0.0615
2025-09-05 04:33:56,721 - INFO - Boosted OOD loss: -0.0274
2025-09-05 04:33:58,344 - INFO - Boosted OOD loss: -0.0942
2025-09-05 04:33:59,434 - INFO - Boosted OOD loss: -0.0222
2025-09-05 04:34:01,055 - WARNING - No anomaly pixels (254) found in batch
2025-09-05 04:34:05,860 - INFO - Boosted OOD loss: -0.0696
2025-09-05 04:34:06,941 - INFO - Boosted OOD loss: -0.0409
2025-09-05 04:34:09,096 - INFO - Boosted OOD loss: -0.0337
2025-09-05 04:34:09,654 - INFO - Boosted OOD loss: -0.0098
2025-09-05 04:34:14,451 - INFO - Boosted OOD loss: -0.0407
2025-09-05 04:34:24,046 - INFO - Boosted OOD loss: -0.0175
2025-09-05 04:34:25,139 - INFO - Boosted OOD loss: -0.0395
2025-09-05 04:34:34,736 - INFO - Boosted OOD loss: -0.0467
2025-09-05 04:34:36,347 - INFO - Boosted OOD loss: -0.0683
2025-09-05 04:34:37,438 - INFO - Boosted OOD loss: -0.0371
2025-09-05 04:34:38,523 - INFO - Boosted OOD loss: -0.0739
2025-09-05 04:34:39,075 - INFO - Boosted OOD loss: -0.0570
2025-09-05 04:34:39,629 - INFO - Boosted OOD loss: -0.0483
2025-09-05 04:34:41,779 - INFO - Boosted OOD loss: -0.0448
2025-09-05 04:34:42,863 - INFO - Boosted OOD loss: -0.0520
2025-09-05 04:34:46,070 - INFO - Boosted OOD loss: -0.0768
2025-09-05 04:34:46,626 - INFO - Boosted OOD loss: -0.0604
2025-09-05 04:34:48,241 - INFO - Boosted OOD loss: -0.0305
2025-09-05 04:34:48,791 - INFO - Boosted OOD loss: -0.0266
2025-09-05 04:34:50,416 - INFO - Boosted OOD loss: -0.0533
2025-09-05 04:34:51,504 - INFO - Boosted OOD loss: -0.0315
2025-09-05 04:34:54,183 - INFO - Boosted OOD loss: -0.0638
2025-09-05 04:34:54,725 - WARNING - No anomaly pixels (254) found in batch
2025-09-05 04:34:59,513 - INFO - Boosted OOD loss: -0.0916
2025-09-05 04:35:01,132 - INFO - Boosted OOD loss: -0.0388
2025-09-05 04:35:02,751 - INFO - Boosted OOD loss: -0.0788
2025-09-05 04:35:03,306 - INFO - Boosted OOD loss: -0.1188
2025-09-05 04:35:03,858 - INFO - Boosted OOD loss: -0.0516
2025-09-05 04:35:04,407 - INFO - Boosted OOD loss: -0.1037
2025-09-05 04:35:04,961 - INFO - Boosted OOD loss: -0.0449
2025-09-05 04:35:07,116 - INFO - Boosted OOD loss: -0.0731
2025-09-05 04:35:09,800 - INFO - Boosted OOD loss: -0.0572
2025-09-05 04:35:14,085 - INFO - Boosted OOD loss: -0.0713
2025-09-05 04:35:16,772 - INFO - Boosted OOD loss: -0.0778
2025-09-05 04:35:19,992 - INFO - Boosted OOD loss: -0.0980
2025-09-05 04:35:24,260 - INFO - Boosted OOD loss: -0.0435
2025-09-05 04:35:28,537 - INFO - Boosted OOD loss: -0.0182
2025-09-05 04:35:29,092 - INFO - Boosted OOD loss: -0.0650
2025-09-05 04:35:38,685 - INFO - Boosted OOD loss: -0.1028
2025-09-05 04:35:40,300 - INFO - Boosted OOD loss: -0.1105
2025-09-05 04:35:40,848 - INFO - Boosted OOD loss: -0.0879
2025-09-05 04:35:44,067 - INFO - Boosted OOD loss: -0.0237
2025-09-05 04:35:46,218 - INFO - Boosted OOD loss: -0.0731
2025-09-05 04:35:48,366 - INFO - Boosted OOD loss: -0.0507
2025-09-05 04:35:48,366 - INFO - Step 29000 Loss Debug:
2025-09-05 04:35:48,366 - INFO -  CE: 2.1194
2025-09-05 04:35:48,366 - INFO -  OOD: -0.0507
2025-09-05 04:35:48,366 - INFO -  β: 64.00
2025-09-05 04:35:48,366 - INFO -  ID: 5264, OOD(254): 128
2025-09-05 04:35:48,919 - INFO - Boosted OOD loss: -0.0353
2025-09-05 04:35:52,147 - INFO - Boosted OOD loss: -0.0076
2025-09-05 04:35:54,831 - INFO - Boosted OOD loss: -0.0551
2025-09-05 04:35:55,916 - INFO - Boosted OOD loss: -0.0682
2025-09-05 04:35:57,004 - INFO - Boosted OOD loss: -0.0303
2025-09-05 04:35:58,627 - INFO - Boosted OOD loss: -0.0162
2025-09-05 04:36:02,905 - INFO - Boosted OOD loss: -0.0655
2025-09-05 04:36:03,986 - INFO - Boosted OOD loss: -0.0094
2025-09-05 04:36:07,208 - INFO - Boosted OOD loss: -0.0428
2025-09-05 04:36:10,944 - INFO - Boosted OOD loss: -0.0399
2025-09-05 04:36:12,030 - INFO - Boosted OOD loss: -0.0756
2025-09-05 04:36:13,110 - INFO - Boosted OOD loss: -0.1183
2025-09-05 04:36:14,190 - INFO - Boosted OOD loss: -0.0568
2025-09-05 04:36:14,745 - INFO - Boosted OOD loss: -0.0613
2025-09-05 04:36:16,364 - INFO - Boosted OOD loss: -0.0229
2025-09-05 04:36:16,928 - INFO - Boosted OOD loss: -0.0504
2025-09-05 04:36:21,196 - INFO - Boosted OOD loss: -0.0976
2025-09-05 04:36:24,950 - INFO - Boosted OOD loss: -0.0728
2025-09-05 04:36:26,032 - INFO - Boosted OOD loss: -0.0697
2025-09-05 04:36:26,587 - INFO - Boosted OOD loss: -0.0391
2025-09-05 04:36:31,929 - INFO - Boosted OOD loss: -0.0502
2025-09-05 04:36:35,140 - INFO - Boosted OOD loss: -0.0674
2025-09-05 04:36:36,757 - INFO - Boosted OOD loss: -0.0712
2025-09-05 04:36:42,094 - WARNING - No anomaly pixels (254) found in batch
2025-09-05 04:36:43,167 - INFO - Boosted OOD loss: -0.0728
2025-09-05 04:36:45,309 - INFO - Boosted OOD loss: -0.0562
2025-09-05 04:36:52,776 - INFO - Boosted OOD loss: -0.0601
2025-09-05 04:36:55,989 - INFO - Boosted OOD loss: -0.0363
2025-09-05 04:36:57,078 - INFO - Boosted OOD loss: -0.0537
2025-09-05 04:36:57,630 - INFO - Boosted OOD loss: -0.0811
2025-09-05 04:36:59,783 - INFO - Boosted OOD loss: -0.0590
2025-09-05 04:37:01,936 - INFO - Boosted OOD loss: -0.0528
2025-09-05 04:37:03,554 - INFO - Boosted OOD loss: -0.0563
2025-09-05 04:37:04,642 - INFO - Boosted OOD loss: -0.0610
2025-09-05 04:37:09,987 - INFO - Boosted OOD loss: -0.0360
2025-09-05 04:37:12,675 - INFO - Boosted OOD loss: -0.0166
2025-09-05 04:37:13,758 - INFO - Boosted OOD loss: -0.0598
2025-09-05 04:37:15,364 - INFO - Boosted OOD loss: -0.0489
2025-09-05 04:37:15,919 - INFO - Boosted OOD loss: -0.0679
2025-09-05 04:37:16,470 - INFO - Boosted OOD loss: -0.0629
2025-09-05 04:37:17,026 - INFO - Boosted OOD loss: -0.0863
2025-09-05 04:37:17,578 - INFO - Boosted OOD loss: -0.0398
2025-09-05 04:37:19,188 - INFO - Boosted OOD loss: -0.0687
2025-09-05 04:37:20,799 - INFO - Boosted OOD loss: -0.0732
2025-09-05 04:37:21,351 - INFO - Boosted OOD loss: -0.0470
2025-09-05 04:37:21,904 - INFO - Boosted OOD loss: -0.0809
2025-09-05 04:37:24,053 - INFO - Boosted OOD loss: -0.0724
2025-09-05 04:37:25,138 - INFO - Boosted OOD loss: -0.0970
2025-09-05 04:37:27,283 - INFO - Boosted OOD loss: -0.0402
2025-09-05 04:37:29,433 - INFO - Boosted OOD loss: -0.0282
2025-09-05 04:37:29,988 - INFO - Boosted OOD loss: -0.0179
2025-09-05 04:37:35,328 - INFO - Boosted OOD loss: -0.0605
2025-09-05 04:37:35,874 - WARNING - No anomaly pixels (254) found in batch
2025-09-05 04:37:41,188 - INFO - Boosted OOD loss: -0.1219
2025-09-05 04:37:42,276 - INFO - Boosted OOD loss: -0.0172
2025-09-05 04:37:44,430 - INFO - Boosted OOD loss: -0.0814
2025-09-05 04:37:45,525 - INFO - Boosted OOD loss: -0.0450
2025-09-05 04:37:49,278 - INFO - Boosted OOD loss: -0.0376
2025-09-05 04:37:49,835 - INFO - Boosted OOD loss: -0.0593
2025-09-05 04:38:01,581 - INFO - Boosted OOD loss: -0.0227
2025-09-05 04:38:02,134 - INFO - Boosted OOD loss: -0.0767
2025-09-05 04:38:03,226 - INFO - Boosted OOD loss: -0.0324
2025-09-05 04:38:04,315 - INFO - Boosted OOD loss: -0.0549
2025-09-05 04:38:07,529 - INFO - Boosted OOD loss: -0.0388
2025-09-05 04:38:11,813 - INFO - Boosted OOD loss: -0.0632
2025-09-05 04:38:19,285 - INFO - Boosted OOD loss: -0.0642
2025-09-05 04:38:21,970 - INFO - Boosted OOD loss: -0.0599
2025-09-05 04:38:29,453 - INFO - Boosted OOD loss: -0.0823
2025-09-05 04:38:29,453 - INFO - Step 29300 Loss Debug:
2025-09-05 04:38:29,453 - INFO -  CE: 1.8954
2025-09-05 04:38:29,454 - INFO -  OOD: -0.0823
2025-09-05 04:38:29,454 - INFO -  β: 64.00
2025-09-05 04:38:29,454 - INFO -  ID: 7846, OOD(254): 292
2025-09-05 04:38:31,608 - INFO - Boosted OOD loss: -0.0856
2025-09-05 04:38:34,822 - INFO - Boosted OOD loss: -0.0397
2025-09-05 04:38:41,219 - INFO - Boosted OOD loss: -0.0384
2025-09-05 04:38:41,771 - INFO - Boosted OOD loss: -0.1065
2025-09-05 04:38:43,930 - INFO - Boosted OOD loss: -0.0275
2025-09-05 04:38:46,613 - INFO - Boosted OOD loss: -0.0329
2025-09-05 04:38:47,167 - INFO - Boosted OOD loss: -0.0700
2025-09-05 04:38:48,784 - INFO - Boosted OOD loss: -0.1056
2025-09-05 04:38:51,466 - INFO - Boosted OOD loss: -0.0833
2025-09-05 04:38:53,079 - INFO - Boosted OOD loss: -0.1013
2025-09-05 04:38:53,631 - INFO - Boosted OOD loss: -0.0319
2025-09-05 04:38:54,183 - INFO - Boosted OOD loss: -0.0351
2025-09-05 04:38:55,802 - INFO - Boosted OOD loss: -0.0607
2025-09-05 04:38:56,887 - INFO - Boosted OOD loss: -0.0348
2025-09-05 04:39:00,630 - INFO - Boosted OOD loss: -0.0314
2025-09-05 04:39:04,905 - INFO - Boosted OOD loss: -0.1053
2025-09-05 04:39:05,989 - INFO - Boosted OOD loss: -0.0736
2025-09-05 04:39:09,205 - INFO - Boosted OOD loss: -0.0527
2025-09-05 04:39:10,294 - INFO - Boosted OOD loss: -0.0549
2025-09-05 04:39:13,503 - INFO - Boosted OOD loss: -0.0442
2025-09-05 04:39:14,054 - INFO - Boosted OOD loss: -0.0273
2025-09-05 04:39:17,275 - INFO - Boosted OOD loss: -0.0463
2025-09-05 04:39:23,147 - INFO - Boosted OOD loss: -0.0469
2025-09-05 04:39:23,148 - INFO - Step 29400 Loss Debug:
2025-09-05 04:39:23,148 - INFO -  CE: 1.8610
2025-09-05 04:39:23,148 - INFO -  OOD: -0.0469
2025-09-05 04:39:23,148 - INFO -  β: 64.00
2025-09-05 04:39:23,148 - INFO -  ID: 6863, OOD(254): 902
2025-09-05 04:39:27,954 - INFO - Boosted OOD loss: -0.0853
2025-09-05 04:39:28,508 - INFO - Boosted OOD loss: -0.0821
2025-09-05 04:39:29,063 - INFO - Boosted OOD loss: -0.0184
2025-09-05 04:39:32,813 - INFO - Boosted OOD loss: -0.0957
2025-09-05 04:39:33,365 - INFO - Boosted OOD loss: -0.0673
2025-09-05 04:39:34,983 - INFO - Boosted OOD loss: -0.0255
2025-09-05 04:39:36,063 - INFO - Boosted OOD loss: -0.0957
2025-09-05 04:39:40,332 - INFO - Boosted OOD loss: -0.0551
2025-09-05 04:39:41,414 - INFO - Boosted OOD loss: -0.0297
2025-09-05 04:39:44,625 - INFO - Boosted OOD loss: -0.0613
2025-09-05 04:39:45,173 - INFO - Boosted OOD loss: -0.0737
2025-09-05 04:39:45,733 - INFO - Boosted OOD loss: -0.0213
2025-09-05 04:39:46,288 - INFO - Boosted OOD loss: -0.0465
2025-09-05 04:39:48,435 - INFO - Boosted OOD loss: -0.0100
2025-09-05 04:39:49,521 - INFO - Boosted OOD loss: -0.0650
2025-09-05 04:39:50,601 - INFO - Boosted OOD loss: -0.0929
2025-09-05 04:39:53,812 - INFO - Boosted OOD loss: -0.0891
2025-09-05 04:39:55,957 - INFO - Boosted OOD loss: -0.0486
2025-09-05 04:39:57,571 - INFO - Boosted OOD loss: -0.0595
2025-09-05 04:39:58,649 - INFO - Boosted OOD loss: -0.0186
2025-09-05 04:40:05,047 - INFO - Boosted OOD loss: -0.0490
2025-09-05 04:40:08,267 - INFO - Boosted OOD loss: -0.0379
2025-09-05 04:40:10,944 - INFO - Boosted OOD loss: -0.0365
2025-09-05 04:40:12,036 - INFO - Boosted OOD loss: -0.0693
2025-09-05 04:40:15,773 - INFO - Boosted OOD loss: -0.0553
2025-09-05 04:40:16,865 - INFO - Boosted OOD loss: -0.0575
2025-09-05 04:40:16,865 - INFO - Step 29500 Loss Debug:
2025-09-05 04:40:16,865 - INFO -  CE: 2.1749
2025-09-05 04:40:16,865 - INFO -  OOD: -0.0575
2025-09-05 04:40:16,866 - INFO -  β: 64.00
2025-09-05 04:40:16,866 - INFO -  ID: 6612, OOD(254): 18
2025-09-05 04:40:17,944 - INFO - Boosted OOD loss: -0.0897
2025-09-05 04:40:21,152 - INFO - Boosted OOD loss: -0.1127
2025-09-05 04:40:22,760 - INFO - Boosted OOD loss: -0.0751
2025-09-05 04:40:23,315 - INFO - Boosted OOD loss: -0.0285
2025-09-05 04:40:24,400 - INFO - Boosted OOD loss: -0.1054
2025-09-05 04:40:28,670 - INFO - Boosted OOD loss: -0.0721
2025-09-05 04:40:30,287 - INFO - Boosted OOD loss: -0.0726
2025-09-05 04:40:32,438 - INFO - Boosted OOD loss: -0.0602
2025-09-05 04:40:32,993 - INFO - Boosted OOD loss: -0.0764
2025-09-05 04:40:33,544 - INFO - Boosted OOD loss: -0.0534
2025-09-05 04:40:35,155 - INFO - Boosted OOD loss: -0.1347
2025-09-05 04:40:37,832 - INFO - Boosted OOD loss: -0.0839
2025-09-05 04:40:39,442 - INFO - Boosted OOD loss: -0.0941
2025-09-05 04:40:39,995 - INFO - Boosted OOD loss: -0.0906
2025-09-05 04:40:42,674 - INFO - Boosted OOD loss: -0.0914
2025-09-05 04:40:46,435 - INFO - Boosted OOD loss: -0.0600
2025-09-05 04:40:49,114 - INFO - Boosted OOD loss: -0.0776
2025-09-05 04:40:52,332 - INFO - Boosted OOD loss: -0.0468
2025-09-05 04:40:56,615 - INFO - Boosted OOD loss: -0.0563
2025-09-05 04:40:58,763 - INFO - Boosted OOD loss: -0.0601
2025-09-05 04:41:02,511 - INFO - Boosted OOD loss: -0.0508
2025-09-05 04:41:03,068 - INFO - Boosted OOD loss: -0.0120
2025-09-05 04:41:05,220 - INFO - Boosted OOD loss: -0.0324
2025-09-05 04:41:09,502 - INFO - Boosted OOD loss: -0.1075
2025-09-05 04:41:10,587 - INFO - Boosted OOD loss: -0.0351
2025-09-05 04:41:10,587 - INFO - Step 29600 Loss Debug:
2025-09-05 04:41:10,588 - INFO -  CE: 1.5334
2025-09-05 04:41:10,588 - INFO -  OOD: -0.0351
2025-09-05 04:41:10,588 - INFO -  β: 64.00
2025-09-05 04:41:10,588 - INFO -  ID: 6351, OOD(254): 466
2025-09-05 04:41:11,681 - INFO - Boosted OOD loss: -0.0082
2025-09-05 04:41:13,305 - INFO - Boosted OOD loss: -0.0857
2025-09-05 04:41:14,383 - INFO - Boosted OOD loss: -0.0403
2025-09-05 04:41:14,939 - INFO - Boosted OOD loss: -0.0886
2025-09-05 04:41:19,745 - INFO - Boosted OOD loss: -0.0087
2025-09-05 04:41:21,903 - INFO - Boosted OOD loss: 0.0061
2025-09-05 04:41:27,244 - INFO - Boosted OOD loss: -0.0612
2025-09-05 04:41:27,804 - INFO - Boosted OOD loss: -0.0253
2025-09-05 04:41:29,964 - INFO - Boosted OOD loss: -0.0228
2025-09-05 04:41:31,052 - INFO - Boosted OOD loss: -0.0623
2025-09-05 04:41:32,674 - INFO - Boosted OOD loss: -0.0717
2025-09-05 04:41:34,825 - INFO - Boosted OOD loss: -0.0552
2025-09-05 04:41:38,049 - INFO - Boosted OOD loss: -0.0535
2025-09-05 04:41:39,666 - INFO - Boosted OOD loss: -0.0405
2025-09-05 04:41:40,221 - INFO - Boosted OOD loss: -0.0421
2025-09-05 04:41:43,980 - INFO - Boosted OOD loss: -0.0169
2025-09-05 04:41:48,782 - INFO - Boosted OOD loss: -0.0828
2025-09-05 04:41:49,333 - INFO - Boosted OOD loss: -0.1086
2025-09-05 04:41:53,072 - INFO - Boosted OOD loss: -0.0556
2025-09-05 04:41:57,880 - INFO - Boosted OOD loss: -0.0428
2025-09-05 04:41:58,964 - INFO - Boosted OOD loss: -0.0519
2025-09-05 04:42:02,698 - INFO - Boosted OOD loss: -0.0383
2025-09-05 04:42:04,303 - WARNING - No anomaly pixels (254) found in batch
2025-09-05 04:42:09,622 - INFO - Boosted OOD loss: -0.0880
2025-09-05 04:42:10,171 - INFO - Boosted OOD loss: -0.0782
2025-09-05 04:42:17,650 - INFO - Boosted OOD loss: -0.0497
2025-09-05 04:42:19,801 - INFO - Boosted OOD loss: -0.0684
2025-09-05 04:42:26,210 - INFO - Boosted OOD loss: -0.0635
2025-09-05 04:42:27,294 - INFO - Boosted OOD loss: -0.0785
2025-09-05 04:42:29,981 - INFO - Boosted OOD loss: -0.0495
2025-09-05 04:42:32,133 - INFO - Boosted OOD loss: -0.0413
2025-09-05 04:42:33,750 - INFO - Boosted OOD loss: -0.0253
2025-09-05 04:42:35,361 - INFO - Boosted OOD loss: -0.0977
2025-09-05 04:42:37,519 - INFO - Boosted OOD loss: -0.0579
2025-09-05 04:42:42,857 - INFO - Boosted OOD loss: -0.0999
2025-09-05 04:42:47,147 - INFO - Boosted OOD loss: -0.0436
2025-09-05 04:42:49,299 - INFO - Boosted OOD loss: -0.0956
2025-09-05 04:42:50,382 - INFO - Boosted OOD loss: -0.0752
2025-09-05 04:42:53,599 - INFO - Boosted OOD loss: -0.0743
2025-09-05 04:42:55,750 - INFO - Boosted OOD loss: -0.0549
2025-09-05 04:42:57,892 - WARNING - No anomaly pixels (254) found in batch
2025-09-05 04:42:58,435 - INFO - Boosted OOD loss: -0.0953
2025-09-05 04:43:03,777 - INFO - Boosted OOD loss: -0.0644
2025-09-05 04:43:06,991 - INFO - Boosted OOD loss: -0.0834
2025-09-05 04:43:08,610 - INFO - Boosted OOD loss: -0.0600
2025-09-05 04:43:11,294 - INFO - Boosted OOD loss: -0.0134
2025-09-05 04:43:14,505 - INFO - Boosted OOD loss: -0.0140
2025-09-05 04:43:16,120 - INFO - Boosted OOD loss: -0.0775
2025-09-05 04:43:19,330 - INFO - Boosted OOD loss: -0.0224
2025-09-05 04:43:20,417 - INFO - Boosted OOD loss: -0.0509
2025-09-05 04:43:22,570 - INFO - Boosted OOD loss: -0.0523
2025-09-05 04:43:23,125 - INFO - Boosted OOD loss: -0.0211
2025-09-05 04:43:24,745 - INFO - Boosted OOD loss: -0.0431
2025-09-05 04:43:24,745 - INFO - Step 29850 Loss Debug:
2025-09-05 04:43:24,745 - INFO -  CE: 1.8400
2025-09-05 04:43:24,745 - INFO -  OOD: -0.0431
2025-09-05 04:43:24,745 - INFO -  β: 64.00
2025-09-05 04:43:24,746 - INFO -  ID: 5803, OOD(254): 329
2025-09-05 04:43:27,952 - INFO - Boosted OOD loss: -0.0521
2025-09-05 04:43:29,585 - INFO - Boosted OOD loss: -0.0921
2025-09-05 04:43:30,140 - INFO - Boosted OOD loss: -0.0223
2025-09-05 04:43:30,699 - INFO - Boosted OOD loss: -0.0505
2025-09-05 04:43:33,377 - INFO - Boosted OOD loss: -0.0774
2025-09-05 04:43:34,455 - INFO - Boosted OOD loss: -0.0351
2025-09-05 04:43:37,123 - INFO - Boosted OOD loss: -0.0634
2025-09-05 04:43:42,986 - INFO - Boosted OOD loss: -0.0722
2025-09-05 04:43:46,200 - INFO - Boosted OOD loss: -0.0580
2025-09-05 04:43:51,528 - WARNING - No anomaly pixels (254) found in batch
2025-09-05 04:43:54,195 - INFO - Boosted OOD loss: -0.0215
2025-09-05 04:43:54,754 - INFO - Boosted OOD loss: -0.0567
2025-09-05 04:43:57,433 - INFO - Boosted OOD loss: -0.0802
2025-09-05 04:44:02,243 - INFO - Boosted OOD loss: -0.0550
2025-09-05 04:44:03,322 - INFO - Boosted OOD loss: -0.0552
2025-09-05 04:44:03,875 - INFO - Boosted OOD loss: -0.1078
2025-09-05 04:44:05,487 - INFO - Boosted OOD loss: -0.0546
2025-09-05 04:44:07,097 - INFO - Boosted OOD loss: -0.0827
2025-09-05 04:44:16,684 - INFO - Boosted OOD loss: -0.0598
2025-09-05 04:44:17,764 - INFO - Boosted OOD loss: -0.1047
2025-09-05 04:44:20,452 - INFO - Boosted OOD loss: -0.0340
2025-09-05 04:44:21,009 - INFO - Boosted OOD loss: -0.0232
2025-09-05 04:44:23,162 - INFO - Boosted OOD loss: -0.0668
2025-09-05 04:44:25,847 - INFO - Boosted OOD loss: -0.0907
2025-09-05 04:44:27,996 - INFO - Boosted OOD loss: -0.1294
2025-09-05 04:44:32,815 - INFO - Boosted OOD loss: -0.0342
2025-09-05 04:44:33,369 - INFO - Boosted OOD loss: -0.0567
2025-09-05 04:44:34,988 - INFO - Boosted OOD loss: -0.0620
2025-09-05 04:44:35,539 - INFO - Boosted OOD loss: -0.0281
2025-09-05 04:44:45,123 - INFO - Boosted OOD loss: -0.0800
2025-09-05 04:44:45,124 - INFO - Step 30000 Loss Debug:
2025-09-05 04:44:45,124 - INFO -  CE: 2.2030
2025-09-05 04:44:45,124 - INFO -  OOD: -0.0800
2025-09-05 04:44:45,124 - INFO -  β: 64.00
2025-09-05 04:44:45,124 - INFO -  ID: 5984, OOD(254): 70
2025-09-05 04:44:45,677 - INFO - Boosted OOD loss: -0.0470
2025-09-05 04:44:47,293 - INFO - Boosted OOD loss: -0.1062
2025-09-05 04:44:48,917 - INFO - Boosted OOD loss: -0.0211
2025-09-05 04:44:55,324 - INFO - Boosted OOD loss: -0.0846
2025-09-05 04:44:56,419 - INFO - Boosted OOD loss: -0.0374
2025-09-05 04:44:58,572 - INFO - Boosted OOD loss: -0.1123
2025-09-05 04:45:02,318 - INFO - Boosted OOD loss: -0.0089
2025-09-05 04:45:03,410 - INFO - Boosted OOD loss: -0.0584
2025-09-05 04:45:06,088 - INFO - Boosted OOD loss: -0.0486
2025-09-05 04:45:06,648 - INFO - Boosted OOD loss: -0.0541
2025-09-05 04:45:08,795 - INFO - Boosted OOD loss: -0.0695
2025-09-05 04:45:09,873 - INFO - Boosted OOD loss: -0.1064
2025-09-05 04:45:12,022 - INFO - Boosted OOD loss: -0.0658
2025-09-05 04:45:12,022 - INFO - Step 30050 Loss Debug:
2025-09-05 04:45:12,022 - INFO -  CE: 1.7235
2025-09-05 04:45:12,022 - INFO -  OOD: -0.0658
2025-09-05 04:45:12,022 - INFO -  β: 64.00
2025-09-05 04:45:12,022 - INFO -  ID: 5189, OOD(254): 85
2025-09-05 04:45:13,113 - INFO - Boosted OOD loss: -0.1080
2025-09-05 04:45:13,660 - INFO - Boosted OOD loss: -0.0718
2025-09-05 04:45:14,215 - INFO - Boosted OOD loss: -0.0849
2025-09-05 04:45:14,769 - INFO - Boosted OOD loss: -0.0924
2025-09-05 04:45:23,835 - INFO - Boosted OOD loss: -0.0480
2025-09-05 04:45:27,059 - INFO - Boosted OOD loss: -0.0027
2025-09-05 04:45:28,150 - INFO - Boosted OOD loss: -0.0202
2025-09-05 04:45:30,297 - INFO - Boosted OOD loss: -0.0675
2025-09-05 04:45:32,444 - INFO - Boosted OOD loss: -0.0599
2025-09-05 04:45:34,056 - INFO - Boosted OOD loss: -0.0526
2025-09-05 04:45:38,324 - INFO - Boosted OOD loss: -0.0678
2025-09-05 04:45:38,868 - WARNING - No anomaly pixels (254) found in batch
2025-09-05 04:45:42,603 - INFO - Boosted OOD loss: -0.0768
2025-09-05 04:45:47,402 - INFO - Boosted OOD loss: -0.0411
2025-09-05 04:45:58,578 - INFO - Boosted OOD loss: -0.0831
2025-09-05 04:45:59,652 - INFO - Boosted OOD loss: -0.1041
2025-09-05 04:46:00,734 - INFO - Boosted OOD loss: -0.0545
2025-09-05 04:46:03,952 - INFO - Boosted OOD loss: -0.0853
2025-09-05 04:46:04,504 - INFO - Boosted OOD loss: -0.0977
2025-09-05 04:46:08,248 - INFO - Boosted OOD loss: -0.0832
2025-09-05 04:46:11,999 - INFO - Boosted OOD loss: -0.0132
2025-09-05 04:46:13,093 - INFO - Boosted OOD loss: -0.1280
2025-09-05 04:46:17,358 - INFO - Boosted OOD loss: -0.0496
2025-09-05 04:46:18,976 - INFO - Boosted OOD loss: -0.0678
2025-09-05 04:46:21,657 - INFO - Boosted OOD loss: -0.0511
2025-09-05 04:46:23,276 - INFO - Boosted OOD loss: -0.0505
2025-09-05 04:46:25,429 - INFO - Boosted OOD loss: -0.0776
2025-09-05 04:46:29,185 - INFO - Boosted OOD loss: -0.0621
2025-09-05 04:46:30,803 - INFO - Boosted OOD loss: -0.0855
2025-09-05 04:46:32,412 - WARNING - No anomaly pixels (254) found in batch
2025-09-05 04:46:39,884 - INFO - Boosted OOD loss: -0.0830
2025-09-05 04:46:40,442 - INFO - Boosted OOD loss: -0.0592
2025-09-05 04:46:43,125 - INFO - Boosted OOD loss: -0.0239
2025-09-05 04:46:43,681 - INFO - Boosted OOD loss: -0.0955
2025-09-05 04:46:45,300 - INFO - Boosted OOD loss: -0.0158
2025-09-05 04:46:45,860 - INFO - Boosted OOD loss: -0.0578
2025-09-05 04:46:47,475 - INFO - Boosted OOD loss: -0.0852
2025-09-05 04:46:50,693 - INFO - Boosted OOD loss: -0.0588
2025-09-05 04:46:56,571 - INFO - Boosted OOD loss: -0.0827
2025-09-05 04:47:11,502 - INFO - Boosted OOD loss: -0.1103
2025-09-05 04:47:13,122 - INFO - Boosted OOD loss: -0.0273
2025-09-05 04:47:15,274 - INFO - Boosted OOD loss: -0.0332
2025-09-05 04:47:16,892 - INFO - Boosted OOD loss: -0.0451
2025-09-05 04:47:20,108 - INFO - Boosted OOD loss: -0.0409
2025-09-05 04:47:22,319 - INFO - Updated beta to 13.27 (exp decay)
2025-09-05 04:47:23,724 - WARNING - Negative mean energy—verify E_b formula/signs
2025-09-05 04:47:23,725 - INFO - Weights updated successfully
2025-09-05 04:47:23,725 - INFO - Advanced epoch 17 - Updated beta: 13.27
2025-09-05 04:47:23,725 - INFO - Epoch 17 - Avg CE: 1.8400, Avg OOD: -0.0121, β: 64
2025-09-05 04:47:23,842 - INFO - 
Starting Epoch 18/100
2025-09-05 04:47:23,842 - INFO - ============================================================
2025-09-05 04:47:23,843 - INFO - 
Updating Hopfield boosting weights at epoch 18...
2025-09-05 04:47:25,243 - WARNING - Negative mean energy—verify E_b formula/signs
2025-09-05 04:47:25,244 - INFO - Weights updated successfully
2025-09-05 04:47:25,244 - INFO - Weight Update Debug at Epoch 18: No high-weight OOD pixels found
2025-09-05 04:47:29,019 - INFO - Boosted OOD loss: -0.0436
2025-09-05 04:47:29,556 - WARNING - No anomaly pixels (254) found in batch
2025-09-05 04:47:32,201 - INFO - Boosted OOD loss: -0.0255
2025-09-05 04:47:32,753 - INFO - Boosted OOD loss: -0.0612
2025-09-05 04:47:33,303 - INFO - Boosted OOD loss: -0.0551
2025-09-05 04:47:34,391 - INFO - Boosted OOD loss: -0.0406
2025-09-05 04:47:37,584 - INFO - Boosted OOD loss: -0.0391
2025-09-05 04:47:38,667 - INFO - Boosted OOD loss: -0.0689
2025-09-05 04:47:40,276 - INFO - Boosted OOD loss: -0.0442
2025-09-05 04:47:40,828 - INFO - Boosted OOD loss: -0.0469
2025-09-05 04:47:41,915 - INFO - Boosted OOD loss: -0.0084
2025-09-05 04:47:47,270 - INFO - Boosted OOD loss: -0.0869
2025-09-05 04:47:49,955 - INFO - Boosted OOD loss: -0.0282
2025-09-05 04:47:50,505 - INFO - Boosted OOD loss: -0.0648
2025-09-05 04:47:53,190 - INFO - Boosted OOD loss: -0.0436
2025-09-05 04:47:58,538 - INFO - Boosted OOD loss: -0.0445
2025-09-05 04:47:59,098 - INFO - Boosted OOD loss: -0.0130
2025-09-05 04:48:01,256 - INFO - Boosted OOD loss: -0.1160
2025-09-05 04:48:01,805 - INFO - Boosted OOD loss: -0.0670
2025-09-05 04:48:02,362 - INFO - Boosted OOD loss: -0.0769
2025-09-05 04:48:03,977 - INFO - Boosted OOD loss: -0.1166
2025-09-05 04:48:04,532 - INFO - Boosted OOD loss: -0.0414
2025-09-05 04:48:06,151 - INFO - Boosted OOD loss: -0.0258
2025-09-05 04:48:06,707 - INFO - Boosted OOD loss: -0.0741
2025-09-05 04:48:07,800 - INFO - Boosted OOD loss: -0.0351
2025-09-05 04:48:08,354 - INFO - Boosted OOD loss: -0.0917
2025-09-05 04:48:09,451 - INFO - Boosted OOD loss: -0.0008
2025-09-05 04:48:14,805 - INFO - Boosted OOD loss: -0.0291
2025-09-05 04:48:15,364 - INFO - Boosted OOD loss: -0.0708
2025-09-05 04:48:16,981 - INFO - Boosted OOD loss: -0.0300
2025-09-05 04:48:17,538 - INFO - Boosted OOD loss: -0.0276
2025-09-05 04:48:23,425 - INFO - Boosted OOD loss: -0.0454
2025-09-05 04:48:23,425 - INFO - Step 30400 Loss Debug:
2025-09-05 04:48:23,426 - INFO -  CE: 1.4131
2025-09-05 04:48:23,426 - INFO -  OOD: -0.0454
2025-09-05 04:48:23,426 - INFO -  β: 64.00
2025-09-05 04:48:23,426 - INFO -  ID: 7271, OOD(254): 210
2025-09-05 04:48:26,649 - INFO - Boosted OOD loss: -0.0542
2025-09-05 04:48:33,048 - INFO - Boosted OOD loss: -0.0750
2025-09-05 04:48:34,670 - INFO - Boosted OOD loss: -0.0545
2025-09-05 04:48:35,761 - INFO - Boosted OOD loss: -0.0789
2025-09-05 04:48:37,380 - INFO - Boosted OOD loss: -0.1306
2025-09-05 04:48:38,466 - INFO - Boosted OOD loss: -0.0831
2025-09-05 04:48:39,025 - INFO - Boosted OOD loss: -0.0482
2025-09-05 04:48:45,427 - INFO - Boosted OOD loss: -0.0819
2025-09-05 04:48:51,302 - INFO - Boosted OOD loss: -0.0605
2025-09-05 04:48:53,983 - INFO - Boosted OOD loss: -0.1060
2025-09-05 04:48:55,063 - INFO - Boosted OOD loss: -0.0351
2025-09-05 04:48:55,616 - INFO - Boosted OOD loss: -0.0837
2025-09-05 04:49:00,427 - INFO - Boosted OOD loss: -0.0698
2025-09-05 04:49:02,582 - INFO - Boosted OOD loss: -0.0466
2025-09-05 04:49:07,395 - INFO - Boosted OOD loss: -0.0554
2025-09-05 04:49:10,073 - INFO - Boosted OOD loss: -0.0804
2025-09-05 04:49:10,624 - INFO - Boosted OOD loss: -0.0506
2025-09-05 04:49:13,312 - INFO - Boosted OOD loss: -0.1012
2025-09-05 04:49:17,050 - WARNING - No anomaly pixels (254) found in batch
2025-09-05 04:49:23,440 - INFO - Boosted OOD loss: -0.0507
2025-09-05 04:49:24,532 - INFO - Boosted OOD loss: -0.0101
2025-09-05 04:49:25,089 - INFO - Boosted OOD loss: -0.0992
2025-09-05 04:49:25,645 - INFO - Boosted OOD loss: -0.0134
2025-09-05 04:49:28,843 - INFO - Boosted OOD loss: -0.0794
2025-09-05 04:49:30,465 - INFO - Boosted OOD loss: -0.0389
2025-09-05 04:49:32,613 - INFO - Boosted OOD loss: -0.1122
2025-09-05 04:49:39,028 - INFO - Boosted OOD loss: -0.0731
2025-09-05 04:49:43,311 - INFO - Boosted OOD loss: -0.0532
2025-09-05 04:49:48,136 - INFO - Boosted OOD loss: -0.0634
2025-09-05 04:49:50,283 - INFO - Boosted OOD loss: -0.0585
2025-09-05 04:49:56,160 - INFO - Boosted OOD loss: -0.0386
2025-09-05 04:49:57,242 - INFO - Boosted OOD loss: -0.0574
2025-09-05 04:49:59,918 - INFO - Boosted OOD loss: -0.0410
2025-09-05 04:50:01,536 - INFO - Boosted OOD loss: -0.0469
2025-09-05 04:50:07,936 - INFO - Boosted OOD loss: -0.0365
2025-09-05 04:50:10,612 - WARNING - No anomaly pixels (254) found in batch
2025-09-05 04:50:11,688 - INFO - Boosted OOD loss: -0.0615
2025-09-05 04:50:13,828 - INFO - Boosted OOD loss: -0.0287
2025-09-05 04:50:19,710 - INFO - Boosted OOD loss: -0.0573
2025-09-05 04:50:20,258 - INFO - Boosted OOD loss: -0.0812
2025-09-05 04:50:20,814 - INFO - Boosted OOD loss: -0.0282
2025-09-05 04:50:22,424 - INFO - Boosted OOD loss: -0.1001
2025-09-05 04:50:24,582 - INFO - Boosted OOD loss: -0.0793
2025-09-05 04:50:25,129 - INFO - Boosted OOD loss: -0.0427
2025-09-05 04:50:26,754 - INFO - Boosted OOD loss: -0.1049
2025-09-05 04:50:28,374 - INFO - Boosted OOD loss: -0.0367
2025-09-05 04:50:34,250 - INFO - Boosted OOD loss: -0.0626
2025-09-05 04:50:35,331 - INFO - Boosted OOD loss: -0.0664
2025-09-05 04:50:36,950 - INFO - Boosted OOD loss: -0.0714
2025-09-05 04:50:39,633 - INFO - Boosted OOD loss: -0.0881
2025-09-05 04:50:40,184 - INFO - Boosted OOD loss: -0.0716
2025-09-05 04:50:41,268 - INFO - Boosted OOD loss: -0.0663
2025-09-05 04:50:46,081 - INFO - Boosted OOD loss: -0.0002
2025-09-05 04:50:47,697 - INFO - Boosted OOD loss: -0.0423
2025-09-05 04:50:48,252 - INFO - Boosted OOD loss: -0.0417
2025-09-05 04:50:51,994 - INFO - Boosted OOD loss: -0.0991
2025-09-05 04:51:01,045 - INFO - Boosted OOD loss: -0.0512
2025-09-05 04:51:04,262 - INFO - Boosted OOD loss: -0.0548
2025-09-05 04:51:04,262 - INFO - Step 30700 Loss Debug:
2025-09-05 04:51:04,262 - INFO -  CE: 1.6149
2025-09-05 04:51:04,262 - INFO -  OOD: -0.0548
2025-09-05 04:51:04,262 - INFO -  β: 64.00
2025-09-05 04:51:04,263 - INFO -  ID: 7203, OOD(254): 140
2025-09-05 04:51:04,814 - INFO - Boosted OOD loss: -0.0958
2025-09-05 04:51:06,427 - INFO - Boosted OOD loss: -0.0454
2025-09-05 04:51:11,253 - INFO - Boosted OOD loss: -0.0213
2025-09-05 04:51:11,815 - INFO - Boosted OOD loss: -0.0587
2025-09-05 04:51:13,435 - INFO - Boosted OOD loss: -0.0890
2025-09-05 04:51:16,115 - INFO - Boosted OOD loss: -0.0300
2025-09-05 04:51:18,797 - INFO - Boosted OOD loss: -0.0180
2025-09-05 04:51:23,084 - INFO - Boosted OOD loss: -0.0965
2025-09-05 04:51:24,172 - INFO - Boosted OOD loss: -0.0394
2025-09-05 04:51:25,259 - INFO - Boosted OOD loss: -0.0195
2025-09-05 04:51:28,484 - INFO - Boosted OOD loss: -0.0487
2025-09-05 04:51:29,579 - INFO - Boosted OOD loss: -0.0872
2025-09-05 04:51:34,917 - INFO - Boosted OOD loss: -0.0475
2025-09-05 04:51:38,667 - INFO - Boosted OOD loss: -0.0635
2025-09-05 04:51:41,354 - INFO - Boosted OOD loss: -0.0609
2025-09-05 04:51:42,444 - INFO - Boosted OOD loss: -0.0556
2025-09-05 04:51:47,797 - INFO - Boosted OOD loss: -0.0493
2025-09-05 04:51:48,358 - INFO - Boosted OOD loss: -0.0296
2025-09-05 04:51:54,788 - INFO - Boosted OOD loss: -0.0390
2025-09-05 04:51:56,939 - INFO - Boosted OOD loss: -0.0924
2025-09-05 04:51:58,025 - INFO - Boosted OOD loss: -0.0641
2025-09-05 04:51:58,025 - INFO - Step 30800 Loss Debug:
2025-09-05 04:51:58,025 - INFO -  CE: 1.6453
2025-09-05 04:51:58,025 - INFO -  OOD: -0.0641
2025-09-05 04:51:58,025 - INFO -  β: 64.00
2025-09-05 04:51:58,026 - INFO -  ID: 7510, OOD(254): 95
2025-09-05 04:52:00,713 - INFO - Boosted OOD loss: -0.0902
2025-09-05 04:52:02,326 - INFO - Boosted OOD loss: -0.0636
2025-09-05 04:52:03,408 - INFO - Boosted OOD loss: -0.0851
2025-09-05 04:52:06,624 - INFO - Boosted OOD loss: -0.0794
2025-09-05 04:52:07,718 - INFO - Boosted OOD loss: -0.0691
2025-09-05 04:52:09,340 - INFO - Boosted OOD loss: -0.0621
2025-09-05 04:52:11,490 - INFO - Boosted OOD loss: -0.0785
2025-09-05 04:52:15,240 - INFO - Boosted OOD loss: 0.0013
2025-09-05 04:52:16,867 - INFO - Boosted OOD loss: -0.0380
2025-09-05 04:52:19,030 - INFO - Boosted OOD loss: -0.0156
2025-09-05 04:52:21,718 - INFO - Boosted OOD loss: -0.0656
2025-09-05 04:52:23,336 - INFO - Boosted OOD loss: -0.0659
2025-09-05 04:52:24,960 - INFO - Boosted OOD loss: -0.0369
2025-09-05 04:52:24,960 - INFO - Step 30850 Loss Debug:
2025-09-05 04:52:24,960 - INFO -  CE: 1.9164
2025-09-05 04:52:24,960 - INFO -  OOD: -0.0369
2025-09-05 04:52:24,961 - INFO -  β: 64.00
2025-09-05 04:52:24,961 - INFO -  ID: 3719, OOD(254): 387
2025-09-05 04:52:26,584 - INFO - Boosted OOD loss: -0.0601
2025-09-05 04:52:32,990 - INFO - Boosted OOD loss: -0.0910
2025-09-05 04:52:40,460 - INFO - Boosted OOD loss: -0.0268
2025-09-05 04:52:43,158 - INFO - Boosted OOD loss: -0.0139
2025-09-05 04:52:45,844 - INFO - Boosted OOD loss: -0.0537
2025-09-05 04:52:47,989 - INFO - Boosted OOD loss: -0.0654
2025-09-05 04:52:50,661 - INFO - Boosted OOD loss: -0.0641
2025-09-05 04:52:51,753 - INFO - Boosted OOD loss: -0.0451
2025-09-05 04:52:51,753 - INFO - Step 30900 Loss Debug:
2025-09-05 04:52:51,754 - INFO -  CE: 1.3189
2025-09-05 04:52:51,754 - INFO -  OOD: -0.0451
2025-09-05 04:52:51,754 - INFO -  β: 64.00
2025-09-05 04:52:51,754 - INFO -  ID: 6018, OOD(254): 121
2025-09-05 04:52:53,378 - INFO - Boosted OOD loss: -0.0560
2025-09-05 04:52:54,461 - INFO - Boosted OOD loss: -0.0485
2025-09-05 04:52:57,146 - INFO - Boosted OOD loss: -0.0608
2025-09-05 04:52:58,232 - INFO - Boosted OOD loss: -0.0727
2025-09-05 04:52:59,855 - INFO - Boosted OOD loss: -0.0555
2025-09-05 04:53:03,065 - INFO - Boosted OOD loss: -0.0655
2025-09-05 04:53:05,740 - INFO - Boosted OOD loss: -0.0968
2025-09-05 04:53:12,684 - INFO - Boosted OOD loss: 0.0010
2025-09-05 04:53:19,616 - INFO - Boosted OOD loss: -0.0659
2025-09-05 04:53:23,900 - INFO - Boosted OOD loss: -0.0736
2025-09-05 04:53:24,981 - INFO - Boosted OOD loss: -0.0548
2025-09-05 04:53:28,206 - INFO - Boosted OOD loss: -0.0593
2025-09-05 04:53:29,285 - INFO - Boosted OOD loss: -0.0412
2025-09-05 04:53:32,505 - INFO - Boosted OOD loss: -0.1057
2025-09-05 04:53:37,839 - INFO - Boosted OOD loss: -0.0424
2025-09-05 04:53:45,298 - WARNING - No anomaly pixels (254) found in batch
2025-09-05 04:53:57,543 - INFO - Boosted OOD loss: -0.0386
2025-09-05 04:53:58,100 - INFO - Boosted OOD loss: -0.0602
2025-09-05 04:53:59,181 - INFO - Boosted OOD loss: -0.0620
2025-09-05 04:54:01,331 - INFO - Boosted OOD loss: -0.0409
2025-09-05 04:54:01,890 - INFO - Boosted OOD loss: -0.0177
2025-09-05 04:54:02,971 - INFO - Boosted OOD loss: -0.0554
2025-09-05 04:54:04,581 - INFO - Boosted OOD loss: -0.0654
2025-09-05 04:54:05,666 - INFO - Boosted OOD loss: -0.0213
2025-09-05 04:54:06,751 - INFO - Boosted OOD loss: -0.0442
2025-09-05 04:54:09,961 - INFO - Boosted OOD loss: -0.0550
2025-09-05 04:54:10,515 - INFO - Boosted OOD loss: -0.0223
2025-09-05 04:54:12,130 - INFO - Boosted OOD loss: -0.0742
2025-09-05 04:54:12,130 - INFO - Step 31050 Loss Debug:
2025-09-05 04:54:12,130 - INFO -  CE: 1.8832
2025-09-05 04:54:12,130 - INFO -  OOD: -0.0742
2025-09-05 04:54:12,130 - INFO -  β: 64.00
2025-09-05 04:54:12,130 - INFO -  ID: 4546, OOD(254): 361
2025-09-05 04:54:13,221 - INFO - Boosted OOD loss: -0.0230
2025-09-05 04:54:21,227 - INFO - Boosted OOD loss: -0.0732
2025-09-05 04:54:23,915 - INFO - Boosted OOD loss: -0.0457
2025-09-05 04:54:27,657 - INFO - Boosted OOD loss: -0.0078
2025-09-05 04:54:28,745 - INFO - Boosted OOD loss: -0.0668
2025-09-05 04:54:31,421 - INFO - Boosted OOD loss: -0.0329
2025-09-05 04:54:32,508 - INFO - Boosted OOD loss: -0.0388
2025-09-05 04:54:36,248 - INFO - Boosted OOD loss: -0.0372
2025-09-05 04:54:37,338 - INFO - Boosted OOD loss: -0.0629
2025-09-05 04:54:38,949 - WARNING - No anomaly pixels (254) found in batch
2025-09-05 04:54:41,615 - INFO - Boosted OOD loss: -0.0318
2025-09-05 04:54:42,703 - INFO - Boosted OOD loss: -0.0445
2025-09-05 04:54:46,979 - INFO - Boosted OOD loss: -0.0348
2025-09-05 04:54:49,663 - INFO - Boosted OOD loss: -0.0566
2025-09-05 04:54:50,226 - INFO - Boosted OOD loss: -0.0525
2025-09-05 04:54:52,906 - INFO - Boosted OOD loss: -0.0596
2025-09-05 04:54:53,985 - INFO - Boosted OOD loss: -0.0601
2025-09-05 04:55:07,807 - INFO - Boosted OOD loss: -0.0475
2025-09-05 04:55:08,360 - INFO - Boosted OOD loss: -0.0584
2025-09-05 04:55:10,508 - INFO - Boosted OOD loss: -0.0461
2025-09-05 04:55:12,655 - INFO - Boosted OOD loss: -0.0725
2025-09-05 04:55:16,924 - INFO - Boosted OOD loss: -0.0148
2025-09-05 04:55:22,796 - INFO - Boosted OOD loss: -0.0358
2025-09-05 04:55:29,203 - INFO - Boosted OOD loss: -0.0989
2025-09-05 04:55:30,821 - INFO - Boosted OOD loss: -0.0721
2025-09-05 04:55:32,435 - WARNING - No anomaly pixels (254) found in batch
2025-09-05 04:55:32,973 - INFO - Boosted OOD loss: -0.0716
2025-09-05 04:55:34,583 - INFO - Boosted OOD loss: -0.0802
2025-09-05 04:55:35,674 - INFO - Boosted OOD loss: -0.0235
2025-09-05 04:55:38,357 - INFO - Boosted OOD loss: -0.0520
2025-09-05 04:55:38,910 - INFO - Boosted OOD loss: -0.0593
2025-09-05 04:55:41,065 - INFO - Boosted OOD loss: -0.1029
2025-09-05 04:55:43,746 - INFO - Boosted OOD loss: -0.0889
2025-09-05 04:55:47,477 - INFO - Boosted OOD loss: -0.0806
2025-09-05 04:55:55,460 - INFO - Boosted OOD loss: -0.0954
2025-09-05 04:55:57,079 - INFO - Boosted OOD loss: -0.0832
2025-09-05 04:56:01,878 - INFO - Boosted OOD loss: -0.0861
2025-09-05 04:56:06,681 - INFO - Boosted OOD loss: -0.0122
2025-09-05 04:56:07,767 - INFO - Boosted OOD loss: -0.0614
2025-09-05 04:56:08,849 - INFO - Boosted OOD loss: -0.0435
2025-09-05 04:56:10,989 - INFO - Boosted OOD loss: -0.0274
2025-09-05 04:56:11,546 - INFO - Boosted OOD loss: -0.0582
2025-09-05 04:56:14,227 - INFO - Boosted OOD loss: -0.0872
2025-09-05 04:56:14,783 - INFO - Boosted OOD loss: -0.0133
2025-09-05 04:56:15,340 - INFO - Boosted OOD loss: -0.0408
2025-09-05 04:56:15,895 - INFO - Boosted OOD loss: -0.0601
2025-09-05 04:56:16,985 - INFO - Boosted OOD loss: -0.0278
2025-09-05 04:56:18,075 - INFO - Boosted OOD loss: -0.0606
2025-09-05 04:56:18,628 - INFO - Boosted OOD loss: -0.0651
2025-09-05 04:56:19,712 - INFO - Boosted OOD loss: -0.0993
2025-09-05 04:56:20,264 - INFO - Boosted OOD loss: -0.0820
2025-09-05 04:56:20,816 - INFO - Boosted OOD loss: -0.0504
2025-09-05 04:56:26,136 - WARNING - No anomaly pixels (254) found in batch
2025-09-05 04:56:27,207 - INFO - Boosted OOD loss: -0.0165
2025-09-05 04:56:27,764 - INFO - Boosted OOD loss: -0.0417
2025-09-05 04:56:30,444 - INFO - Boosted OOD loss: -0.0122
2025-09-05 04:56:35,803 - INFO - Boosted OOD loss: -0.0410
2025-09-05 04:56:36,361 - INFO - Boosted OOD loss: -0.0381
2025-09-05 04:56:36,927 - INFO - Boosted OOD loss: -0.0283
2025-09-05 04:56:39,612 - INFO - Boosted OOD loss: -0.0328
2025-09-05 04:56:46,551 - INFO - Boosted OOD loss: -0.0267
2025-09-05 04:56:49,768 - INFO - Boosted OOD loss: -0.0421
2025-09-05 04:56:54,584 - INFO - Boosted OOD loss: -0.0381
2025-09-05 04:56:57,798 - INFO - Boosted OOD loss: -0.0733
2025-09-05 04:56:59,412 - INFO - Boosted OOD loss: -0.0454
2025-09-05 04:57:02,088 - INFO - Boosted OOD loss: -0.0270
2025-09-05 04:57:03,705 - INFO - Boosted OOD loss: -0.0729
2025-09-05 04:57:09,062 - INFO - Boosted OOD loss: -0.0735
2025-09-05 04:57:14,411 - INFO - Boosted OOD loss: -0.0793
2025-09-05 04:57:16,552 - INFO - Boosted OOD loss: -0.0401
2025-09-05 04:57:18,172 - INFO - Boosted OOD loss: -0.0480
2025-09-05 04:57:19,257 - INFO - Boosted OOD loss: -0.0499
2025-09-05 04:57:19,804 - WARNING - No anomaly pixels (254) found in batch
2025-09-05 04:57:24,076 - INFO - Boosted OOD loss: -0.0229
2025-09-05 04:57:24,639 - INFO - Boosted OOD loss: -0.0651
2025-09-05 04:57:25,191 - INFO - Boosted OOD loss: -0.0344
2025-09-05 04:57:27,871 - INFO - Boosted OOD loss: -0.0759
2025-09-05 04:57:28,957 - INFO - Boosted OOD loss: -0.0596
2025-09-05 04:57:33,231 - INFO - Boosted OOD loss: -0.0940
2025-09-05 04:57:34,846 - INFO - Boosted OOD loss: -0.0080
2025-09-05 04:57:39,660 - INFO - Boosted OOD loss: -0.0602
2025-09-05 04:57:41,807 - INFO - Boosted OOD loss: -0.0658
2025-09-05 04:57:43,427 - INFO - Boosted OOD loss: -0.0252
2025-09-05 04:57:44,510 - INFO - Boosted OOD loss: -0.0666
2025-09-05 04:57:48,262 - INFO - Boosted OOD loss: -0.0712
2025-09-05 04:57:49,876 - INFO - Boosted OOD loss: -0.1098
2025-09-05 04:57:56,295 - INFO - Boosted OOD loss: -0.0683
2025-09-05 04:58:10,697 - INFO - Boosted OOD loss: -0.0662
2025-09-05 04:58:13,367 - INFO - Boosted OOD loss: -0.0761
2025-09-05 04:58:13,367 - INFO - Step 31500 Loss Debug:
2025-09-05 04:58:13,368 - INFO -  CE: 2.7623
2025-09-05 04:58:13,368 - INFO -  OOD: -0.0761
2025-09-05 04:58:13,368 - INFO -  β: 64.00
2025-09-05 04:58:13,368 - INFO -  ID: 5392, OOD(254): 42
2025-09-05 04:58:14,450 - INFO - Boosted OOD loss: -0.0368
2025-09-05 04:58:25,117 - INFO - Boosted OOD loss: -0.0710
2025-09-05 04:58:26,202 - INFO - Boosted OOD loss: -0.0548
2025-09-05 04:58:28,890 - INFO - Boosted OOD loss: -0.0488
2025-09-05 04:58:36,876 - INFO - Boosted OOD loss: -0.0458
2025-09-05 04:58:40,083 - INFO - Boosted OOD loss: -0.0377
2025-09-05 04:58:40,083 - INFO - Step 31550 Loss Debug:
2025-09-05 04:58:40,083 - INFO -  CE: 2.1491
2025-09-05 04:58:40,083 - INFO -  OOD: -0.0377
2025-09-05 04:58:40,084 - INFO -  β: 64.00
2025-09-05 04:58:40,084 - INFO -  ID: 5104, OOD(254): 209
2025-09-05 04:58:43,829 - INFO - Boosted OOD loss: -0.0971
2025-09-05 04:58:48,099 - INFO - Boosted OOD loss: -0.0601
2025-09-05 04:58:50,249 - INFO - Boosted OOD loss: -0.0622
2025-09-05 04:58:50,803 - INFO - Boosted OOD loss: 0.0047
2025-09-05 04:58:52,949 - INFO - Boosted OOD loss: -0.0366
2025-09-05 04:58:53,506 - INFO - Boosted OOD loss: -0.0400
2025-09-05 04:58:56,719 - INFO - Boosted OOD loss: -0.0495
2025-09-05 04:58:59,397 - INFO - Boosted OOD loss: -0.0563
2025-09-05 04:59:03,144 - INFO - Boosted OOD loss: -0.0452
2025-09-05 04:59:03,697 - INFO - Boosted OOD loss: -0.0580
2025-09-05 04:59:04,248 - INFO - Boosted OOD loss: -0.0567
2025-09-05 04:59:05,861 - INFO - Boosted OOD loss: -0.0782
2025-09-05 04:59:06,942 - WARNING - No anomaly pixels (254) found in batch
2025-09-05 04:59:07,484 - INFO - Boosted OOD loss: -0.0456
2025-09-05 04:59:10,159 - INFO - Boosted OOD loss: -0.0146
2025-09-05 04:59:12,836 - INFO - Boosted OOD loss: -0.0425
2025-09-05 04:59:15,505 - INFO - Boosted OOD loss: -0.0402
2025-09-05 04:59:22,965 - INFO - Boosted OOD loss: -0.0254
2025-09-05 04:59:29,916 - INFO - Boosted OOD loss: -0.0956
2025-09-05 04:59:31,002 - INFO - Boosted OOD loss: -0.0695
2025-09-05 04:59:32,083 - INFO - Boosted OOD loss: -0.0409
2025-09-05 04:59:33,168 - INFO - Boosted OOD loss: -0.0886
2025-09-05 04:59:33,726 - INFO - Boosted OOD loss: -0.0311
2025-09-05 04:59:33,727 - INFO - Step 31650 Loss Debug:
2025-09-05 04:59:33,727 - INFO -  CE: 1.5916
2025-09-05 04:59:33,727 - INFO -  OOD: -0.0311
2025-09-05 04:59:33,727 - INFO -  β: 64.00
2025-09-05 04:59:33,727 - INFO -  ID: 6263, OOD(254): 621
2025-09-05 04:59:34,278 - INFO - Boosted OOD loss: -0.0482
2025-09-05 04:59:35,358 - INFO - Boosted OOD loss: -0.0967
2025-09-05 04:59:35,905 - INFO - Boosted OOD loss: -0.0449
2025-09-05 04:59:37,523 - INFO - Boosted OOD loss: -0.0305
2025-09-05 04:59:41,800 - INFO - Boosted OOD loss: -0.0085
2025-09-05 04:59:58,837 - INFO - Boosted OOD loss: -0.0704
2025-09-05 05:00:00,442 - WARNING - No anomaly pixels (254) found in batch
2025-09-05 05:00:01,516 - INFO - Boosted OOD loss: -0.0540
2025-09-05 05:00:05,272 - INFO - Boosted OOD loss: -0.0673
2025-09-05 05:00:06,895 - INFO - Boosted OOD loss: -0.0795
2025-09-05 05:00:08,523 - INFO - Boosted OOD loss: -0.0575
2025-09-05 05:00:09,617 - INFO - Boosted OOD loss: -0.0741
2025-09-05 05:00:16,041 - INFO - Boosted OOD loss: -0.0624
2025-09-05 05:00:16,591 - INFO - Boosted OOD loss: -0.0733
2025-09-05 05:00:17,682 - INFO - Boosted OOD loss: -0.0107
2025-09-05 05:00:18,773 - INFO - Boosted OOD loss: -0.0043
2025-09-05 05:00:19,335 - INFO - Boosted OOD loss: -0.0546
2025-09-05 05:00:20,417 - INFO - Boosted OOD loss: -0.0884
2025-09-05 05:00:25,226 - INFO - Boosted OOD loss: -0.0547
2025-09-05 05:00:26,839 - INFO - Boosted OOD loss: -0.0589
2025-09-05 05:00:30,046 - INFO - Boosted OOD loss: -0.0242
2025-09-05 05:00:32,729 - INFO - Boosted OOD loss: -0.0961
2025-09-05 05:00:40,181 - INFO - Boosted OOD loss: -0.0795
2025-09-05 05:00:40,738 - INFO - Boosted OOD loss: -0.0566
2025-09-05 05:00:42,360 - INFO - Boosted OOD loss: -0.0971
2025-09-05 05:00:44,510 - INFO - Boosted OOD loss: -0.0310
2025-09-05 05:00:50,933 - INFO - Boosted OOD loss: -0.0466
2025-09-05 05:00:54,133 - WARNING - No anomaly pixels (254) found in batch
2025-09-05 05:00:56,271 - INFO - Boosted OOD loss: -0.0006
2025-09-05 05:00:57,892 - INFO - Boosted OOD loss: 0.0127
2025-09-05 05:01:00,582 - INFO - Boosted OOD loss: -0.0838
2025-09-05 05:01:02,732 - INFO - Boosted OOD loss: -0.0577
2025-09-05 05:01:03,278 - INFO - Boosted OOD loss: -0.0883
2025-09-05 05:01:04,360 - INFO - Boosted OOD loss: -0.0853
2025-09-05 05:01:05,975 - INFO - Boosted OOD loss: -0.0480
2025-09-05 05:01:08,661 - INFO - Boosted OOD loss: -0.0570
2025-09-05 05:01:12,938 - INFO - Boosted OOD loss: -0.0520
2025-09-05 05:01:14,021 - INFO - Boosted OOD loss: -0.0850
2025-09-05 05:01:16,700 - INFO - Boosted OOD loss: -0.0547
2025-09-05 05:01:18,312 - INFO - Boosted OOD loss: -0.0181
2025-09-05 05:01:20,469 - INFO - Boosted OOD loss: 0.0056
2025-09-05 05:01:21,025 - INFO - Boosted OOD loss: -0.0694
2025-09-05 05:01:21,026 - INFO - Step 31850 Loss Debug:
2025-09-05 05:01:21,026 - INFO -  CE: 1.6342
2025-09-05 05:01:21,026 - INFO -  OOD: -0.0694
2025-09-05 05:01:21,026 - INFO -  β: 64.00
2025-09-05 05:01:21,026 - INFO -  ID: 4898, OOD(254): 325
2025-09-05 05:01:25,830 - INFO - Boosted OOD loss: -0.0274
2025-09-05 05:01:26,391 - INFO - Boosted OOD loss: -0.0414
2025-09-05 05:01:26,942 - INFO - Boosted OOD loss: -0.0734
2025-09-05 05:01:29,079 - INFO - Boosted OOD loss: -0.0785
2025-09-05 05:01:31,233 - INFO - Boosted OOD loss: -0.0569
2025-09-05 05:01:32,309 - INFO - Boosted OOD loss: -0.0722
2025-09-05 05:01:33,395 - INFO - Boosted OOD loss: -0.0913
2025-09-05 05:01:39,269 - INFO - Boosted OOD loss: -0.0542
2025-09-05 05:01:40,891 - INFO - Boosted OOD loss: -0.0758
2025-09-05 05:01:41,977 - INFO - Boosted OOD loss: -0.0503
2025-09-05 05:01:43,059 - INFO - Boosted OOD loss: -0.0828
2025-09-05 05:01:45,728 - INFO - Boosted OOD loss: -0.0509
2025-09-05 05:01:47,862 - WARNING - No anomaly pixels (254) found in batch
2025-09-05 05:01:57,982 - INFO - Boosted OOD loss: -0.0600
2025-09-05 05:01:59,068 - INFO - Boosted OOD loss: -0.0688
2025-09-05 05:02:00,689 - INFO - Boosted OOD loss: -0.0928
2025-09-05 05:02:01,240 - INFO - Boosted OOD loss: -0.0590
2025-09-05 05:02:02,869 - INFO - Boosted OOD loss: -0.0226
2025-09-05 05:02:03,955 - INFO - Boosted OOD loss: -0.0821
2025-09-05 05:02:15,150 - INFO - Boosted OOD loss: -0.0299
2025-09-05 05:02:16,233 - INFO - Boosted OOD loss: -0.0673
2025-09-05 05:02:18,920 - INFO - Boosted OOD loss: -0.0380
2025-09-05 05:02:21,071 - INFO - Boosted OOD loss: -0.0335
2025-09-05 05:02:25,875 - INFO - Boosted OOD loss: -0.0990
2025-09-05 05:02:26,427 - INFO - Boosted OOD loss: -0.0344
2025-09-05 05:02:28,060 - INFO - Boosted OOD loss: -0.0641
2025-09-05 05:02:29,147 - INFO - Boosted OOD loss: -0.1116
2025-09-05 05:02:33,419 - INFO - Boosted OOD loss: -0.0724
2025-09-05 05:02:36,634 - INFO - Boosted OOD loss: -0.0325
2025-09-05 05:02:37,726 - INFO - Boosted OOD loss: -0.0190
2025-09-05 05:02:38,817 - INFO - Boosted OOD loss: -0.0858
2025-09-05 05:02:41,487 - WARNING - No anomaly pixels (254) found in batch
2025-09-05 05:02:42,552 - INFO - Boosted OOD loss: -0.1000
2025-09-05 05:02:44,166 - INFO - Boosted OOD loss: -0.0148
2025-09-05 05:02:46,328 - INFO - Boosted OOD loss: -0.0729
2025-09-05 05:02:49,545 - INFO - Boosted OOD loss: -0.0773
2025-09-05 05:02:51,158 - INFO - Boosted OOD loss: -0.0482
2025-09-05 05:02:54,910 - INFO - Boosted OOD loss: -0.0268
2025-09-05 05:02:57,590 - INFO - Boosted OOD loss: -0.0792
2025-09-05 05:03:02,400 - INFO - Boosted OOD loss: -0.0625
2025-09-05 05:03:06,680 - INFO - Boosted OOD loss: -0.0340
2025-09-05 05:03:08,301 - INFO - Boosted OOD loss: -0.1002
2025-09-05 05:03:08,302 - INFO - Step 32050 Loss Debug:
2025-09-05 05:03:08,302 - INFO -  CE: 1.4914
2025-09-05 05:03:08,302 - INFO -  OOD: -0.1002
2025-09-05 05:03:08,302 - INFO -  β: 64.00
2025-09-05 05:03:08,302 - INFO -  ID: 6722, OOD(254): 17
2025-09-05 05:03:10,443 - INFO - Boosted OOD loss: -0.0651
2025-09-05 05:03:21,679 - INFO - Updated beta to 13.13 (exp decay)
2025-09-05 05:03:23,081 - WARNING - Negative mean energy—verify E_b formula/signs
2025-09-05 05:03:23,081 - INFO - Weights updated successfully
2025-09-05 05:03:23,081 - INFO - Advanced epoch 18 - Updated beta: 13.13
2025-09-05 05:03:23,082 - INFO - Epoch 18 - Avg CE: 1.8318, Avg OOD: -0.0109, β: 64
2025-09-05 05:03:23,199 - INFO - 
Starting Epoch 19/100
2025-09-05 05:03:23,199 - INFO - ============================================================
2025-09-05 05:03:23,200 - INFO - 
Updating Hopfield boosting weights at epoch 19...
2025-09-05 05:03:24,601 - WARNING - Negative mean energy—verify E_b formula/signs
2025-09-05 05:03:24,602 - INFO - Weights updated successfully
2025-09-05 05:03:24,602 - INFO - Weight Update Debug at Epoch 19: No high-weight OOD pixels found
2025-09-05 05:03:25,580 - INFO - Boosted OOD loss: -0.1062
2025-09-05 05:03:27,695 - INFO - Boosted OOD loss: 0.0021
2025-09-05 05:03:30,879 - INFO - Boosted OOD loss: -0.0956
2025-09-05 05:03:37,264 - INFO - Boosted OOD loss: -0.0577
2025-09-05 05:03:38,344 - WARNING - No anomaly pixels (254) found in batch
2025-09-05 05:03:38,879 - INFO - Boosted OOD loss: -0.0472
2025-09-05 05:03:45,807 - INFO - Boosted OOD loss: -0.0211
2025-09-05 05:03:48,489 - INFO - Boosted OOD loss: -0.0858
2025-09-05 05:03:51,703 - INFO - Boosted OOD loss: -0.0818
2025-09-05 05:03:55,453 - INFO - Boosted OOD loss: -0.0721
2025-09-05 05:03:59,201 - INFO - Boosted OOD loss: -0.0750
2025-09-05 05:03:59,755 - INFO - Boosted OOD loss: -0.0268
2025-09-05 05:04:00,848 - INFO - Boosted OOD loss: -0.0282
2025-09-05 05:04:08,318 - INFO - Boosted OOD loss: -0.0365
2025-09-05 05:04:09,938 - INFO - Boosted OOD loss: -0.0449
2025-09-05 05:04:10,491 - INFO - Boosted OOD loss: -0.0810
2025-09-05 05:04:11,584 - INFO - Boosted OOD loss: -0.0636
2025-09-05 05:04:14,791 - INFO - Boosted OOD loss: -0.0633
2025-09-05 05:04:15,344 - INFO - Boosted OOD loss: -0.0649
2025-09-05 05:04:21,759 - INFO - Boosted OOD loss: -0.0659
2025-09-05 05:04:26,033 - INFO - Boosted OOD loss: -0.0606
2025-09-05 05:04:26,588 - INFO - Boosted OOD loss: -0.0875
2025-09-05 05:04:29,270 - INFO - Boosted OOD loss: -0.0491
2025-09-05 05:04:31,960 - INFO - Boosted OOD loss: -0.0607
2025-09-05 05:04:31,960 - INFO - Step 32200 Loss Debug:
2025-09-05 05:04:31,961 - INFO -  CE: 1.6597
2025-09-05 05:04:31,961 - INFO -  OOD: -0.0607
2025-09-05 05:04:31,961 - INFO -  β: 64.00
2025-09-05 05:04:31,961 - INFO -  ID: 6138, OOD(254): 30
2025-09-05 05:04:32,514 - INFO - Boosted OOD loss: -0.0410
2025-09-05 05:04:33,602 - INFO - Boosted OOD loss: -0.0435
2025-09-05 05:04:34,159 - INFO - Boosted OOD loss: -0.0705
2025-09-05 05:04:34,719 - INFO - Boosted OOD loss: -0.0747
2025-09-05 05:04:38,464 - INFO - Boosted OOD loss: -0.0608
2025-09-05 05:04:39,547 - INFO - Boosted OOD loss: -0.1099
2025-09-05 05:04:41,164 - INFO - Boosted OOD loss: -0.0734
2025-09-05 05:04:44,375 - INFO - Boosted OOD loss: -0.0210
2025-09-05 05:04:51,855 - INFO - Boosted OOD loss: -0.0553
2025-09-05 05:04:53,474 - INFO - Boosted OOD loss: -0.1123
2025-09-05 05:04:54,558 - INFO - Boosted OOD loss: -0.0200
2025-09-05 05:04:56,711 - INFO - Boosted OOD loss: -0.0182
2025-09-05 05:04:57,269 - INFO - Boosted OOD loss: -0.0550
2025-09-05 05:04:59,414 - INFO - Boosted OOD loss: 0.0090
2025-09-05 05:05:01,041 - INFO - Boosted OOD loss: -0.0317
2025-09-05 05:05:03,717 - INFO - Boosted OOD loss: -0.0148
2025-09-05 05:05:05,876 - INFO - Boosted OOD loss: -0.0346
2025-09-05 05:05:09,091 - INFO - Boosted OOD loss: 0.0039
2025-09-05 05:05:13,910 - INFO - Boosted OOD loss: -0.1093
2025-09-05 05:05:15,532 - INFO - Boosted OOD loss: -0.0711
2025-09-05 05:05:18,211 - INFO - Boosted OOD loss: -0.0707
2025-09-05 05:05:23,038 - INFO - Boosted OOD loss: -0.0904
2025-09-05 05:05:25,718 - INFO - Boosted OOD loss: -0.0489
2025-09-05 05:05:25,718 - INFO - Step 32300 Loss Debug:
2025-09-05 05:05:25,718 - INFO -  CE: 1.5667
2025-09-05 05:05:25,718 - INFO -  OOD: -0.0489
2025-09-05 05:05:25,718 - INFO -  β: 64.00
2025-09-05 05:05:25,718 - INFO -  ID: 6341, OOD(254): 675
2025-09-05 05:05:27,338 - INFO - Boosted OOD loss: -0.0647
2025-09-05 05:05:28,423 - INFO - Boosted OOD loss: -0.0991
2025-09-05 05:05:29,514 - INFO - Boosted OOD loss: -0.0214
2025-09-05 05:05:33,790 - INFO - Boosted OOD loss: -0.0818
2025-09-05 05:05:37,006 - INFO - Boosted OOD loss: -0.0394
2025-09-05 05:05:41,817 - INFO - Boosted OOD loss: -0.0149
2025-09-05 05:05:42,911 - INFO - Boosted OOD loss: -0.0583
2025-09-05 05:05:44,532 - INFO - Boosted OOD loss: -0.0285
2025-09-05 05:05:51,469 - INFO - Boosted OOD loss: -0.0338
2025-09-05 05:06:00,021 - INFO - Boosted OOD loss: -0.0385
2025-09-05 05:06:09,074 - INFO - Boosted OOD loss: -0.0842
2025-09-05 05:06:11,235 - INFO - Boosted OOD loss: -0.0274
2025-09-05 05:06:13,924 - INFO - Boosted OOD loss: -0.0555
2025-09-05 05:06:14,477 - INFO - Boosted OOD loss: -0.0640
2025-09-05 05:06:15,556 - INFO - Boosted OOD loss: -0.0685
2025-09-05 05:06:18,237 - INFO - Boosted OOD loss: -0.0473
2025-09-05 05:06:18,792 - INFO - Boosted OOD loss: -0.1127
2025-09-05 05:06:19,337 - INFO - Boosted OOD loss: -0.1038
2025-09-05 05:06:19,338 - INFO - Step 32400 Loss Debug:
2025-09-05 05:06:19,338 - INFO -  CE: 2.3611
2025-09-05 05:06:19,338 - INFO -  OOD: -0.1038
2025-09-05 05:06:19,338 - INFO -  β: 64.00
2025-09-05 05:06:19,338 - INFO -  ID: 6048, OOD(254): 69
2025-09-05 05:06:20,428 - INFO - Boosted OOD loss: -0.0570
2025-09-05 05:06:21,515 - INFO - Boosted OOD loss: -0.0823
2025-09-05 05:06:26,854 - INFO - Boosted OOD loss: -0.0391
2025-09-05 05:06:28,480 - INFO - Boosted OOD loss: -0.0357
2025-09-05 05:06:29,031 - INFO - Boosted OOD loss: -0.0848
2025-09-05 05:06:30,121 - INFO - Boosted OOD loss: -0.0498
2025-09-05 05:06:33,333 - INFO - Boosted OOD loss: -0.0254
2025-09-05 05:06:33,889 - INFO - Boosted OOD loss: -0.1094
2025-09-05 05:06:36,037 - INFO - Boosted OOD loss: -0.0509
2025-09-05 05:06:49,339 - INFO - Boosted OOD loss: -0.0395
2025-09-05 05:06:50,954 - INFO - Boosted OOD loss: -0.1101
2025-09-05 05:06:55,241 - INFO - Boosted OOD loss: -0.0250
2025-09-05 05:06:59,002 - INFO - Boosted OOD loss: -0.0570
2025-09-05 05:07:02,754 - INFO - Boosted OOD loss: -0.0455
2025-09-05 05:07:03,312 - INFO - Boosted OOD loss: -0.0702
2025-09-05 05:07:05,471 - INFO - Boosted OOD loss: -0.0286
2025-09-05 05:07:10,829 - INFO - Boosted OOD loss: -0.0625
2025-09-05 05:07:12,969 - WARNING - No anomaly pixels (254) found in batch
2025-09-05 05:07:15,628 - INFO - Boosted OOD loss: -0.0498
2025-09-05 05:07:16,714 - INFO - Boosted OOD loss: -0.0623
2025-09-05 05:07:22,583 - INFO - Boosted OOD loss: -0.0677
2025-09-05 05:07:26,859 - INFO - Boosted OOD loss: -0.0705
2025-09-05 05:07:29,002 - INFO - Boosted OOD loss: -0.0519
2025-09-05 05:07:29,553 - INFO - Boosted OOD loss: -0.0993
2025-09-05 05:07:30,110 - INFO - Boosted OOD loss: -0.0808
2025-09-05 05:07:35,997 - INFO - Boosted OOD loss: -0.0691
2025-09-05 05:07:37,620 - INFO - Boosted OOD loss: -0.0577
2025-09-05 05:07:39,237 - INFO - Boosted OOD loss: -0.0303
2025-09-05 05:07:40,325 - INFO - Boosted OOD loss: -0.0687
2025-09-05 05:07:42,471 - INFO - Boosted OOD loss: -0.0546
2025-09-05 05:07:52,606 - INFO - Boosted OOD loss: -0.0355
2025-09-05 05:07:55,818 - INFO - Boosted OOD loss: -0.0490
2025-09-05 05:07:56,373 - INFO - Boosted OOD loss: -0.0639
2025-09-05 05:08:00,126 - INFO - Boosted OOD loss: -0.0986
2025-09-05 05:08:01,207 - INFO - Boosted OOD loss: -0.0663
2025-09-05 05:08:01,768 - INFO - Boosted OOD loss: -0.0281
2025-09-05 05:08:02,317 - INFO - Boosted OOD loss: -0.0652
2025-09-05 05:08:05,530 - INFO - Boosted OOD loss: -0.1153
2025-09-05 05:08:06,608 - WARNING - No anomaly pixels (254) found in batch
2025-09-05 05:08:08,737 - INFO - Boosted OOD loss: -0.0707
2025-09-05 05:08:11,412 - INFO - Boosted OOD loss: -0.0868
2025-09-05 05:08:12,497 - INFO - Boosted OOD loss: -0.0518
2025-09-05 05:08:13,051 - INFO - Boosted OOD loss: -0.0717
2025-09-05 05:08:16,267 - INFO - Boosted OOD loss: -0.0038
2025-09-05 05:08:16,820 - INFO - Boosted OOD loss: -0.1015
2025-09-05 05:08:17,901 - INFO - Boosted OOD loss: -0.0692
2025-09-05 05:08:18,987 - INFO - Boosted OOD loss: -0.0811
2025-09-05 05:08:22,721 - INFO - Boosted OOD loss: -0.0529
2025-09-05 05:08:24,334 - INFO - Boosted OOD loss: -0.0229
2025-09-05 05:08:29,694 - INFO - Boosted OOD loss: -0.0124
2025-09-05 05:08:30,785 - INFO - Boosted OOD loss: -0.0772
2025-09-05 05:08:31,341 - INFO - Boosted OOD loss: -0.0712
2025-09-05 05:08:31,895 - INFO - Boosted OOD loss: -0.0289
2025-09-05 05:08:32,981 - INFO - Boosted OOD loss: -0.0541
2025-09-05 05:08:35,125 - INFO - Boosted OOD loss: -0.0392
2025-09-05 05:08:35,681 - INFO - Boosted OOD loss: -0.0715
2025-09-05 05:08:36,239 - INFO - Boosted OOD loss: -0.0747
2025-09-05 05:08:41,597 - INFO - Boosted OOD loss: -0.0361
2025-09-05 05:08:43,223 - INFO - Boosted OOD loss: -0.0811
2025-09-05 05:08:43,780 - INFO - Boosted OOD loss: -0.0449
2025-09-05 05:08:52,341 - INFO - Boosted OOD loss: -0.0642
2025-09-05 05:08:59,815 - INFO - Boosted OOD loss: -0.0275
2025-09-05 05:09:00,365 - WARNING - No anomaly pixels (254) found in batch
2025-09-05 05:09:01,969 - INFO - Boosted OOD loss: -0.0823
2025-09-05 05:09:07,307 - INFO - Boosted OOD loss: -0.0662
2025-09-05 05:09:07,860 - INFO - Boosted OOD loss: -0.0298
2025-09-05 05:09:08,415 - INFO - Boosted OOD loss: -0.0877
2025-09-05 05:09:11,090 - INFO - Boosted OOD loss: -0.0759
2025-09-05 05:09:11,641 - INFO - Boosted OOD loss: -0.0546
2025-09-05 05:09:15,918 - INFO - Boosted OOD loss: -0.0643
2025-09-05 05:09:18,596 - INFO - Boosted OOD loss: -0.0306
2025-09-05 05:09:19,686 - INFO - Boosted OOD loss: -0.0330
2025-09-05 05:09:23,428 - INFO - Boosted OOD loss: -0.0998
2025-09-05 05:09:26,106 - INFO - Boosted OOD loss: -0.0727
2025-09-05 05:09:26,658 - INFO - Boosted OOD loss: -0.0571
2025-09-05 05:09:31,466 - INFO - Boosted OOD loss: -0.0791
2025-09-05 05:09:42,122 - INFO - Boosted OOD loss: -0.0438
2025-09-05 05:09:48,531 - INFO - Boosted OOD loss: -0.0665
2025-09-05 05:09:49,083 - INFO - Boosted OOD loss: -0.0546
2025-09-05 05:09:51,224 - INFO - Boosted OOD loss: -0.0512
2025-09-05 05:09:53,891 - WARNING - No anomaly pixels (254) found in batch
2025-09-05 05:09:55,490 - INFO - Boosted OOD loss: -0.0838
2025-09-05 05:09:57,636 - INFO - Boosted OOD loss: -0.0708
2025-09-05 05:09:58,195 - INFO - Boosted OOD loss: -0.0226
2025-09-05 05:10:04,074 - INFO - Boosted OOD loss: -0.0357
2025-09-05 05:10:05,697 - INFO - Boosted OOD loss: -0.0405
2025-09-05 05:10:08,390 - INFO - Boosted OOD loss: -0.0789
2025-09-05 05:10:22,795 - INFO - Boosted OOD loss: -0.1133
2025-09-05 05:10:27,614 - INFO - Boosted OOD loss: -0.0748
2025-09-05 05:10:30,824 - INFO - Boosted OOD loss: -0.0564
2025-09-05 05:10:32,971 - INFO - Boosted OOD loss: -0.0543
2025-09-05 05:10:35,646 - INFO - Boosted OOD loss: -0.0416
2025-09-05 05:10:36,203 - INFO - Boosted OOD loss: -0.0878
2025-09-05 05:10:39,941 - INFO - Boosted OOD loss: -0.0130
2025-09-05 05:10:43,167 - INFO - Boosted OOD loss: -0.0205
2025-09-05 05:10:45,849 - INFO - Boosted OOD loss: -0.0306
2025-09-05 05:10:47,463 - WARNING - No anomaly pixels (254) found in batch
2025-09-05 05:10:49,603 - INFO - Boosted OOD loss: -0.0658
2025-09-05 05:10:56,001 - INFO - Boosted OOD loss: -0.1077
2025-09-05 05:11:00,279 - INFO - Boosted OOD loss: -0.0798
2025-09-05 05:11:01,369 - INFO - Boosted OOD loss: -0.0449
2025-09-05 05:11:03,522 - INFO - Boosted OOD loss: -0.0972
2025-09-05 05:11:04,073 - INFO - Boosted OOD loss: -0.0640
2025-09-05 05:11:07,282 - INFO - Boosted OOD loss: -0.0417
2025-09-05 05:11:12,093 - INFO - Boosted OOD loss: -0.0332
2025-09-05 05:11:15,315 - INFO - Boosted OOD loss: -0.0381
2025-09-05 05:11:15,863 - INFO - Boosted OOD loss: -0.0804
2025-09-05 05:11:16,954 - INFO - Boosted OOD loss: -0.0384
2025-09-05 05:11:18,568 - INFO - Boosted OOD loss: -0.0701
2025-09-05 05:11:19,649 - INFO - Boosted OOD loss: -0.0807
2025-09-05 05:11:22,865 - INFO - Boosted OOD loss: -0.0700
2025-09-05 05:11:25,554 - INFO - Boosted OOD loss: -0.0286
2025-09-05 05:11:28,234 - INFO - Boosted OOD loss: -0.1021
2025-09-05 05:11:30,376 - INFO - Boosted OOD loss: -0.0161
2025-09-05 05:11:33,588 - INFO - Boosted OOD loss: -0.0768
2025-09-05 05:11:34,144 - INFO - Boosted OOD loss: -0.0762
2025-09-05 05:11:38,963 - INFO - Boosted OOD loss: -0.0925
2025-09-05 05:11:40,583 - INFO - Boosted OOD loss: -0.0327
2025-09-05 05:11:41,132 - WARNING - No anomaly pixels (254) found in batch
2025-09-05 05:11:41,668 - INFO - Boosted OOD loss: -0.0802
2025-09-05 05:11:46,460 - INFO - Boosted OOD loss: -0.0404
2025-09-05 05:11:47,548 - INFO - Boosted OOD loss: -0.0550
2025-09-05 05:11:48,100 - INFO - Boosted OOD loss: -0.0441
2025-09-05 05:11:48,652 - INFO - Boosted OOD loss: -0.0139
2025-09-05 05:11:49,737 - INFO - Boosted OOD loss: -0.0487
2025-09-05 05:11:54,025 - INFO - Boosted OOD loss: -0.0258
2025-09-05 05:11:56,710 - INFO - Boosted OOD loss: -0.0614
2025-09-05 05:11:59,392 - INFO - Boosted OOD loss: -0.0782
2025-09-05 05:12:08,991 - INFO - Boosted OOD loss: -0.0611
2025-09-05 05:12:13,802 - INFO - Boosted OOD loss: -0.0600
2025-09-05 05:12:18,612 - INFO - Boosted OOD loss: -0.0571
2025-09-05 05:12:19,163 - INFO - Boosted OOD loss: -0.0375
2025-09-05 05:12:21,316 - INFO - Boosted OOD loss: -0.0655
2025-09-05 05:12:22,933 - INFO - Boosted OOD loss: -0.0401
2025-09-05 05:12:27,738 - INFO - Boosted OOD loss: -0.0653
2025-09-05 05:12:29,884 - INFO - Boosted OOD loss: -0.0949
2025-09-05 05:12:30,976 - INFO - Boosted OOD loss: -0.0284
2025-09-05 05:12:31,530 - INFO - Boosted OOD loss: -0.0187
2025-09-05 05:12:32,622 - INFO - Boosted OOD loss: -0.0489
2025-09-05 05:12:33,702 - INFO - Boosted OOD loss: -0.0357
2025-09-05 05:12:34,778 - WARNING - No anomaly pixels (254) found in batch
2025-09-05 05:12:35,847 - INFO - Boosted OOD loss: -0.0511
2025-09-05 05:12:37,987 - INFO - Boosted OOD loss: -0.0609
2025-09-05 05:12:40,135 - INFO - Boosted OOD loss: -0.0873
2025-09-05 05:12:41,755 - INFO - Boosted OOD loss: -0.0797
2025-09-05 05:12:44,430 - INFO - Boosted OOD loss: -0.0598
2025-09-05 05:12:50,822 - INFO - Boosted OOD loss: -0.0534
2025-09-05 05:12:52,440 - INFO - Boosted OOD loss: -0.0183
2025-09-05 05:12:54,588 - INFO - Boosted OOD loss: -0.0541
2025-09-05 05:13:00,468 - INFO - Boosted OOD loss: -0.0766
2025-09-05 05:13:01,549 - INFO - Boosted OOD loss: -0.0662
2025-09-05 05:13:01,549 - INFO - Step 33150 Loss Debug:
2025-09-05 05:13:01,549 - INFO -  CE: 1.8276
2025-09-05 05:13:01,549 - INFO -  OOD: -0.0662
2025-09-05 05:13:01,549 - INFO -  β: 64.00
2025-09-05 05:13:01,549 - INFO -  ID: 8148, OOD(254): 6
2025-09-05 05:13:02,101 - INFO - Boosted OOD loss: -0.0800
2025-09-05 05:13:03,182 - INFO - Boosted OOD loss: -0.0893
2025-09-05 05:13:05,859 - INFO - Boosted OOD loss: -0.0748
2025-09-05 05:13:06,411 - INFO - Boosted OOD loss: -0.0796
2025-09-05 05:13:07,492 - INFO - Boosted OOD loss: -0.0284
2025-09-05 05:13:14,426 - INFO - Boosted OOD loss: -0.0559
2025-09-05 05:13:16,040 - INFO - Boosted OOD loss: -0.0524
2025-09-05 05:13:16,597 - INFO - Boosted OOD loss: -0.1009
2025-09-05 05:13:18,743 - INFO - Boosted OOD loss: -0.0848
2025-09-05 05:13:20,894 - INFO - Boosted OOD loss: -0.0990
2025-09-05 05:13:21,985 - INFO - Boosted OOD loss: -0.0422
2025-09-05 05:13:24,148 - INFO - Boosted OOD loss: -0.0350
2025-09-05 05:13:25,770 - INFO - Boosted OOD loss: -0.1033
2025-09-05 05:13:28,444 - WARNING - No anomaly pixels (254) found in batch
2025-09-05 05:13:28,981 - INFO - Boosted OOD loss: -0.0789
2025-09-05 05:13:30,070 - INFO - Boosted OOD loss: -0.0725
2025-09-05 05:13:31,146 - INFO - Boosted OOD loss: -0.1073
2025-09-05 05:13:34,878 - INFO - Boosted OOD loss: -0.0740
2025-09-05 05:13:36,491 - INFO - Boosted OOD loss: -0.0594
2025-09-05 05:13:39,715 - INFO - Boosted OOD loss: -0.0211
2025-09-05 05:13:44,000 - INFO - Boosted OOD loss: -0.0404
2025-09-05 05:13:45,621 - INFO - Boosted OOD loss: -0.0620
2025-09-05 05:13:48,309 - INFO - Boosted OOD loss: -0.0617
2025-09-05 05:13:49,383 - INFO - Boosted OOD loss: -0.0895
2025-09-05 05:13:53,120 - INFO - Boosted OOD loss: -0.0782
2025-09-05 05:13:54,211 - INFO - Boosted OOD loss: -0.0072
2025-09-05 05:13:56,891 - INFO - Boosted OOD loss: -0.0169
2025-09-05 05:13:57,974 - INFO - Boosted OOD loss: -0.0770
2025-09-05 05:13:59,059 - INFO - Boosted OOD loss: -0.0285
2025-09-05 05:14:01,220 - INFO - Boosted OOD loss: -0.0561
2025-09-05 05:14:03,899 - INFO - Boosted OOD loss: -0.0835
2025-09-05 05:14:06,045 - INFO - Boosted OOD loss: -0.0509
2025-09-05 05:14:07,665 - INFO - Boosted OOD loss: -0.0298
2025-09-05 05:14:08,750 - INFO - Boosted OOD loss: -0.0445
2025-09-05 05:14:09,828 - INFO - Boosted OOD loss: -0.0598
2025-09-05 05:14:13,583 - INFO - Boosted OOD loss: -0.0544
2025-09-05 05:14:18,919 - INFO - Boosted OOD loss: -0.0447
2025-09-05 05:14:20,536 - INFO - Boosted OOD loss: -0.0728
2025-09-05 05:14:22,142 - WARNING - No anomaly pixels (254) found in batch
2025-09-05 05:14:26,401 - INFO - Boosted OOD loss: -0.0356
2025-09-05 05:14:26,950 - INFO - Boosted OOD loss: -0.0888
2025-09-05 05:14:28,566 - INFO - Boosted OOD loss: -0.0316
2025-09-05 05:14:31,772 - INFO - Boosted OOD loss: -0.0602
2025-09-05 05:14:32,321 - INFO - Boosted OOD loss: -0.0911
2025-09-05 05:14:36,064 - INFO - Boosted OOD loss: -0.0580
2025-09-05 05:14:36,620 - INFO - Boosted OOD loss: -0.0687
2025-09-05 05:14:38,241 - INFO - Boosted OOD loss: -0.0641
2025-09-05 05:14:39,331 - INFO - Boosted OOD loss: -0.0698
2025-09-05 05:14:42,013 - INFO - Boosted OOD loss: -0.0425
2025-09-05 05:14:44,684 - INFO - Boosted OOD loss: -0.0494
2025-09-05 05:14:45,241 - INFO - Boosted OOD loss: -0.0949
2025-09-05 05:14:56,428 - INFO - Boosted OOD loss: -0.0030
2025-09-05 05:14:57,523 - INFO - Boosted OOD loss: -0.0142
2025-09-05 05:14:58,606 - INFO - Boosted OOD loss: -0.0512
2025-09-05 05:15:02,885 - INFO - Boosted OOD loss: -0.0668
2025-09-05 05:15:05,040 - INFO - Boosted OOD loss: -0.0348
2025-09-05 05:15:06,660 - INFO - Boosted OOD loss: -0.0937
2025-09-05 05:15:07,746 - INFO - Boosted OOD loss: -0.0347
2025-09-05 05:15:15,739 - INFO - Boosted OOD loss: -0.0714
2025-09-05 05:15:15,739 - INFO - Step 33400 Loss Debug:
2025-09-05 05:15:15,740 - INFO -  CE: 1.7517
2025-09-05 05:15:15,740 - INFO -  OOD: -0.0714
2025-09-05 05:15:15,740 - INFO -  β: 64.00
2025-09-05 05:15:15,740 - INFO -  ID: 5592, OOD(254): 44
2025-09-05 05:15:17,889 - INFO - Boosted OOD loss: -0.0267
2025-09-05 05:15:21,640 - INFO - Boosted OOD loss: -0.0614
2025-09-05 05:15:26,448 - INFO - Boosted OOD loss: -0.0458
2025-09-05 05:15:29,659 - INFO - Boosted OOD loss: -0.0592
2025-09-05 05:15:31,807 - INFO - Boosted OOD loss: -0.0508
2025-09-05 05:15:41,408 - INFO - Boosted OOD loss: -0.0599
2025-09-05 05:15:42,487 - INFO - Boosted OOD loss: -0.0764
2025-09-05 05:15:42,488 - INFO - Step 33450 Loss Debug:
2025-09-05 05:15:42,488 - INFO -  CE: 1.7700
2025-09-05 05:15:42,488 - INFO -  OOD: -0.0764
2025-09-05 05:15:42,488 - INFO -  β: 64.00
2025-09-05 05:15:42,488 - INFO -  ID: 5100, OOD(254): 31
2025-09-05 05:15:43,574 - INFO - Boosted OOD loss: -0.1242
2025-09-05 05:15:45,709 - INFO - Boosted OOD loss: -0.0830
2025-09-05 05:15:46,792 - INFO - Boosted OOD loss: 0.0167
2025-09-05 05:15:47,887 - INFO - Boosted OOD loss: -0.0650
2025-09-05 05:15:53,777 - INFO - Boosted OOD loss: -0.0538
2025-09-05 05:15:54,333 - INFO - Boosted OOD loss: -0.0791
2025-09-05 05:15:59,137 - INFO - Boosted OOD loss: -0.0502
2025-09-05 05:16:04,469 - INFO - Boosted OOD loss: -0.0599
2025-09-05 05:16:07,674 - INFO - Boosted OOD loss: -0.0658
2025-09-05 05:16:08,765 - INFO - Boosted OOD loss: -0.0380
2025-09-05 05:16:09,310 - WARNING - No anomaly pixels (254) found in batch
2025-09-05 05:16:09,853 - INFO - Boosted OOD loss: -0.0389
2025-09-05 05:16:12,538 - INFO - Boosted OOD loss: -0.0883
2025-09-05 05:16:14,156 - INFO - Boosted OOD loss: -0.0056
2025-09-05 05:16:15,246 - INFO - Boosted OOD loss: -0.0431
2025-09-05 05:16:18,476 - INFO - Boosted OOD loss: -0.0273
2025-09-05 05:16:20,643 - INFO - Boosted OOD loss: -0.0310
2025-09-05 05:16:24,399 - INFO - Boosted OOD loss: -0.0938
2025-09-05 05:16:25,485 - INFO - Boosted OOD loss: -0.0881
2025-09-05 05:16:26,569 - INFO - Boosted OOD loss: -0.0723
2025-09-05 05:16:31,906 - INFO - Boosted OOD loss: -0.0667
2025-09-05 05:16:32,455 - INFO - Boosted OOD loss: -0.0935
2025-09-05 05:16:33,010 - INFO - Boosted OOD loss: -0.0623
2025-09-05 05:16:34,640 - INFO - Boosted OOD loss: -0.0358
2025-09-05 05:16:37,313 - INFO - Boosted OOD loss: -0.1087
2025-09-05 05:16:38,392 - INFO - Boosted OOD loss: -0.1107
2025-09-05 05:16:38,945 - INFO - Boosted OOD loss: -0.0672
2025-09-05 05:16:42,686 - INFO - Boosted OOD loss: -0.0590
2025-09-05 05:16:43,766 - INFO - Boosted OOD loss: -0.0752
2025-09-05 05:16:44,856 - INFO - Boosted OOD loss: -0.0383
2025-09-05 05:16:45,945 - INFO - Boosted OOD loss: -0.0737
2025-09-05 05:16:48,095 - INFO - Boosted OOD loss: -0.0055
2025-09-05 05:16:51,850 - INFO - Boosted OOD loss: -0.0280
2025-09-05 05:16:53,999 - INFO - Boosted OOD loss: -0.0614
2025-09-05 05:16:56,139 - INFO - Boosted OOD loss: -0.0643
2025-09-05 05:17:01,477 - INFO - Boosted OOD loss: -0.0458
2025-09-05 05:17:03,091 - WARNING - No anomaly pixels (254) found in batch
2025-09-05 05:17:07,352 - INFO - Boosted OOD loss: -0.0300
2025-09-05 05:17:10,565 - INFO - Boosted OOD loss: -0.0680
2025-09-05 05:17:11,649 - INFO - Boosted OOD loss: -0.0509
2025-09-05 05:17:19,641 - INFO - Boosted OOD loss: -0.0518
2025-09-05 05:17:20,189 - INFO - Boosted OOD loss: -0.0373
2025-09-05 05:17:21,804 - INFO - Boosted OOD loss: -0.0435
2025-09-05 05:17:23,425 - INFO - Boosted OOD loss: -0.0674
2025-09-05 05:17:34,610 - INFO - Boosted OOD loss: -0.0864
2025-09-05 05:17:35,688 - INFO - Boosted OOD loss: -0.0357
2025-09-05 05:17:44,764 - INFO - Boosted OOD loss: -0.0679
2025-09-05 05:17:46,380 - INFO - Boosted OOD loss: -0.0838
2025-09-05 05:17:56,508 - INFO - Boosted OOD loss: -0.0861
2025-09-05 05:17:56,509 - INFO - Step 33700 Loss Debug:
2025-09-05 05:17:56,509 - INFO -  CE: 1.5671
2025-09-05 05:17:56,509 - INFO -  OOD: -0.0861
2025-09-05 05:17:56,509 - INFO -  β: 64.00
2025-09-05 05:17:56,509 - INFO -  ID: 7552, OOD(254): 28
2025-09-05 05:17:57,590 - INFO - Boosted OOD loss: -0.0651
2025-09-05 05:17:59,739 - INFO - Boosted OOD loss: -0.0711
2025-09-05 05:18:00,825 - INFO - Boosted OOD loss: -0.0436
2025-09-05 05:18:02,440 - INFO - Boosted OOD loss: -0.0751
2025-09-05 05:18:06,724 - INFO - Boosted OOD loss: -0.0251
2025-09-05 05:18:08,343 - INFO - Boosted OOD loss: -0.0925
2025-09-05 05:18:12,102 - INFO - Boosted OOD loss: -0.0638
2025-09-05 05:18:12,659 - INFO - Boosted OOD loss: -0.0687
2025-09-05 05:18:16,400 - INFO - Boosted OOD loss: -0.0415
2025-09-05 05:18:21,213 - INFO - Boosted OOD loss: -0.0850
2025-09-05 05:18:21,768 - INFO - Boosted OOD loss: -0.0447
2025-09-05 05:18:23,385 - INFO - Boosted OOD loss: -0.0072
2025-09-05 05:18:23,385 - INFO - Step 33750 Loss Debug:
2025-09-05 05:18:23,385 - INFO -  CE: 2.3304
2025-09-05 05:18:23,385 - INFO -  OOD: -0.0072
2025-09-05 05:18:23,385 - INFO -  β: 64.00
2025-09-05 05:18:23,385 - INFO -  ID: 5496, OOD(254): 2694
2025-09-05 05:18:29,794 - INFO - Boosted OOD loss: -0.0782
2025-09-05 05:18:30,878 - INFO - Boosted OOD loss: -0.0268
2025-09-05 05:18:33,564 - INFO - Boosted OOD loss: -0.0492
2025-09-05 05:18:35,175 - INFO - Boosted OOD loss: -0.0731
2025-09-05 05:18:36,798 - INFO - Boosted OOD loss: -0.0385
2025-09-05 05:18:40,024 - INFO - Boosted OOD loss: -0.0894
2025-09-05 05:18:41,639 - INFO - Boosted OOD loss: -0.1242
2025-09-05 05:18:42,195 - INFO - Boosted OOD loss: -0.0465
2025-09-05 05:18:44,871 - INFO - Boosted OOD loss: -0.0230
2025-09-05 05:18:46,492 - INFO - Boosted OOD loss: -0.1115
2025-09-05 05:18:50,234 - WARNING - No anomaly pixels (254) found in batch
2025-09-05 05:18:52,909 - INFO - Boosted OOD loss: -0.0672
2025-09-05 05:18:54,519 - INFO - Boosted OOD loss: -0.0935
2025-09-05 05:18:59,865 - INFO - Boosted OOD loss: -0.0618
2025-09-05 05:19:00,952 - INFO - Boosted OOD loss: 0.0068
2025-09-05 05:19:02,043 - INFO - Boosted OOD loss: -0.0271
2025-09-05 05:19:07,390 - INFO - Boosted OOD loss: -0.0182
2025-09-05 05:19:09,542 - INFO - Boosted OOD loss: -0.0229
2025-09-05 05:19:12,223 - INFO - Boosted OOD loss: -0.0362
2025-09-05 05:19:13,315 - INFO - Boosted OOD loss: -0.0398
2025-09-05 05:19:19,715 - INFO - Boosted OOD loss: -0.0682
2025-09-05 05:19:20,825 - INFO - Updated beta to 12.99 (exp decay)
2025-09-05 05:19:22,228 - WARNING - Negative mean energy—verify E_b formula/signs
2025-09-05 05:19:22,228 - INFO - Weights updated successfully
2025-09-05 05:19:22,228 - INFO - Advanced epoch 19 - Updated beta: 12.99
2025-09-05 05:19:22,229 - INFO - Epoch 19 - Avg CE: 1.8358, Avg OOD: -0.0115, β: 64
2025-09-05 05:19:22,339 - INFO - 
Starting Epoch 20/100
2025-09-05 05:19:22,340 - INFO - ============================================================
2025-09-05 05:19:22,340 - INFO - 
Updating Hopfield boosting weights at epoch 20...
2025-09-05 05:19:23,742 - WARNING - Negative mean energy—verify E_b formula/signs
2025-09-05 05:19:23,742 - INFO - Weights updated successfully
2025-09-05 05:19:23,743 - INFO - Weight Update Debug at Epoch 20: No high-weight OOD pixels found
2025-09-05 05:19:26,371 - INFO - Boosted OOD loss: -0.0489
2025-09-05 05:19:26,917 - INFO - Boosted OOD loss: -0.0595
2025-09-05 05:19:27,983 - INFO - Boosted OOD loss: -0.0250
2025-09-05 05:19:30,117 - INFO - Boosted OOD loss: -0.0744
2025-09-05 05:19:31,190 - INFO - Boosted OOD loss: -0.0413
2025-09-05 05:19:33,855 - INFO - Boosted OOD loss: -0.0295
2025-09-05 05:19:36,528 - INFO - Boosted OOD loss: -0.0232
2025-09-05 05:19:37,611 - INFO - Boosted OOD loss: -0.0794
2025-09-05 05:19:38,168 - INFO - Boosted OOD loss: -0.0515
2025-09-05 05:19:40,312 - INFO - Boosted OOD loss: -0.0395
2025-09-05 05:19:42,989 - INFO - Boosted OOD loss: -0.0787
2025-09-05 05:19:45,672 - INFO - Boosted OOD loss: -0.1303
2025-09-05 05:19:47,288 - INFO - Boosted OOD loss: -0.0327
2025-09-05 05:19:47,288 - INFO - Step 33900 Loss Debug:
2025-09-05 05:19:47,288 - INFO -  CE: 1.5289
2025-09-05 05:19:47,288 - INFO -  OOD: -0.0327
2025-09-05 05:19:47,288 - INFO -  β: 64.00
2025-09-05 05:19:47,288 - INFO -  ID: 7099, OOD(254): 573
2025-09-05 05:19:48,375 - INFO - Boosted OOD loss: -0.0472
2025-09-05 05:19:50,528 - INFO - Boosted OOD loss: -0.0242
2025-09-05 05:19:51,085 - INFO - Boosted OOD loss: -0.0739
2025-09-05 05:19:52,167 - INFO - Boosted OOD loss: -0.0885
2025-09-05 05:19:52,722 - INFO - Boosted OOD loss: -0.0657
2025-09-05 05:19:54,337 - INFO - Boosted OOD loss: -0.0607
2025-09-05 05:19:55,961 - INFO - Boosted OOD loss: -0.0713
2025-09-05 05:19:56,519 - INFO - Boosted OOD loss: -0.0857
2025-09-05 05:19:57,606 - INFO - Boosted OOD loss: -0.0624
2025-09-05 05:19:58,162 - INFO - Boosted OOD loss: -0.0666
2025-09-05 05:19:59,247 - INFO - Boosted OOD loss: -0.0705
2025-09-05 05:20:00,329 - INFO - Boosted OOD loss: -0.0632
2025-09-05 05:20:01,418 - INFO - Boosted OOD loss: -0.0491
2025-09-05 05:20:03,034 - INFO - Boosted OOD loss: -0.0567
2025-09-05 05:20:03,580 - INFO - Boosted OOD loss: -0.0606
2025-09-05 05:20:04,665 - INFO - Boosted OOD loss: -0.0417
2025-09-05 05:20:06,828 - INFO - Boosted OOD loss: -0.1092
2025-09-05 05:20:08,990 - INFO - Boosted OOD loss: -0.0325
2025-09-05 05:20:10,084 - INFO - Boosted OOD loss: -0.0419
2025-09-05 05:20:11,176 - INFO - Boosted OOD loss: -0.0528
2025-09-05 05:20:12,266 - INFO - Boosted OOD loss: -0.0224
2025-09-05 05:20:13,353 - INFO - Boosted OOD loss: -0.0665
2025-09-05 05:20:14,446 - INFO - Boosted OOD loss: -0.1076
2025-09-05 05:20:14,446 - INFO - Step 33950 Loss Debug:
2025-09-05 05:20:14,446 - INFO -  CE: 2.1771
2025-09-05 05:20:14,446 - INFO -  OOD: -0.1076
2025-09-05 05:20:14,447 - INFO -  β: 64.00
2025-09-05 05:20:14,447 - INFO -  ID: 6789, OOD(254): 136
2025-09-05 05:20:20,330 - INFO - Boosted OOD loss: -0.0457
2025-09-05 05:20:21,960 - INFO - Boosted OOD loss: -0.0299
2025-09-05 05:20:26,240 - INFO - Boosted OOD loss: -0.0367
2025-09-05 05:20:28,918 - INFO - Boosted OOD loss: -0.0431
2025-09-05 05:20:29,472 - INFO - Boosted OOD loss: -0.0068
2025-09-05 05:20:35,877 - INFO - Boosted OOD loss: -0.0978
2025-09-05 05:20:36,974 - INFO - Boosted OOD loss: -0.0372
2025-09-05 05:20:41,250 - WARNING - No anomaly pixels (254) found in batch
2025-09-05 05:20:54,557 - INFO - Boosted OOD loss: -0.0344
2025-09-05 05:20:55,111 - INFO - Boosted OOD loss: -0.0636
2025-09-05 05:20:56,194 - INFO - Boosted OOD loss: -0.0406
2025-09-05 05:20:57,811 - INFO - Boosted OOD loss: -0.0405
2025-09-05 05:20:58,365 - INFO - Boosted OOD loss: -0.0648
2025-09-05 05:20:58,918 - INFO - Boosted OOD loss: -0.0469
2025-09-05 05:21:02,136 - INFO - Boosted OOD loss: -0.0533
2025-09-05 05:21:02,691 - INFO - Boosted OOD loss: -0.0637
2025-09-05 05:21:03,240 - INFO - Boosted OOD loss: -0.0872
2025-09-05 05:21:03,797 - INFO - Boosted OOD loss: -0.0632
2025-09-05 05:21:04,877 - INFO - Boosted OOD loss: -0.0836
2025-09-05 05:21:07,561 - INFO - Boosted OOD loss: -0.0793
2025-09-05 05:21:09,178 - INFO - Boosted OOD loss: -0.0522
2025-09-05 05:21:12,934 - INFO - Boosted OOD loss: -0.0580
2025-09-05 05:21:14,026 - INFO - Boosted OOD loss: -0.0654
2025-09-05 05:21:15,112 - INFO - Boosted OOD loss: -0.0643
2025-09-05 05:21:16,204 - INFO - Boosted OOD loss: -0.0801
2025-09-05 05:21:18,347 - INFO - Boosted OOD loss: -0.0432
2025-09-05 05:21:20,499 - INFO - Boosted OOD loss: -0.0624
2025-09-05 05:21:21,574 - INFO - Boosted OOD loss: -0.0709
2025-09-05 05:21:24,793 - INFO - Boosted OOD loss: -0.0088
2025-09-05 05:21:27,479 - INFO - Boosted OOD loss: -0.0637
2025-09-05 05:21:28,568 - INFO - Boosted OOD loss: -0.0667
2025-09-05 05:21:30,187 - INFO - Boosted OOD loss: -0.0638
2025-09-05 05:21:31,271 - INFO - Boosted OOD loss: -0.0194
2025-09-05 05:21:33,973 - INFO - Boosted OOD loss: -0.0522
2025-09-05 05:21:34,527 - INFO - Boosted OOD loss: -0.0464
2025-09-05 05:21:35,082 - INFO - Boosted OOD loss: -0.0405
2025-09-05 05:21:35,082 - INFO - Step 34100 Loss Debug:
2025-09-05 05:21:35,082 - INFO -  CE: 2.0505
2025-09-05 05:21:35,082 - INFO -  OOD: -0.0405
2025-09-05 05:21:35,082 - INFO -  β: 64.00
2025-09-05 05:21:35,082 - INFO -  ID: 6919, OOD(254): 215
2025-09-05 05:21:38,824 - INFO - Boosted OOD loss: -0.0169
2025-09-05 05:21:39,920 - INFO - Boosted OOD loss: -0.0477
2025-09-05 05:21:41,001 - INFO - Boosted OOD loss: -0.0841
2025-09-05 05:21:43,154 - INFO - Boosted OOD loss: -0.0499
2025-09-05 05:21:50,109 - INFO - Boosted OOD loss: -0.0684
2025-09-05 05:21:51,196 - INFO - Boosted OOD loss: -0.0311
2025-09-05 05:21:52,289 - INFO - Boosted OOD loss: -0.0327
2025-09-05 05:21:53,368 - INFO - Boosted OOD loss: -0.0730
2025-09-05 05:22:01,382 - INFO - Boosted OOD loss: -0.0756
2025-09-05 05:22:02,993 - INFO - Boosted OOD loss: -0.0741
2025-09-05 05:22:06,211 - INFO - Boosted OOD loss: -0.0904
2025-09-05 05:22:09,952 - INFO - Boosted OOD loss: -0.1173
2025-09-05 05:22:11,577 - INFO - Boosted OOD loss: -0.0523
2025-09-05 05:22:13,730 - INFO - Boosted OOD loss: -0.0476
2025-09-05 05:22:14,284 - INFO - Boosted OOD loss: -0.0796
2025-09-05 05:22:16,963 - INFO - Boosted OOD loss: -0.0456
2025-09-05 05:22:18,047 - INFO - Boosted OOD loss: -0.0354
2025-09-05 05:22:19,663 - INFO - Boosted OOD loss: -0.0187
2025-09-05 05:22:21,827 - INFO - Boosted OOD loss: -0.0203
2025-09-05 05:22:22,385 - INFO - Boosted OOD loss: -0.1116
2025-09-05 05:22:26,666 - INFO - Boosted OOD loss: -0.0065
2025-09-05 05:22:27,220 - INFO - Boosted OOD loss: -0.0411
2025-09-05 05:22:28,303 - INFO - Boosted OOD loss: -0.0634
2025-09-05 05:22:28,858 - INFO - Boosted OOD loss: -0.0532
2025-09-05 05:22:28,859 - INFO - Step 34200 Loss Debug:
2025-09-05 05:22:28,859 - INFO -  CE: 1.6647
2025-09-05 05:22:28,859 - INFO -  OOD: -0.0532
2025-09-05 05:22:28,859 - INFO -  β: 64.00
2025-09-05 05:22:28,859 - INFO -  ID: 5714, OOD(254): 223
2025-09-05 05:22:32,614 - INFO - Boosted OOD loss: -0.0359
2025-09-05 05:22:34,767 - INFO - Boosted OOD loss: -0.0700
2025-09-05 05:22:37,440 - INFO - Boosted OOD loss: -0.0749
2025-09-05 05:22:39,594 - INFO - Boosted OOD loss: -0.0444
2025-09-05 05:22:51,319 - INFO - Boosted OOD loss: 0.0568
2025-09-05 05:22:51,877 - INFO - Boosted OOD loss: -0.0726
2025-09-05 05:22:54,027 - INFO - Boosted OOD loss: -0.0996
2025-09-05 05:22:55,643 - INFO - Boosted OOD loss: -0.0340
2025-09-05 05:22:55,643 - INFO - Step 34250 Loss Debug:
2025-09-05 05:22:55,643 - INFO -  CE: 2.7427
2025-09-05 05:22:55,643 - INFO -  OOD: -0.0340
2025-09-05 05:22:55,643 - INFO -  β: 64.00
2025-09-05 05:22:55,643 - INFO -  ID: 6824, OOD(254): 844
2025-09-05 05:23:07,373 - INFO - Boosted OOD loss: -0.0746
2025-09-05 05:23:10,585 - INFO - Boosted OOD loss: -0.0835
2025-09-05 05:23:12,208 - INFO - Boosted OOD loss: -0.0736
2025-09-05 05:23:12,766 - INFO - Boosted OOD loss: 0.0055
2025-09-05 05:23:14,392 - INFO - Boosted OOD loss: -0.0379
2025-09-05 05:23:17,074 - INFO - Boosted OOD loss: -0.0605
2025-09-05 05:23:21,875 - INFO - Boosted OOD loss: -0.0636
2025-09-05 05:23:22,421 - WARNING - No anomaly pixels (254) found in batch
2025-09-05 05:23:25,083 - INFO - Boosted OOD loss: -0.0652
2025-09-05 05:23:25,635 - INFO - Boosted OOD loss: -0.0673
2025-09-05 05:23:28,313 - INFO - Boosted OOD loss: -0.0437
2025-09-05 05:23:32,068 - INFO - Boosted OOD loss: -0.1044
2025-09-05 05:23:35,275 - INFO - Boosted OOD loss: -0.0196
2025-09-05 05:23:36,907 - INFO - Boosted OOD loss: -0.0848
2025-09-05 05:23:37,987 - INFO - Boosted OOD loss: -0.0789
2025-09-05 05:23:39,067 - INFO - Boosted OOD loss: -0.0305
2025-09-05 05:23:41,745 - INFO - Boosted OOD loss: -0.0558
2025-09-05 05:23:42,303 - INFO - Boosted OOD loss: -0.0657
2025-09-05 05:23:42,860 - INFO - Boosted OOD loss: -0.0251
2025-09-05 05:23:44,484 - INFO - Boosted OOD loss: -0.0232
2025-09-05 05:23:51,969 - INFO - Boosted OOD loss: -0.0827
2025-09-05 05:23:54,651 - INFO - Boosted OOD loss: -0.0135
2025-09-05 05:23:55,213 - INFO - Boosted OOD loss: -0.0172
2025-09-05 05:23:56,305 - INFO - Boosted OOD loss: -0.0663
2025-09-05 05:23:56,856 - INFO - Boosted OOD loss: -0.0621
2025-09-05 05:23:59,005 - INFO - Boosted OOD loss: -0.0332
2025-09-05 05:24:08,603 - INFO - Boosted OOD loss: -0.0314
2025-09-05 05:24:12,343 - INFO - Boosted OOD loss: -0.0711
2025-09-05 05:24:13,966 - INFO - Boosted OOD loss: -0.0295
2025-09-05 05:24:15,590 - INFO - Boosted OOD loss: -0.0121
2025-09-05 05:24:16,141 - INFO - Boosted OOD loss: -0.0677
2025-09-05 05:24:16,141 - INFO - Step 34400 Loss Debug:
2025-09-05 05:24:16,141 - INFO -  CE: 1.7740
2025-09-05 05:24:16,142 - INFO -  OOD: -0.0677
2025-09-05 05:24:16,142 - INFO -  β: 64.00
2025-09-05 05:24:16,142 - INFO -  ID: 6163, OOD(254): 166
2025-09-05 05:24:18,289 - INFO - Boosted OOD loss: -0.0265
2025-09-05 05:24:18,851 - INFO - Boosted OOD loss: -0.0729
2025-09-05 05:24:19,933 - INFO - Boosted OOD loss: -0.0414
2025-09-05 05:24:26,852 - INFO - Boosted OOD loss: -0.0742
2025-09-05 05:24:30,602 - INFO - Boosted OOD loss: -0.0832
2025-09-05 05:24:34,877 - INFO - Boosted OOD loss: -0.0837
2025-09-05 05:24:41,796 - INFO - Boosted OOD loss: -0.0359
2025-09-05 05:24:48,184 - INFO - Boosted OOD loss: -0.0701
2025-09-05 05:24:55,138 - INFO - Boosted OOD loss: -0.0106
2025-09-05 05:24:55,693 - INFO - Boosted OOD loss: -0.0408
2025-09-05 05:24:57,311 - INFO - Boosted OOD loss: -0.0516
2025-09-05 05:25:00,533 - INFO - Boosted OOD loss: -0.0649
2025-09-05 05:25:01,617 - INFO - Boosted OOD loss: -0.0637
2025-09-05 05:25:04,838 - INFO - Boosted OOD loss: -0.0850
2025-09-05 05:25:06,448 - INFO - Boosted OOD loss: -0.0932
2025-09-05 05:25:08,071 - INFO - Boosted OOD loss: -0.0790
2025-09-05 05:25:09,680 - WARNING - No anomaly pixels (254) found in batch
2025-09-05 05:25:13,946 - INFO - Boosted OOD loss: -0.0406
2025-09-05 05:25:16,097 - INFO - Boosted OOD loss: -0.0602
2025-09-05 05:25:18,780 - INFO - Boosted OOD loss: -0.0511
2025-09-05 05:25:19,869 - INFO - Boosted OOD loss: -0.0646
2025-09-05 05:25:20,416 - INFO - Boosted OOD loss: -0.1374
2025-09-05 05:25:20,971 - INFO - Boosted OOD loss: -0.0563
2025-09-05 05:25:25,248 - INFO - Boosted OOD loss: -0.1068
2025-09-05 05:25:27,937 - INFO - Boosted OOD loss: -0.0674
2025-09-05 05:25:31,690 - INFO - Boosted OOD loss: -0.0449
2025-09-05 05:25:32,246 - INFO - Boosted OOD loss: -0.0783
2025-09-05 05:25:34,387 - INFO - Boosted OOD loss: -0.0900
2025-09-05 05:25:35,472 - INFO - Boosted OOD loss: -0.0525
2025-09-05 05:25:37,089 - INFO - Boosted OOD loss: -0.0327
2025-09-05 05:25:38,712 - INFO - Boosted OOD loss: -0.0568
2025-09-05 05:25:45,110 - INFO - Boosted OOD loss: -0.0403
2025-09-05 05:25:46,732 - INFO - Boosted OOD loss: -0.0242
2025-09-05 05:25:48,882 - INFO - Boosted OOD loss: -0.0085
2025-09-05 05:25:49,441 - INFO - Boosted OOD loss: -0.0812
2025-09-05 05:25:49,996 - INFO - Boosted OOD loss: -0.0579
2025-09-05 05:25:51,615 - INFO - Boosted OOD loss: -0.0681
2025-09-05 05:25:54,827 - INFO - Boosted OOD loss: -0.0035
2025-09-05 05:26:01,771 - INFO - Boosted OOD loss: -0.0282
2025-09-05 05:26:02,851 - INFO - Boosted OOD loss: -0.0453
2025-09-05 05:26:03,398 - WARNING - No anomaly pixels (254) found in batch
2025-09-05 05:26:03,939 - INFO - Boosted OOD loss: -0.0773
2025-09-05 05:26:06,080 - INFO - Boosted OOD loss: -0.1036
2025-09-05 05:26:09,285 - INFO - Boosted OOD loss: -0.0556
2025-09-05 05:26:09,840 - INFO - Boosted OOD loss: -0.0691
2025-09-05 05:26:13,582 - INFO - Boosted OOD loss: -0.0804
2025-09-05 05:26:15,731 - INFO - Boosted OOD loss: -0.0267
2025-09-05 05:26:18,940 - INFO - Boosted OOD loss: -0.0737
2025-09-05 05:26:22,155 - INFO - Boosted OOD loss: -0.0977
2025-09-05 05:26:24,834 - INFO - Boosted OOD loss: -0.0477
2025-09-05 05:26:28,575 - INFO - Boosted OOD loss: -0.0722
2025-09-05 05:26:29,659 - INFO - Boosted OOD loss: -0.0720
2025-09-05 05:26:30,746 - INFO - Boosted OOD loss: -0.0912
2025-09-05 05:26:36,090 - INFO - Boosted OOD loss: -0.0447
2025-09-05 05:26:45,154 - INFO - Boosted OOD loss: -0.1058
2025-09-05 05:26:46,242 - INFO - Boosted OOD loss: -0.0908
2025-09-05 05:26:51,057 - INFO - Boosted OOD loss: -0.1160
2025-09-05 05:26:51,606 - INFO - Boosted OOD loss: -0.0196
2025-09-05 05:26:53,754 - INFO - Boosted OOD loss: -0.0555
2025-09-05 05:26:56,962 - WARNING - No anomaly pixels (254) found in batch
2025-09-05 05:26:59,632 - INFO - Boosted OOD loss: -0.0733
2025-09-05 05:27:01,783 - INFO - Boosted OOD loss: -0.0945
2025-09-05 05:27:02,865 - INFO - Boosted OOD loss: -0.0207
2025-09-05 05:27:04,479 - INFO - Boosted OOD loss: -0.0580
2025-09-05 05:27:06,098 - INFO - Boosted OOD loss: -0.0080
2025-09-05 05:27:06,654 - INFO - Boosted OOD loss: -0.0990
2025-09-05 05:27:07,208 - INFO - Boosted OOD loss: -0.0610
2025-09-05 05:27:09,899 - INFO - Boosted OOD loss: -0.0628
2025-09-05 05:27:10,451 - INFO - Boosted OOD loss: -0.0541
2025-09-05 05:27:18,991 - INFO - Boosted OOD loss: -0.0209
2025-09-05 05:27:19,554 - INFO - Boosted OOD loss: -0.0470
2025-09-05 05:27:22,765 - INFO - Boosted OOD loss: -0.0888
2025-09-05 05:27:23,318 - INFO - Boosted OOD loss: -0.0819
2025-09-05 05:27:23,874 - INFO - Boosted OOD loss: -0.0271
2025-09-05 05:27:23,875 - INFO - Step 34750 Loss Debug:
2025-09-05 05:27:23,875 - INFO -  CE: 1.3612
2025-09-05 05:27:23,875 - INFO -  OOD: -0.0271
2025-09-05 05:27:23,875 - INFO -  β: 64.00
2025-09-05 05:27:23,875 - INFO -  ID: 7421, OOD(254): 381
2025-09-05 05:27:24,962 - INFO - Boosted OOD loss: -0.0265
2025-09-05 05:27:27,125 - INFO - Boosted OOD loss: -0.0151
2025-09-05 05:27:31,402 - INFO - Boosted OOD loss: -0.0558
2025-09-05 05:27:34,621 - INFO - Boosted OOD loss: -0.0598
2025-09-05 05:27:49,003 - INFO - Boosted OOD loss: -0.0593
2025-09-05 05:27:50,620 - INFO - Boosted OOD loss: -0.0315
2025-09-05 05:27:50,620 - INFO - Step 34800 Loss Debug:
2025-09-05 05:27:50,620 - INFO -  CE: 1.6306
2025-09-05 05:27:50,620 - INFO -  OOD: -0.0315
2025-09-05 05:27:50,620 - INFO -  β: 64.00
2025-09-05 05:27:50,621 - INFO -  ID: 6934, OOD(254): 364
2025-09-05 05:27:54,901 - INFO - Boosted OOD loss: -0.0648
2025-09-05 05:28:01,833 - INFO - Boosted OOD loss: -0.0720
2025-09-05 05:28:02,385 - INFO - Boosted OOD loss: -0.1040
2025-09-05 05:28:04,532 - INFO - Boosted OOD loss: -0.0779
2025-09-05 05:28:07,213 - INFO - Boosted OOD loss: -0.0427
2025-09-05 05:28:08,830 - INFO - Boosted OOD loss: -0.0669
2025-09-05 05:28:12,562 - INFO - Boosted OOD loss: -0.0874
2025-09-05 05:28:13,639 - INFO - Boosted OOD loss: -0.0525
2025-09-05 05:28:15,253 - INFO - Boosted OOD loss: -0.0671
2025-09-05 05:28:20,049 - INFO - Boosted OOD loss: -0.0669
2025-09-05 05:28:21,127 - INFO - Boosted OOD loss: -0.1190
2025-09-05 05:28:22,736 - INFO - Boosted OOD loss: -0.0660
2025-09-05 05:28:23,295 - INFO - Boosted OOD loss: -0.0854
2025-09-05 05:28:25,438 - INFO - Boosted OOD loss: -0.0326
2025-09-05 05:28:28,113 - INFO - Boosted OOD loss: -0.1191
2025-09-05 05:28:29,722 - INFO - Boosted OOD loss: -0.1119
2025-09-05 05:28:31,865 - INFO - Boosted OOD loss: -0.0495
2025-09-05 05:28:37,195 - INFO - Boosted OOD loss: -0.0485
2025-09-05 05:28:40,939 - INFO - Boosted OOD loss: -0.0581
2025-09-05 05:28:44,145 - WARNING - No anomaly pixels (254) found in batch
2025-09-05 05:28:52,126 - INFO - Boosted OOD loss: -0.0683
2025-09-05 05:28:52,684 - INFO - Boosted OOD loss: -0.0321
2025-09-05 05:28:53,770 - INFO - Boosted OOD loss: -0.0964
2025-09-05 05:28:54,856 - INFO - Boosted OOD loss: -0.0436
2025-09-05 05:28:58,070 - INFO - Boosted OOD loss: -0.0405
2025-09-05 05:28:59,155 - INFO - Boosted OOD loss: -0.0415
2025-09-05 05:29:00,242 - INFO - Boosted OOD loss: -0.0322
2025-09-05 05:29:02,385 - INFO - Boosted OOD loss: -0.0475
2025-09-05 05:29:02,939 - INFO - Boosted OOD loss: -0.0383
2025-09-05 05:29:04,026 - INFO - Boosted OOD loss: -0.0472
2025-09-05 05:29:05,108 - INFO - Boosted OOD loss: -0.0808
2025-09-05 05:29:07,783 - INFO - Boosted OOD loss: -0.0563
2025-09-05 05:29:12,596 - INFO - Boosted OOD loss: -0.0289
2025-09-05 05:29:19,001 - INFO - Boosted OOD loss: -0.0946
2025-09-05 05:29:21,674 - INFO - Boosted OOD loss: -0.1089
2025-09-05 05:29:24,890 - INFO - Boosted OOD loss: -0.1160
2025-09-05 05:29:25,445 - INFO - Boosted OOD loss: -0.0164
2025-09-05 05:29:31,330 - INFO - Boosted OOD loss: -0.1244
2025-09-05 05:29:32,416 - INFO - Boosted OOD loss: -0.0641
2025-09-05 05:29:32,965 - INFO - Boosted OOD loss: -0.0509
2025-09-05 05:29:37,239 - INFO - Boosted OOD loss: -0.0158
2025-09-05 05:29:37,793 - INFO - Boosted OOD loss: -0.0340
2025-09-05 05:29:37,793 - INFO - Step 35000 Loss Debug:
2025-09-05 05:29:37,793 - INFO -  CE: 1.7683
2025-09-05 05:29:37,793 - INFO -  OOD: -0.0340
2025-09-05 05:29:37,793 - INFO -  β: 64.00
2025-09-05 05:29:37,793 - INFO -  ID: 4693, OOD(254): 259
2025-09-05 05:29:44,210 - INFO - Boosted OOD loss: -0.0971
2025-09-05 05:29:47,421 - INFO - Boosted OOD loss: -0.1045
2025-09-05 05:29:50,088 - INFO - Boosted OOD loss: -0.0738
2025-09-05 05:29:55,417 - INFO - Boosted OOD loss: -0.0431
2025-09-05 05:29:57,034 - INFO - Boosted OOD loss: -0.0469
2025-09-05 05:29:58,124 - INFO - Boosted OOD loss: -0.0852
2025-09-05 05:29:59,212 - INFO - Boosted OOD loss: -0.1242
2025-09-05 05:30:08,793 - INFO - Boosted OOD loss: -0.0660
2025-09-05 05:30:12,011 - INFO - Boosted OOD loss: -0.0282
2025-09-05 05:30:12,574 - INFO - Boosted OOD loss: -0.0203
2025-09-05 05:30:13,131 - INFO - Boosted OOD loss: -0.0800
2025-09-05 05:30:16,880 - INFO - Boosted OOD loss: -0.0524
2025-09-05 05:30:17,972 - INFO - Boosted OOD loss: -0.0828
2025-09-05 05:30:21,184 - INFO - Boosted OOD loss: -0.0756
2025-09-05 05:30:21,733 - INFO - Boosted OOD loss: -0.0445
2025-09-05 05:30:24,414 - INFO - Boosted OOD loss: -0.0316
2025-09-05 05:30:30,294 - INFO - Boosted OOD loss: -0.0491
2025-09-05 05:30:31,369 - WARNING - No anomaly pixels (254) found in batch
2025-09-05 05:30:31,904 - INFO - Boosted OOD loss: -0.0370
2025-09-05 05:30:32,988 - INFO - Boosted OOD loss: -0.0905
2025-09-05 05:30:40,466 - INFO - Boosted OOD loss: -0.1044
2025-09-05 05:30:52,708 - INFO - Boosted OOD loss: -0.1176
2025-09-05 05:30:58,564 - INFO - Boosted OOD loss: -0.0328
2025-09-05 05:31:03,893 - INFO - Boosted OOD loss: -0.0448
2025-09-05 05:31:06,032 - INFO - Boosted OOD loss: -0.0072
2025-09-05 05:31:08,725 - INFO - Boosted OOD loss: -0.0148
2025-09-05 05:31:10,877 - INFO - Boosted OOD loss: -0.0130
2025-09-05 05:31:11,437 - INFO - Boosted OOD loss: -0.0990
2025-09-05 05:31:11,994 - INFO - Boosted OOD loss: -0.0087
2025-09-05 05:31:13,616 - INFO - Boosted OOD loss: -0.0521
2025-09-05 05:31:20,027 - INFO - Boosted OOD loss: -0.0268
2025-09-05 05:31:21,647 - INFO - Boosted OOD loss: -0.0557
2025-09-05 05:31:22,203 - INFO - Boosted OOD loss: -0.0841
2025-09-05 05:31:23,818 - INFO - Boosted OOD loss: -0.0335
2025-09-05 05:31:24,899 - WARNING - No anomaly pixels (254) found in batch
2025-09-05 05:31:27,563 - INFO - Boosted OOD loss: -0.0361
2025-09-05 05:31:28,119 - INFO - Boosted OOD loss: -0.0814
2025-09-05 05:31:33,465 - INFO - Boosted OOD loss: -0.0646
2025-09-05 05:31:38,800 - INFO - Boosted OOD loss: -0.0505
2025-09-05 05:31:42,011 - INFO - Boosted OOD loss: -0.0656
2025-09-05 05:31:43,097 - INFO - Boosted OOD loss: -0.0282
2025-09-05 05:31:46,845 - INFO - Boosted OOD loss: -0.0135
2025-09-05 05:31:47,931 - INFO - Boosted OOD loss: -0.0855
2025-09-05 05:31:51,152 - INFO - Boosted OOD loss: -0.1132
2025-09-05 05:31:51,709 - INFO - Boosted OOD loss: -0.0459
2025-09-05 05:31:51,709 - INFO - Step 35250 Loss Debug:
2025-09-05 05:31:51,710 - INFO -  CE: 1.9913
2025-09-05 05:31:51,710 - INFO -  OOD: -0.0459
2025-09-05 05:31:51,710 - INFO -  β: 64.00
2025-09-05 05:31:51,710 - INFO -  ID: 4826, OOD(254): 863
2025-09-05 05:32:00,790 - INFO - Boosted OOD loss: -0.0568
2025-09-05 05:32:02,952 - INFO - Boosted OOD loss: -0.0378
2025-09-05 05:32:09,887 - INFO - Boosted OOD loss: -0.0365
2025-09-05 05:32:10,975 - INFO - Boosted OOD loss: -0.0384
2025-09-05 05:32:17,383 - INFO - Boosted OOD loss: -0.0107
2025-09-05 05:32:18,472 - INFO - Boosted OOD loss: -0.0511
2025-09-05 05:32:18,472 - INFO - Step 35300 Loss Debug:
2025-09-05 05:32:18,472 - INFO -  CE: 1.7979
2025-09-05 05:32:18,473 - INFO -  OOD: -0.0511
2025-09-05 05:32:18,473 - INFO -  β: 64.00
2025-09-05 05:32:18,473 - INFO -  ID: 5780, OOD(254): 263
2025-09-05 05:32:19,025 - INFO - Boosted OOD loss: -0.0861
2025-09-05 05:32:20,639 - INFO - Boosted OOD loss: -0.0431
2025-09-05 05:32:21,190 - INFO - Boosted OOD loss: -0.1033
2025-09-05 05:32:21,739 - INFO - Boosted OOD loss: -0.0514
2025-09-05 05:32:30,814 - INFO - Boosted OOD loss: -0.0148
2025-09-05 05:32:35,636 - INFO - Boosted OOD loss: -0.0323
2025-09-05 05:32:37,252 - INFO - Boosted OOD loss: -0.0656
2025-09-05 05:32:39,935 - INFO - Boosted OOD loss: -0.0494
2025-09-05 05:32:43,682 - INFO - Boosted OOD loss: -0.1031
2025-09-05 05:32:44,768 - INFO - Boosted OOD loss: -0.0963
2025-09-05 05:32:50,106 - INFO - Boosted OOD loss: -0.0655
2025-09-05 05:32:51,185 - INFO - Boosted OOD loss: -0.0381
2025-09-05 05:32:52,271 - INFO - Boosted OOD loss: -0.0848
2025-09-05 05:32:53,356 - INFO - Boosted OOD loss: -0.0325
2025-09-05 05:32:55,514 - INFO - Boosted OOD loss: -0.0946
2025-09-05 05:33:00,847 - INFO - Boosted OOD loss: -0.0306
2025-09-05 05:33:02,466 - INFO - Boosted OOD loss: -0.0417
2025-09-05 05:33:04,079 - INFO - Boosted OOD loss: -0.0797
2025-09-05 05:33:12,058 - WARNING - No anomaly pixels (254) found in batch
2025-09-05 05:33:13,666 - INFO - Boosted OOD loss: -0.0307
2025-09-05 05:33:14,221 - INFO - Boosted OOD loss: -0.0332
2025-09-05 05:33:16,374 - INFO - Boosted OOD loss: -0.0962
2025-09-05 05:33:17,458 - INFO - Boosted OOD loss: -0.1018
2025-09-05 05:33:22,265 - INFO - Boosted OOD loss: -0.0545
2025-09-05 05:33:26,531 - INFO - Boosted OOD loss: -0.0128
2025-09-05 05:33:27,623 - INFO - Boosted OOD loss: -0.0426
2025-09-05 05:33:34,014 - INFO - Boosted OOD loss: -0.0790
2025-09-05 05:33:35,639 - INFO - Boosted OOD loss: -0.0544
2025-09-05 05:33:37,786 - INFO - Boosted OOD loss: -0.0551
2025-09-05 05:33:43,651 - INFO - Boosted OOD loss: -0.0441
2025-09-05 05:33:45,808 - INFO - Boosted OOD loss: -0.0271
2025-09-05 05:33:47,948 - INFO - Boosted OOD loss: -0.0314
2025-09-05 05:33:48,499 - INFO - Boosted OOD loss: -0.0540
2025-09-05 05:33:49,051 - INFO - Boosted OOD loss: -0.0506
2025-09-05 05:33:50,674 - INFO - Boosted OOD loss: -0.0325
2025-09-05 05:33:51,763 - INFO - Boosted OOD loss: -0.0539
2025-09-05 05:33:54,452 - INFO - Boosted OOD loss: -0.0682
2025-09-05 05:33:56,604 - INFO - Boosted OOD loss: -0.0122
2025-09-05 05:34:05,671 - WARNING - No anomaly pixels (254) found in batch
2025-09-05 05:34:06,743 - INFO - Boosted OOD loss: -0.0335
2025-09-05 05:34:09,963 - INFO - Boosted OOD loss: -0.0445
2025-09-05 05:34:10,521 - INFO - Boosted OOD loss: -0.0585
2025-09-05 05:34:16,403 - INFO - Boosted OOD loss: -0.0444
2025-09-05 05:34:17,488 - INFO - Boosted OOD loss: -0.0794
2025-09-05 05:34:22,827 - INFO - Boosted OOD loss: -0.0399
2025-09-05 05:34:23,377 - INFO - Boosted OOD loss: -0.0932
2025-09-05 05:34:27,116 - INFO - Boosted OOD loss: 0.0139
2025-09-05 05:34:29,269 - INFO - Boosted OOD loss: -0.0774
2025-09-05 05:34:29,822 - INFO - Boosted OOD loss: -0.0314
2025-09-05 05:34:31,969 - INFO - Boosted OOD loss: -0.0276
2025-09-05 05:34:40,529 - INFO - Boosted OOD loss: -0.0396
2025-09-05 05:34:41,608 - INFO - Boosted OOD loss: -0.0844
2025-09-05 05:34:45,890 - INFO - Boosted OOD loss: -0.0440
2025-09-05 05:34:49,094 - INFO - Boosted OOD loss: -0.0802
2025-09-05 05:34:50,711 - INFO - Boosted OOD loss: -0.0596
2025-09-05 05:34:52,852 - INFO - Boosted OOD loss: -0.0629
2025-09-05 05:34:54,469 - INFO - Boosted OOD loss: -0.0552
2025-09-05 05:34:55,022 - INFO - Boosted OOD loss: -0.0552
2025-09-05 05:34:59,290 - WARNING - No anomaly pixels (254) found in batch
2025-09-05 05:34:59,827 - INFO - Boosted OOD loss: -0.0837
2025-09-05 05:35:03,031 - INFO - Boosted OOD loss: -0.0169
2025-09-05 05:35:13,178 - INFO - Boosted OOD loss: -0.0612
2025-09-05 05:35:17,986 - INFO - Boosted OOD loss: -0.0359
2025-09-05 05:35:20,164 - INFO - Updated beta to 12.84 (exp decay)
2025-09-05 05:35:21,566 - WARNING - Negative mean energy—verify E_b formula/signs
2025-09-05 05:35:21,566 - INFO - Weights updated successfully
2025-09-05 05:35:21,567 - INFO - Advanced epoch 20 - Updated beta: 12.84
2025-09-05 05:35:21,567 - INFO - Epoch 20 - Avg CE: 1.8371, Avg OOD: -0.0115, β: 64
2025-09-05 05:35:31,271 - INFO - Checkpoint saved for epoch 20 with β=64
2025-09-05 05:35:31,272 - INFO - 
Running evaluation with β=64...
2025-09-05 05:35:31,386 - INFO - 
Starting Epoch 21/100
2025-09-05 05:35:31,386 - INFO - ============================================================
2025-09-05 05:35:31,387 - INFO - 
Updating Hopfield boosting weights at epoch 21...
2025-09-05 05:35:32,777 - WARNING - Negative mean energy—verify E_b formula/signs
2025-09-05 05:35:32,778 - INFO - Weights updated successfully
2025-09-05 05:35:32,778 - INFO - Weight Update Debug at Epoch 21: No high-weight OOD pixels found
2025-09-05 05:35:34,358 - INFO - Boosted OOD loss: -0.0939
2025-09-05 05:35:35,374 - INFO - Boosted OOD loss: -0.0483
2025-09-05 05:35:45,965 - INFO - Boosted OOD loss: -0.0526
2025-09-05 05:35:48,021 - INFO - Boosted OOD loss: -0.0637
2025-09-05 05:35:54,326 - INFO - Boosted OOD loss: -0.0195
2025-09-05 05:35:55,413 - INFO - Boosted OOD loss: -0.0599
2025-09-05 05:35:57,580 - INFO - Boosted OOD loss: -0.0407
2025-09-05 05:35:59,759 - INFO - Boosted OOD loss: -0.0158
2025-09-05 05:36:03,050 - INFO - Boosted OOD loss: -0.0452
2025-09-05 05:36:05,250 - WARNING - No anomaly pixels (254) found in batch
2025-09-05 05:36:07,996 - INFO - Boosted OOD loss: -0.0823
2025-09-05 05:36:09,121 - INFO - Boosted OOD loss: -0.0653
2025-09-05 05:36:11,340 - INFO - Boosted OOD loss: -0.0463
2025-09-05 05:36:11,905 - INFO - Boosted OOD loss: -0.1026
2025-09-05 05:36:18,545 - INFO - Boosted OOD loss: -0.0424
2025-09-05 05:36:25,215 - INFO - Boosted OOD loss: -0.0379
2025-09-05 05:36:28,566 - INFO - Boosted OOD loss: -0.0602
2025-09-05 05:36:32,452 - INFO - Boosted OOD loss: -0.0759
2025-09-05 05:36:35,233 - INFO - Boosted OOD loss: -0.0200
2025-09-05 05:36:36,362 - INFO - Boosted OOD loss: -0.0766
2025-09-05 05:36:38,035 - INFO - Boosted OOD loss: -0.0469
2025-09-05 05:36:41,909 - INFO - Boosted OOD loss: -0.0770
2025-09-05 05:36:46,332 - INFO - Boosted OOD loss: -0.0606
2025-09-05 05:36:49,100 - INFO - Boosted OOD loss: -0.0645
2025-09-05 05:36:49,673 - INFO - Boosted OOD loss: -0.0845
2025-09-05 05:36:56,826 - INFO - Boosted OOD loss: -0.0596
2025-09-05 05:36:57,386 - INFO - Boosted OOD loss: -0.1086
2025-09-05 05:36:59,059 - INFO - Boosted OOD loss: -0.0791
2025-09-05 05:37:00,170 - INFO - Boosted OOD loss: -0.0673
2025-09-05 05:37:00,732 - WARNING - No anomaly pixels (254) found in batch
2025-09-05 05:37:01,285 - INFO - Boosted OOD loss: -0.0425
2025-09-05 05:37:02,397 - INFO - Boosted OOD loss: -0.0716
2025-09-05 05:37:04,056 - INFO - Boosted OOD loss: -0.0333
2025-09-05 05:37:05,716 - INFO - Boosted OOD loss: -0.0205
2025-09-05 05:37:06,834 - INFO - Boosted OOD loss: -0.0413
2025-09-05 05:37:07,396 - INFO - Boosted OOD loss: -0.0535
2025-09-05 05:37:09,057 - INFO - Boosted OOD loss: -0.0372
2025-09-05 05:37:12,896 - INFO - Boosted OOD loss: -0.0177
2025-09-05 05:37:15,095 - INFO - Boosted OOD loss: -0.0347
2025-09-05 05:37:16,754 - INFO - Boosted OOD loss: -0.0441
2025-09-05 05:37:17,324 - INFO - Boosted OOD loss: -0.0503
2025-09-05 05:37:18,435 - INFO - Boosted OOD loss: -0.0572
2025-09-05 05:37:19,543 - INFO - Boosted OOD loss: -0.0506
2025-09-05 05:37:21,733 - INFO - Boosted OOD loss: -0.0607
2025-09-05 05:37:22,302 - INFO - Boosted OOD loss: -0.0425
2025-09-05 05:37:27,210 - INFO - Boosted OOD loss: -0.0704
2025-09-05 05:37:27,773 - INFO - Boosted OOD loss: -0.0961
2025-09-05 05:37:32,146 - INFO - Boosted OOD loss: -0.0826
2025-09-05 05:37:32,710 - INFO - Boosted OOD loss: -0.0105
2025-09-05 05:37:34,899 - INFO - Boosted OOD loss: -0.0809
2025-09-05 05:37:40,874 - INFO - Boosted OOD loss: -0.0181
2025-09-05 05:37:41,980 - INFO - Boosted OOD loss: -0.0931
2025-09-05 05:37:43,623 - INFO - Boosted OOD loss: -0.0669
2025-09-05 05:37:50,136 - INFO - Boosted OOD loss: -0.0416
2025-09-05 05:37:55,559 - INFO - Boosted OOD loss: -0.0321
2025-09-05 05:37:55,559 - INFO - Step 35900 Loss Debug:
2025-09-05 05:37:55,560 - INFO -  CE: 2.4366
2025-09-05 05:37:55,560 - INFO -  OOD: -0.0321
2025-09-05 05:37:55,560 - INFO -  β: 64.00
2025-09-05 05:37:55,560 - INFO -  ID: 6261, OOD(254): 789
2025-09-05 05:37:57,197 - INFO - Boosted OOD loss: -0.0331
2025-09-05 05:37:59,384 - INFO - Boosted OOD loss: -0.0188
2025-09-05 05:37:59,950 - INFO - Boosted OOD loss: -0.0605
2025-09-05 05:38:00,512 - INFO - Boosted OOD loss: -0.0264
2025-09-05 05:38:02,154 - INFO - Boosted OOD loss: -0.0440
2025-09-05 05:38:04,867 - INFO - Boosted OOD loss: -0.0459
2025-09-05 05:38:10,263 - INFO - Boosted OOD loss: -0.0517
2025-09-05 05:38:11,363 - INFO - Boosted OOD loss: -0.0798
2025-09-05 05:38:12,996 - INFO - Boosted OOD loss: -0.0644
2025-09-05 05:38:14,094 - INFO - Boosted OOD loss: -0.0282
2025-09-05 05:38:28,091 - INFO - Boosted OOD loss: -0.0509
2025-09-05 05:38:29,189 - INFO - Boosted OOD loss: -0.0555
2025-09-05 05:38:34,577 - INFO - Boosted OOD loss: -0.0330
2025-09-05 05:38:38,891 - INFO - Boosted OOD loss: -0.0450
2025-09-05 05:38:41,593 - INFO - Boosted OOD loss: -0.0922
2025-09-05 05:38:43,754 - INFO - Boosted OOD loss: -0.0888
2025-09-05 05:38:44,851 - INFO - Boosted OOD loss: -0.0556
2025-09-05 05:38:47,554 - INFO - Boosted OOD loss: -0.0633
2025-09-05 05:38:48,110 - INFO - Boosted OOD loss: -0.0501
2025-09-05 05:38:49,738 - WARNING - No anomaly pixels (254) found in batch
2025-09-05 05:38:52,427 - INFO - Boosted OOD loss: -0.0527
2025-09-05 05:38:58,880 - INFO - Boosted OOD loss: -0.0224
2025-09-05 05:39:03,188 - INFO - Boosted OOD loss: -0.0588
2025-09-05 05:39:03,743 - INFO - Boosted OOD loss: -0.0755
2025-09-05 05:39:04,837 - INFO - Boosted OOD loss: -0.1032
2025-09-05 05:39:06,459 - INFO - Boosted OOD loss: -0.0419
2025-09-05 05:39:13,972 - INFO - Boosted OOD loss: -0.0520
2025-09-05 05:39:15,064 - INFO - Boosted OOD loss: -0.0426
2025-09-05 05:39:21,511 - INFO - Boosted OOD loss: -0.0523
2025-09-05 05:39:22,064 - INFO - Boosted OOD loss: -0.1217
2025-09-05 05:39:29,041 - INFO - Boosted OOD loss: -0.1052
2025-09-05 05:39:29,600 - INFO - Boosted OOD loss: -0.0650
2025-09-05 05:39:30,685 - INFO - Boosted OOD loss: -0.0576
2025-09-05 05:39:32,840 - INFO - Boosted OOD loss: -0.0674
2025-09-05 05:39:33,398 - INFO - Boosted OOD loss: -0.0919
2025-09-05 05:39:34,483 - INFO - Boosted OOD loss: -0.0324
2025-09-05 05:39:36,642 - INFO - Boosted OOD loss: -0.0201
2025-09-05 05:39:37,199 - INFO - Boosted OOD loss: -0.0425
2025-09-05 05:39:43,613 - INFO - Boosted OOD loss: -0.1100
2025-09-05 05:39:43,613 - INFO - Step 36100 Loss Debug:
2025-09-05 05:39:43,613 - INFO -  CE: 1.7160
2025-09-05 05:39:43,613 - INFO -  OOD: -0.1100
2025-09-05 05:39:43,614 - INFO -  β: 64.00
2025-09-05 05:39:43,614 - INFO -  ID: 8015, OOD(254): 3
2025-09-05 05:39:47,890 - INFO - Boosted OOD loss: -0.0191
2025-09-05 05:39:48,456 - INFO - Boosted OOD loss: -0.0170
2025-09-05 05:39:51,144 - INFO - Boosted OOD loss: -0.0644
2025-09-05 05:39:53,297 - INFO - Boosted OOD loss: -0.0759
2025-09-05 05:39:54,389 - INFO - Boosted OOD loss: -0.0591
2025-09-05 05:39:57,609 - INFO - Boosted OOD loss: -0.0413
2025-09-05 05:40:02,973 - INFO - Boosted OOD loss: -0.0590
2025-09-05 05:40:04,059 - INFO - Boosted OOD loss: -0.0968
2025-09-05 05:40:04,613 - INFO - Boosted OOD loss: -0.0951
2025-09-05 05:40:06,240 - INFO - Boosted OOD loss: -0.0115
2025-09-05 05:40:07,328 - INFO - Boosted OOD loss: -0.0677
2025-09-05 05:40:11,083 - INFO - Boosted OOD loss: -0.0794
2025-09-05 05:40:13,231 - INFO - Boosted OOD loss: -0.0627
2025-09-05 05:40:14,312 - INFO - Boosted OOD loss: -0.0660
2025-09-05 05:40:14,873 - INFO - Boosted OOD loss: -0.0537
2025-09-05 05:40:17,027 - INFO - Boosted OOD loss: -0.0788
2025-09-05 05:40:20,248 - INFO - Boosted OOD loss: -0.0252
2025-09-05 05:40:22,403 - INFO - Boosted OOD loss: -0.0088
2025-09-05 05:40:25,627 - INFO - Boosted OOD loss: -0.0149
2025-09-05 05:40:27,787 - INFO - Boosted OOD loss: -0.0537
2025-09-05 05:40:28,881 - INFO - Boosted OOD loss: -0.0304
2025-09-05 05:40:30,502 - INFO - Boosted OOD loss: -0.0573
2025-09-05 05:40:31,056 - INFO - Boosted OOD loss: -0.0611
2025-09-05 05:40:31,606 - INFO - Boosted OOD loss: -0.1146
2025-09-05 05:40:32,693 - INFO - Boosted OOD loss: -0.1053
2025-09-05 05:40:34,319 - INFO - Boosted OOD loss: -0.0386
2025-09-05 05:40:35,951 - INFO - Boosted OOD loss: -0.0418
2025-09-05 05:40:36,507 - INFO - Boosted OOD loss: -0.0361
2025-09-05 05:40:37,602 - INFO - Boosted OOD loss: -0.0442
2025-09-05 05:40:37,603 - INFO - Step 36200 Loss Debug:
2025-09-05 05:40:37,603 - INFO -  CE: 1.9834
2025-09-05 05:40:37,603 - INFO -  OOD: -0.0442
2025-09-05 05:40:37,603 - INFO -  β: 64.00
2025-09-05 05:40:37,603 - INFO -  ID: 6376, OOD(254): 892
2025-09-05 05:40:47,206 - INFO - Boosted OOD loss: -0.0720
2025-09-05 05:40:52,024 - INFO - Boosted OOD loss: -0.0437
2025-09-05 05:40:52,582 - INFO - Boosted OOD loss: -0.0184
2025-09-05 05:40:54,737 - INFO - Boosted OOD loss: -0.0923
2025-09-05 05:40:55,830 - INFO - Boosted OOD loss: -0.0350
2025-09-05 05:40:57,989 - INFO - Boosted OOD loss: -0.0251
2025-09-05 05:41:00,146 - INFO - Boosted OOD loss: -0.1125
2025-09-05 05:41:03,355 - INFO - Boosted OOD loss: -0.0883
2025-09-05 05:41:03,910 - INFO - Boosted OOD loss: -0.1245
2025-09-05 05:41:05,524 - INFO - Boosted OOD loss: -0.0525
2025-09-05 05:41:07,141 - INFO - Boosted OOD loss: -0.0704
2025-09-05 05:41:10,353 - INFO - Boosted OOD loss: -0.0337
2025-09-05 05:41:11,973 - INFO - Boosted OOD loss: -0.0256
2025-09-05 05:41:13,592 - INFO - Boosted OOD loss: -0.0274
2025-09-05 05:41:14,684 - INFO - Boosted OOD loss: -0.0528
2025-09-05 05:41:16,301 - INFO - Boosted OOD loss: -0.0510
2025-09-05 05:41:21,654 - INFO - Boosted OOD loss: -0.0407
2025-09-05 05:41:27,531 - INFO - Boosted OOD loss: -0.0495
2025-09-05 05:41:29,151 - INFO - Boosted OOD loss: -0.0319
2025-09-05 05:41:29,708 - INFO - Boosted OOD loss: -0.0690
2025-09-05 05:41:31,317 - WARNING - No anomaly pixels (254) found in batch
2025-09-05 05:41:31,860 - INFO - Boosted OOD loss: -0.0437
2025-09-05 05:41:35,610 - INFO - Boosted OOD loss: -0.0523
2025-09-05 05:41:40,416 - INFO - Boosted OOD loss: -0.0694
2025-09-05 05:41:43,642 - INFO - Boosted OOD loss: -0.0516
2025-09-05 05:41:44,727 - INFO - Boosted OOD loss: -0.0321
2025-09-05 05:41:47,412 - INFO - Boosted OOD loss: -0.1053
2025-09-05 05:41:48,492 - INFO - Boosted OOD loss: -0.0618
2025-09-05 05:41:50,112 - INFO - Boosted OOD loss: -0.0687
2025-09-05 05:41:52,797 - INFO - Boosted OOD loss: -0.0806
2025-09-05 05:41:53,886 - INFO - Boosted OOD loss: -0.0138
2025-09-05 05:41:55,503 - INFO - Boosted OOD loss: -0.1089
2025-09-05 05:41:56,586 - INFO - Boosted OOD loss: -0.0731
2025-09-05 05:41:59,265 - INFO - Boosted OOD loss: -0.0915
2025-09-05 05:41:59,815 - INFO - Boosted OOD loss: -0.0561
2025-09-05 05:42:01,433 - INFO - Boosted OOD loss: -0.0538
2025-09-05 05:42:01,984 - INFO - Boosted OOD loss: -0.0835
2025-09-05 05:42:03,067 - INFO - Boosted OOD loss: -0.0349
2025-09-05 05:42:05,747 - INFO - Boosted OOD loss: -0.0714
2025-09-05 05:42:06,293 - INFO - Boosted OOD loss: -0.1164
2025-09-05 05:42:07,905 - INFO - Boosted OOD loss: -0.0496
2025-09-05 05:42:08,989 - INFO - Boosted OOD loss: -0.0419
2025-09-05 05:42:10,609 - INFO - Boosted OOD loss: -0.0429
2025-09-05 05:42:11,165 - INFO - Boosted OOD loss: -0.0633
2025-09-05 05:42:13,302 - INFO - Boosted OOD loss: -0.1225
2025-09-05 05:42:17,035 - INFO - Boosted OOD loss: -0.0610
2025-09-05 05:42:19,724 - INFO - Boosted OOD loss: -0.0147
2025-09-05 05:42:23,474 - INFO - Boosted OOD loss: -0.0481
2025-09-05 05:42:25,088 - WARNING - No anomaly pixels (254) found in batch
2025-09-05 05:42:26,162 - INFO - Boosted OOD loss: -0.1011
2025-09-05 05:42:29,380 - INFO - Boosted OOD loss: -0.0362
2025-09-05 05:42:30,465 - INFO - Boosted OOD loss: -0.0761
2025-09-05 05:42:31,021 - INFO - Boosted OOD loss: -0.0716
2025-09-05 05:42:32,636 - INFO - Boosted OOD loss: -0.0856
2025-09-05 05:42:33,729 - INFO - Boosted OOD loss: 0.0015
2025-09-05 05:42:46,511 - INFO - Boosted OOD loss: -0.0599
2025-09-05 05:42:51,317 - INFO - Boosted OOD loss: -0.0502
2025-09-05 05:42:56,143 - INFO - Boosted OOD loss: -0.0674
2025-09-05 05:42:58,297 - INFO - Boosted OOD loss: -0.0770
2025-09-05 05:42:59,385 - INFO - Boosted OOD loss: -0.0303
2025-09-05 05:43:02,606 - INFO - Boosted OOD loss: 0.0044
2025-09-05 05:43:04,228 - INFO - Boosted OOD loss: -0.0713
2025-09-05 05:43:04,784 - INFO - Boosted OOD loss: -0.0540
2025-09-05 05:43:05,338 - INFO - Boosted OOD loss: -0.0780
2025-09-05 05:43:05,891 - INFO - Boosted OOD loss: -0.0723
2025-09-05 05:43:08,034 - INFO - Boosted OOD loss: -0.0398
2025-09-05 05:43:10,191 - INFO - Boosted OOD loss: -0.0402
2025-09-05 05:43:13,403 - INFO - Boosted OOD loss: -0.0404
2025-09-05 05:43:15,018 - INFO - Boosted OOD loss: -0.0845
2025-09-05 05:43:17,171 - INFO - Boosted OOD loss: -0.0920
2025-09-05 05:43:18,784 - WARNING - No anomaly pixels (254) found in batch
2025-09-05 05:43:19,857 - INFO - Boosted OOD loss: -0.0344
2025-09-05 05:43:22,006 - INFO - Boosted OOD loss: -0.0854
2025-09-05 05:43:22,560 - INFO - Boosted OOD loss: -0.0470
2025-09-05 05:43:26,840 - INFO - Boosted OOD loss: -0.0268
2025-09-05 05:43:28,991 - INFO - Boosted OOD loss: -0.0455
2025-09-05 05:43:33,261 - INFO - Boosted OOD loss: -0.0402
2025-09-05 05:43:34,886 - INFO - Boosted OOD loss: -0.0446
2025-09-05 05:43:42,919 - INFO - Boosted OOD loss: -0.0365
2025-09-05 05:43:44,005 - INFO - Boosted OOD loss: -0.1077
2025-09-05 05:43:44,557 - INFO - Boosted OOD loss: -0.1260
2025-09-05 05:43:49,369 - INFO - Boosted OOD loss: -0.0265
2025-09-05 05:43:49,928 - INFO - Boosted OOD loss: -0.0550
2025-09-05 05:43:52,077 - INFO - Boosted OOD loss: -0.0671
2025-09-05 05:43:58,484 - INFO - Boosted OOD loss: -0.0711
2025-09-05 05:44:00,103 - INFO - Boosted OOD loss: -0.1171
2025-09-05 05:44:03,846 - INFO - Boosted OOD loss: -0.1017
2025-09-05 05:44:04,399 - INFO - Boosted OOD loss: -0.0211
2025-09-05 05:44:04,958 - INFO - Boosted OOD loss: -0.0893
2025-09-05 05:44:08,177 - INFO - Boosted OOD loss: -0.0602
2025-09-05 05:44:08,737 - INFO - Boosted OOD loss: -0.0092
2025-09-05 05:44:10,361 - INFO - Boosted OOD loss: -0.0562
2025-09-05 05:44:10,911 - INFO - Boosted OOD loss: -0.0375
2025-09-05 05:44:12,522 - WARNING - No anomaly pixels (254) found in batch
2025-09-05 05:44:15,715 - INFO - Boosted OOD loss: -0.0652
2025-09-05 05:44:19,455 - INFO - Boosted OOD loss: -0.1048
2025-09-05 05:44:21,067 - INFO - Boosted OOD loss: -0.0400
2025-09-05 05:44:24,830 - INFO - Boosted OOD loss: -0.0505
2025-09-05 05:44:29,650 - INFO - Boosted OOD loss: -0.1074
2025-09-05 05:44:35,515 - INFO - Boosted OOD loss: -0.0384
2025-09-05 05:44:36,605 - INFO - Boosted OOD loss: -0.0613
2025-09-05 05:44:39,286 - INFO - Boosted OOD loss: -0.0354
2025-09-05 05:44:39,287 - INFO - Step 36650 Loss Debug:
2025-09-05 05:44:39,287 - INFO -  CE: 1.9775
2025-09-05 05:44:39,287 - INFO -  OOD: -0.0354
2025-09-05 05:44:39,287 - INFO -  β: 64.00
2025-09-05 05:44:39,287 - INFO -  ID: 5628, OOD(254): 2382
2025-09-05 05:44:39,844 - INFO - Boosted OOD loss: -0.0296
2025-09-05 05:44:45,721 - INFO - Boosted OOD loss: -0.0986
2025-09-05 05:44:48,409 - INFO - Boosted OOD loss: -0.0685
2025-09-05 05:44:52,683 - INFO - Boosted OOD loss: -0.0913
2025-09-05 05:44:53,770 - INFO - Boosted OOD loss: -0.1042
2025-09-05 05:44:58,575 - INFO - Boosted OOD loss: -0.0760
2025-09-05 05:44:59,662 - INFO - Boosted OOD loss: -0.0093
2025-09-05 05:45:00,223 - INFO - Boosted OOD loss: -0.0683
2025-09-05 05:45:05,554 - INFO - Boosted OOD loss: -0.0625
2025-09-05 05:45:06,105 - WARNING - No anomaly pixels (254) found in batch
2025-09-05 05:45:07,172 - INFO - Boosted OOD loss: -0.0293
2025-09-05 05:45:09,865 - INFO - Boosted OOD loss: -0.0702
2025-09-05 05:45:10,420 - INFO - Boosted OOD loss: -0.0888
2025-09-05 05:45:15,760 - INFO - Boosted OOD loss: -0.0381
2025-09-05 05:45:18,437 - INFO - Boosted OOD loss: -0.0922
2025-09-05 05:45:20,055 - INFO - Boosted OOD loss: -0.0617
2025-09-05 05:45:20,608 - INFO - Boosted OOD loss: -0.0941
2025-09-05 05:45:21,693 - INFO - Boosted OOD loss: -0.0483
2025-09-05 05:45:23,842 - INFO - Boosted OOD loss: -0.0631
2025-09-05 05:45:28,109 - INFO - Boosted OOD loss: -0.0711
2025-09-05 05:45:36,622 - INFO - Boosted OOD loss: -0.0375
2025-09-05 05:45:37,174 - INFO - Boosted OOD loss: -0.0748
2025-09-05 05:45:38,260 - INFO - Boosted OOD loss: -0.0509
2025-09-05 05:45:38,809 - INFO - Boosted OOD loss: -0.0523
2025-09-05 05:45:42,560 - INFO - Boosted OOD loss: -0.0876
2025-09-05 05:45:47,910 - INFO - Boosted OOD loss: -0.0727
2025-09-05 05:45:48,998 - INFO - Boosted OOD loss: -0.0218
2025-09-05 05:45:51,690 - INFO - Boosted OOD loss: -0.0724
2025-09-05 05:45:52,247 - INFO - Boosted OOD loss: -0.0996
2025-09-05 05:45:53,333 - INFO - Boosted OOD loss: -0.0617
2025-09-05 05:45:54,428 - INFO - Boosted OOD loss: -0.0204
2025-09-05 05:45:56,569 - INFO - Boosted OOD loss: -0.1034
2025-09-05 05:45:59,251 - INFO - Boosted OOD loss: -0.0377
2025-09-05 05:45:59,798 - WARNING - No anomaly pixels (254) found in batch
2025-09-05 05:46:02,464 - INFO - Boosted OOD loss: -0.0703
2025-09-05 05:46:03,020 - INFO - Boosted OOD loss: -0.0766
2025-09-05 05:46:06,776 - INFO - Boosted OOD loss: -0.0540
2025-09-05 05:46:14,240 - INFO - Boosted OOD loss: -0.0467
2025-09-05 05:46:17,459 - INFO - Boosted OOD loss: -0.0369
2025-09-05 05:46:19,068 - INFO - Boosted OOD loss: -0.0389
2025-09-05 05:46:21,210 - INFO - Boosted OOD loss: -0.0614
2025-09-05 05:46:22,293 - INFO - Boosted OOD loss: -0.0434
2025-09-05 05:46:24,973 - INFO - Boosted OOD loss: -0.0691
2025-09-05 05:46:25,531 - INFO - Boosted OOD loss: -0.0287
2025-09-05 05:46:29,287 - INFO - Boosted OOD loss: -0.0887
2025-09-05 05:46:33,566 - INFO - Boosted OOD loss: -0.0830
2025-09-05 05:46:35,186 - INFO - Boosted OOD loss: -0.0399
2025-09-05 05:46:37,862 - INFO - Boosted OOD loss: -0.0667
2025-09-05 05:46:38,417 - INFO - Boosted OOD loss: -0.0141
2025-09-05 05:46:39,509 - INFO - Boosted OOD loss: -0.0296
2025-09-05 05:46:44,844 - INFO - Boosted OOD loss: -0.0753
2025-09-05 05:46:49,129 - INFO - Boosted OOD loss: -0.1004
2025-09-05 05:46:51,810 - INFO - Boosted OOD loss: -0.0935
2025-09-05 05:46:52,366 - INFO - Boosted OOD loss: -0.0214
2025-09-05 05:46:52,919 - INFO - Boosted OOD loss: -0.1112
2025-09-05 05:46:53,463 - WARNING - No anomaly pixels (254) found in batch
2025-09-05 05:46:56,660 - INFO - Boosted OOD loss: -0.0496
2025-09-05 05:46:57,212 - INFO - Boosted OOD loss: -0.0915
2025-09-05 05:47:03,625 - INFO - Boosted OOD loss: -0.0778
2025-09-05 05:47:10,024 - INFO - Boosted OOD loss: -0.1062
2025-09-05 05:47:10,575 - INFO - Boosted OOD loss: -0.0954
2025-09-05 05:47:11,660 - INFO - Boosted OOD loss: -0.0444
2025-09-05 05:47:13,802 - INFO - Boosted OOD loss: -0.0343
2025-09-05 05:47:14,356 - INFO - Boosted OOD loss: -0.0631
2025-09-05 05:47:17,564 - INFO - Boosted OOD loss: -0.0695
2025-09-05 05:47:20,242 - INFO - Boosted OOD loss: -0.0333
2025-09-05 05:47:20,242 - INFO - Step 36950 Loss Debug:
2025-09-05 05:47:20,242 - INFO -  CE: 2.0666
2025-09-05 05:47:20,242 - INFO -  OOD: -0.0333
2025-09-05 05:47:20,243 - INFO -  β: 64.00
2025-09-05 05:47:20,243 - INFO -  ID: 7916, OOD(254): 273
2025-09-05 05:47:20,793 - INFO - Boosted OOD loss: -0.0243
2025-09-05 05:47:25,061 - INFO - Boosted OOD loss: -0.0892
2025-09-05 05:47:28,813 - INFO - Boosted OOD loss: -0.0337
2025-09-05 05:47:31,495 - INFO - Boosted OOD loss: -0.1100
2025-09-05 05:47:34,712 - INFO - Boosted OOD loss: -0.0782
2025-09-05 05:47:35,267 - INFO - Boosted OOD loss: -0.0176
2025-09-05 05:47:35,824 - INFO - Boosted OOD loss: -0.0866
2025-09-05 05:47:37,441 - INFO - Boosted OOD loss: -0.0408
2025-09-05 05:47:41,710 - INFO - Boosted OOD loss: -0.1268
2025-09-05 05:47:42,790 - INFO - Boosted OOD loss: -0.0743
2025-09-05 05:47:46,004 - INFO - Boosted OOD loss: -0.0540
2025-09-05 05:47:47,087 - INFO - Boosted OOD loss: -0.0762
2025-09-05 05:47:47,087 - INFO - Step 37000 Loss Debug:
2025-09-05 05:47:47,088 - INFO -  CE: 1.5110
2025-09-05 05:47:47,088 - INFO -  OOD: -0.0762
2025-09-05 05:47:47,088 - INFO -  β: 64.00
2025-09-05 05:47:47,088 - INFO -  ID: 8106, OOD(254): 8
2025-09-05 05:47:50,843 - INFO - Boosted OOD loss: -0.0983
2025-09-05 05:47:57,244 - INFO - Boosted OOD loss: -0.0498
2025-09-05 05:47:57,803 - INFO - Boosted OOD loss: -0.0377
2025-09-05 05:48:03,146 - INFO - Boosted OOD loss: -0.0341
2025-09-05 05:48:04,773 - INFO - Boosted OOD loss: -0.0184
2025-09-05 05:48:06,393 - INFO - Boosted OOD loss: -0.0572
2025-09-05 05:48:07,481 - INFO - Boosted OOD loss: -0.0299
2025-09-05 05:48:08,035 - INFO - Boosted OOD loss: -0.0735
2025-09-05 05:48:09,644 - INFO - Boosted OOD loss: -0.0876
2025-09-05 05:48:13,374 - INFO - Boosted OOD loss: -0.0658
2025-09-05 05:48:16,046 - INFO - Boosted OOD loss: -0.1175
2025-09-05 05:48:17,127 - INFO - Boosted OOD loss: -0.1152
2025-09-05 05:48:22,469 - INFO - Boosted OOD loss: -0.0825
2025-09-05 05:48:24,087 - INFO - Boosted OOD loss: -0.0180
2025-09-05 05:48:25,174 - INFO - Boosted OOD loss: -0.0381
2025-09-05 05:48:26,261 - INFO - Boosted OOD loss: -0.0713
2025-09-05 05:48:26,816 - INFO - Boosted OOD loss: -0.0751
2025-09-05 05:48:31,095 - INFO - Boosted OOD loss: -0.0798
2025-09-05 05:48:33,239 - INFO - Boosted OOD loss: -0.1269
2025-09-05 05:48:38,051 - INFO - Boosted OOD loss: -0.0495
2025-09-05 05:48:39,139 - INFO - Boosted OOD loss: -0.0567
2025-09-05 05:48:40,749 - WARNING - No anomaly pixels (254) found in batch
2025-09-05 05:48:41,818 - INFO - Boosted OOD loss: -0.0760
2025-09-05 05:48:45,562 - INFO - Boosted OOD loss: -0.0618
2025-09-05 05:48:47,711 - INFO - Boosted OOD loss: -0.0343
2025-09-05 05:48:49,330 - INFO - Boosted OOD loss: -0.0582
2025-09-05 05:48:54,140 - INFO - Boosted OOD loss: -0.0318
2025-09-05 05:48:56,295 - INFO - Boosted OOD loss: -0.0685
2025-09-05 05:48:58,985 - INFO - Boosted OOD loss: -0.0709
2025-09-05 05:49:01,664 - INFO - Boosted OOD loss: -0.0394
2025-09-05 05:49:04,348 - INFO - Boosted OOD loss: -0.0208
2025-09-05 05:49:04,905 - INFO - Boosted OOD loss: -0.0867
2025-09-05 05:49:09,181 - INFO - Boosted OOD loss: -0.0103
2025-09-05 05:49:09,735 - INFO - Boosted OOD loss: -0.0570
2025-09-05 05:49:10,820 - INFO - Boosted OOD loss: -0.0428
2025-09-05 05:49:12,962 - INFO - Boosted OOD loss: -0.0765
2025-09-05 05:49:14,575 - INFO - Boosted OOD loss: -0.0782
2025-09-05 05:49:15,129 - INFO - Boosted OOD loss: -0.0719
2025-09-05 05:49:18,342 - INFO - Boosted OOD loss: -0.0685
2025-09-05 05:49:19,971 - INFO - Boosted OOD loss: -0.0704
2025-09-05 05:49:20,526 - INFO - Boosted OOD loss: -0.0247
2025-09-05 05:49:21,614 - INFO - Boosted OOD loss: -0.0962
2025-09-05 05:49:23,230 - INFO - Boosted OOD loss: -0.0472
2025-09-05 05:49:24,851 - INFO - Boosted OOD loss: -0.0485
2025-09-05 05:49:33,896 - INFO - Boosted OOD loss: -0.0977
2025-09-05 05:49:34,451 - INFO - Boosted OOD loss: -0.0128
2025-09-05 05:49:34,451 - INFO - Step 37200 Loss Debug:
2025-09-05 05:49:34,451 - INFO -  CE: 1.5127
2025-09-05 05:49:34,451 - INFO -  OOD: -0.0128
2025-09-05 05:49:34,452 - INFO -  β: 64.00
2025-09-05 05:49:34,452 - INFO -  ID: 6959, OOD(254): 917
2025-09-05 05:49:36,068 - INFO - Boosted OOD loss: -0.1118
2025-09-05 05:49:39,288 - INFO - Boosted OOD loss: -0.0683
2025-09-05 05:49:46,760 - INFO - Boosted OOD loss: -0.0529
2025-09-05 05:49:47,311 - INFO - Boosted OOD loss: -0.0965
2025-09-05 05:49:50,523 - INFO - Boosted OOD loss: -0.0189
2025-09-05 05:49:53,207 - INFO - Boosted OOD loss: -0.0707
2025-09-05 05:49:59,088 - INFO - Boosted OOD loss: -0.0439
2025-09-05 05:50:01,764 - INFO - Boosted OOD loss: -0.0285
2025-09-05 05:50:12,443 - INFO - Boosted OOD loss: -0.0817
2025-09-05 05:50:13,524 - INFO - Boosted OOD loss: -0.0877
2025-09-05 05:50:27,920 - WARNING - No anomaly pixels (254) found in batch
2025-09-05 05:50:28,457 - INFO - Boosted OOD loss: -0.1058
2025-09-05 05:50:29,548 - INFO - Boosted OOD loss: -0.0331
2025-09-05 05:50:31,169 - INFO - Boosted OOD loss: -0.0994
2025-09-05 05:50:31,725 - INFO - Boosted OOD loss: -0.0478
2025-09-05 05:50:34,407 - INFO - Boosted OOD loss: -0.1022
2025-09-05 05:50:35,486 - INFO - Boosted OOD loss: -0.0811
2025-09-05 05:50:39,229 - INFO - Boosted OOD loss: -0.0495
2025-09-05 05:50:39,786 - INFO - Boosted OOD loss: -0.0672
2025-09-05 05:50:41,401 - INFO - Boosted OOD loss: -0.0604
2025-09-05 05:50:44,605 - INFO - Boosted OOD loss: -0.0433
2025-09-05 05:50:45,157 - INFO - Boosted OOD loss: -0.0887
2025-09-05 05:50:58,512 - INFO - Boosted OOD loss: -0.0637
2025-09-05 05:50:59,070 - INFO - Boosted OOD loss: -0.0251
2025-09-05 05:51:03,367 - INFO - Boosted OOD loss: -0.0394
2025-09-05 05:51:03,925 - INFO - Boosted OOD loss: -0.0057
2025-09-05 05:51:05,011 - INFO - Boosted OOD loss: -0.0478
2025-09-05 05:51:10,883 - INFO - Boosted OOD loss: -0.0466
2025-09-05 05:51:13,558 - INFO - Boosted OOD loss: -0.0318
2025-09-05 05:51:16,239 - INFO - Boosted OOD loss: -0.0543
2025-09-05 05:51:18,926 - INFO - Boosted OOD loss: -0.0289
2025-09-05 05:51:21,080 - INFO - Boosted OOD loss: -0.0616
2025-09-05 05:51:21,633 - INFO - Boosted OOD loss: -0.0509
2025-09-05 05:51:21,633 - INFO - Step 37400 Loss Debug:
2025-09-05 05:51:21,633 - INFO -  CE: 2.1682
2025-09-05 05:51:21,633 - INFO -  OOD: -0.0509
2025-09-05 05:51:21,633 - INFO -  β: 64.00
2025-09-05 05:51:21,633 - INFO -  ID: 6680, OOD(254): 397
2025-09-05 05:51:25,395 - INFO - Boosted OOD loss: -0.0186
2025-09-05 05:51:30,198 - INFO - Boosted OOD loss: -0.0441
2025-09-05 05:51:31,279 - INFO - Boosted OOD loss: -0.0793
2025-09-05 05:51:31,831 - INFO - Boosted OOD loss: -0.0137
2025-09-05 05:51:32,962 - INFO - Updated beta to 12.70 (exp decay)
2025-09-05 05:51:34,365 - WARNING - Negative mean energy—verify E_b formula/signs
2025-09-05 05:51:34,365 - INFO - Weights updated successfully
2025-09-05 05:51:34,365 - INFO - Advanced epoch 21 - Updated beta: 12.70
2025-09-05 05:51:34,366 - INFO - Epoch 21 - Avg CE: 1.8373, Avg OOD: -0.0124, β: 64
2025-09-05 05:51:34,477 - INFO - 
Starting Epoch 22/100
2025-09-05 05:51:34,477 - INFO - ============================================================
2025-09-05 05:51:34,478 - INFO - 
Updating Hopfield boosting weights at epoch 22...
2025-09-05 05:51:35,879 - WARNING - Negative mean energy—verify E_b formula/signs
2025-09-05 05:51:35,879 - INFO - Weights updated successfully
2025-09-05 05:51:35,880 - INFO - Weight Update Debug at Epoch 22: No high-weight OOD pixels found
2025-09-05 05:51:36,957 - INFO - Boosted OOD loss: -0.0940
2025-09-05 05:51:40,112 - INFO - Boosted OOD loss: -0.0979
2025-09-05 05:51:41,185 - INFO - Boosted OOD loss: -0.0712
2025-09-05 05:51:43,317 - INFO - Boosted OOD loss: -0.0571
2025-09-05 05:51:43,869 - INFO - Boosted OOD loss: -0.0107
2025-09-05 05:51:46,011 - INFO - Boosted OOD loss: -0.0400
2025-09-05 05:51:46,563 - INFO - Boosted OOD loss: -0.0774
2025-09-05 05:51:48,170 - INFO - Boosted OOD loss: -0.0230
2025-09-05 05:51:49,793 - INFO - Boosted OOD loss: -0.0259
2025-09-05 05:51:55,139 - INFO - Boosted OOD loss: -0.0200
2025-09-05 05:51:55,697 - INFO - Boosted OOD loss: -0.0452
2025-09-05 05:51:56,246 - INFO - Boosted OOD loss: -0.0415
2025-09-05 05:51:59,469 - INFO - Boosted OOD loss: -0.0874
2025-09-05 05:52:00,018 - INFO - Boosted OOD loss: -0.0856
2025-09-05 05:52:00,579 - INFO - Boosted OOD loss: -0.0163
2025-09-05 05:52:02,198 - INFO - Boosted OOD loss: -0.0397
2025-09-05 05:52:06,476 - INFO - Boosted OOD loss: -0.0860
2025-09-05 05:52:07,027 - INFO - Boosted OOD loss: -0.0706
2025-09-05 05:52:09,702 - INFO - Boosted OOD loss: -0.0519
2025-09-05 05:52:10,258 - INFO - Boosted OOD loss: -0.0770
2025-09-05 05:52:11,341 - INFO - Boosted OOD loss: -0.0562
2025-09-05 05:52:12,426 - INFO - Boosted OOD loss: -0.0582
2025-09-05 05:52:12,979 - INFO - Boosted OOD loss: -0.0577
2025-09-05 05:52:16,726 - INFO - Boosted OOD loss: -0.0554
2025-09-05 05:52:18,878 - INFO - Boosted OOD loss: -0.0525
2025-09-05 05:52:18,878 - INFO - Step 37500 Loss Debug:
2025-09-05 05:52:18,879 - INFO -  CE: 1.7518
2025-09-05 05:52:18,879 - INFO -  OOD: -0.0525
2025-09-05 05:52:18,879 - INFO -  β: 64.00
2025-09-05 05:52:18,879 - INFO -  ID: 5350, OOD(254): 50
2025-09-05 05:52:19,435 - INFO - Boosted OOD loss: -0.0705
2025-09-05 05:52:21,056 - INFO - Boosted OOD loss: -0.0352
2025-09-05 05:52:24,264 - INFO - Boosted OOD loss: -0.0952
2025-09-05 05:52:27,492 - INFO - Boosted OOD loss: -0.0560
2025-09-05 05:52:29,110 - INFO - Boosted OOD loss: -0.0493
2025-09-05 05:52:29,671 - INFO - Boosted OOD loss: -0.0406
2025-09-05 05:52:34,496 - INFO - Boosted OOD loss: -0.0533
2025-09-05 05:52:36,638 - INFO - Boosted OOD loss: -0.0817
2025-09-05 05:52:40,388 - INFO - Boosted OOD loss: -0.0422
2025-09-05 05:52:43,060 - INFO - Boosted OOD loss: -0.0652
2025-09-05 05:52:45,739 - INFO - Boosted OOD loss: -0.0124
2025-09-05 05:52:45,739 - INFO - Step 37550 Loss Debug:
2025-09-05 05:52:45,740 - INFO -  CE: 1.8431
2025-09-05 05:52:45,740 - INFO -  OOD: -0.0124
2025-09-05 05:52:45,740 - INFO -  β: 64.00
2025-09-05 05:52:45,740 - INFO -  ID: 5443, OOD(254): 2632
2025-09-05 05:52:46,297 - INFO - Boosted OOD loss: -0.0161
2025-09-05 05:52:55,362 - INFO - Boosted OOD loss: -0.0533
2025-09-05 05:53:03,372 - INFO - Boosted OOD loss: -0.0279
2025-09-05 05:53:03,924 - INFO - Boosted OOD loss: -0.0606
2025-09-05 05:53:05,543 - INFO - Boosted OOD loss: -0.0524
2025-09-05 05:53:12,479 - WARNING - No anomaly pixels (254) found in batch
2025-09-05 05:53:14,075 - INFO - Boosted OOD loss: -0.0633
2025-09-05 05:53:14,631 - INFO - Boosted OOD loss: -0.1083
2025-09-05 05:53:17,310 - INFO - Boosted OOD loss: -0.0070
2025-09-05 05:53:19,996 - INFO - Boosted OOD loss: -0.0590
2025-09-05 05:53:20,553 - INFO - Boosted OOD loss: -0.0702
2025-09-05 05:53:23,235 - INFO - Boosted OOD loss: -0.0282
2025-09-05 05:53:24,854 - INFO - Boosted OOD loss: -0.0956
2025-09-05 05:53:29,664 - INFO - Boosted OOD loss: -0.0822
2025-09-05 05:53:30,213 - INFO - Boosted OOD loss: -0.0745
2025-09-05 05:53:32,906 - INFO - Boosted OOD loss: -0.0633
2025-09-05 05:53:36,673 - INFO - Boosted OOD loss: -0.0297
2025-09-05 05:53:40,419 - INFO - Boosted OOD loss: -0.0535
2025-09-05 05:53:40,976 - INFO - Boosted OOD loss: -0.0237
2025-09-05 05:53:47,378 - INFO - Boosted OOD loss: -0.0584
2025-09-05 05:53:50,595 - INFO - Boosted OOD loss: -0.0902
2025-09-05 05:53:52,210 - INFO - Boosted OOD loss: -0.0729
2025-09-05 05:53:53,292 - INFO - Boosted OOD loss: -0.0628
2025-09-05 05:53:54,382 - INFO - Boosted OOD loss: -0.0755
2025-09-05 05:53:54,936 - INFO - Boosted OOD loss: -0.0944
2025-09-05 05:53:58,686 - INFO - Boosted OOD loss: -0.0520
2025-09-05 05:54:01,909 - INFO - Boosted OOD loss: -0.0722
2025-09-05 05:54:05,662 - INFO - Boosted OOD loss: -0.0734
2025-09-05 05:54:06,207 - WARNING - No anomaly pixels (254) found in batch
2025-09-05 05:54:08,870 - INFO - Boosted OOD loss: -0.0715
2025-09-05 05:54:09,955 - INFO - Boosted OOD loss: -0.0567
2025-09-05 05:54:10,505 - INFO - Boosted OOD loss: -0.1029
2025-09-05 05:54:12,122 - INFO - Boosted OOD loss: -0.0513
2025-09-05 05:54:14,280 - INFO - Boosted OOD loss: -0.0833
2025-09-05 05:54:15,369 - INFO - Boosted OOD loss: -0.0786
2025-09-05 05:54:15,923 - INFO - Boosted OOD loss: -0.0215
2025-09-05 05:54:20,217 - INFO - Boosted OOD loss: -0.0411
2025-09-05 05:54:21,311 - INFO - Boosted OOD loss: -0.0580
2025-09-05 05:54:22,391 - INFO - Boosted OOD loss: -0.0918
2025-09-05 05:54:26,687 - INFO - Boosted OOD loss: -0.0675
2025-09-05 05:54:27,244 - INFO - Boosted OOD loss: -0.0664
2025-09-05 05:54:29,395 - INFO - Boosted OOD loss: -0.0648
2025-09-05 05:54:29,950 - INFO - Boosted OOD loss: -0.0888
2025-09-05 05:54:30,509 - INFO - Boosted OOD loss: -0.0578
2025-09-05 05:54:31,062 - INFO - Boosted OOD loss: -0.0322
2025-09-05 05:54:40,678 - INFO - Boosted OOD loss: -0.0997
2025-09-05 05:54:42,830 - INFO - Boosted OOD loss: -0.0167
2025-09-05 05:54:52,444 - INFO - Boosted OOD loss: -0.0357
2025-09-05 05:54:55,122 - INFO - Boosted OOD loss: -0.0411
2025-09-05 05:54:59,936 - WARNING - No anomaly pixels (254) found in batch
2025-09-05 05:55:02,072 - INFO - Boosted OOD loss: -0.0179
2025-09-05 05:55:03,167 - INFO - Boosted OOD loss: -0.0204
2025-09-05 05:55:03,724 - INFO - Boosted OOD loss: -0.0488
2025-09-05 05:55:04,818 - INFO - Boosted OOD loss: -0.0827
2025-09-05 05:55:06,443 - INFO - Boosted OOD loss: -0.0213
2025-09-05 05:55:11,787 - INFO - Boosted OOD loss: -0.0420
2025-09-05 05:55:12,342 - INFO - Boosted OOD loss: -0.0331
2025-09-05 05:55:12,898 - INFO - Boosted OOD loss: -0.0513
2025-09-05 05:55:19,309 - INFO - Boosted OOD loss: -0.0540
2025-09-05 05:55:19,868 - INFO - Boosted OOD loss: -0.0340
2025-09-05 05:55:20,423 - INFO - Boosted OOD loss: -0.0532
2025-09-05 05:55:20,979 - INFO - Boosted OOD loss: -0.0510
2025-09-05 05:55:22,066 - INFO - Boosted OOD loss: -0.0424
2025-09-05 05:55:23,156 - INFO - Boosted OOD loss: -0.0614
2025-09-05 05:55:27,970 - INFO - Boosted OOD loss: -0.0323
2025-09-05 05:55:28,525 - INFO - Boosted OOD loss: -0.0435
2025-09-05 05:55:34,389 - INFO - Boosted OOD loss: -0.0493
2025-09-05 05:55:37,596 - INFO - Boosted OOD loss: -0.0445
2025-09-05 05:55:38,149 - INFO - Boosted OOD loss: -0.0508
2025-09-05 05:55:38,707 - INFO - Boosted OOD loss: -0.0800
2025-09-05 05:55:42,454 - INFO - Boosted OOD loss: -0.1030
2025-09-05 05:55:46,730 - INFO - Boosted OOD loss: -0.0140
2025-09-05 05:55:48,899 - INFO - Boosted OOD loss: -0.0887
2025-09-05 05:55:49,451 - INFO - Boosted OOD loss: -0.0868
2025-09-05 05:55:50,536 - INFO - Boosted OOD loss: -0.0641
2025-09-05 05:55:51,627 - INFO - Boosted OOD loss: -0.1109
2025-09-05 05:55:53,767 - WARNING - No anomaly pixels (254) found in batch
2025-09-05 05:55:54,839 - INFO - Boosted OOD loss: -0.0297
2025-09-05 05:55:56,463 - INFO - Boosted OOD loss: -0.0360
2025-09-05 05:55:58,087 - INFO - Boosted OOD loss: -0.0411
2025-09-05 05:55:59,170 - INFO - Boosted OOD loss: -0.1348
2025-09-05 05:55:59,721 - INFO - Boosted OOD loss: -0.1165
2025-09-05 05:56:00,276 - INFO - Boosted OOD loss: -0.0361
2025-09-05 05:56:01,365 - INFO - Boosted OOD loss: -0.0293
2025-09-05 05:56:03,519 - INFO - Boosted OOD loss: -0.1302
2025-09-05 05:56:13,132 - INFO - Boosted OOD loss: -0.0452
2025-09-05 05:56:14,747 - INFO - Boosted OOD loss: -0.0205
2025-09-05 05:56:16,369 - INFO - Boosted OOD loss: -0.1310
2025-09-05 05:56:16,919 - INFO - Boosted OOD loss: -0.0637
2025-09-05 05:56:20,135 - INFO - Boosted OOD loss: -0.1053
2025-09-05 05:56:20,692 - INFO - Boosted OOD loss: -0.0431
2025-09-05 05:56:20,692 - INFO - Step 37950 Loss Debug:
2025-09-05 05:56:20,692 - INFO -  CE: 2.1592
2025-09-05 05:56:20,692 - INFO -  OOD: -0.0431
2025-09-05 05:56:20,692 - INFO -  β: 64.00
2025-09-05 05:56:20,692 - INFO -  ID: 5710, OOD(254): 210
2025-09-05 05:56:27,636 - INFO - Boosted OOD loss: -0.0999
2025-09-05 05:56:29,255 - INFO - Boosted OOD loss: -0.1086
2025-09-05 05:56:31,401 - INFO - Boosted OOD loss: -0.0680
2025-09-05 05:56:31,957 - INFO - Boosted OOD loss: -0.0189
2025-09-05 05:56:34,115 - INFO - Boosted OOD loss: -0.0699
2025-09-05 05:56:34,667 - INFO - Boosted OOD loss: -0.0383
2025-09-05 05:56:37,351 - INFO - Boosted OOD loss: -0.0105
2025-09-05 05:56:41,638 - INFO - Boosted OOD loss: -0.0965
2025-09-05 05:56:44,313 - INFO - Boosted OOD loss: -0.0851
2025-09-05 05:56:47,511 - WARNING - No anomaly pixels (254) found in batch
2025-09-05 05:56:49,639 - INFO - Boosted OOD loss: -0.0462
2025-09-05 05:56:50,195 - INFO - Boosted OOD loss: -0.1110
2025-09-05 05:56:53,938 - INFO - Boosted OOD loss: -0.0776
2025-09-05 05:56:58,743 - INFO - Boosted OOD loss: -0.0744
2025-09-05 05:57:02,497 - INFO - Boosted OOD loss: -0.0486
2025-09-05 05:57:03,579 - INFO - Boosted OOD loss: -0.0716
2025-09-05 05:57:07,316 - INFO - Boosted OOD loss: -0.0380
2025-09-05 05:57:13,710 - INFO - Boosted OOD loss: -0.0491
2025-09-05 05:57:16,387 - INFO - Boosted OOD loss: -0.0845
2025-09-05 05:57:16,936 - INFO - Boosted OOD loss: -0.0576
2025-09-05 05:57:22,800 - INFO - Boosted OOD loss: -0.0675
2025-09-05 05:57:28,138 - INFO - Boosted OOD loss: -0.0334
2025-09-05 05:57:29,219 - INFO - Boosted OOD loss: -0.0534
2025-09-05 05:57:35,098 - INFO - Boosted OOD loss: -0.0545
2025-09-05 05:57:36,182 - INFO - Boosted OOD loss: -0.0664
2025-09-05 05:57:36,734 - INFO - Boosted OOD loss: -0.0608
2025-09-05 05:57:37,817 - INFO - Boosted OOD loss: -0.1169
2025-09-05 05:57:41,030 - WARNING - No anomaly pixels (254) found in batch
2025-09-05 05:57:42,640 - INFO - Boosted OOD loss: -0.0673
2025-09-05 05:57:43,727 - INFO - Boosted OOD loss: -0.1221
2025-09-05 05:57:45,343 - INFO - Boosted OOD loss: -0.0231
2025-09-05 05:57:52,302 - INFO - Boosted OOD loss: -0.0596
2025-09-05 05:57:52,857 - INFO - Boosted OOD loss: -0.0932
2025-09-05 05:57:53,409 - INFO - Boosted OOD loss: -0.0382
2025-09-05 05:58:00,360 - INFO - Boosted OOD loss: -0.0557
2025-09-05 05:58:01,976 - INFO - Boosted OOD loss: -0.0128
2025-09-05 05:58:02,538 - INFO - Boosted OOD loss: -0.0465
2025-09-05 05:58:05,218 - INFO - Boosted OOD loss: -0.0536
2025-09-05 05:58:06,842 - INFO - Boosted OOD loss: -0.0195
2025-09-05 05:58:08,468 - INFO - Boosted OOD loss: -0.0263
2025-09-05 05:58:12,215 - INFO - Boosted OOD loss: -0.0523
2025-09-05 05:58:13,842 - INFO - Boosted OOD loss: -0.0712
2025-09-05 05:58:16,517 - INFO - Boosted OOD loss: -0.0439
2025-09-05 05:58:20,265 - INFO - Boosted OOD loss: -0.0473
2025-09-05 05:58:25,619 - INFO - Boosted OOD loss: -0.0489
2025-09-05 05:58:30,437 - INFO - Boosted OOD loss: -0.0767
2025-09-05 05:58:33,108 - INFO - Boosted OOD loss: -0.0806
2025-09-05 05:58:34,719 - WARNING - No anomaly pixels (254) found in batch
2025-09-05 05:58:36,860 - INFO - Boosted OOD loss: -0.0527
2025-09-05 05:58:43,792 - INFO - Boosted OOD loss: -0.0611
2025-09-05 05:58:45,953 - INFO - Boosted OOD loss: -0.0491
2025-09-05 05:58:47,043 - INFO - Boosted OOD loss: -0.0914
2025-09-05 05:58:47,596 - INFO - Boosted OOD loss: -0.1413
2025-09-05 05:58:53,465 - INFO - Boosted OOD loss: -0.0571
2025-09-05 05:58:54,018 - INFO - Boosted OOD loss: -0.0958
2025-09-05 05:58:54,574 - INFO - Boosted OOD loss: -0.0233
2025-09-05 05:59:05,257 - INFO - Boosted OOD loss: -0.0455
2025-09-05 05:59:06,343 - INFO - Boosted OOD loss: -0.0515
2025-09-05 05:59:07,427 - INFO - Boosted OOD loss: -0.0665
2025-09-05 05:59:07,979 - INFO - Boosted OOD loss: -0.1058
2025-09-05 05:59:08,533 - INFO - Boosted OOD loss: -0.0294
2025-09-05 05:59:10,150 - INFO - Boosted OOD loss: -0.1203
2025-09-05 05:59:11,770 - INFO - Boosted OOD loss: -0.0596
2025-09-05 05:59:14,993 - INFO - Boosted OOD loss: -0.0734
2025-09-05 05:59:16,077 - INFO - Boosted OOD loss: -0.1306
2025-09-05 05:59:17,692 - INFO - Boosted OOD loss: -0.0742
2025-09-05 05:59:21,436 - INFO - Boosted OOD loss: -0.0180
2025-09-05 05:59:24,657 - INFO - Boosted OOD loss: -0.0793
2025-09-05 05:59:27,332 - INFO - Boosted OOD loss: -0.1127
2025-09-05 05:59:28,423 - INFO - Boosted OOD loss: -0.0184
2025-09-05 05:59:28,424 - INFO - Step 38300 Loss Debug:
2025-09-05 05:59:28,424 - INFO -  CE: 1.6253
2025-09-05 05:59:28,424 - INFO -  OOD: -0.0184
2025-09-05 05:59:28,424 - INFO -  β: 64.00
2025-09-05 05:59:28,424 - INFO -  ID: 5013, OOD(254): 990
2025-09-05 05:59:30,570 - INFO - Boosted OOD loss: -0.1120
2025-09-05 05:59:34,308 - INFO - Boosted OOD loss: -0.0332
2025-09-05 05:59:35,390 - INFO - Boosted OOD loss: -0.0587
2025-09-05 05:59:40,217 - INFO - Boosted OOD loss: -0.0806
2025-09-05 05:59:40,772 - INFO - Boosted OOD loss: -0.0416
2025-09-05 05:59:41,324 - INFO - Boosted OOD loss: -0.0516
2025-09-05 05:59:47,730 - INFO - Boosted OOD loss: -0.0940
2025-09-05 05:59:49,341 - INFO - Boosted OOD loss: -0.0483
2025-09-05 05:59:50,432 - INFO - Boosted OOD loss: -0.0795
2025-09-05 05:59:50,982 - INFO - Boosted OOD loss: -0.0822
2025-09-05 05:59:51,533 - INFO - Boosted OOD loss: -0.0901
2025-09-05 05:59:56,861 - INFO - Boosted OOD loss: -0.1055
2025-09-05 05:59:58,479 - INFO - Boosted OOD loss: -0.0559
2025-09-05 05:59:59,569 - INFO - Boosted OOD loss: -0.0582
2025-09-05 06:00:00,657 - INFO - Boosted OOD loss: -0.1245
2025-09-05 06:00:02,798 - INFO - Boosted OOD loss: -0.0747
2025-09-05 06:00:03,354 - INFO - Boosted OOD loss: -0.0129
2025-09-05 06:00:04,445 - INFO - Boosted OOD loss: -0.1148
2025-09-05 06:00:05,000 - INFO - Boosted OOD loss: -0.0475
2025-09-05 06:00:06,620 - INFO - Boosted OOD loss: -0.0793
2025-09-05 06:00:10,888 - INFO - Boosted OOD loss: -0.0334
2025-09-05 06:00:16,772 - INFO - Boosted OOD loss: 0.0105
2025-09-05 06:00:17,331 - INFO - Boosted OOD loss: -0.0336
2025-09-05 06:00:17,885 - INFO - Boosted OOD loss: -0.0956
2025-09-05 06:00:18,979 - INFO - Boosted OOD loss: -0.0011
2025-09-05 06:00:22,184 - WARNING - No anomaly pixels (254) found in batch
2025-09-05 06:00:28,031 - INFO - Boosted OOD loss: -0.0944
2025-09-05 06:00:28,584 - INFO - Boosted OOD loss: -0.0885
2025-09-05 06:00:34,465 - INFO - Boosted OOD loss: -0.0015
2025-09-05 06:00:39,824 - INFO - Boosted OOD loss: -0.0497
2025-09-05 06:00:42,500 - INFO - Boosted OOD loss: -0.0700
2025-09-05 06:00:44,645 - INFO - Boosted OOD loss: -0.0597
2025-09-05 06:00:45,729 - INFO - Boosted OOD loss: -0.0517
2025-09-05 06:00:46,817 - INFO - Boosted OOD loss: -0.0849
2025-09-05 06:00:47,367 - INFO - Boosted OOD loss: -0.0338
2025-09-05 06:00:48,989 - INFO - Boosted OOD loss: -0.0415
2025-09-05 06:00:48,989 - INFO - Step 38450 Loss Debug:
2025-09-05 06:00:48,989 - INFO -  CE: 1.5883
2025-09-05 06:00:48,990 - INFO -  OOD: -0.0415
2025-09-05 06:00:48,990 - INFO -  β: 64.00
2025-09-05 06:00:48,990 - INFO -  ID: 6575, OOD(254): 148
2025-09-05 06:00:51,662 - INFO - Boosted OOD loss: -0.0515
2025-09-05 06:00:52,210 - INFO - Boosted OOD loss: -0.1291
2025-09-05 06:00:53,297 - INFO - Boosted OOD loss: -0.0655
2025-09-05 06:00:56,513 - INFO - Boosted OOD loss: -0.0388
2025-09-05 06:00:59,728 - INFO - Boosted OOD loss: -0.0537
2025-09-05 06:01:03,469 - INFO - Boosted OOD loss: -0.0511
2025-09-05 06:01:06,161 - INFO - Boosted OOD loss: -0.1118
2025-09-05 06:01:07,776 - INFO - Boosted OOD loss: -0.1151
2025-09-05 06:01:08,329 - INFO - Boosted OOD loss: -0.0880
2025-09-05 06:01:15,800 - WARNING - No anomaly pixels (254) found in batch
2025-09-05 06:01:18,462 - INFO - Boosted OOD loss: -0.1242
2025-09-05 06:01:22,202 - INFO - Boosted OOD loss: -0.0319
2025-09-05 06:01:23,825 - INFO - Boosted OOD loss: -0.0870
2025-09-05 06:01:24,914 - INFO - Boosted OOD loss: -0.0733
2025-09-05 06:01:26,525 - INFO - Boosted OOD loss: -0.0306
2025-09-05 06:01:30,277 - INFO - Boosted OOD loss: -0.0732
2025-09-05 06:01:34,555 - INFO - Boosted OOD loss: -0.0226
2025-09-05 06:01:38,822 - INFO - Boosted OOD loss: -0.0618
2025-09-05 06:01:41,500 - INFO - Boosted OOD loss: -0.0630
2025-09-05 06:01:45,234 - INFO - Boosted OOD loss: -0.0708
2025-09-05 06:01:46,325 - INFO - Boosted OOD loss: -0.0242
2025-09-05 06:01:46,877 - INFO - Boosted OOD loss: -0.0640
2025-09-05 06:01:47,435 - INFO - Boosted OOD loss: -0.0426
2025-09-05 06:01:52,249 - INFO - Boosted OOD loss: -0.1033
2025-09-05 06:01:54,937 - INFO - Boosted OOD loss: -0.0792
2025-09-05 06:01:56,558 - INFO - Boosted OOD loss: -0.0605
2025-09-05 06:01:59,767 - INFO - Boosted OOD loss: -0.0984
2025-09-05 06:02:01,389 - INFO - Boosted OOD loss: -0.0426
2025-09-05 06:02:01,948 - INFO - Boosted OOD loss: -0.0208
2025-09-05 06:02:02,505 - INFO - Boosted OOD loss: -0.0947
2025-09-05 06:02:05,713 - INFO - Boosted OOD loss: -0.0939
2025-09-05 06:02:06,267 - INFO - Boosted OOD loss: -0.0884
2025-09-05 06:02:08,419 - INFO - Boosted OOD loss: -0.0527
2025-09-05 06:02:09,491 - WARNING - No anomaly pixels (254) found in batch
2025-09-05 06:02:12,162 - INFO - Boosted OOD loss: -0.0116
2025-09-05 06:02:18,586 - INFO - Boosted OOD loss: -0.0529
2025-09-05 06:02:20,212 - INFO - Boosted OOD loss: -0.0685
2025-09-05 06:02:24,493 - INFO - Boosted OOD loss: -0.0546
2025-09-05 06:02:26,106 - INFO - Boosted OOD loss: -0.1201
2025-09-05 06:02:30,925 - INFO - Boosted OOD loss: -0.0805
2025-09-05 06:02:33,606 - INFO - Boosted OOD loss: -0.1026
2025-09-05 06:02:35,217 - INFO - Boosted OOD loss: -0.0559
2025-09-05 06:02:40,026 - INFO - Boosted OOD loss: -0.0290
2025-09-05 06:02:40,588 - INFO - Boosted OOD loss: -0.0596
2025-09-05 06:02:42,207 - INFO - Boosted OOD loss: -0.0503
2025-09-05 06:02:51,807 - INFO - Boosted OOD loss: -0.0910
2025-09-05 06:02:55,022 - INFO - Boosted OOD loss: -0.0524
2025-09-05 06:02:55,575 - INFO - Boosted OOD loss: -0.0553
2025-09-05 06:02:56,128 - INFO - Boosted OOD loss: -0.0315
2025-09-05 06:02:57,215 - INFO - Boosted OOD loss: -0.0184
2025-09-05 06:02:59,907 - INFO - Boosted OOD loss: -0.0204
2025-09-05 06:03:02,073 - INFO - Boosted OOD loss: -0.0340
2025-09-05 06:03:03,149 - WARNING - No anomaly pixels (254) found in batch
2025-09-05 06:03:09,538 - INFO - Boosted OOD loss: -0.0546
2025-09-05 06:03:12,756 - INFO - Boosted OOD loss: -0.0305
2025-09-05 06:03:22,360 - INFO - Boosted OOD loss: -0.0135
2025-09-05 06:03:22,911 - INFO - Boosted OOD loss: -0.0677
2025-09-05 06:03:24,528 - INFO - Boosted OOD loss: -0.0732
2025-09-05 06:03:25,083 - INFO - Boosted OOD loss: -0.0704
2025-09-05 06:03:25,638 - INFO - Boosted OOD loss: -0.0466
2025-09-05 06:03:35,246 - INFO - Boosted OOD loss: -0.0231
2025-09-05 06:03:37,396 - INFO - Boosted OOD loss: -0.0157
2025-09-05 06:03:37,954 - INFO - Boosted OOD loss: -0.0110
2025-09-05 06:03:41,165 - INFO - Boosted OOD loss: -0.0286
2025-09-05 06:03:42,781 - INFO - Boosted OOD loss: -0.0649
2025-09-05 06:03:44,399 - INFO - Boosted OOD loss: -0.0339
2025-09-05 06:03:46,555 - INFO - Boosted OOD loss: -0.0317
2025-09-05 06:03:48,710 - INFO - Boosted OOD loss: -0.0795
2025-09-05 06:03:50,867 - INFO - Boosted OOD loss: -0.0479
2025-09-05 06:03:54,071 - INFO - Boosted OOD loss: -0.0622
2025-09-05 06:03:55,159 - INFO - Boosted OOD loss: -0.0980
2025-09-05 06:03:55,708 - INFO - Boosted OOD loss: -0.0646
2025-09-05 06:03:56,789 - WARNING - No anomaly pixels (254) found in batch
2025-09-05 06:03:59,460 - INFO - Boosted OOD loss: -0.0277
2025-09-05 06:04:00,016 - INFO - Boosted OOD loss: -0.0699
2025-09-05 06:04:00,575 - INFO - Boosted OOD loss: -0.0138
2025-09-05 06:04:02,732 - INFO - Boosted OOD loss: -0.0958
2025-09-05 06:04:05,408 - INFO - Boosted OOD loss: -0.0406
2025-09-05 06:04:05,955 - INFO - Boosted OOD loss: -0.0584
2025-09-05 06:04:09,697 - INFO - Boosted OOD loss: -0.0829
2025-09-05 06:04:11,842 - INFO - Boosted OOD loss: -0.0969
2025-09-05 06:04:20,368 - INFO - Boosted OOD loss: -0.0555
2025-09-05 06:04:23,586 - INFO - Boosted OOD loss: -0.0413
2025-09-05 06:04:23,586 - INFO - Step 38850 Loss Debug:
2025-09-05 06:04:23,586 - INFO -  CE: 1.5123
2025-09-05 06:04:23,586 - INFO -  OOD: -0.0413
2025-09-05 06:04:23,586 - INFO -  β: 64.00
2025-09-05 06:04:23,587 - INFO -  ID: 7100, OOD(254): 829
2025-09-05 06:04:26,795 - INFO - Boosted OOD loss: -0.0411
2025-09-05 06:04:27,890 - INFO - Boosted OOD loss: -0.0229
2025-09-05 06:04:30,586 - INFO - Boosted OOD loss: -0.0549
2025-09-05 06:04:33,800 - INFO - Boosted OOD loss: -0.0427
2025-09-05 06:04:34,887 - INFO - Boosted OOD loss: -0.0561
2025-09-05 06:04:35,434 - INFO - Boosted OOD loss: -0.0758
2025-09-05 06:04:36,519 - INFO - Boosted OOD loss: -0.0501
2025-09-05 06:04:40,792 - INFO - Boosted OOD loss: -0.0552
2025-09-05 06:04:44,536 - INFO - Boosted OOD loss: -0.1084
2025-09-05 06:04:46,161 - INFO - Boosted OOD loss: -0.0502
2025-09-05 06:04:46,711 - INFO - Boosted OOD loss: -0.0870
2025-09-05 06:04:49,395 - INFO - Boosted OOD loss: -0.0173
2025-09-05 06:04:50,480 - WARNING - No anomaly pixels (254) found in batch
2025-09-05 06:04:51,017 - INFO - Boosted OOD loss: -0.1056
2025-09-05 06:04:54,232 - INFO - Boosted OOD loss: -0.0542
2025-09-05 06:04:56,920 - INFO - Boosted OOD loss: -0.0285
2025-09-05 06:05:05,454 - INFO - Boosted OOD loss: -0.0208
2025-09-05 06:05:08,139 - INFO - Boosted OOD loss: -0.0547
2025-09-05 06:05:13,483 - INFO - Boosted OOD loss: -0.0387
2025-09-05 06:05:15,641 - INFO - Boosted OOD loss: -0.0250
2025-09-05 06:05:16,192 - INFO - Boosted OOD loss: -0.0698
2025-09-05 06:05:21,533 - INFO - Boosted OOD loss: -0.0651
2025-09-05 06:05:25,803 - INFO - Boosted OOD loss: -0.0473
2025-09-05 06:05:35,399 - INFO - Boosted OOD loss: -0.0615
2025-09-05 06:05:35,952 - INFO - Boosted OOD loss: -0.0666
2025-09-05 06:05:36,511 - INFO - Boosted OOD loss: -0.0629
2025-09-05 06:05:38,669 - INFO - Boosted OOD loss: -0.0731
2025-09-05 06:05:40,815 - INFO - Boosted OOD loss: -0.0661
2025-09-05 06:05:41,897 - INFO - Boosted OOD loss: -0.0503
2025-09-05 06:05:44,043 - WARNING - No anomaly pixels (254) found in batch
2025-09-05 06:05:49,889 - INFO - Boosted OOD loss: -0.0706
2025-09-05 06:05:55,221 - INFO - Boosted OOD loss: -0.0468
2025-09-05 06:05:57,371 - INFO - Boosted OOD loss: -0.0225
2025-09-05 06:05:58,460 - INFO - Boosted OOD loss: -0.0594
2025-09-05 06:05:59,547 - INFO - Boosted OOD loss: -0.1051
2025-09-05 06:06:03,285 - INFO - Boosted OOD loss: -0.0337
2025-09-05 06:06:05,967 - INFO - Boosted OOD loss: -0.0555
2025-09-05 06:06:07,587 - INFO - Boosted OOD loss: -0.0697
2025-09-05 06:06:09,197 - INFO - Boosted OOD loss: -0.0471
2025-09-05 06:06:10,810 - INFO - Boosted OOD loss: -0.0954
2025-09-05 06:06:10,811 - INFO - Step 39050 Loss Debug:
2025-09-05 06:06:10,811 - INFO -  CE: 1.8159
2025-09-05 06:06:10,811 - INFO -  OOD: -0.0954
2025-09-05 06:06:10,811 - INFO -  β: 64.00
2025-09-05 06:06:10,811 - INFO -  ID: 8006, OOD(254): 9
2025-09-05 06:06:11,362 - INFO - Boosted OOD loss: -0.0558
2025-09-05 06:06:12,444 - INFO - Boosted OOD loss: -0.1356
2025-09-05 06:06:12,995 - INFO - Boosted OOD loss: -0.0839
2025-09-05 06:06:16,734 - INFO - Boosted OOD loss: -0.0265
2025-09-05 06:06:18,889 - INFO - Boosted OOD loss: -0.0455
2025-09-05 06:06:23,158 - INFO - Boosted OOD loss: -0.0442
2025-09-05 06:06:31,691 - INFO - Boosted OOD loss: -0.0501
2025-09-05 06:06:32,248 - INFO - Boosted OOD loss: -0.0587
2025-09-05 06:06:36,004 - INFO - Boosted OOD loss: -0.0214
2025-09-05 06:06:37,088 - INFO - Boosted OOD loss: -0.0590
2025-09-05 06:06:37,641 - INFO - Boosted OOD loss: -0.1256
2025-09-05 06:06:37,641 - INFO - Step 39100 Loss Debug:
2025-09-05 06:06:37,642 - INFO -  CE: 1.3160
2025-09-05 06:06:37,642 - INFO -  OOD: -0.1256
2025-09-05 06:06:37,642 - INFO -  β: 64.00
2025-09-05 06:06:37,642 - INFO -  ID: 5567, OOD(254): 44
2025-09-05 06:06:38,193 - INFO - Boosted OOD loss: -0.0444
2025-09-05 06:06:39,282 - INFO - Boosted OOD loss: -0.0360
2025-09-05 06:06:39,834 - INFO - Boosted OOD loss: -0.0508
2025-09-05 06:06:43,050 - INFO - Boosted OOD loss: -0.1054
2025-09-05 06:06:49,451 - INFO - Boosted OOD loss: -0.0685
2025-09-05 06:06:56,931 - INFO - Boosted OOD loss: -0.1262
2025-09-05 06:06:57,484 - INFO - Boosted OOD loss: -0.0930
2025-09-05 06:07:02,303 - INFO - Boosted OOD loss: -0.0441
2025-09-05 06:07:05,514 - INFO - Boosted OOD loss: -0.0590
2025-09-05 06:07:07,136 - INFO - Boosted OOD loss: -0.0483
2025-09-05 06:07:08,221 - INFO - Boosted OOD loss: -0.0475
2025-09-05 06:07:11,441 - INFO - Boosted OOD loss: -0.0488
2025-09-05 06:07:14,656 - INFO - Boosted OOD loss: -0.0550
2025-09-05 06:07:16,804 - INFO - Boosted OOD loss: -0.0916
2025-09-05 06:07:17,360 - INFO - Boosted OOD loss: -0.0388
2025-09-05 06:07:20,047 - INFO - Boosted OOD loss: -0.0673
2025-09-05 06:07:22,725 - INFO - Boosted OOD loss: -0.0810
2025-09-05 06:07:25,408 - INFO - Boosted OOD loss: -0.0377
2025-09-05 06:07:29,702 - INFO - Boosted OOD loss: -0.0462
2025-09-05 06:07:31,311 - WARNING - No anomaly pixels (254) found in batch
2025-09-05 06:07:32,955 - INFO - Updated beta to 12.56 (exp decay)
2025-09-05 06:07:34,357 - WARNING - Negative mean energy—verify E_b formula/signs
2025-09-05 06:07:34,358 - INFO - Weights updated successfully
2025-09-05 06:07:34,358 - INFO - Advanced epoch 22 - Updated beta: 12.56
2025-09-05 06:07:34,359 - INFO - Epoch 22 - Avg CE: 1.8382, Avg OOD: -0.0126, β: 64
2025-09-05 06:07:34,470 - INFO - 
Starting Epoch 23/100
2025-09-05 06:07:34,470 - INFO - ============================================================
2025-09-05 06:07:34,471 - INFO - 
Updating Hopfield boosting weights at epoch 23...
2025-09-05 06:07:35,869 - WARNING - Negative mean energy—verify E_b formula/signs
2025-09-05 06:07:35,870 - INFO - Weights updated successfully
2025-09-05 06:07:35,870 - INFO - Weight Update Debug at Epoch 23: No high-weight OOD pixels found
2025-09-05 06:07:37,021 - INFO - Boosted OOD loss: -0.0828
2025-09-05 06:07:37,562 - INFO - Boosted OOD loss: -0.0408
2025-09-05 06:07:41,251 - INFO - Boosted OOD loss: -0.0716
2025-09-05 06:07:42,327 - INFO - Boosted OOD loss: -0.0594
2025-09-05 06:07:44,987 - INFO - Boosted OOD loss: -0.0375
2025-09-05 06:07:48,181 - INFO - Boosted OOD loss: -0.0348
2025-09-05 06:07:48,729 - INFO - Boosted OOD loss: -0.0829
2025-09-05 06:07:50,866 - INFO - Boosted OOD loss: -0.0264
2025-09-05 06:07:51,944 - INFO - Boosted OOD loss: -0.0361
2025-09-05 06:07:53,026 - INFO - Boosted OOD loss: -0.0982
2025-09-05 06:07:54,115 - INFO - Boosted OOD loss: -0.0249
2025-09-05 06:07:54,664 - INFO - Boosted OOD loss: -0.0607
2025-09-05 06:07:55,217 - INFO - Boosted OOD loss: -0.0195
2025-09-05 06:08:03,222 - INFO - Boosted OOD loss: -0.0631
2025-09-05 06:08:04,840 - INFO - Boosted OOD loss: -0.1233
2025-09-05 06:08:05,926 - INFO - Boosted OOD loss: -0.0698
2025-09-05 06:08:07,021 - INFO - Boosted OOD loss: -0.0707
2025-09-05 06:08:13,443 - INFO - Boosted OOD loss: -0.0554
2025-09-05 06:08:14,529 - INFO - Boosted OOD loss: -0.0241
2025-09-05 06:08:15,085 - INFO - Boosted OOD loss: -0.0810
2025-09-05 06:08:15,640 - INFO - Boosted OOD loss: -0.0932
2025-09-05 06:08:22,058 - INFO - Boosted OOD loss: -0.0371
2025-09-05 06:08:24,212 - INFO - Boosted OOD loss: -0.0449
2025-09-05 06:08:26,371 - INFO - Boosted OOD loss: -0.0646
2025-09-05 06:08:27,454 - INFO - Boosted OOD loss: -0.0740
2025-09-05 06:08:28,538 - WARNING - No anomaly pixels (254) found in batch
2025-09-05 06:08:31,732 - INFO - Boosted OOD loss: -0.0661
2025-09-05 06:08:33,882 - INFO - Boosted OOD loss: -0.1195
2025-09-05 06:08:39,756 - INFO - Boosted OOD loss: -0.0884
2025-09-05 06:08:46,186 - INFO - Boosted OOD loss: -0.0726
2025-09-05 06:08:46,743 - INFO - Boosted OOD loss: -0.0716
2025-09-05 06:08:48,359 - INFO - Boosted OOD loss: -0.0739
2025-09-05 06:08:51,049 - INFO - Boosted OOD loss: -0.0066
2025-09-05 06:08:56,923 - INFO - Boosted OOD loss: -0.1019
2025-09-05 06:08:58,549 - INFO - Boosted OOD loss: -0.0871
2025-09-05 06:09:03,907 - INFO - Boosted OOD loss: -0.0457
2025-09-05 06:09:08,188 - INFO - Boosted OOD loss: -0.0611
2025-09-05 06:09:08,742 - INFO - Boosted OOD loss: -0.0998
2025-09-05 06:09:09,825 - INFO - Boosted OOD loss: -0.0074
2025-09-05 06:09:14,641 - INFO - Boosted OOD loss: -0.0971
2025-09-05 06:09:17,861 - INFO - Boosted OOD loss: -0.0407
2025-09-05 06:09:18,943 - INFO - Boosted OOD loss: -0.0773
2025-09-05 06:09:20,029 - INFO - Boosted OOD loss: -0.0885
2025-09-05 06:09:22,175 - WARNING - No anomaly pixels (254) found in batch
2025-09-05 06:09:25,923 - INFO - Boosted OOD loss: -0.0569
2025-09-05 06:09:26,481 - INFO - Boosted OOD loss: -0.0544
2025-09-05 06:09:32,359 - INFO - Boosted OOD loss: -0.0927
2025-09-05 06:09:33,453 - INFO - Boosted OOD loss: -0.0615
2025-09-05 06:09:38,801 - INFO - Boosted OOD loss: -0.0408
2025-09-05 06:09:43,075 - INFO - Boosted OOD loss: -0.0513
2025-09-05 06:09:45,765 - INFO - Boosted OOD loss: -0.0696
2025-09-05 06:09:46,840 - INFO - Boosted OOD loss: -0.0833
2025-09-05 06:09:49,521 - INFO - Boosted OOD loss: -0.0307
2025-09-05 06:09:53,803 - INFO - Boosted OOD loss: -0.0372
2025-09-05 06:09:56,485 - INFO - Boosted OOD loss: -0.0593
2025-09-05 06:09:57,043 - INFO - Boosted OOD loss: -0.0637
2025-09-05 06:10:01,325 - INFO - Boosted OOD loss: -0.0575
2025-09-05 06:10:01,876 - INFO - Boosted OOD loss: -0.0205
2025-09-05 06:10:02,440 - INFO - Boosted OOD loss: -0.0342
2025-09-05 06:10:02,992 - INFO - Boosted OOD loss: -0.0465
2025-09-05 06:10:09,949 - INFO - Boosted OOD loss: -0.0214
2025-09-05 06:10:12,103 - INFO - Boosted OOD loss: -0.0620
2025-09-05 06:10:12,656 - INFO - Boosted OOD loss: -0.0461
2025-09-05 06:10:13,210 - INFO - Boosted OOD loss: -0.0463
2025-09-05 06:10:15,880 - WARNING - No anomaly pixels (254) found in batch
2025-09-05 06:10:16,954 - INFO - Boosted OOD loss: -0.0144
2025-09-05 06:10:18,574 - INFO - Boosted OOD loss: -0.0612
2025-09-05 06:10:21,257 - INFO - Boosted OOD loss: -0.0365
2025-09-05 06:10:23,413 - INFO - Boosted OOD loss: -0.0211
2025-09-05 06:10:23,970 - INFO - Boosted OOD loss: -0.0591
2025-09-05 06:10:27,716 - INFO - Boosted OOD loss: -0.0817
2025-09-05 06:10:29,327 - INFO - Boosted OOD loss: -0.0262
2025-09-05 06:10:34,152 - INFO - Boosted OOD loss: -0.0543
2025-09-05 06:10:35,766 - INFO - Boosted OOD loss: -0.0606
2025-09-05 06:10:37,913 - INFO - Boosted OOD loss: -0.0790
2025-09-05 06:10:53,902 - INFO - Boosted OOD loss: -0.0994
2025-09-05 06:10:57,118 - INFO - Boosted OOD loss: -0.0972
2025-09-05 06:10:58,734 - INFO - Boosted OOD loss: -0.0565
2025-09-05 06:11:00,883 - INFO - Boosted OOD loss: -0.0430
2025-09-05 06:11:05,165 - INFO - Boosted OOD loss: -0.0171
2025-09-05 06:11:05,719 - INFO - Boosted OOD loss: -0.1242
2025-09-05 06:11:07,868 - INFO - Boosted OOD loss: -0.0214
2025-09-05 06:11:08,960 - INFO - Boosted OOD loss: -0.0722
2025-09-05 06:11:09,507 - WARNING - No anomaly pixels (254) found in batch
2025-09-05 06:11:10,575 - INFO - Boosted OOD loss: -0.0286
2025-09-05 06:11:16,999 - INFO - Boosted OOD loss: -0.0322
2025-09-05 06:11:19,677 - INFO - Boosted OOD loss: -0.0461
2025-09-05 06:11:20,227 - INFO - Boosted OOD loss: -0.0470
2025-09-05 06:11:22,903 - INFO - Boosted OOD loss: -0.0287
2025-09-05 06:11:23,990 - INFO - Boosted OOD loss: -0.0598
2025-09-05 06:11:24,542 - INFO - Boosted OOD loss: -0.0754
2025-09-05 06:11:26,701 - INFO - Boosted OOD loss: -0.0832
2025-09-05 06:11:28,317 - INFO - Boosted OOD loss: -0.0440
2025-09-05 06:11:33,127 - INFO - Boosted OOD loss: -0.0131
2025-09-05 06:11:34,218 - INFO - Boosted OOD loss: -0.0960
2025-09-05 06:11:37,440 - INFO - Boosted OOD loss: -0.0015
2025-09-05 06:11:39,062 - INFO - Boosted OOD loss: -0.0420
2025-09-05 06:11:40,148 - INFO - Boosted OOD loss: -0.0082
2025-09-05 06:11:42,837 - INFO - Boosted OOD loss: -0.0913
2025-09-05 06:11:43,923 - INFO - Boosted OOD loss: -0.0733
2025-09-05 06:11:48,744 - INFO - Boosted OOD loss: -0.0558
2025-09-05 06:11:49,299 - INFO - Boosted OOD loss: -0.0176
2025-09-05 06:11:51,448 - INFO - Boosted OOD loss: -0.0829
2025-09-05 06:11:53,601 - INFO - Boosted OOD loss: -0.0324
2025-09-05 06:11:56,285 - INFO - Boosted OOD loss: -0.0659
2025-09-05 06:12:03,234 - WARNING - No anomaly pixels (254) found in batch
2025-09-05 06:12:05,373 - INFO - Boosted OOD loss: -0.0702
2025-09-05 06:12:11,796 - INFO - Boosted OOD loss: -0.0368
2025-09-05 06:12:12,356 - INFO - Boosted OOD loss: -0.0476
2025-09-05 06:12:15,048 - INFO - Boosted OOD loss: -0.0473
2025-09-05 06:12:15,603 - INFO - Boosted OOD loss: -0.0799
2025-09-05 06:12:19,353 - INFO - Boosted OOD loss: -0.0537
2025-09-05 06:12:25,757 - INFO - Boosted OOD loss: -0.0848
2025-09-05 06:12:28,964 - INFO - Boosted OOD loss: -0.0364
2025-09-05 06:12:30,586 - INFO - Boosted OOD loss: -0.0556
2025-09-05 06:12:35,929 - INFO - Boosted OOD loss: -0.0405
2025-09-05 06:12:36,485 - INFO - Boosted OOD loss: -0.0632
2025-09-05 06:12:38,104 - INFO - Boosted OOD loss: -0.0423
2025-09-05 06:12:38,657 - INFO - Boosted OOD loss: -0.0357
2025-09-05 06:12:39,211 - INFO - Boosted OOD loss: -0.1022
2025-09-05 06:12:39,760 - INFO - Boosted OOD loss: -0.0641
2025-09-05 06:12:42,446 - INFO - Boosted OOD loss: -0.0303
2025-09-05 06:12:43,003 - INFO - Boosted OOD loss: -0.0141
2025-09-05 06:12:44,622 - INFO - Boosted OOD loss: -0.0568
2025-09-05 06:12:46,241 - INFO - Boosted OOD loss: -0.0682
2025-09-05 06:12:46,799 - INFO - Boosted OOD loss: -0.0331
2025-09-05 06:12:47,352 - INFO - Boosted OOD loss: -0.0594
2025-09-05 06:12:51,622 - INFO - Boosted OOD loss: -0.0757
2025-09-05 06:12:53,777 - INFO - Boosted OOD loss: -0.0787
2025-09-05 06:12:54,326 - INFO - Boosted OOD loss: -0.0444
2025-09-05 06:12:55,411 - INFO - Boosted OOD loss: -0.0595
2025-09-05 06:12:56,498 - INFO - Boosted OOD loss: -0.0576
2025-09-05 06:12:57,043 - WARNING - No anomaly pixels (254) found in batch
2025-09-05 06:12:58,115 - INFO - Boosted OOD loss: -0.0517
2025-09-05 06:13:00,263 - INFO - Boosted OOD loss: -0.0515
2025-09-05 06:13:05,069 - INFO - Boosted OOD loss: -0.0703
2025-09-05 06:13:05,629 - INFO - Boosted OOD loss: -0.0486
2025-09-05 06:13:06,182 - INFO - Boosted OOD loss: -0.0705
2025-09-05 06:13:06,734 - INFO - Boosted OOD loss: -0.0293
2025-09-05 06:13:08,877 - INFO - Boosted OOD loss: -0.1452
2025-09-05 06:13:12,093 - INFO - Boosted OOD loss: -0.0801
2025-09-05 06:13:13,703 - INFO - Boosted OOD loss: -0.1178
2025-09-05 06:13:19,574 - INFO - Boosted OOD loss: -0.0809
2025-09-05 06:13:21,188 - INFO - Boosted OOD loss: -0.1155
2025-09-05 06:13:28,115 - INFO - Boosted OOD loss: -0.0190
2025-09-05 06:13:35,062 - INFO - Boosted OOD loss: -0.0023
2025-09-05 06:13:36,154 - INFO - Boosted OOD loss: -0.0029
2025-09-05 06:13:37,770 - INFO - Boosted OOD loss: -0.1251
2025-09-05 06:13:43,096 - INFO - Boosted OOD loss: -0.0371
2025-09-05 06:13:45,776 - INFO - Boosted OOD loss: -0.0702
2025-09-05 06:13:50,585 - WARNING - No anomaly pixels (254) found in batch
2025-09-05 06:13:54,309 - INFO - Boosted OOD loss: -0.0442
2025-09-05 06:13:54,865 - INFO - Boosted OOD loss: -0.0110
2025-09-05 06:13:55,421 - INFO - Boosted OOD loss: -0.0532
2025-09-05 06:13:59,173 - INFO - Boosted OOD loss: -0.0532
2025-09-05 06:14:00,256 - INFO - Boosted OOD loss: -0.1092
2025-09-05 06:14:00,813 - INFO - Boosted OOD loss: -0.0435
2025-09-05 06:14:01,889 - INFO - Boosted OOD loss: -0.0664
2025-09-05 06:14:05,632 - INFO - Boosted OOD loss: -0.0379
2025-09-05 06:14:12,055 - INFO - Boosted OOD loss: -0.0353
2025-09-05 06:14:14,740 - INFO - Boosted OOD loss: -0.0715
2025-09-05 06:14:16,358 - INFO - Boosted OOD loss: -0.0547
2025-09-05 06:14:19,031 - INFO - Boosted OOD loss: -0.0524
2025-09-05 06:14:19,587 - INFO - Boosted OOD loss: -0.0072
2025-09-05 06:14:20,142 - INFO - Boosted OOD loss: -0.0370
2025-09-05 06:14:26,557 - INFO - Boosted OOD loss: -0.0656
2025-09-05 06:14:27,112 - INFO - Boosted OOD loss: -0.0217
2025-09-05 06:14:28,199 - INFO - Boosted OOD loss: -0.0392
2025-09-05 06:14:30,352 - INFO - Boosted OOD loss: -0.0839
2025-09-05 06:14:35,693 - INFO - Boosted OOD loss: -0.1191
2025-09-05 06:14:41,587 - INFO - Boosted OOD loss: -0.0702
2025-09-05 06:14:44,261 - INFO - Boosted OOD loss: -0.0701
2025-09-05 06:14:44,261 - INFO - Step 40000 Loss Debug:
2025-09-05 06:14:44,261 - INFO -  CE: 1.8738
2025-09-05 06:14:44,262 - INFO -  OOD: -0.0701
2025-09-05 06:14:44,262 - INFO -  β: 64.00
2025-09-05 06:14:44,262 - INFO -  ID: 6342, OOD(254): 850
2025-09-05 06:14:49,077 - INFO - Boosted OOD loss: -0.0929
2025-09-05 06:14:51,749 - INFO - Boosted OOD loss: -0.1222
2025-09-05 06:15:02,934 - INFO - Boosted OOD loss: -0.0491
2025-09-05 06:15:03,492 - INFO - Boosted OOD loss: -0.0858
2025-09-05 06:15:04,043 - INFO - Boosted OOD loss: -0.0380
2025-09-05 06:15:06,201 - INFO - Boosted OOD loss: -0.0708
2025-09-05 06:15:07,285 - INFO - Boosted OOD loss: -0.0435
2025-09-05 06:15:07,837 - INFO - Boosted OOD loss: -0.0069
2025-09-05 06:15:20,090 - INFO - Boosted OOD loss: -0.0373
2025-09-05 06:15:24,350 - INFO - Boosted OOD loss: -0.0497
2025-09-05 06:15:28,097 - INFO - Boosted OOD loss: -0.0405
2025-09-05 06:15:31,836 - INFO - Boosted OOD loss: -0.0730
2025-09-05 06:15:32,918 - INFO - Boosted OOD loss: -0.0275
2025-09-05 06:15:36,133 - INFO - Boosted OOD loss: -0.0186
2025-09-05 06:15:37,740 - WARNING - No anomaly pixels (254) found in batch
2025-09-05 06:15:40,409 - INFO - Boosted OOD loss: -0.0221
2025-09-05 06:15:41,498 - INFO - Boosted OOD loss: -0.0442
2025-09-05 06:15:43,114 - INFO - Boosted OOD loss: -0.0305
2025-09-05 06:15:45,263 - INFO - Boosted OOD loss: -0.0559
2025-09-05 06:15:47,412 - INFO - Boosted OOD loss: -0.0535
2025-09-05 06:15:48,500 - INFO - Boosted OOD loss: -0.0284
2025-09-05 06:15:49,054 - INFO - Boosted OOD loss: -0.0544
2025-09-05 06:15:51,201 - INFO - Boosted OOD loss: -0.0617
2025-09-05 06:15:52,287 - INFO - Boosted OOD loss: -0.0273
2025-09-05 06:15:54,430 - INFO - Boosted OOD loss: -0.0694
2025-09-05 06:15:56,577 - INFO - Boosted OOD loss: -0.0623
2025-09-05 06:15:57,133 - INFO - Boosted OOD loss: -0.0357
2025-09-05 06:16:10,459 - INFO - Boosted OOD loss: -0.0724
2025-09-05 06:16:18,462 - INFO - Boosted OOD loss: -0.0971
2025-09-05 06:16:20,616 - INFO - Boosted OOD loss: -0.0871
2025-09-05 06:16:23,826 - INFO - Boosted OOD loss: -0.0982
2025-09-05 06:16:25,981 - INFO - Boosted OOD loss: -0.1196
2025-09-05 06:16:31,312 - WARNING - No anomaly pixels (254) found in batch
2025-09-05 06:16:33,449 - INFO - Boosted OOD loss: -0.0950
2025-09-05 06:16:37,730 - INFO - Boosted OOD loss: -0.0560
2025-09-05 06:16:38,282 - INFO - Boosted OOD loss: -0.0532
2025-09-05 06:16:44,702 - INFO - Boosted OOD loss: -0.0395
2025-09-05 06:16:46,317 - INFO - Boosted OOD loss: -0.0481
2025-09-05 06:16:48,996 - INFO - Boosted OOD loss: -0.0235
2025-09-05 06:16:49,550 - INFO - Boosted OOD loss: -0.0460
2025-09-05 06:16:59,666 - INFO - Boosted OOD loss: -0.0758
2025-09-05 06:17:00,754 - INFO - Boosted OOD loss: -0.0808
2025-09-05 06:17:01,305 - INFO - Boosted OOD loss: 0.0045
2025-09-05 06:17:02,394 - INFO - Boosted OOD loss: -0.0361
2025-09-05 06:17:04,542 - INFO - Boosted OOD loss: -0.1088
2025-09-05 06:17:07,225 - INFO - Boosted OOD loss: -0.0508
2025-09-05 06:17:09,374 - INFO - Boosted OOD loss: -0.0904
2025-09-05 06:17:11,518 - INFO - Boosted OOD loss: -0.0517
2025-09-05 06:17:13,140 - INFO - Boosted OOD loss: -0.0248
2025-09-05 06:17:17,422 - INFO - Boosted OOD loss: -0.0728
2025-09-05 06:17:17,974 - INFO - Boosted OOD loss: -0.0407
2025-09-05 06:17:19,062 - INFO - Boosted OOD loss: -0.0820
2025-09-05 06:17:20,144 - INFO - Boosted OOD loss: -0.0404
2025-09-05 06:17:20,692 - INFO - Boosted OOD loss: -0.0482
2025-09-05 06:17:24,955 - WARNING - No anomaly pixels (254) found in batch
2025-09-05 06:17:26,559 - INFO - Boosted OOD loss: -0.0707
2025-09-05 06:17:29,239 - INFO - Boosted OOD loss: -0.0658
2025-09-05 06:17:31,919 - INFO - Boosted OOD loss: -0.0600
2025-09-05 06:17:36,721 - INFO - Boosted OOD loss: -0.0170
2025-09-05 06:17:40,463 - INFO - Boosted OOD loss: -0.0959
2025-09-05 06:17:43,687 - INFO - Boosted OOD loss: -0.0438
2025-09-05 06:17:47,429 - INFO - Boosted OOD loss: -0.0178
2025-09-05 06:17:47,989 - INFO - Boosted OOD loss: -0.0206
2025-09-05 06:17:48,545 - INFO - Boosted OOD loss: -0.0921
2025-09-05 06:17:50,694 - INFO - Boosted OOD loss: -0.0796
2025-09-05 06:17:52,305 - INFO - Boosted OOD loss: -0.0899
2025-09-05 06:17:56,054 - INFO - Boosted OOD loss: -0.0791
2025-09-05 06:17:57,133 - INFO - Boosted OOD loss: -0.0385
2025-09-05 06:18:04,626 - INFO - Boosted OOD loss: -0.0428
2025-09-05 06:18:10,484 - INFO - Boosted OOD loss: -0.0376
2025-09-05 06:18:17,941 - INFO - Boosted OOD loss: -0.0590
2025-09-05 06:18:18,481 - WARNING - No anomaly pixels (254) found in batch
2025-09-05 06:18:21,676 - INFO - Boosted OOD loss: -0.0772
2025-09-05 06:18:22,230 - INFO - Boosted OOD loss: -0.0950
2025-09-05 06:18:25,975 - INFO - Boosted OOD loss: -0.0609
2025-09-05 06:18:26,534 - INFO - Boosted OOD loss: -0.1204
2025-09-05 06:18:30,275 - INFO - Boosted OOD loss: -0.0254
2025-09-05 06:18:37,738 - INFO - Boosted OOD loss: -0.0429
2025-09-05 06:18:41,491 - INFO - Boosted OOD loss: -0.0293
2025-09-05 06:18:43,644 - INFO - Boosted OOD loss: -0.0641
2025-09-05 06:18:44,195 - INFO - Boosted OOD loss: -0.0926
2025-09-05 06:18:45,817 - INFO - Boosted OOD loss: -0.1247
2025-09-05 06:18:51,685 - INFO - Boosted OOD loss: -0.0176
2025-09-05 06:18:52,243 - INFO - Boosted OOD loss: -0.0674
2025-09-05 06:18:54,923 - INFO - Boosted OOD loss: -0.1126
2025-09-05 06:18:55,473 - INFO - Boosted OOD loss: -0.0664
2025-09-05 06:18:56,028 - INFO - Boosted OOD loss: -0.0803
2025-09-05 06:18:57,107 - INFO - Boosted OOD loss: -0.0325
2025-09-05 06:18:57,663 - INFO - Boosted OOD loss: -0.0102
2025-09-05 06:19:00,873 - INFO - Boosted OOD loss: -0.0224
2025-09-05 06:19:05,686 - INFO - Boosted OOD loss: -0.1125
2025-09-05 06:19:06,766 - INFO - Boosted OOD loss: -0.0305
2025-09-05 06:19:07,320 - INFO - Boosted OOD loss: -0.0819
2025-09-05 06:19:11,060 - INFO - Boosted OOD loss: -0.0731
2025-09-05 06:19:12,141 - WARNING - No anomaly pixels (254) found in batch
2025-09-05 06:19:13,208 - INFO - Boosted OOD loss: -0.0702
2025-09-05 06:19:18,016 - INFO - Boosted OOD loss: -0.0551
2025-09-05 06:19:18,569 - INFO - Boosted OOD loss: -0.0931
2025-09-05 06:19:21,247 - INFO - Boosted OOD loss: -0.0660
2025-09-05 06:19:21,797 - INFO - Boosted OOD loss: -0.0260
2025-09-05 06:19:25,553 - INFO - Boosted OOD loss: -0.0825
2025-09-05 06:19:28,766 - INFO - Boosted OOD loss: -0.0869
2025-09-05 06:19:30,916 - INFO - Boosted OOD loss: -0.0593
2025-09-05 06:19:36,251 - INFO - Boosted OOD loss: -0.0693
2025-09-05 06:19:36,800 - INFO - Boosted OOD loss: -0.0464
2025-09-05 06:19:37,354 - INFO - Boosted OOD loss: -0.0396
2025-09-05 06:19:37,908 - INFO - Boosted OOD loss: -0.0178
2025-09-05 06:19:38,993 - INFO - Boosted OOD loss: -0.0332
2025-09-05 06:19:38,994 - INFO - Step 40550 Loss Debug:
2025-09-05 06:19:38,994 - INFO -  CE: 1.8631
2025-09-05 06:19:38,994 - INFO -  OOD: -0.0332
2025-09-05 06:19:38,994 - INFO -  β: 64.00
2025-09-05 06:19:38,994 - INFO -  ID: 5632, OOD(254): 397
2025-09-05 06:19:41,673 - INFO - Boosted OOD loss: -0.0470
2025-09-05 06:19:42,766 - INFO - Boosted OOD loss: -0.0644
2025-09-05 06:19:43,856 - INFO - Boosted OOD loss: -0.0198
2025-09-05 06:19:46,539 - INFO - Boosted OOD loss: -0.0165
2025-09-05 06:19:52,412 - INFO - Boosted OOD loss: -0.0591
2025-09-05 06:19:52,965 - INFO - Boosted OOD loss: -0.0806
2025-09-05 06:19:54,578 - INFO - Boosted OOD loss: -0.0446
2025-09-05 06:19:56,195 - INFO - Boosted OOD loss: -0.0667
2025-09-05 06:20:05,776 - WARNING - No anomaly pixels (254) found in batch
2025-09-05 06:20:07,372 - INFO - Boosted OOD loss: -0.0585
2025-09-05 06:20:08,456 - INFO - Boosted OOD loss: -0.0490
2025-09-05 06:20:09,005 - INFO - Boosted OOD loss: -0.1189
2025-09-05 06:20:09,562 - INFO - Boosted OOD loss: -0.0941
2025-09-05 06:20:10,110 - INFO - Boosted OOD loss: -0.0071
2025-09-05 06:20:11,199 - INFO - Boosted OOD loss: -0.0400
2025-09-05 06:20:12,818 - INFO - Boosted OOD loss: -0.0620
2025-09-05 06:20:14,965 - INFO - Boosted OOD loss: -0.0836
2025-09-05 06:20:16,045 - INFO - Boosted OOD loss: -0.0482
2025-09-05 06:20:16,595 - INFO - Boosted OOD loss: -0.0567
2025-09-05 06:20:17,147 - INFO - Boosted OOD loss: -0.0295
2025-09-05 06:20:18,229 - INFO - Boosted OOD loss: -0.0163
2025-09-05 06:20:23,023 - INFO - Boosted OOD loss: -0.0942
2025-09-05 06:20:24,632 - INFO - Boosted OOD loss: -0.0782
2025-09-05 06:20:27,839 - INFO - Boosted OOD loss: -0.0146
2025-09-05 06:20:29,467 - INFO - Boosted OOD loss: -0.0104
2025-09-05 06:20:33,222 - INFO - Boosted OOD loss: 0.0017
2025-09-05 06:20:33,779 - INFO - Boosted OOD loss: -0.0964
2025-09-05 06:20:36,457 - INFO - Boosted OOD loss: -0.0227
2025-09-05 06:20:37,013 - INFO - Boosted OOD loss: -0.0416
2025-09-05 06:20:38,096 - INFO - Boosted OOD loss: -0.0330
2025-09-05 06:20:38,652 - INFO - Boosted OOD loss: -0.0835
2025-09-05 06:20:42,394 - INFO - Boosted OOD loss: -0.0642
2025-09-05 06:20:43,474 - INFO - Boosted OOD loss: -0.1102
2025-09-05 06:20:44,031 - INFO - Boosted OOD loss: -0.0238
2025-09-05 06:20:49,364 - INFO - Boosted OOD loss: -0.0603
2025-09-05 06:20:49,923 - INFO - Boosted OOD loss: -0.0397
2025-09-05 06:20:51,004 - INFO - Boosted OOD loss: -0.0659
2025-09-05 06:20:53,151 - INFO - Boosted OOD loss: -0.0395
2025-09-05 06:20:53,709 - INFO - Boosted OOD loss: -0.0690
2025-09-05 06:20:57,977 - INFO - Boosted OOD loss: -0.0604
2025-09-05 06:20:59,583 - WARNING - No anomaly pixels (254) found in batch
2025-09-05 06:21:01,187 - INFO - Boosted OOD loss: -0.0501
2025-09-05 06:21:02,264 - INFO - Boosted OOD loss: -0.1053
2025-09-05 06:21:14,517 - INFO - Boosted OOD loss: -0.0958
2025-09-05 06:21:25,201 - INFO - Boosted OOD loss: -0.0169
2025-09-05 06:21:27,346 - INFO - Boosted OOD loss: -0.0883
2025-09-05 06:21:33,222 - INFO - Boosted OOD loss: -0.0500
2025-09-05 06:21:36,432 - INFO - Boosted OOD loss: -0.0976
2025-09-05 06:21:40,172 - INFO - Boosted OOD loss: -0.0769
2025-09-05 06:21:40,726 - INFO - Boosted OOD loss: -0.0259
2025-09-05 06:21:41,808 - INFO - Boosted OOD loss: -0.0857
2025-09-05 06:21:42,892 - INFO - Boosted OOD loss: -0.0430
2025-09-05 06:21:43,447 - INFO - Boosted OOD loss: -0.0508
2025-09-05 06:21:45,598 - INFO - Boosted OOD loss: -0.0552
2025-09-05 06:21:46,681 - INFO - Boosted OOD loss: -0.0172
2025-09-05 06:21:49,903 - INFO - Boosted OOD loss: -0.0475
2025-09-05 06:21:53,110 - WARNING - No anomaly pixels (254) found in batch
2025-09-05 06:21:56,309 - INFO - Boosted OOD loss: -0.0467
2025-09-05 06:21:59,530 - INFO - Boosted OOD loss: -0.0439
2025-09-05 06:22:02,732 - INFO - Boosted OOD loss: -0.0695
2025-09-05 06:22:04,882 - INFO - Boosted OOD loss: -0.0341
2025-09-05 06:22:05,430 - INFO - Boosted OOD loss: -0.0369
2025-09-05 06:22:07,051 - INFO - Boosted OOD loss: -0.0995
2025-09-05 06:22:07,602 - INFO - Boosted OOD loss: -0.0234
2025-09-05 06:22:09,225 - INFO - Boosted OOD loss: -0.0146
2025-09-05 06:22:10,849 - INFO - Boosted OOD loss: -0.0185
2025-09-05 06:22:11,939 - INFO - Boosted OOD loss: -0.0316
2025-09-05 06:22:13,558 - INFO - Boosted OOD loss: -0.0180
2025-09-05 06:22:14,114 - INFO - Boosted OOD loss: -0.0514
2025-09-05 06:22:16,790 - INFO - Boosted OOD loss: -0.0441
2025-09-05 06:22:20,004 - INFO - Boosted OOD loss: -0.0131
2025-09-05 06:22:20,004 - INFO - Step 40850 Loss Debug:
2025-09-05 06:22:20,004 - INFO -  CE: 1.3363
2025-09-05 06:22:20,004 - INFO -  OOD: -0.0131
2025-09-05 06:22:20,004 - INFO -  β: 64.00
2025-09-05 06:22:20,004 - INFO -  ID: 4926, OOD(254): 1340
2025-09-05 06:22:21,093 - INFO - Boosted OOD loss: -0.0419
2025-09-05 06:22:21,653 - INFO - Boosted OOD loss: -0.0237
2025-09-05 06:22:23,280 - INFO - Boosted OOD loss: -0.0290
2025-09-05 06:22:27,010 - INFO - Boosted OOD loss: -0.0474
2025-09-05 06:22:28,091 - INFO - Boosted OOD loss: -0.0576
2025-09-05 06:22:31,830 - INFO - Boosted OOD loss: -0.0687
2025-09-05 06:22:32,913 - INFO - Boosted OOD loss: -0.0856
2025-09-05 06:22:35,063 - INFO - Boosted OOD loss: -0.0724
2025-09-05 06:22:39,877 - INFO - Boosted OOD loss: -0.0648
2025-09-05 06:22:41,490 - INFO - Boosted OOD loss: -0.0758
2025-09-05 06:22:42,046 - INFO - Boosted OOD loss: -0.0939
2025-09-05 06:22:45,268 - INFO - Boosted OOD loss: -0.0572
2025-09-05 06:22:46,884 - WARNING - No anomaly pixels (254) found in batch
2025-09-05 06:22:47,949 - INFO - Boosted OOD loss: -0.0567
2025-09-05 06:22:48,501 - INFO - Boosted OOD loss: -0.0375
2025-09-05 06:22:49,581 - INFO - Boosted OOD loss: -0.0938
2025-09-05 06:22:51,188 - INFO - Boosted OOD loss: -0.0986
2025-09-05 06:22:52,807 - INFO - Boosted OOD loss: -0.0715
2025-09-05 06:22:53,887 - INFO - Boosted OOD loss: -0.0144
2025-09-05 06:22:54,445 - INFO - Boosted OOD loss: -0.0807
2025-09-05 06:22:57,122 - INFO - Boosted OOD loss: -0.0853
2025-09-05 06:22:57,673 - INFO - Boosted OOD loss: -0.0596
2025-09-05 06:22:58,223 - INFO - Boosted OOD loss: -0.1007
2025-09-05 06:22:59,306 - INFO - Boosted OOD loss: -0.0713
2025-09-05 06:23:00,395 - INFO - Boosted OOD loss: -0.0500
2025-09-05 06:23:02,543 - INFO - Boosted OOD loss: -0.0224
2025-09-05 06:23:03,097 - INFO - Boosted OOD loss: -0.0449
2025-09-05 06:23:05,765 - INFO - Boosted OOD loss: -0.0959
2025-09-05 06:23:10,567 - INFO - Boosted OOD loss: -0.0642
2025-09-05 06:23:12,180 - INFO - Boosted OOD loss: -0.0781
2025-09-05 06:23:12,727 - INFO - Boosted OOD loss: -0.0995
2025-09-05 06:23:13,816 - INFO - Boosted OOD loss: -0.0680
2025-09-05 06:23:13,817 - INFO - Step 40950 Loss Debug:
2025-09-05 06:23:13,817 - INFO -  CE: 1.6816
2025-09-05 06:23:13,817 - INFO -  OOD: -0.0680
2025-09-05 06:23:13,817 - INFO -  β: 64.00
2025-09-05 06:23:13,817 - INFO -  ID: 5858, OOD(254): 194
2025-09-05 06:23:15,965 - INFO - Boosted OOD loss: -0.0749
2025-09-05 06:23:19,172 - INFO - Boosted OOD loss: -0.0769
2025-09-05 06:23:25,577 - INFO - Boosted OOD loss: -0.0368
2025-09-05 06:23:27,187 - INFO - Boosted OOD loss: -0.0647
2025-09-05 06:23:29,330 - INFO - Boosted OOD loss: -0.0738
2025-09-05 06:23:32,581 - INFO - Updated beta to 12.43 (exp decay)
2025-09-05 06:23:33,984 - WARNING - Negative mean energy—verify E_b formula/signs
2025-09-05 06:23:33,985 - INFO - Weights updated successfully
2025-09-05 06:23:33,985 - INFO - Advanced epoch 23 - Updated beta: 12.43
2025-09-05 06:23:33,985 - INFO - Epoch 23 - Avg CE: 1.8355, Avg OOD: -0.0120, β: 64
2025-09-05 06:23:34,096 - INFO - 
Starting Epoch 24/100
2025-09-05 06:23:34,096 - INFO - ============================================================
2025-09-05 06:23:34,097 - INFO - 
Updating Hopfield boosting weights at epoch 24...
2025-09-05 06:23:35,497 - WARNING - Negative mean energy—verify E_b formula/signs
2025-09-05 06:23:35,498 - INFO - Weights updated successfully
2025-09-05 06:23:35,498 - INFO - Weight Update Debug at Epoch 24: No high-weight OOD pixels found
2025-09-05 06:23:39,696 - INFO - Boosted OOD loss: -0.0456
2025-09-05 06:23:42,348 - INFO - Boosted OOD loss: -0.0513
2025-09-05 06:23:43,940 - WARNING - No anomaly pixels (254) found in batch
2025-09-05 06:23:45,000 - INFO - Boosted OOD loss: -0.0773
2025-09-05 06:23:47,139 - INFO - Boosted OOD loss: -0.0349
2025-09-05 06:23:47,695 - INFO - Boosted OOD loss: -0.0175
2025-09-05 06:23:49,308 - INFO - Boosted OOD loss: -0.0656
2025-09-05 06:23:50,922 - INFO - Boosted OOD loss: -0.0472
2025-09-05 06:23:59,459 - INFO - Boosted OOD loss: -0.0321
2025-09-05 06:24:03,728 - INFO - Boosted OOD loss: -0.0474
2025-09-05 06:24:05,339 - INFO - Boosted OOD loss: -0.0458
2025-09-05 06:24:10,686 - INFO - Boosted OOD loss: -0.0272
2025-09-05 06:24:10,687 - INFO - Step 41050 Loss Debug:
2025-09-05 06:24:10,687 - INFO -  CE: 1.9399
2025-09-05 06:24:10,687 - INFO -  OOD: -0.0272
2025-09-05 06:24:10,687 - INFO -  β: 64.00
2025-09-05 06:24:10,687 - INFO -  ID: 4497, OOD(254): 1011
2025-09-05 06:24:11,780 - INFO - Boosted OOD loss: -0.0414
2025-09-05 06:24:14,459 - INFO - Boosted OOD loss: -0.0658
2025-09-05 06:24:17,674 - INFO - Boosted OOD loss: -0.1186
2025-09-05 06:24:19,823 - INFO - Boosted OOD loss: -0.0328
2025-09-05 06:24:21,440 - INFO - Boosted OOD loss: -0.0576
2025-09-05 06:24:23,597 - INFO - Boosted OOD loss: -0.0903
2025-09-05 06:24:26,795 - INFO - Boosted OOD loss: -0.0430
2025-09-05 06:24:32,678 - INFO - Boosted OOD loss: -0.0414
2025-09-05 06:24:33,235 - INFO - Boosted OOD loss: -0.0779
2025-09-05 06:24:34,858 - INFO - Boosted OOD loss: -0.0014
2025-09-05 06:24:35,950 - INFO - Boosted OOD loss: -0.0835
2025-09-05 06:24:37,038 - INFO - Boosted OOD loss: -0.0515
2025-09-05 06:24:37,583 - WARNING - No anomaly pixels (254) found in batch
2025-09-05 06:24:40,252 - INFO - Boosted OOD loss: -0.0394
2025-09-05 06:24:42,414 - INFO - Boosted OOD loss: -0.0278
2025-09-05 06:24:53,644 - INFO - Boosted OOD loss: -0.0282
2025-09-05 06:24:55,792 - INFO - Boosted OOD loss: -0.0660
2025-09-05 06:24:57,412 - INFO - Boosted OOD loss: -0.0406
2025-09-05 06:24:58,495 - INFO - Boosted OOD loss: -0.0417
2025-09-05 06:25:00,114 - INFO - Boosted OOD loss: -0.0522
2025-09-05 06:25:01,209 - INFO - Boosted OOD loss: -0.0636
2025-09-05 06:25:02,830 - INFO - Boosted OOD loss: -0.0717
2025-09-05 06:25:03,382 - INFO - Boosted OOD loss: -0.0824
2025-09-05 06:25:10,857 - INFO - Boosted OOD loss: -0.0766
2025-09-05 06:25:12,473 - INFO - Boosted OOD loss: -0.0624
2025-09-05 06:25:14,619 - INFO - Boosted OOD loss: -0.0784
2025-09-05 06:25:19,428 - INFO - Boosted OOD loss: -0.1251
2025-09-05 06:25:21,578 - INFO - Boosted OOD loss: -0.1244
2025-09-05 06:25:23,720 - INFO - Boosted OOD loss: -0.0890
2025-09-05 06:25:24,800 - INFO - Boosted OOD loss: -0.0960
2025-09-05 06:25:26,418 - INFO - Boosted OOD loss: -0.0251
2025-09-05 06:25:28,042 - INFO - Boosted OOD loss: -0.0385
2025-09-05 06:25:28,594 - INFO - Boosted OOD loss: -0.0386
2025-09-05 06:25:30,747 - INFO - Boosted OOD loss: -0.0832
2025-09-05 06:25:31,297 - WARNING - No anomaly pixels (254) found in batch
2025-09-05 06:25:31,830 - INFO - Boosted OOD loss: -0.0294
2025-09-05 06:25:32,388 - INFO - Boosted OOD loss: -0.0312
2025-09-05 06:25:32,946 - INFO - Boosted OOD loss: -0.0481
2025-09-05 06:25:33,497 - INFO - Boosted OOD loss: -0.0634
2025-09-05 06:25:38,843 - INFO - Boosted OOD loss: -0.0753
2025-09-05 06:25:42,588 - INFO - Boosted OOD loss: -0.0829
2025-09-05 06:25:44,212 - INFO - Boosted OOD loss: -0.0659
2025-09-05 06:25:47,440 - INFO - Boosted OOD loss: -0.0525
2025-09-05 06:25:52,796 - INFO - Boosted OOD loss: -0.0611
2025-09-05 06:25:54,945 - INFO - Boosted OOD loss: -0.0343
2025-09-05 06:25:58,698 - INFO - Boosted OOD loss: -0.0599
2025-09-05 06:26:00,316 - INFO - Boosted OOD loss: -0.0930
2025-09-05 06:26:03,527 - INFO - Boosted OOD loss: -0.0705
2025-09-05 06:26:04,081 - INFO - Boosted OOD loss: -0.0997
2025-09-05 06:26:08,364 - INFO - Boosted OOD loss: -0.0211
2025-09-05 06:26:12,112 - INFO - Boosted OOD loss: -0.0614
2025-09-05 06:26:14,800 - INFO - Boosted OOD loss: -0.0439
2025-09-05 06:26:15,883 - INFO - Boosted OOD loss: -0.0618
2025-09-05 06:26:19,100 - INFO - Boosted OOD loss: -0.0105
2025-09-05 06:26:21,793 - INFO - Boosted OOD loss: -0.0258
2025-09-05 06:26:22,347 - INFO - Boosted OOD loss: -0.0810
2025-09-05 06:26:25,023 - WARNING - No anomaly pixels (254) found in batch
2025-09-05 06:26:26,096 - INFO - Boosted OOD loss: -0.0704
2025-09-05 06:26:28,256 - INFO - Boosted OOD loss: -0.0624
2025-09-05 06:26:32,007 - INFO - Boosted OOD loss: -0.1187
2025-09-05 06:26:32,561 - INFO - Boosted OOD loss: -0.0735
2025-09-05 06:26:35,775 - INFO - Boosted OOD loss: -0.0468
2025-09-05 06:26:36,857 - INFO - Boosted OOD loss: -0.0621
2025-09-05 06:26:37,940 - INFO - Boosted OOD loss: -0.0675
2025-09-05 06:26:38,492 - INFO - Boosted OOD loss: -0.0697
2025-09-05 06:26:40,644 - INFO - Boosted OOD loss: -0.0533
2025-09-05 06:26:41,199 - INFO - Boosted OOD loss: -0.0204
2025-09-05 06:26:42,281 - INFO - Boosted OOD loss: -0.1122
2025-09-05 06:26:43,363 - INFO - Boosted OOD loss: -0.0576
2025-09-05 06:26:48,175 - INFO - Boosted OOD loss: -0.0692
2025-09-05 06:26:50,317 - INFO - Boosted OOD loss: -0.0874
2025-09-05 06:26:51,403 - INFO - Boosted OOD loss: -0.0562
2025-09-05 06:26:51,953 - INFO - Boosted OOD loss: -0.0567
2025-09-05 06:26:51,953 - INFO - Step 41350 Loss Debug:
2025-09-05 06:26:51,954 - INFO -  CE: 1.5890
2025-09-05 06:26:51,954 - INFO -  OOD: -0.0567
2025-09-05 06:26:51,954 - INFO -  β: 64.00
2025-09-05 06:26:51,954 - INFO -  ID: 7163, OOD(254): 24
2025-09-05 06:26:53,044 - INFO - Boosted OOD loss: -0.1200
2025-09-05 06:27:01,027 - INFO - Boosted OOD loss: -0.0395
2025-09-05 06:27:06,365 - INFO - Boosted OOD loss: -0.0349
2025-09-05 06:27:12,251 - INFO - Boosted OOD loss: -0.0730
2025-09-05 06:27:14,388 - INFO - Boosted OOD loss: -0.0926
2025-09-05 06:27:17,606 - INFO - Boosted OOD loss: -0.0368
2025-09-05 06:27:18,687 - WARNING - No anomaly pixels (254) found in batch
2025-09-05 06:27:20,291 - INFO - Boosted OOD loss: -0.1035
2025-09-05 06:27:20,841 - INFO - Boosted OOD loss: -0.0581
2025-09-05 06:27:21,922 - INFO - Boosted OOD loss: -0.0981
2025-09-05 06:27:27,780 - INFO - Boosted OOD loss: -0.0773
2025-09-05 06:27:28,870 - INFO - Boosted OOD loss: -0.0533
2025-09-05 06:27:33,679 - INFO - Boosted OOD loss: -0.0849
2025-09-05 06:27:34,231 - INFO - Boosted OOD loss: -0.0651
2025-09-05 06:27:34,784 - INFO - Boosted OOD loss: -0.0929
2025-09-05 06:27:37,468 - INFO - Boosted OOD loss: -0.0239
2025-09-05 06:27:38,557 - INFO - Boosted OOD loss: -0.0170
2025-09-05 06:27:44,421 - INFO - Boosted OOD loss: -0.0422
2025-09-05 06:27:45,503 - INFO - Boosted OOD loss: -0.0292
2025-09-05 06:27:45,504 - INFO - Step 41450 Loss Debug:
2025-09-05 06:27:45,504 - INFO -  CE: 1.8112
2025-09-05 06:27:45,504 - INFO -  OOD: -0.0292
2025-09-05 06:27:45,504 - INFO -  β: 64.00
2025-09-05 06:27:45,504 - INFO -  ID: 6191, OOD(254): 1424
2025-09-05 06:27:46,063 - INFO - Boosted OOD loss: -0.0408
2025-09-05 06:27:48,217 - INFO - Boosted OOD loss: -0.0831
2025-09-05 06:27:50,894 - INFO - Boosted OOD loss: -0.0232
2025-09-05 06:27:51,979 - INFO - Boosted OOD loss: -0.0645
2025-09-05 06:27:53,061 - INFO - Boosted OOD loss: -0.0328
2025-09-05 06:28:00,009 - INFO - Boosted OOD loss: -0.0272
2025-09-05 06:28:04,815 - INFO - Boosted OOD loss: -0.0803
2025-09-05 06:28:05,367 - INFO - Boosted OOD loss: -0.0556
2025-09-05 06:28:06,454 - INFO - Boosted OOD loss: -0.0533
2025-09-05 06:28:08,603 - INFO - Boosted OOD loss: -0.0628
2025-09-05 06:28:09,157 - INFO - Boosted OOD loss: -0.0097
2025-09-05 06:28:09,717 - INFO - Boosted OOD loss: -0.0297
2025-09-05 06:28:12,395 - WARNING - No anomaly pixels (254) found in batch
2025-09-05 06:28:12,933 - INFO - Boosted OOD loss: -0.0552
2025-09-05 06:28:20,413 - INFO - Boosted OOD loss: -0.0257
2025-09-05 06:28:20,973 - INFO - Boosted OOD loss: -0.0882
2025-09-05 06:28:21,524 - INFO - Boosted OOD loss: -0.0664
2025-09-05 06:28:24,741 - INFO - Boosted OOD loss: -0.0515
2025-09-05 06:28:25,292 - INFO - Boosted OOD loss: -0.0640
2025-09-05 06:28:25,842 - INFO - Boosted OOD loss: -0.0826
2025-09-05 06:28:26,396 - INFO - Boosted OOD loss: -0.0547
2025-09-05 06:28:29,609 - INFO - Boosted OOD loss: -0.0109
2025-09-05 06:28:30,695 - INFO - Boosted OOD loss: -0.0395
2025-09-05 06:28:31,243 - INFO - Boosted OOD loss: -0.0688
2025-09-05 06:28:31,794 - INFO - Boosted OOD loss: -0.0631
2025-09-05 06:28:38,195 - INFO - Boosted OOD loss: -0.0544
2025-09-05 06:28:40,353 - INFO - Boosted OOD loss: -0.0585
2025-09-05 06:28:45,158 - INFO - Boosted OOD loss: -0.0577
2025-09-05 06:28:54,757 - INFO - Boosted OOD loss: -0.0216
2025-09-05 06:28:58,512 - INFO - Boosted OOD loss: -0.0581
2025-09-05 06:28:59,600 - INFO - Boosted OOD loss: -0.0610
2025-09-05 06:29:01,743 - INFO - Boosted OOD loss: -0.0399
2025-09-05 06:29:06,017 - INFO - Boosted OOD loss: -0.0711
2025-09-05 06:29:06,017 - INFO - Step 41600 Loss Debug:
2025-09-05 06:29:06,017 - INFO -  CE: 1.7252
2025-09-05 06:29:06,017 - INFO -  OOD: -0.0711
2025-09-05 06:29:06,017 - INFO -  β: 64.00
2025-09-05 06:29:06,017 - INFO -  ID: 5785, OOD(254): 82
2025-09-05 06:29:09,762 - INFO - Boosted OOD loss: -0.0763
2025-09-05 06:29:14,042 - INFO - Boosted OOD loss: -0.0213
2025-09-05 06:29:15,669 - INFO - Boosted OOD loss: -0.0630
2025-09-05 06:29:26,852 - INFO - Boosted OOD loss: -0.0430
2025-09-05 06:29:28,465 - INFO - Boosted OOD loss: -0.0674
2025-09-05 06:29:31,674 - INFO - Boosted OOD loss: -0.0601
2025-09-05 06:29:32,760 - INFO - Boosted OOD loss: -0.0157
2025-09-05 06:29:32,760 - INFO - Step 41650 Loss Debug:
2025-09-05 06:29:32,760 - INFO -  CE: 1.4958
2025-09-05 06:29:32,761 - INFO -  OOD: -0.0157
2025-09-05 06:29:32,761 - INFO -  β: 64.00
2025-09-05 06:29:32,761 - INFO -  ID: 6494, OOD(254): 1519
2025-09-05 06:29:33,845 - INFO - Boosted OOD loss: -0.0210
2025-09-05 06:29:34,930 - INFO - Boosted OOD loss: -0.1226
2025-09-05 06:29:35,484 - INFO - Boosted OOD loss: -0.0611
2025-09-05 06:29:36,036 - INFO - Boosted OOD loss: -0.0299
2025-09-05 06:29:38,721 - INFO - Boosted OOD loss: -0.0506
2025-09-05 06:29:41,394 - INFO - Boosted OOD loss: -0.0950
2025-09-05 06:29:44,614 - INFO - Boosted OOD loss: -0.0290
2025-09-05 06:29:45,699 - INFO - Boosted OOD loss: -0.0047
2025-09-05 06:29:46,791 - INFO - Boosted OOD loss: -0.0389
2025-09-05 06:29:47,342 - INFO - Boosted OOD loss: -0.0880
2025-09-05 06:29:51,090 - INFO - Boosted OOD loss: -0.0785
2025-09-05 06:29:52,174 - INFO - Boosted OOD loss: -0.0747
2025-09-05 06:29:55,931 - INFO - Boosted OOD loss: -0.0994
2025-09-05 06:29:59,667 - WARNING - No anomaly pixels (254) found in batch
2025-09-05 06:30:01,266 - INFO - Boosted OOD loss: -0.0351
2025-09-05 06:30:02,886 - INFO - Boosted OOD loss: -0.0580
2025-09-05 06:30:05,029 - INFO - Boosted OOD loss: -0.0589
2025-09-05 06:30:08,238 - INFO - Boosted OOD loss: -0.0949
2025-09-05 06:30:09,320 - INFO - Boosted OOD loss: -0.1018
2025-09-05 06:30:14,654 - INFO - Boosted OOD loss: -0.0163
2025-09-05 06:30:15,212 - INFO - Boosted OOD loss: -0.0522
2025-09-05 06:30:17,899 - INFO - Boosted OOD loss: -0.0536
2025-09-05 06:30:22,186 - INFO - Boosted OOD loss: -0.0470
2025-09-05 06:30:23,276 - INFO - Boosted OOD loss: -0.0562
2025-09-05 06:30:24,897 - INFO - Boosted OOD loss: -0.0160
2025-09-05 06:30:27,055 - INFO - Boosted OOD loss: -0.0638
2025-09-05 06:30:35,582 - INFO - Boosted OOD loss: -0.0684
2025-09-05 06:30:37,196 - INFO - Boosted OOD loss: -0.0476
2025-09-05 06:30:37,750 - INFO - Boosted OOD loss: -0.0586
2025-09-05 06:30:38,832 - INFO - Boosted OOD loss: -0.0391
2025-09-05 06:30:44,701 - INFO - Boosted OOD loss: -0.0998
2025-09-05 06:30:47,377 - INFO - Boosted OOD loss: -0.0291
2025-09-05 06:30:50,585 - INFO - Boosted OOD loss: -0.0735
2025-09-05 06:30:53,263 - WARNING - No anomaly pixels (254) found in batch
2025-09-05 06:30:54,337 - INFO - Boosted OOD loss: -0.0340
2025-09-05 06:30:57,007 - INFO - Boosted OOD loss: -0.0369
2025-09-05 06:30:58,622 - INFO - Boosted OOD loss: -0.0176
2025-09-05 06:31:01,307 - INFO - Boosted OOD loss: -0.0117
2025-09-05 06:31:05,069 - INFO - Boosted OOD loss: -0.0667
2025-09-05 06:31:05,625 - INFO - Boosted OOD loss: -0.0672
2025-09-05 06:31:11,509 - INFO - Boosted OOD loss: -0.0401
2025-09-05 06:31:12,071 - INFO - Boosted OOD loss: -0.0677
2025-09-05 06:31:14,220 - INFO - Boosted OOD loss: -0.0624
2025-09-05 06:31:15,842 - INFO - Boosted OOD loss: -0.0359
2025-09-05 06:31:22,244 - INFO - Boosted OOD loss: -0.0112
2025-09-05 06:31:24,408 - INFO - Boosted OOD loss: -0.0583
2025-09-05 06:31:24,965 - INFO - Boosted OOD loss: -0.0091
2025-09-05 06:31:27,658 - INFO - Boosted OOD loss: -0.0431
2025-09-05 06:31:28,743 - INFO - Boosted OOD loss: -0.0185
2025-09-05 06:31:29,301 - INFO - Boosted OOD loss: -0.0618
2025-09-05 06:31:33,045 - INFO - Boosted OOD loss: -0.0357
2025-09-05 06:31:36,789 - INFO - Boosted OOD loss: -0.0604
2025-09-05 06:31:41,077 - INFO - Boosted OOD loss: -0.0459
2025-09-05 06:31:44,299 - INFO - Boosted OOD loss: -0.0474
2025-09-05 06:31:46,977 - WARNING - No anomaly pixels (254) found in batch
2025-09-05 06:31:49,106 - INFO - Boosted OOD loss: -0.0498
2025-09-05 06:31:52,863 - INFO - Boosted OOD loss: -0.0234
2025-09-05 06:31:57,673 - INFO - Boosted OOD loss: -0.0625
2025-09-05 06:31:59,830 - INFO - Boosted OOD loss: -0.0085
2025-09-05 06:32:00,387 - INFO - Boosted OOD loss: -0.0745
2025-09-05 06:32:01,474 - INFO - Boosted OOD loss: -0.0941
2025-09-05 06:32:02,557 - INFO - Boosted OOD loss: -0.0505
2025-09-05 06:32:04,707 - INFO - Boosted OOD loss: -0.0451
2025-09-05 06:32:07,386 - INFO - Boosted OOD loss: -0.0476
2025-09-05 06:32:09,007 - INFO - Boosted OOD loss: -0.0783
2025-09-05 06:32:09,556 - INFO - Boosted OOD loss: -0.0467
2025-09-05 06:32:12,243 - INFO - Boosted OOD loss: -0.0918
2025-09-05 06:32:12,793 - INFO - Boosted OOD loss: -0.0914
2025-09-05 06:32:14,934 - INFO - Boosted OOD loss: -0.1168
2025-09-05 06:32:17,083 - INFO - Boosted OOD loss: -0.0916
2025-09-05 06:32:17,639 - INFO - Boosted OOD loss: -0.0346
2025-09-05 06:32:21,381 - INFO - Boosted OOD loss: -0.0475
2025-09-05 06:32:24,054 - INFO - Boosted OOD loss: -0.0525
2025-09-05 06:32:27,273 - INFO - Boosted OOD loss: -0.0336
2025-09-05 06:32:32,606 - INFO - Boosted OOD loss: 0.0005
2025-09-05 06:32:36,361 - INFO - Boosted OOD loss: -0.0452
2025-09-05 06:32:39,568 - INFO - Boosted OOD loss: -0.0503
2025-09-05 06:32:40,645 - WARNING - No anomaly pixels (254) found in batch
2025-09-05 06:32:44,373 - INFO - Boosted OOD loss: -0.0411
2025-09-05 06:32:46,517 - INFO - Boosted OOD loss: -0.0325
2025-09-05 06:32:47,069 - INFO - Boosted OOD loss: -0.0210
2025-09-05 06:32:57,735 - INFO - Boosted OOD loss: -0.0413
2025-09-05 06:32:59,346 - INFO - Boosted OOD loss: -0.0797
2025-09-05 06:33:00,430 - INFO - Boosted OOD loss: -0.0519
2025-09-05 06:33:02,040 - INFO - Boosted OOD loss: -0.0331
2025-09-05 06:33:04,182 - INFO - Boosted OOD loss: -0.0811
2025-09-05 06:33:10,056 - INFO - Boosted OOD loss: -0.0480
2025-09-05 06:33:11,677 - INFO - Boosted OOD loss: -0.0254
2025-09-05 06:33:18,619 - INFO - Boosted OOD loss: -0.0806
2025-09-05 06:33:19,704 - INFO - Boosted OOD loss: -0.0225
2025-09-05 06:33:25,559 - INFO - Boosted OOD loss: -0.0737
2025-09-05 06:33:26,108 - INFO - Boosted OOD loss: -0.0784
2025-09-05 06:33:26,662 - INFO - Boosted OOD loss: -0.0979
2025-09-05 06:33:28,807 - INFO - Boosted OOD loss: -0.0629
2025-09-05 06:33:29,364 - INFO - Boosted OOD loss: -0.1028
2025-09-05 06:33:30,445 - INFO - Boosted OOD loss: -0.0977
2025-09-05 06:33:34,183 - WARNING - No anomaly pixels (254) found in batch
2025-09-05 06:33:35,257 - INFO - Boosted OOD loss: -0.0601
2025-09-05 06:33:35,808 - INFO - Boosted OOD loss: -0.0506
2025-09-05 06:33:36,357 - INFO - Boosted OOD loss: -0.0126
2025-09-05 06:33:38,509 - INFO - Boosted OOD loss: -0.0757
2025-09-05 06:33:41,188 - INFO - Boosted OOD loss: -0.0893
2025-09-05 06:33:43,334 - INFO - Boosted OOD loss: -0.0540
2025-09-05 06:33:45,480 - INFO - Boosted OOD loss: -0.0564
2025-09-05 06:33:49,756 - INFO - Boosted OOD loss: -0.0250
2025-09-05 06:33:51,375 - INFO - Boosted OOD loss: -0.0461
2025-09-05 06:33:51,930 - INFO - Boosted OOD loss: -0.0424
2025-09-05 06:33:53,544 - INFO - Boosted OOD loss: -0.0303
2025-09-05 06:33:54,099 - INFO - Boosted OOD loss: -0.0530
2025-09-05 06:33:55,707 - INFO - Boosted OOD loss: -0.0538
2025-09-05 06:33:59,441 - INFO - Boosted OOD loss: -0.0517
2025-09-05 06:34:02,112 - INFO - Boosted OOD loss: -0.0928
2025-09-05 06:34:03,197 - INFO - Boosted OOD loss: -0.0235
2025-09-05 06:34:06,413 - INFO - Boosted OOD loss: -0.0201
2025-09-05 06:34:07,509 - INFO - Boosted OOD loss: -0.0395
2025-09-05 06:34:11,781 - INFO - Boosted OOD loss: -0.0520
2025-09-05 06:34:17,658 - INFO - Boosted OOD loss: -0.0683
2025-09-05 06:34:25,139 - INFO - Boosted OOD loss: -0.0452
2025-09-05 06:34:26,229 - INFO - Boosted OOD loss: -0.0560
2025-09-05 06:34:27,841 - WARNING - No anomaly pixels (254) found in batch
2025-09-05 06:34:28,380 - INFO - Boosted OOD loss: -0.0348
2025-09-05 06:34:29,459 - INFO - Boosted OOD loss: -0.1161
2025-09-05 06:34:35,854 - INFO - Boosted OOD loss: -0.0256
2025-09-05 06:34:37,474 - INFO - Boosted OOD loss: -0.0517
2025-09-05 06:34:38,027 - INFO - Boosted OOD loss: -0.0412
2025-09-05 06:34:42,309 - INFO - Boosted OOD loss: -0.0944
2025-09-05 06:34:51,370 - INFO - Boosted OOD loss: -0.1053
2025-09-05 06:34:56,179 - INFO - Boosted OOD loss: -0.0188
2025-09-05 06:34:58,331 - INFO - Boosted OOD loss: -0.0429
2025-09-05 06:34:58,884 - INFO - Boosted OOD loss: -0.0894
2025-09-05 06:34:59,436 - INFO - Boosted OOD loss: -0.0644
2025-09-05 06:35:01,047 - INFO - Boosted OOD loss: -0.0697
2025-09-05 06:35:04,791 - INFO - Boosted OOD loss: -0.0957
2025-09-05 06:35:09,070 - INFO - Boosted OOD loss: -0.1304
2025-09-05 06:35:11,219 - INFO - Boosted OOD loss: -0.0672
2025-09-05 06:35:11,770 - INFO - Boosted OOD loss: -0.0403
2025-09-05 06:35:16,041 - INFO - Boosted OOD loss: -0.0841
2025-09-05 06:35:17,661 - INFO - Boosted OOD loss: -0.0444
2025-09-05 06:35:20,874 - INFO - Boosted OOD loss: -0.1030
2025-09-05 06:35:21,429 - INFO - Boosted OOD loss: -0.0573
2025-09-05 06:35:21,429 - INFO - Step 42300 Loss Debug:
2025-09-05 06:35:21,429 - INFO -  CE: 1.8367
2025-09-05 06:35:21,429 - INFO -  OOD: -0.0573
2025-09-05 06:35:21,430 - INFO -  β: 64.00
2025-09-05 06:35:21,430 - INFO -  ID: 5174, OOD(254): 88
2025-09-05 06:35:22,511 - INFO - Boosted OOD loss: -0.0196
2025-09-05 06:35:23,596 - INFO - Boosted OOD loss: -0.0887
2025-09-05 06:35:28,395 - INFO - Boosted OOD loss: -0.0431
2025-09-05 06:35:30,543 - INFO - Boosted OOD loss: -0.0985
2025-09-05 06:35:34,817 - INFO - Boosted OOD loss: -0.0361
2025-09-05 06:35:35,906 - INFO - Boosted OOD loss: -0.0216
2025-09-05 06:35:36,462 - INFO - Boosted OOD loss: -0.0883
2025-09-05 06:35:40,201 - INFO - Boosted OOD loss: -0.0152
2025-09-05 06:35:41,294 - INFO - Boosted OOD loss: -0.0390
2025-09-05 06:35:44,507 - INFO - Boosted OOD loss: -0.0598
2025-09-05 06:35:46,662 - INFO - Boosted OOD loss: -0.0183
2025-09-05 06:35:47,754 - INFO - Boosted OOD loss: -0.0505
2025-09-05 06:35:48,304 - INFO - Boosted OOD loss: -0.0388
2025-09-05 06:35:48,304 - INFO - Step 42350 Loss Debug:
2025-09-05 06:35:48,304 - INFO -  CE: 2.3216
2025-09-05 06:35:48,304 - INFO -  OOD: -0.0388
2025-09-05 06:35:48,304 - INFO -  β: 64.00
2025-09-05 06:35:48,304 - INFO -  ID: 7651, OOD(254): 364
2025-09-05 06:35:50,454 - INFO - Boosted OOD loss: -0.0723
2025-09-05 06:35:51,006 - INFO - Boosted OOD loss: -0.1111
2025-09-05 06:35:57,388 - INFO - Boosted OOD loss: -0.0400
2025-09-05 06:36:06,427 - INFO - Boosted OOD loss: -0.0658
2025-09-05 06:36:06,984 - INFO - Boosted OOD loss: -0.0413
2025-09-05 06:36:07,540 - INFO - Boosted OOD loss: -0.0341
2025-09-05 06:36:09,162 - INFO - Boosted OOD loss: -0.0157
2025-09-05 06:36:10,784 - INFO - Boosted OOD loss: -0.0425
2025-09-05 06:36:11,336 - INFO - Boosted OOD loss: -0.0434
2025-09-05 06:36:13,482 - INFO - Boosted OOD loss: -0.0486
2025-09-05 06:36:15,090 - WARNING - No anomaly pixels (254) found in batch
2025-09-05 06:36:17,230 - INFO - Boosted OOD loss: -0.0694
2025-09-05 06:36:18,848 - INFO - Boosted OOD loss: -0.0596
2025-09-05 06:36:20,461 - INFO - Boosted OOD loss: -0.0445
2025-09-05 06:36:23,141 - INFO - Boosted OOD loss: -0.0331
2025-09-05 06:36:24,229 - INFO - Boosted OOD loss: -0.0444
2025-09-05 06:36:25,840 - INFO - Boosted OOD loss: -0.0529
2025-09-05 06:36:32,243 - INFO - Boosted OOD loss: -0.0398
2025-09-05 06:36:33,328 - INFO - Boosted OOD loss: -0.0109
2025-09-05 06:36:40,258 - INFO - Boosted OOD loss: -0.0627
2025-09-05 06:36:42,930 - INFO - Boosted OOD loss: -0.0823
2025-09-05 06:36:46,138 - INFO - Boosted OOD loss: -0.0376
2025-09-05 06:36:55,725 - INFO - Boosted OOD loss: -0.0223
2025-09-05 06:36:57,352 - INFO - Boosted OOD loss: -0.0133
2025-09-05 06:37:00,043 - INFO - Boosted OOD loss: -0.0164
2025-09-05 06:37:00,598 - INFO - Boosted OOD loss: -0.0708
2025-09-05 06:37:01,682 - INFO - Boosted OOD loss: -0.0386
2025-09-05 06:37:03,299 - INFO - Boosted OOD loss: -0.0190
2025-09-05 06:37:06,507 - INFO - Boosted OOD loss: -0.0716
2025-09-05 06:37:08,128 - INFO - Boosted OOD loss: -0.0376
2025-09-05 06:37:08,674 - WARNING - No anomaly pixels (254) found in batch
2025-09-05 06:37:11,333 - INFO - Boosted OOD loss: -0.0864
2025-09-05 06:37:13,482 - INFO - Boosted OOD loss: -0.0681
2025-09-05 06:37:14,568 - INFO - Boosted OOD loss: -0.1025
2025-09-05 06:37:16,181 - INFO - Boosted OOD loss: -0.0684
2025-09-05 06:37:17,269 - INFO - Boosted OOD loss: -0.0555
2025-09-05 06:37:25,261 - INFO - Boosted OOD loss: -0.0743
2025-09-05 06:37:26,344 - INFO - Boosted OOD loss: -0.0870
2025-09-05 06:37:29,021 - INFO - Boosted OOD loss: -0.0959
2025-09-05 06:37:30,635 - INFO - Boosted OOD loss: -0.0226
2025-09-05 06:37:33,852 - INFO - Boosted OOD loss: -0.0702
2025-09-05 06:37:34,930 - INFO - Boosted OOD loss: -0.0445
2025-09-05 06:37:42,383 - INFO - Boosted OOD loss: -0.0695
2025-09-05 06:37:43,467 - INFO - Boosted OOD loss: -0.0748
2025-09-05 06:37:52,528 - INFO - Boosted OOD loss: -0.0607
2025-09-05 06:38:01,581 - INFO - Boosted OOD loss: -0.0611
2025-09-05 06:38:02,126 - WARNING - No anomaly pixels (254) found in batch
2025-09-05 06:38:03,727 - INFO - Boosted OOD loss: -0.0832
2025-09-05 06:38:04,274 - INFO - Boosted OOD loss: -0.1150
2025-09-05 06:38:05,363 - INFO - Boosted OOD loss: -0.0120
2025-09-05 06:38:05,915 - INFO - Boosted OOD loss: -0.0748
2025-09-05 06:38:09,118 - INFO - Boosted OOD loss: -0.0500
2025-09-05 06:38:13,912 - INFO - Boosted OOD loss: -0.0447
2025-09-05 06:38:21,377 - INFO - Boosted OOD loss: -0.0208
2025-09-05 06:38:22,459 - INFO - Boosted OOD loss: -0.0292
2025-09-05 06:38:23,541 - INFO - Boosted OOD loss: -0.0743
2025-09-05 06:38:26,213 - INFO - Boosted OOD loss: -0.0594
2025-09-05 06:38:29,950 - INFO - Boosted OOD loss: -0.0528
2025-09-05 06:38:31,567 - INFO - Boosted OOD loss: -0.0599
2025-09-05 06:38:35,838 - INFO - Boosted OOD loss: -0.0821
2025-09-05 06:38:36,927 - INFO - Boosted OOD loss: -0.0781
2025-09-05 06:38:41,199 - INFO - Boosted OOD loss: -0.1044
2025-09-05 06:38:42,811 - INFO - Boosted OOD loss: -0.0519
2025-09-05 06:38:46,556 - INFO - Boosted OOD loss: -0.0540
2025-09-05 06:38:47,104 - INFO - Boosted OOD loss: -0.0461
2025-09-05 06:38:48,196 - INFO - Boosted OOD loss: -0.0436
2025-09-05 06:38:50,876 - INFO - Boosted OOD loss: -0.0795
2025-09-05 06:38:51,972 - INFO - Boosted OOD loss: -0.0271
2025-09-05 06:38:53,058 - INFO - Boosted OOD loss: -0.0370
2025-09-05 06:38:55,203 - INFO - Boosted OOD loss: -0.1078
2025-09-05 06:38:55,753 - INFO - Boosted OOD loss: -0.0999
2025-09-05 06:38:55,754 - INFO - Step 42700 Loss Debug:
2025-09-05 06:38:55,754 - INFO -  CE: 2.0824
2025-09-05 06:38:55,754 - INFO -  OOD: -0.0999
2025-09-05 06:38:55,754 - INFO -  β: 64.00
2025-09-05 06:38:55,754 - INFO -  ID: 7709, OOD(254): 72
2025-09-05 06:38:57,901 - INFO - Boosted OOD loss: -0.0677
2025-09-05 06:38:59,515 - INFO - Boosted OOD loss: -0.0511
2025-09-05 06:39:00,069 - INFO - Boosted OOD loss: -0.0562
2025-09-05 06:39:04,869 - INFO - Boosted OOD loss: -0.0775
2025-09-05 06:39:10,741 - INFO - Boosted OOD loss: -0.0672
2025-09-05 06:39:13,424 - INFO - Boosted OOD loss: -0.0381
2025-09-05 06:39:16,098 - INFO - Boosted OOD loss: -0.0273
2025-09-05 06:39:17,717 - INFO - Boosted OOD loss: -0.0783
2025-09-05 06:39:26,249 - INFO - Boosted OOD loss: -0.0435
2025-09-05 06:39:26,797 - INFO - Boosted OOD loss: -0.0631
2025-09-05 06:39:27,885 - INFO - Boosted OOD loss: -0.1044
2025-09-05 06:39:28,433 - INFO - Boosted OOD loss: -0.0403
2025-09-05 06:39:29,523 - INFO - Boosted OOD loss: -0.0790
2025-09-05 06:39:30,074 - INFO - Boosted OOD loss: -0.0522
2025-09-05 06:39:31,738 - INFO - Updated beta to 12.29 (exp decay)
2025-09-05 06:39:33,140 - WARNING - Negative mean energy—verify E_b formula/signs
2025-09-05 06:39:33,141 - INFO - Weights updated successfully
2025-09-05 06:39:33,141 - INFO - Advanced epoch 24 - Updated beta: 12.29
2025-09-05 06:39:33,141 - INFO - Epoch 24 - Avg CE: 1.8333, Avg OOD: -0.0117, β: 64
2025-09-05 06:39:33,254 - INFO - 
Starting Epoch 25/100
2025-09-05 06:39:33,254 - INFO - ============================================================
2025-09-05 06:39:33,255 - INFO - 
Updating Hopfield boosting weights at epoch 25...
2025-09-05 06:39:34,656 - WARNING - Negative mean energy—verify E_b formula/signs
2025-09-05 06:39:34,657 - INFO - Weights updated successfully
2025-09-05 06:39:34,657 - INFO - Weight Update Debug at Epoch 25: No high-weight OOD pixels found
2025-09-05 06:39:35,817 - INFO - Boosted OOD loss: -0.0411
2025-09-05 06:39:43,168 - INFO - Boosted OOD loss: -0.0091
2025-09-05 06:39:44,243 - INFO - Boosted OOD loss: -0.1218
2025-09-05 06:39:45,324 - INFO - Boosted OOD loss: -0.0293
2025-09-05 06:39:47,466 - INFO - Boosted OOD loss: -0.0699
2025-09-05 06:39:49,074 - INFO - Boosted OOD loss: -0.0592
2025-09-05 06:39:52,811 - WARNING - No anomaly pixels (254) found in batch
2025-09-05 06:39:53,350 - INFO - Boosted OOD loss: -0.0145
2025-09-05 06:39:54,442 - INFO - Boosted OOD loss: -0.1042
2025-09-05 06:39:55,522 - INFO - Boosted OOD loss: -0.0474
2025-09-05 06:39:57,132 - INFO - Boosted OOD loss: -0.0979
2025-09-05 06:39:57,684 - INFO - Boosted OOD loss: -0.0491
2025-09-05 06:39:59,834 - INFO - Boosted OOD loss: -0.0148
2025-09-05 06:40:03,048 - INFO - Boosted OOD loss: -0.0657
2025-09-05 06:40:04,138 - INFO - Boosted OOD loss: -0.1144
2025-09-05 06:40:07,880 - INFO - Boosted OOD loss: -0.0680
2025-09-05 06:40:08,971 - INFO - Boosted OOD loss: -0.0664
2025-09-05 06:40:10,053 - INFO - Boosted OOD loss: -0.0959
2025-09-05 06:40:11,671 - INFO - Boosted OOD loss: -0.1165
2025-09-05 06:40:13,282 - INFO - Boosted OOD loss: -0.0513
2025-09-05 06:40:14,380 - INFO - Boosted OOD loss: -0.0006
2025-09-05 06:40:20,268 - INFO - Boosted OOD loss: -0.0737
2025-09-05 06:40:20,823 - INFO - Boosted OOD loss: -0.0688
2025-09-05 06:40:21,377 - INFO - Boosted OOD loss: -0.0549
2025-09-05 06:40:29,382 - INFO - Boosted OOD loss: -0.0527
2025-09-05 06:40:31,000 - INFO - Boosted OOD loss: -0.0615
2025-09-05 06:40:34,208 - INFO - Boosted OOD loss: -0.1059
2025-09-05 06:40:34,761 - INFO - Boosted OOD loss: -0.0814
2025-09-05 06:40:40,638 - INFO - Boosted OOD loss: -0.0746
2025-09-05 06:40:46,513 - WARNING - No anomaly pixels (254) found in batch
2025-09-05 06:40:49,199 - INFO - Boosted OOD loss: -0.0153
2025-09-05 06:40:50,293 - INFO - Boosted OOD loss: -0.0241
2025-09-05 06:40:51,914 - INFO - Boosted OOD loss: -0.0559
2025-09-05 06:40:52,473 - INFO - Boosted OOD loss: -0.0266
2025-09-05 06:40:58,336 - INFO - Boosted OOD loss: -0.0916
2025-09-05 06:40:59,425 - INFO - Boosted OOD loss: -0.0798
2025-09-05 06:41:02,114 - INFO - Boosted OOD loss: -0.0267
2025-09-05 06:41:09,067 - INFO - Boosted OOD loss: -0.0384
2025-09-05 06:41:10,159 - INFO - Boosted OOD loss: -0.0148
2025-09-05 06:41:13,380 - INFO - Boosted OOD loss: -0.0780
2025-09-05 06:41:13,380 - INFO - Step 42950 Loss Debug:
2025-09-05 06:41:13,380 - INFO -  CE: 1.8850
2025-09-05 06:41:13,380 - INFO -  OOD: -0.0780
2025-09-05 06:41:13,380 - INFO -  β: 64.00
2025-09-05 06:41:13,380 - INFO -  ID: 5921, OOD(254): 34
2025-09-05 06:41:14,464 - INFO - Boosted OOD loss: -0.0477
2025-09-05 06:41:16,077 - INFO - Boosted OOD loss: -0.0576
2025-09-05 06:41:16,634 - INFO - Boosted OOD loss: -0.0882
2025-09-05 06:41:17,722 - INFO - Boosted OOD loss: -0.0265
2025-09-05 06:41:18,283 - INFO - Boosted OOD loss: -0.0265
2025-09-05 06:41:18,837 - INFO - Boosted OOD loss: -0.0596
2025-09-05 06:41:19,924 - INFO - Boosted OOD loss: -0.0633
2025-09-05 06:41:22,608 - INFO - Boosted OOD loss: -0.0469
2025-09-05 06:41:23,163 - INFO - Boosted OOD loss: -0.0690
2025-09-05 06:41:25,315 - INFO - Boosted OOD loss: -0.0661
2025-09-05 06:41:28,532 - INFO - Boosted OOD loss: -0.0939
2025-09-05 06:41:32,278 - INFO - Boosted OOD loss: -0.0378
2025-09-05 06:41:33,358 - INFO - Boosted OOD loss: -0.0688
2025-09-05 06:41:36,039 - INFO - Boosted OOD loss: -0.0426
2025-09-05 06:41:38,721 - INFO - Boosted OOD loss: -0.0426
2025-09-05 06:41:39,275 - INFO - Boosted OOD loss: -0.0701
2025-09-05 06:41:40,353 - WARNING - No anomaly pixels (254) found in batch
2025-09-05 06:41:40,893 - INFO - Boosted OOD loss: -0.0904
2025-09-05 06:41:42,506 - INFO - Boosted OOD loss: -0.0584
2025-09-05 06:41:43,593 - INFO - Boosted OOD loss: -0.0362
2025-09-05 06:41:52,650 - INFO - Boosted OOD loss: -0.0790
2025-09-05 06:41:55,340 - INFO - Boosted OOD loss: -0.0807
2025-09-05 06:41:58,011 - INFO - Boosted OOD loss: -0.0618
2025-09-05 06:41:58,564 - INFO - Boosted OOD loss: -0.0391
2025-09-05 06:42:00,713 - INFO - Boosted OOD loss: -0.0939
2025-09-05 06:42:01,268 - INFO - Boosted OOD loss: -0.0565
2025-09-05 06:42:02,886 - INFO - Boosted OOD loss: -0.0692
2025-09-05 06:42:04,504 - INFO - Boosted OOD loss: -0.0193
2025-09-05 06:42:15,177 - INFO - Boosted OOD loss: -0.0462
2025-09-05 06:42:21,070 - INFO - Boosted OOD loss: -0.0951
2025-09-05 06:42:22,159 - INFO - Boosted OOD loss: -0.0263
2025-09-05 06:42:28,032 - INFO - Boosted OOD loss: -0.0194
2025-09-05 06:42:31,241 - INFO - Boosted OOD loss: -0.0519
2025-09-05 06:42:32,329 - INFO - Boosted OOD loss: -0.0283
2025-09-05 06:42:33,939 - WARNING - No anomaly pixels (254) found in batch
2025-09-05 06:42:36,607 - INFO - Boosted OOD loss: -0.0423
2025-09-05 06:42:38,223 - INFO - Boosted OOD loss: -0.0474
2025-09-05 06:42:39,844 - INFO - Boosted OOD loss: -0.0495
2025-09-05 06:42:42,535 - INFO - Boosted OOD loss: -0.0835
2025-09-05 06:42:45,741 - INFO - Boosted OOD loss: -0.0436
2025-09-05 06:42:47,362 - INFO - Boosted OOD loss: -0.0735
2025-09-05 06:42:50,576 - INFO - Boosted OOD loss: -0.0654
2025-09-05 06:42:51,133 - INFO - Boosted OOD loss: -0.0368
2025-09-05 06:42:55,404 - INFO - Boosted OOD loss: -0.0300
2025-09-05 06:42:55,959 - INFO - Boosted OOD loss: -0.0683
2025-09-05 06:42:59,165 - INFO - Boosted OOD loss: -0.1088
2025-09-05 06:43:03,976 - INFO - Boosted OOD loss: -0.0825
2025-09-05 06:43:06,657 - INFO - Boosted OOD loss: -0.0652
2025-09-05 06:43:08,279 - INFO - Boosted OOD loss: -0.0354
2025-09-05 06:43:12,551 - INFO - Boosted OOD loss: -0.0038
2025-09-05 06:43:17,891 - INFO - Boosted OOD loss: -0.0376
2025-09-05 06:43:27,497 - WARNING - No anomaly pixels (254) found in batch
2025-09-05 06:43:28,568 - INFO - Boosted OOD loss: -0.0422
2025-09-05 06:43:33,901 - INFO - Boosted OOD loss: -0.0752
2025-09-05 06:43:34,457 - INFO - Boosted OOD loss: -0.0622
2025-09-05 06:43:38,738 - INFO - Boosted OOD loss: -0.0348
2025-09-05 06:43:39,290 - INFO - Boosted OOD loss: -0.0785
2025-09-05 06:43:44,623 - INFO - Boosted OOD loss: -0.0313
2025-09-05 06:43:46,244 - INFO - Boosted OOD loss: -0.0768
2025-09-05 06:43:46,799 - INFO - Boosted OOD loss: -0.0491
2025-09-05 06:43:54,287 - INFO - Boosted OOD loss: -0.0264
2025-09-05 06:43:54,287 - INFO - Step 43250 Loss Debug:
2025-09-05 06:43:54,287 - INFO -  CE: 1.7818
2025-09-05 06:43:54,287 - INFO -  OOD: -0.0264
2025-09-05 06:43:54,287 - INFO -  β: 64.00
2025-09-05 06:43:54,287 - INFO -  ID: 7189, OOD(254): 494
2025-09-05 06:44:01,217 - INFO - Boosted OOD loss: -0.0390
2025-09-05 06:44:03,899 - INFO - Boosted OOD loss: -0.0496
2025-09-05 06:44:04,451 - INFO - Boosted OOD loss: -0.0550
2025-09-05 06:44:05,540 - INFO - Boosted OOD loss: -0.0279
2025-09-05 06:44:07,693 - INFO - Boosted OOD loss: -0.0564
2025-09-05 06:44:12,500 - INFO - Boosted OOD loss: -0.0442
2025-09-05 06:44:14,651 - INFO - Boosted OOD loss: -0.0378
2025-09-05 06:44:16,800 - INFO - Boosted OOD loss: -0.0538
2025-09-05 06:44:18,948 - INFO - Boosted OOD loss: -0.0475
2025-09-05 06:44:20,035 - INFO - Boosted OOD loss: -0.0212
2025-09-05 06:44:21,118 - WARNING - No anomaly pixels (254) found in batch
2025-09-05 06:44:22,719 - INFO - Boosted OOD loss: -0.0549
2025-09-05 06:44:29,634 - INFO - Boosted OOD loss: -0.0543
2025-09-05 06:44:31,247 - INFO - Boosted OOD loss: -0.0386
2025-09-05 06:44:33,400 - INFO - Boosted OOD loss: -0.0584
2025-09-05 06:44:35,014 - INFO - Boosted OOD loss: -0.0338
2025-09-05 06:44:37,164 - INFO - Boosted OOD loss: -0.0648
2025-09-05 06:44:42,502 - INFO - Boosted OOD loss: -0.0288
2025-09-05 06:44:49,435 - INFO - Boosted OOD loss: -0.0623
2025-09-05 06:44:52,120 - INFO - Boosted OOD loss: -0.0366
2025-09-05 06:44:52,671 - INFO - Boosted OOD loss: -0.0492
2025-09-05 06:44:53,760 - INFO - Boosted OOD loss: -0.0748
2025-09-05 06:44:56,976 - INFO - Boosted OOD loss: -0.0434
2025-09-05 06:44:58,070 - INFO - Boosted OOD loss: -0.0610
2025-09-05 06:45:07,116 - INFO - Boosted OOD loss: -0.0861
2025-09-05 06:45:11,944 - INFO - Boosted OOD loss: -0.0225
2025-09-05 06:45:14,617 - WARNING - No anomaly pixels (254) found in batch
2025-09-05 06:45:22,603 - INFO - Boosted OOD loss: -0.0516
2025-09-05 06:45:26,878 - INFO - Boosted OOD loss: -0.0656
2025-09-05 06:45:29,551 - INFO - Boosted OOD loss: -0.0723
2025-09-05 06:45:34,900 - INFO - Boosted OOD loss: -0.0407
2025-09-05 06:45:38,116 - INFO - Boosted OOD loss: -0.0766
2025-09-05 06:45:41,332 - INFO - Boosted OOD loss: -0.0454
2025-09-05 06:45:41,332 - INFO - Step 43450 Loss Debug:
2025-09-05 06:45:41,332 - INFO -  CE: 1.6589
2025-09-05 06:45:41,332 - INFO -  OOD: -0.0454
2025-09-05 06:45:41,332 - INFO -  β: 64.00
2025-09-05 06:45:41,333 - INFO -  ID: 4556, OOD(254): 358
2025-09-05 06:45:44,009 - INFO - Boosted OOD loss: -0.0879
2025-09-05 06:45:45,089 - INFO - Boosted OOD loss: -0.1055
2025-09-05 06:45:46,695 - INFO - Boosted OOD loss: -0.0756
2025-09-05 06:45:47,776 - INFO - Boosted OOD loss: -0.1271
2025-09-05 06:45:48,328 - INFO - Boosted OOD loss: -0.0729
2025-09-05 06:45:48,881 - INFO - Boosted OOD loss: -0.0639
2025-09-05 06:45:49,433 - INFO - Boosted OOD loss: -0.0519
2025-09-05 06:45:52,108 - INFO - Boosted OOD loss: -0.0574
2025-09-05 06:45:53,194 - INFO - Boosted OOD loss: -0.0342
2025-09-05 06:45:55,865 - INFO - Boosted OOD loss: -0.0685
2025-09-05 06:45:57,487 - INFO - Boosted OOD loss: -0.0222
2025-09-05 06:45:58,043 - INFO - Boosted OOD loss: -0.0990
2025-09-05 06:46:06,587 - INFO - Boosted OOD loss: -0.0614
2025-09-05 06:46:08,194 - WARNING - No anomaly pixels (254) found in batch
2025-09-05 06:46:11,385 - INFO - Boosted OOD loss: -0.0893
2025-09-05 06:46:17,790 - INFO - Boosted OOD loss: -0.0709
2025-09-05 06:46:18,340 - INFO - Boosted OOD loss: -0.0934
2025-09-05 06:46:18,894 - INFO - Boosted OOD loss: -0.0116
2025-09-05 06:46:19,454 - INFO - Boosted OOD loss: 0.0012
2025-09-05 06:46:20,009 - INFO - Boosted OOD loss: -0.0596
2025-09-05 06:46:21,104 - INFO - Boosted OOD loss: -0.0186
2025-09-05 06:46:21,665 - INFO - Boosted OOD loss: -0.0212
2025-09-05 06:46:23,828 - INFO - Boosted OOD loss: -0.0883
2025-09-05 06:46:30,767 - INFO - Boosted OOD loss: -0.0760
2025-09-05 06:46:32,912 - INFO - Boosted OOD loss: -0.0316
2025-09-05 06:46:33,468 - INFO - Boosted OOD loss: -0.0757
2025-09-05 06:46:34,548 - INFO - Boosted OOD loss: -0.0457
2025-09-05 06:46:36,696 - INFO - Boosted OOD loss: -0.0688
2025-09-05 06:46:37,253 - INFO - Boosted OOD loss: -0.0848
2025-09-05 06:46:38,337 - INFO - Boosted OOD loss: -0.0133
2025-09-05 06:46:39,952 - INFO - Boosted OOD loss: -0.0634
2025-09-05 06:46:41,039 - INFO - Boosted OOD loss: -0.0261
2025-09-05 06:46:41,587 - INFO - Boosted OOD loss: -0.0810
2025-09-05 06:46:43,206 - INFO - Boosted OOD loss: -0.1029
2025-09-05 06:46:44,816 - INFO - Boosted OOD loss: -0.0373
2025-09-05 06:46:48,034 - INFO - Boosted OOD loss: -0.0321
2025-09-05 06:46:48,582 - INFO - Boosted OOD loss: -0.0639
2025-09-05 06:46:49,666 - INFO - Boosted OOD loss: -0.0851
2025-09-05 06:46:50,748 - INFO - Boosted OOD loss: -0.0332
2025-09-05 06:46:53,962 - INFO - Boosted OOD loss: -0.0858
2025-09-05 06:46:54,513 - INFO - Boosted OOD loss: -0.1353
2025-09-05 06:47:01,443 - INFO - Boosted OOD loss: -0.0700
2025-09-05 06:47:01,989 - WARNING - No anomaly pixels (254) found in batch
2025-09-05 06:47:03,594 - INFO - Boosted OOD loss: -0.0521
2025-09-05 06:47:07,868 - INFO - Boosted OOD loss: -0.0699
2025-09-05 06:47:10,539 - INFO - Boosted OOD loss: -0.1229
2025-09-05 06:47:11,625 - INFO - Boosted OOD loss: -0.0977
2025-09-05 06:47:12,714 - INFO - Boosted OOD loss: -0.0254
2025-09-05 06:47:14,867 - INFO - Boosted OOD loss: -0.1106
2025-09-05 06:47:15,418 - INFO - Boosted OOD loss: -0.1171
2025-09-05 06:47:18,101 - INFO - Boosted OOD loss: -0.0563
2025-09-05 06:47:20,774 - INFO - Boosted OOD loss: 0.0009
2025-09-05 06:47:21,330 - INFO - Boosted OOD loss: -0.0355
2025-09-05 06:47:22,415 - INFO - Boosted OOD loss: -0.0213
2025-09-05 06:47:26,169 - INFO - Boosted OOD loss: -0.0412
2025-09-05 06:47:28,313 - INFO - Boosted OOD loss: -0.0649
2025-09-05 06:47:36,315 - INFO - Boosted OOD loss: -0.0624
2025-09-05 06:47:38,458 - INFO - Boosted OOD loss: -0.0363
2025-09-05 06:47:45,387 - INFO - Boosted OOD loss: -0.0943
2025-09-05 06:47:50,721 - INFO - Boosted OOD loss: -0.0872
2025-09-05 06:47:52,335 - INFO - Boosted OOD loss: -0.1255
2025-09-05 06:47:52,884 - INFO - Boosted OOD loss: -0.0932
2025-09-05 06:47:55,043 - INFO - Boosted OOD loss: -0.0278
2025-09-05 06:47:55,602 - INFO - Boosted OOD loss: -0.0388
2025-09-05 06:47:55,602 - INFO - Step 43700 Loss Debug:
2025-09-05 06:47:55,602 - INFO -  CE: 2.0601
2025-09-05 06:47:55,603 - INFO -  OOD: -0.0388
2025-09-05 06:47:55,603 - INFO -  β: 64.00
2025-09-05 06:47:55,603 - INFO -  ID: 6612, OOD(254): 386
2025-09-05 06:47:57,219 - INFO - Boosted OOD loss: -0.0386
2025-09-05 06:47:58,302 - INFO - Boosted OOD loss: -0.0619
2025-09-05 06:47:59,921 - INFO - Boosted OOD loss: -0.1128
2025-09-05 06:48:08,448 - INFO - Boosted OOD loss: -0.0559
2025-09-05 06:48:09,537 - INFO - Boosted OOD loss: -0.0632
2025-09-05 06:48:12,753 - INFO - Boosted OOD loss: -0.0915
2025-09-05 06:48:13,839 - INFO - Boosted OOD loss: -0.0453
2025-09-05 06:48:14,388 - INFO - Boosted OOD loss: -0.0820
2025-09-05 06:48:14,940 - INFO - Boosted OOD loss: -0.0628
2025-09-05 06:48:16,553 - INFO - Boosted OOD loss: -0.0405
2025-09-05 06:48:17,108 - INFO - Boosted OOD loss: -0.0158
2025-09-05 06:48:18,730 - INFO - Boosted OOD loss: -0.0525
2025-09-05 06:48:19,813 - INFO - Boosted OOD loss: -0.0532
2025-09-05 06:48:20,366 - INFO - Boosted OOD loss: -0.0284
2025-09-05 06:48:22,511 - INFO - Boosted OOD loss: -0.0563
2025-09-05 06:48:22,511 - INFO - Step 43750 Loss Debug:
2025-09-05 06:48:22,512 - INFO -  CE: 1.6825
2025-09-05 06:48:22,512 - INFO -  OOD: -0.0563
2025-09-05 06:48:22,512 - INFO -  β: 64.00
2025-09-05 06:48:22,512 - INFO -  ID: 7809, OOD(254): 213
2025-09-05 06:48:24,124 - INFO - Boosted OOD loss: -0.0398
2025-09-05 06:48:25,211 - INFO - Boosted OOD loss: -0.0363
2025-09-05 06:48:27,376 - INFO - Boosted OOD loss: -0.0477
2025-09-05 06:48:30,053 - INFO - Boosted OOD loss: -0.0455
2025-09-05 06:48:38,056 - INFO - Boosted OOD loss: -0.0111
2025-09-05 06:48:44,450 - INFO - Boosted OOD loss: -0.0171
2025-09-05 06:48:45,537 - INFO - Boosted OOD loss: -0.0479
2025-09-05 06:48:47,160 - INFO - Boosted OOD loss: -0.0420
2025-09-05 06:48:49,308 - WARNING - No anomaly pixels (254) found in batch
2025-09-05 06:48:52,497 - INFO - Boosted OOD loss: -0.0354
2025-09-05 06:48:54,112 - INFO - Boosted OOD loss: -0.0368
2025-09-05 06:48:57,319 - INFO - Boosted OOD loss: -0.1267
2025-09-05 06:48:58,940 - INFO - Boosted OOD loss: -0.0607
2025-09-05 06:49:00,556 - INFO - Boosted OOD loss: -0.0495
2025-09-05 06:49:01,642 - INFO - Boosted OOD loss: -0.0456
2025-09-05 06:49:02,724 - INFO - Boosted OOD loss: -0.0477
2025-09-05 06:49:16,036 - INFO - Boosted OOD loss: -0.0713
2025-09-05 06:49:16,036 - INFO - Step 43850 Loss Debug:
2025-09-05 06:49:16,037 - INFO -  CE: 1.9098
2025-09-05 06:49:16,037 - INFO -  OOD: -0.0713
2025-09-05 06:49:16,037 - INFO -  β: 64.00
2025-09-05 06:49:16,037 - INFO -  ID: 7551, OOD(254): 171
2025-09-05 06:49:19,785 - INFO - Boosted OOD loss: -0.0560
2025-09-05 06:49:21,933 - INFO - Boosted OOD loss: -0.0582
2025-09-05 06:49:23,562 - INFO - Boosted OOD loss: -0.0387
2025-09-05 06:49:25,185 - INFO - Boosted OOD loss: -0.0123
2025-09-05 06:49:27,341 - INFO - Boosted OOD loss: -0.0575
2025-09-05 06:49:41,715 - INFO - Boosted OOD loss: -0.0465
2025-09-05 06:49:42,791 - INFO - Boosted OOD loss: -0.0483
2025-09-05 06:49:42,791 - INFO - Step 43900 Loss Debug:
2025-09-05 06:49:42,792 - INFO -  CE: 1.6038
2025-09-05 06:49:42,792 - INFO -  OOD: -0.0483
2025-09-05 06:49:42,792 - INFO -  β: 64.00
2025-09-05 06:49:42,792 - INFO -  ID: 5020, OOD(254): 281
2025-09-05 06:49:43,873 - INFO - Boosted OOD loss: -0.0400
2025-09-05 06:49:46,022 - INFO - Boosted OOD loss: -0.0911
2025-09-05 06:49:52,979 - INFO - Boosted OOD loss: -0.0128
2025-09-05 06:49:53,539 - INFO - Boosted OOD loss: -0.0364
2025-09-05 06:49:54,626 - INFO - Boosted OOD loss: -0.0290
2025-09-05 06:49:55,721 - INFO - Boosted OOD loss: -0.0210
2025-09-05 06:49:59,460 - INFO - Boosted OOD loss: -0.0533
2025-09-05 06:50:00,546 - INFO - Boosted OOD loss: -0.0541
2025-09-05 06:50:02,154 - INFO - Boosted OOD loss: -0.0738
2025-09-05 06:50:04,830 - INFO - Boosted OOD loss: -0.0347
2025-09-05 06:50:05,382 - INFO - Boosted OOD loss: -0.0805
2025-09-05 06:50:07,523 - INFO - Boosted OOD loss: -0.0814
2025-09-05 06:50:08,606 - INFO - Boosted OOD loss: -0.1131
2025-09-05 06:50:10,749 - INFO - Boosted OOD loss: -0.0817
2025-09-05 06:50:11,832 - INFO - Boosted OOD loss: -0.0170
2025-09-05 06:50:12,930 - INFO - Boosted OOD loss: -0.0572
2025-09-05 06:50:15,079 - INFO - Boosted OOD loss: -0.0350
2025-09-05 06:50:19,351 - INFO - Boosted OOD loss: -0.0226
2025-09-05 06:50:20,966 - INFO - Boosted OOD loss: -0.0375
2025-09-05 06:50:30,014 - INFO - Boosted OOD loss: -0.0323
2025-09-05 06:50:31,627 - INFO - Boosted OOD loss: -0.0689
2025-09-05 06:50:34,830 - INFO - Boosted OOD loss: -0.0307
2025-09-05 06:50:35,917 - INFO - Boosted OOD loss: -0.0204
2025-09-05 06:50:36,471 - WARNING - No anomaly pixels (254) found in batch
2025-09-05 06:50:37,008 - INFO - Boosted OOD loss: -0.0629
2025-09-05 06:50:41,812 - INFO - Boosted OOD loss: -0.0365
2025-09-05 06:50:44,496 - INFO - Boosted OOD loss: -0.0422
2025-09-05 06:50:49,304 - INFO - Boosted OOD loss: -0.0133
2025-09-05 06:50:53,592 - INFO - Boosted OOD loss: -0.0611
2025-09-05 06:50:56,799 - INFO - Boosted OOD loss: -0.0576
2025-09-05 06:50:57,882 - INFO - Boosted OOD loss: -0.0861
2025-09-05 06:51:00,034 - INFO - Boosted OOD loss: -0.0451
2025-09-05 06:51:02,188 - INFO - Boosted OOD loss: -0.0648
2025-09-05 06:51:03,807 - INFO - Boosted OOD loss: -0.0534
2025-09-05 06:51:05,426 - INFO - Boosted OOD loss: -0.0798
2025-09-05 06:51:09,694 - INFO - Boosted OOD loss: -0.0846
2025-09-05 06:51:17,173 - INFO - Boosted OOD loss: -0.0624
2025-09-05 06:51:18,260 - INFO - Boosted OOD loss: -0.0699
2025-09-05 06:51:18,812 - INFO - Boosted OOD loss: -0.0504
2025-09-05 06:51:19,363 - INFO - Boosted OOD loss: -0.0802
2025-09-05 06:51:23,112 - INFO - Boosted OOD loss: -0.0223
2025-09-05 06:51:24,200 - INFO - Boosted OOD loss: -0.0289
2025-09-05 06:51:24,752 - INFO - Boosted OOD loss: -0.1232
2025-09-05 06:51:26,368 - INFO - Boosted OOD loss: -0.0761
2025-09-05 06:51:26,920 - INFO - Boosted OOD loss: -0.0461
2025-09-05 06:51:30,124 - WARNING - No anomaly pixels (254) found in batch
2025-09-05 06:51:33,334 - INFO - Boosted OOD loss: -0.0436
2025-09-05 06:51:34,422 - INFO - Boosted OOD loss: -0.0758
2025-09-05 06:51:41,362 - INFO - Boosted OOD loss: -0.0654
2025-09-05 06:51:42,448 - INFO - Boosted OOD loss: -0.0588
2025-09-05 06:51:50,446 - INFO - Boosted OOD loss: -0.0757
2025-09-05 06:51:51,004 - INFO - Boosted OOD loss: -0.0267
2025-09-05 06:51:54,213 - INFO - Boosted OOD loss: -0.0599
2025-09-05 06:51:58,492 - INFO - Boosted OOD loss: -0.0631
2025-09-05 06:52:00,648 - INFO - Boosted OOD loss: -0.0534
2025-09-05 06:52:02,804 - INFO - Boosted OOD loss: -0.0431
2025-09-05 06:52:07,616 - INFO - Boosted OOD loss: -0.0466
2025-09-05 06:52:08,698 - INFO - Boosted OOD loss: -0.0373
2025-09-05 06:52:09,252 - INFO - Boosted OOD loss: -0.0564
2025-09-05 06:52:10,335 - INFO - Boosted OOD loss: -0.0990
2025-09-05 06:52:11,946 - INFO - Boosted OOD loss: -0.0135
2025-09-05 06:52:12,502 - INFO - Boosted OOD loss: -0.0600
2025-09-05 06:52:19,945 - INFO - Boosted OOD loss: -0.0762
2025-09-05 06:52:23,151 - INFO - Boosted OOD loss: -0.0554
2025-09-05 06:52:23,699 - WARNING - No anomaly pixels (254) found in batch
2025-09-05 06:52:25,298 - INFO - Boosted OOD loss: -0.0817
2025-09-05 06:52:28,503 - INFO - Boosted OOD loss: -0.0622
2025-09-05 06:52:29,059 - INFO - Boosted OOD loss: -0.0304
2025-09-05 06:52:35,467 - INFO - Boosted OOD loss: -0.0670
2025-09-05 06:52:41,859 - INFO - Boosted OOD loss: -0.1205
2025-09-05 06:52:42,416 - INFO - Boosted OOD loss: -0.0003
2025-09-05 06:52:43,505 - INFO - Boosted OOD loss: -0.0918
2025-09-05 06:52:44,590 - INFO - Boosted OOD loss: -0.0743
2025-09-05 06:53:00,570 - INFO - Boosted OOD loss: -0.0631
2025-09-05 06:53:06,962 - INFO - Boosted OOD loss: -0.0419
2025-09-05 06:53:09,642 - INFO - Boosted OOD loss: -0.0338
2025-09-05 06:53:10,724 - INFO - Boosted OOD loss: -0.0622
2025-09-05 06:53:12,336 - INFO - Boosted OOD loss: -0.0225
2025-09-05 06:53:17,149 - WARNING - No anomaly pixels (254) found in batch
2025-09-05 06:53:17,687 - INFO - Boosted OOD loss: -0.0187
2025-09-05 06:53:19,308 - INFO - Boosted OOD loss: -0.0782
2025-09-05 06:53:19,863 - INFO - Boosted OOD loss: -0.0180
2025-09-05 06:53:21,483 - INFO - Boosted OOD loss: -0.0251
2025-09-05 06:53:22,040 - INFO - Boosted OOD loss: -0.0660
2025-09-05 06:53:25,245 - INFO - Boosted OOD loss: -0.0847
2025-09-05 06:53:29,520 - INFO - Boosted OOD loss: -0.0730
2025-09-05 06:53:31,135 - INFO - Boosted OOD loss: -0.0418
2025-09-05 06:53:32,756 - INFO - Boosted OOD loss: 0.0005
2025-09-05 06:53:33,315 - INFO - Boosted OOD loss: -0.0702
2025-09-05 06:53:36,529 - INFO - Boosted OOD loss: -0.0718
2025-09-05 06:53:39,739 - INFO - Boosted OOD loss: -0.0160
2025-09-05 06:53:40,293 - INFO - Boosted OOD loss: -0.0859
2025-09-05 06:53:41,373 - INFO - Boosted OOD loss: -0.0926
2025-09-05 06:53:51,513 - INFO - Boosted OOD loss: -0.0655
2025-09-05 06:53:53,127 - INFO - Boosted OOD loss: -0.0286
2025-09-05 06:53:56,351 - INFO - Boosted OOD loss: -0.0933
2025-09-05 06:53:58,496 - INFO - Boosted OOD loss: -0.0541
2025-09-05 06:53:59,054 - INFO - Boosted OOD loss: -0.0242
2025-09-05 06:54:02,811 - INFO - Boosted OOD loss: -0.0498
2025-09-05 06:54:03,364 - INFO - Boosted OOD loss: -0.0353
2025-09-05 06:54:06,053 - INFO - Boosted OOD loss: -0.0645
2025-09-05 06:54:07,134 - INFO - Boosted OOD loss: -0.0524
2025-09-05 06:54:07,685 - INFO - Boosted OOD loss: -0.0430
2025-09-05 06:54:09,302 - INFO - Boosted OOD loss: -0.0543
2025-09-05 06:54:10,392 - INFO - Boosted OOD loss: -0.1051
2025-09-05 06:54:10,940 - INFO - Boosted OOD loss: -0.0274
2025-09-05 06:54:10,940 - INFO - Step 44400 Loss Debug:
2025-09-05 06:54:10,940 - INFO -  CE: 2.2634
2025-09-05 06:54:10,940 - INFO -  OOD: -0.0274
2025-09-05 06:54:10,940 - INFO -  β: 64.00
2025-09-05 06:54:10,941 - INFO -  ID: 7082, OOD(254): 277
2025-09-05 06:54:11,499 - INFO - Boosted OOD loss: 0.0134
2025-09-05 06:54:16,845 - INFO - Boosted OOD loss: -0.0651
2025-09-05 06:54:22,716 - INFO - Boosted OOD loss: -0.0633
2025-09-05 06:54:26,461 - INFO - Boosted OOD loss: -0.0754
2025-09-05 06:54:27,019 - INFO - Boosted OOD loss: -0.0188
2025-09-05 06:54:28,110 - INFO - Boosted OOD loss: -0.0715
2025-09-05 06:54:29,724 - INFO - Boosted OOD loss: -0.0327
2025-09-05 06:54:36,126 - INFO - Boosted OOD loss: -0.0944
2025-09-05 06:54:39,333 - INFO - Boosted OOD loss: -0.0324
2025-09-05 06:54:43,610 - INFO - Boosted OOD loss: -0.0169
2025-09-05 06:54:44,699 - INFO - Boosted OOD loss: -0.0784
2025-09-05 06:54:48,449 - INFO - Boosted OOD loss: -0.0638
2025-09-05 06:54:50,588 - INFO - Boosted OOD loss: -0.0749
2025-09-05 06:54:51,673 - INFO - Boosted OOD loss: -0.0111
2025-09-05 06:54:53,823 - INFO - Boosted OOD loss: -0.0392
2025-09-05 06:54:57,032 - INFO - Boosted OOD loss: -0.1037
2025-09-05 06:54:57,588 - INFO - Boosted OOD loss: -0.0317
2025-09-05 06:54:58,140 - INFO - Boosted OOD loss: -0.1112
2025-09-05 06:54:58,701 - INFO - Boosted OOD loss: -0.1046
2025-09-05 06:54:59,251 - INFO - Boosted OOD loss: -0.0818
2025-09-05 06:55:04,053 - INFO - Boosted OOD loss: -0.0469
2025-09-05 06:55:04,596 - WARNING - No anomaly pixels (254) found in batch
2025-09-05 06:55:06,201 - INFO - Boosted OOD loss: -0.0086
2025-09-05 06:55:07,822 - INFO - Boosted OOD loss: -0.0898
2025-09-05 06:55:08,903 - INFO - Boosted OOD loss: -0.0578
2025-09-05 06:55:09,456 - INFO - Boosted OOD loss: -0.0588
2025-09-05 06:55:10,536 - INFO - Boosted OOD loss: -0.0665
2025-09-05 06:55:11,086 - INFO - Boosted OOD loss: -0.0390
2025-09-05 06:55:18,538 - INFO - Boosted OOD loss: -0.0777
2025-09-05 06:55:19,623 - INFO - Boosted OOD loss: -0.0547
2025-09-05 06:55:20,704 - INFO - Boosted OOD loss: -0.0371
2025-09-05 06:55:26,059 - INFO - Boosted OOD loss: -0.1055
2025-09-05 06:55:29,812 - INFO - Boosted OOD loss: -0.0267
2025-09-05 06:55:30,947 - INFO - Updated beta to 12.16 (exp decay)
2025-09-05 06:55:32,350 - WARNING - Negative mean energy—verify E_b formula/signs
2025-09-05 06:55:32,351 - INFO - Weights updated successfully
2025-09-05 06:55:32,351 - INFO - Advanced epoch 25 - Updated beta: 12.16
2025-09-05 06:55:32,351 - INFO - Epoch 25 - Avg CE: 1.8420, Avg OOD: -0.0114, β: 64
2025-09-05 06:55:32,351 - INFO - 
Running evaluation with β=64...
2025-09-05 06:55:32,466 - INFO - 
Starting Epoch 26/100
2025-09-05 06:55:32,466 - INFO - ============================================================
2025-09-05 06:55:32,467 - INFO - 
Updating Hopfield boosting weights at epoch 26...
2025-09-05 06:55:33,865 - WARNING - Negative mean energy—verify E_b formula/signs
2025-09-05 06:55:33,865 - INFO - Weights updated successfully
2025-09-05 06:55:33,866 - INFO - Weight Update Debug at Epoch 26: No high-weight OOD pixels found
2025-09-05 06:55:39,182 - INFO - Boosted OOD loss: -0.0314
2025-09-05 06:55:40,789 - INFO - Boosted OOD loss: -0.0150
2025-09-05 06:55:45,558 - INFO - Boosted OOD loss: -0.0248
2025-09-05 06:55:46,642 - INFO - Boosted OOD loss: -0.0502
2025-09-05 06:55:47,189 - INFO - Boosted OOD loss: -0.0531
2025-09-05 06:55:47,743 - INFO - Boosted OOD loss: -0.0660
2025-09-05 06:55:48,826 - INFO - Boosted OOD loss: -0.0352
2025-09-05 06:55:49,912 - INFO - Boosted OOD loss: -0.0423
2025-09-05 06:55:51,522 - INFO - Boosted OOD loss: -0.1078
2025-09-05 06:55:54,206 - INFO - Boosted OOD loss: -0.0428
2025-09-05 06:55:55,290 - INFO - Boosted OOD loss: -0.0245
2025-09-05 06:55:55,843 - INFO - Boosted OOD loss: -0.0581
2025-09-05 06:55:57,454 - INFO - Boosted OOD loss: -0.0857
2025-09-05 06:55:58,540 - INFO - Boosted OOD loss: -0.0578
2025-09-05 06:56:01,741 - WARNING - No anomaly pixels (254) found in batch
2025-09-05 06:56:02,283 - INFO - Boosted OOD loss: -0.0169
2025-09-05 06:56:02,841 - INFO - Boosted OOD loss: -0.0759
2025-09-05 06:56:04,462 - INFO - Boosted OOD loss: -0.0681
2025-09-05 06:56:07,143 - INFO - Boosted OOD loss: -0.0877
2025-09-05 06:56:07,692 - INFO - Boosted OOD loss: -0.0495
2025-09-05 06:56:08,248 - INFO - Boosted OOD loss: -0.0515
2025-09-05 06:56:09,862 - INFO - Boosted OOD loss: -0.0746
2025-09-05 06:56:10,411 - INFO - Boosted OOD loss: -0.0947
2025-09-05 06:56:14,156 - INFO - Boosted OOD loss: -0.0406
2025-09-05 06:56:15,776 - INFO - Boosted OOD loss: -0.0588
2025-09-05 06:56:16,331 - INFO - Boosted OOD loss: -0.0672
2025-09-05 06:56:17,418 - INFO - Boosted OOD loss: -0.0287
2025-09-05 06:56:22,233 - INFO - Boosted OOD loss: -0.0788
2025-09-05 06:56:23,323 - INFO - Boosted OOD loss: -0.0262
2025-09-05 06:56:25,483 - INFO - Boosted OOD loss: -0.0795
2025-09-05 06:56:27,105 - INFO - Boosted OOD loss: -0.0414
2025-09-05 06:56:30,334 - INFO - Boosted OOD loss: -0.0731
2025-09-05 06:56:30,887 - INFO - Boosted OOD loss: -0.0721
2025-09-05 06:56:36,234 - INFO - Boosted OOD loss: -0.1103
2025-09-05 06:56:36,789 - INFO - Boosted OOD loss: -0.0440
2025-09-05 06:56:40,002 - INFO - Boosted OOD loss: -0.0771
2025-09-05 06:56:41,627 - INFO - Boosted OOD loss: -0.0659
2025-09-05 06:56:42,182 - INFO - Boosted OOD loss: -0.0257
2025-09-05 06:56:44,869 - INFO - Boosted OOD loss: -0.0580
2025-09-05 06:56:45,954 - INFO - Boosted OOD loss: -0.0860
2025-09-05 06:56:55,560 - WARNING - No anomaly pixels (254) found in batch
2025-09-05 06:56:57,160 - INFO - Boosted OOD loss: -0.0661
2025-09-05 06:56:59,308 - INFO - Boosted OOD loss: -0.0992
2025-09-05 06:57:06,251 - INFO - Boosted OOD loss: -0.0893
2025-09-05 06:57:06,804 - INFO - Boosted OOD loss: -0.0142
2025-09-05 06:57:07,890 - INFO - Boosted OOD loss: -0.0689
2025-09-05 06:57:08,448 - INFO - Boosted OOD loss: -0.0541
2025-09-05 06:57:15,928 - INFO - Boosted OOD loss: -0.0538
2025-09-05 06:57:22,340 - INFO - Boosted OOD loss: -0.0257
2025-09-05 06:57:22,340 - INFO - Step 44750 Loss Debug:
2025-09-05 06:57:22,340 - INFO -  CE: 2.7259
2025-09-05 06:57:22,341 - INFO -  OOD: -0.0257
2025-09-05 06:57:22,341 - INFO -  β: 64.00
2025-09-05 06:57:22,341 - INFO -  ID: 7510, OOD(254): 577
2025-09-05 06:57:26,074 - INFO - Boosted OOD loss: -0.0812
2025-09-05 06:57:29,819 - INFO - Boosted OOD loss: -0.0904
2025-09-05 06:57:30,371 - INFO - Boosted OOD loss: -0.0407
2025-09-05 06:57:32,524 - INFO - Boosted OOD loss: -0.0408
2025-09-05 06:57:33,076 - INFO - Boosted OOD loss: -0.0504
2025-09-05 06:57:35,756 - INFO - Boosted OOD loss: -0.0103
2025-09-05 06:57:37,908 - INFO - Boosted OOD loss: -0.0615
2025-09-05 06:57:41,652 - INFO - Boosted OOD loss: -0.0352
2025-09-05 06:57:43,800 - INFO - Boosted OOD loss: -0.0450
2025-09-05 06:57:48,084 - INFO - Boosted OOD loss: -0.0522
2025-09-05 06:57:49,162 - WARNING - No anomaly pixels (254) found in batch
2025-09-05 06:57:56,091 - INFO - Boosted OOD loss: -0.0311
2025-09-05 06:57:57,709 - INFO - Boosted OOD loss: -0.1029
2025-09-05 06:57:58,260 - INFO - Boosted OOD loss: -0.0750
2025-09-05 06:57:59,347 - INFO - Boosted OOD loss: -0.0420
2025-09-05 06:58:00,968 - INFO - Boosted OOD loss: -0.0337
2025-09-05 06:58:01,522 - INFO - Boosted OOD loss: -0.1130
2025-09-05 06:58:09,540 - INFO - Boosted OOD loss: -0.0519
2025-09-05 06:58:10,094 - INFO - Boosted OOD loss: -0.0787
2025-09-05 06:58:12,773 - INFO - Boosted OOD loss: -0.0829
2025-09-05 06:58:14,924 - INFO - Boosted OOD loss: -0.0813
2025-09-05 06:58:16,542 - INFO - Boosted OOD loss: -0.0226
2025-09-05 06:58:17,096 - INFO - Boosted OOD loss: -0.0626
2025-09-05 06:58:20,312 - INFO - Boosted OOD loss: -0.0230
2025-09-05 06:58:20,870 - INFO - Boosted OOD loss: -0.0706
2025-09-05 06:58:21,422 - INFO - Boosted OOD loss: -0.0904
2025-09-05 06:58:25,175 - INFO - Boosted OOD loss: -0.1012
2025-09-05 06:58:27,852 - INFO - Boosted OOD loss: -0.0508
2025-09-05 06:58:37,463 - INFO - Boosted OOD loss: -0.1009
2025-09-05 06:58:42,798 - WARNING - No anomaly pixels (254) found in batch
2025-09-05 06:58:43,874 - INFO - Boosted OOD loss: 0.0005
2025-09-05 06:58:44,430 - INFO - Boosted OOD loss: -0.0614
2025-09-05 06:58:46,577 - INFO - Boosted OOD loss: -0.0482
2025-09-05 06:58:51,386 - INFO - Boosted OOD loss: -0.0779
2025-09-05 06:58:53,002 - INFO - Boosted OOD loss: -0.1102
2025-09-05 06:58:57,810 - INFO - Boosted OOD loss: -0.0153
2025-09-05 06:59:02,624 - INFO - Boosted OOD loss: -0.0667
2025-09-05 06:59:03,175 - INFO - Boosted OOD loss: -0.0789
2025-09-05 06:59:04,267 - INFO - Boosted OOD loss: -0.0655
2025-09-05 06:59:04,819 - INFO - Boosted OOD loss: -0.0204
2025-09-05 06:59:05,903 - INFO - Boosted OOD loss: -0.0786
2025-09-05 06:59:08,053 - INFO - Boosted OOD loss: -0.0621
2025-09-05 06:59:09,135 - INFO - Boosted OOD loss: -0.0327
2025-09-05 06:59:17,677 - INFO - Boosted OOD loss: -0.0450
2025-09-05 06:59:18,227 - INFO - Boosted OOD loss: -0.0792
2025-09-05 06:59:20,895 - INFO - Boosted OOD loss: -0.1134
2025-09-05 06:59:22,516 - INFO - Boosted OOD loss: -0.0383
2025-09-05 06:59:23,063 - INFO - Boosted OOD loss: -0.0719
2025-09-05 06:59:25,212 - INFO - Boosted OOD loss: -0.0457
2025-09-05 06:59:25,771 - INFO - Boosted OOD loss: -0.0424
2025-09-05 06:59:30,592 - INFO - Boosted OOD loss: -0.0569
2025-09-05 06:59:33,803 - INFO - Boosted OOD loss: -0.0594
2025-09-05 06:59:36,485 - WARNING - No anomaly pixels (254) found in batch
2025-09-05 06:59:37,562 - INFO - Boosted OOD loss: -0.0229
2025-09-05 06:59:42,899 - INFO - Boosted OOD loss: -0.0641
2025-09-05 06:59:43,453 - INFO - Boosted OOD loss: -0.0679
2025-09-05 06:59:51,433 - INFO - Boosted OOD loss: -0.1022
2025-09-05 06:59:55,708 - INFO - Boosted OOD loss: -0.0810
2025-09-05 06:59:56,263 - INFO - Boosted OOD loss: -0.0860
2025-09-05 06:59:57,346 - INFO - Boosted OOD loss: -0.0478
2025-09-05 06:59:58,434 - INFO - Boosted OOD loss: -0.0781
2025-09-05 06:59:59,520 - INFO - Boosted OOD loss: -0.0394
2025-09-05 07:00:05,398 - INFO - Boosted OOD loss: -0.0507
2025-09-05 07:00:18,725 - INFO - Boosted OOD loss: -0.0875
2025-09-05 07:00:22,471 - INFO - Boosted OOD loss: -0.0779
2025-09-05 07:00:23,556 - INFO - Boosted OOD loss: -0.0478
2025-09-05 07:00:27,846 - INFO - Boosted OOD loss: -0.0598
2025-09-05 07:00:29,997 - INFO - Boosted OOD loss: -0.0392
2025-09-05 07:00:29,997 - INFO - Step 45100 Loss Debug:
2025-09-05 07:00:29,997 - INFO -  CE: 1.8230
2025-09-05 07:00:29,997 - INFO -  OOD: -0.0392
2025-09-05 07:00:29,997 - INFO -  β: 64.00
2025-09-05 07:00:29,998 - INFO -  ID: 4939, OOD(254): 198
2025-09-05 07:00:31,081 - INFO - Boosted OOD loss: -0.0567
2025-09-05 07:00:35,355 - INFO - Boosted OOD loss: -0.0896
2025-09-05 07:00:38,042 - INFO - Boosted OOD loss: -0.0185
2025-09-05 07:00:41,267 - INFO - Boosted OOD loss: -0.0718
2025-09-05 07:00:42,354 - INFO - Boosted OOD loss: -0.0146
2025-09-05 07:00:43,970 - INFO - Boosted OOD loss: -0.0345
2025-09-05 07:00:45,058 - INFO - Boosted OOD loss: -0.0614
2025-09-05 07:00:52,546 - INFO - Boosted OOD loss: -0.0394
2025-09-05 07:00:53,634 - INFO - Boosted OOD loss: -0.0597
2025-09-05 07:00:55,779 - INFO - Boosted OOD loss: -0.0513
2025-09-05 07:00:57,930 - INFO - Boosted OOD loss: -0.0787
2025-09-05 07:00:59,548 - INFO - Boosted OOD loss: -0.0596
2025-09-05 07:01:02,763 - INFO - Boosted OOD loss: -0.0907
2025-09-05 07:01:06,513 - INFO - Boosted OOD loss: -0.0471
2025-09-05 07:01:09,189 - INFO - Boosted OOD loss: -0.0342
2025-09-05 07:01:09,740 - INFO - Boosted OOD loss: -0.0869
2025-09-05 07:01:14,556 - INFO - Boosted OOD loss: -0.0532
2025-09-05 07:01:16,711 - INFO - Boosted OOD loss: -0.0575
2025-09-05 07:01:17,266 - INFO - Boosted OOD loss: -0.0090
2025-09-05 07:01:18,358 - INFO - Boosted OOD loss: 0.0135
2025-09-05 07:01:23,184 - INFO - Boosted OOD loss: -0.0740
2025-09-05 07:01:23,729 - WARNING - No anomaly pixels (254) found in batch
2025-09-05 07:01:25,866 - INFO - Boosted OOD loss: -0.0506
2025-09-05 07:01:31,220 - INFO - Boosted OOD loss: -0.0859
2025-09-05 07:01:32,833 - INFO - Boosted OOD loss: -0.0479
2025-09-05 07:01:33,915 - INFO - Boosted OOD loss: -0.0887
2025-09-05 07:01:35,001 - INFO - Boosted OOD loss: -0.1004
2025-09-05 07:01:36,082 - INFO - Boosted OOD loss: -0.0793
2025-09-05 07:01:37,161 - INFO - Boosted OOD loss: -0.0837
2025-09-05 07:01:44,109 - INFO - Boosted OOD loss: -0.0820
2025-09-05 07:01:47,316 - INFO - Boosted OOD loss: -0.0120
2025-09-05 07:01:53,173 - INFO - Boosted OOD loss: -0.0694
2025-09-05 07:01:55,872 - INFO - Boosted OOD loss: -0.0483
2025-09-05 07:02:00,143 - INFO - Boosted OOD loss: -0.0342
2025-09-05 07:02:04,433 - INFO - Boosted OOD loss: -0.0395
2025-09-05 07:02:08,175 - INFO - Boosted OOD loss: -0.0724
2025-09-05 07:02:11,927 - INFO - Boosted OOD loss: -0.0763
2025-09-05 07:02:15,151 - INFO - Boosted OOD loss: -0.0537
2025-09-05 07:02:17,302 - WARNING - No anomaly pixels (254) found in batch
2025-09-05 07:02:19,438 - INFO - Boosted OOD loss: -0.0734
2025-09-05 07:02:23,719 - INFO - Boosted OOD loss: -0.0144
2025-09-05 07:02:25,330 - INFO - Boosted OOD loss: -0.0743
2025-09-05 07:02:27,999 - INFO - Boosted OOD loss: -0.0393
2025-09-05 07:02:29,620 - INFO - Boosted OOD loss: -0.0926
2025-09-05 07:02:31,232 - INFO - Boosted OOD loss: -0.0534
2025-09-05 07:02:35,501 - INFO - Boosted OOD loss: -0.0453
2025-09-05 07:02:37,113 - INFO - Boosted OOD loss: -0.0720
2025-09-05 07:02:39,787 - INFO - Boosted OOD loss: -0.0385
2025-09-05 07:02:40,344 - INFO - Boosted OOD loss: -0.0427
2025-09-05 07:02:43,021 - INFO - Boosted OOD loss: -0.0693
2025-09-05 07:02:43,572 - INFO - Boosted OOD loss: -0.0456
2025-09-05 07:02:44,125 - INFO - Boosted OOD loss: -0.0522
2025-09-05 07:02:44,126 - INFO - Step 45350 Loss Debug:
2025-09-05 07:02:44,126 - INFO -  CE: 1.7769
2025-09-05 07:02:44,126 - INFO -  OOD: -0.0522
2025-09-05 07:02:44,126 - INFO -  β: 64.00
2025-09-05 07:02:44,126 - INFO -  ID: 4037, OOD(254): 291
2025-09-05 07:02:50,534 - INFO - Boosted OOD loss: -0.0637
2025-09-05 07:02:51,092 - INFO - Boosted OOD loss: -0.0183
2025-09-05 07:02:57,499 - INFO - Boosted OOD loss: -0.0170
2025-09-05 07:02:59,117 - INFO - Boosted OOD loss: -0.0580
2025-09-05 07:02:59,670 - INFO - Boosted OOD loss: -0.0728
2025-09-05 07:03:00,752 - INFO - Boosted OOD loss: -0.0101
2025-09-05 07:03:02,901 - INFO - Boosted OOD loss: -0.0622
2025-09-05 07:03:05,052 - INFO - Boosted OOD loss: -0.0306
2025-09-05 07:03:07,202 - INFO - Boosted OOD loss: -0.0610
2025-09-05 07:03:09,354 - INFO - Boosted OOD loss: -0.1121
2025-09-05 07:03:10,962 - WARNING - No anomaly pixels (254) found in batch
2025-09-05 07:03:12,562 - INFO - Boosted OOD loss: -0.0326
2025-09-05 07:03:13,116 - INFO - Boosted OOD loss: -0.0653
2025-09-05 07:03:14,728 - INFO - Boosted OOD loss: -0.0360
2025-09-05 07:03:16,881 - INFO - Boosted OOD loss: -0.0941
2025-09-05 07:03:17,435 - INFO - Boosted OOD loss: -0.0346
2025-09-05 07:03:19,055 - INFO - Boosted OOD loss: -0.0397
2025-09-05 07:03:19,612 - INFO - Boosted OOD loss: -0.0462
2025-09-05 07:03:23,360 - INFO - Boosted OOD loss: -0.0221
2025-09-05 07:03:23,911 - INFO - Boosted OOD loss: -0.0648
2025-09-05 07:03:27,115 - INFO - Boosted OOD loss: -0.0540
2025-09-05 07:03:27,662 - INFO - Boosted OOD loss: -0.0591
2025-09-05 07:03:30,336 - INFO - Boosted OOD loss: -0.0603
2025-09-05 07:03:34,081 - INFO - Boosted OOD loss: -0.0538
2025-09-05 07:03:34,630 - INFO - Boosted OOD loss: -0.0368
2025-09-05 07:03:35,179 - INFO - Boosted OOD loss: -0.0732
2025-09-05 07:03:35,732 - INFO - Boosted OOD loss: -0.0546
2025-09-05 07:03:40,532 - INFO - Boosted OOD loss: -0.0524
2025-09-05 07:03:46,940 - INFO - Boosted OOD loss: -0.0374
2025-09-05 07:03:49,627 - INFO - Boosted OOD loss: -0.1081
2025-09-05 07:03:51,768 - INFO - Boosted OOD loss: -0.0165
2025-09-05 07:03:54,979 - INFO - Boosted OOD loss: -0.0901
2025-09-05 07:03:59,253 - INFO - Boosted OOD loss: -0.0315
2025-09-05 07:04:01,408 - INFO - Boosted OOD loss: -0.0370
2025-09-05 07:04:04,607 - WARNING - No anomaly pixels (254) found in batch
2025-09-05 07:04:05,145 - INFO - Boosted OOD loss: -0.0735
2025-09-05 07:04:07,811 - INFO - Boosted OOD loss: -0.0606
2025-09-05 07:04:12,091 - INFO - Boosted OOD loss: -0.0413
2025-09-05 07:04:13,173 - INFO - Boosted OOD loss: -0.0742
2025-09-05 07:04:17,972 - INFO - Boosted OOD loss: -0.0980
2025-09-05 07:04:18,528 - INFO - Boosted OOD loss: -0.0602
2025-09-05 07:04:30,768 - INFO - Boosted OOD loss: -0.0947
2025-09-05 07:04:31,856 - INFO - Boosted OOD loss: -0.0617
2025-09-05 07:04:32,407 - INFO - Boosted OOD loss: -0.0850
2025-09-05 07:04:32,958 - INFO - Boosted OOD loss: -0.0808
2025-09-05 07:04:47,315 - INFO - Boosted OOD loss: -0.0756
2025-09-05 07:04:49,999 - INFO - Boosted OOD loss: -0.0807
2025-09-05 07:04:53,735 - INFO - Boosted OOD loss: -0.0428
2025-09-05 07:04:54,287 - INFO - Boosted OOD loss: -0.0458
2025-09-05 07:04:55,364 - INFO - Boosted OOD loss: -0.0497
2025-09-05 07:04:56,447 - INFO - Boosted OOD loss: -0.1076
2025-09-05 07:04:58,054 - WARNING - No anomaly pixels (254) found in batch
2025-09-05 07:05:01,250 - INFO - Boosted OOD loss: -0.0625
2025-09-05 07:05:02,328 - INFO - Boosted OOD loss: -0.0783
2025-09-05 07:05:07,127 - INFO - Boosted OOD loss: -0.0643
2025-09-05 07:05:08,740 - INFO - Boosted OOD loss: -0.0814
2025-09-05 07:05:10,351 - INFO - Boosted OOD loss: -0.0094
2025-09-05 07:05:10,907 - INFO - Boosted OOD loss: -0.0410
2025-09-05 07:05:14,648 - INFO - Boosted OOD loss: -0.0529
2025-09-05 07:05:15,200 - INFO - Boosted OOD loss: -0.0188
2025-09-05 07:05:15,762 - INFO - Boosted OOD loss: -0.0406
2025-09-05 07:05:16,311 - INFO - Boosted OOD loss: -0.0720
2025-09-05 07:05:16,861 - INFO - Boosted OOD loss: -0.0439
2025-09-05 07:05:26,433 - INFO - Boosted OOD loss: -0.0663
2025-09-05 07:05:28,047 - INFO - Boosted OOD loss: -0.0304
2025-09-05 07:05:34,433 - INFO - Boosted OOD loss: -0.0232
2025-09-05 07:05:37,122 - INFO - Boosted OOD loss: -0.0242
2025-09-05 07:05:38,732 - INFO - Boosted OOD loss: -0.0653
2025-09-05 07:05:40,347 - INFO - Boosted OOD loss: -0.0243
2025-09-05 07:05:47,277 - INFO - Boosted OOD loss: -0.0484
2025-09-05 07:05:49,418 - INFO - Boosted OOD loss: -0.0673
2025-09-05 07:05:51,553 - WARNING - No anomaly pixels (254) found in batch
2025-09-05 07:05:52,091 - INFO - Boosted OOD loss: 0.0024
2025-09-05 07:05:53,178 - INFO - Boosted OOD loss: -0.0380
2025-09-05 07:05:54,789 - INFO - Boosted OOD loss: -0.0551
2025-09-05 07:05:55,340 - INFO - Boosted OOD loss: -0.0839
2025-09-05 07:05:58,556 - INFO - Boosted OOD loss: 0.0157
2025-09-05 07:05:59,109 - INFO - Boosted OOD loss: -0.0484
2025-09-05 07:06:02,850 - INFO - Boosted OOD loss: -0.0802
2025-09-05 07:06:03,401 - INFO - Boosted OOD loss: -0.1140
2025-09-05 07:06:15,095 - INFO - Boosted OOD loss: -0.0903
2025-09-05 07:06:16,173 - INFO - Boosted OOD loss: -0.0866
2025-09-05 07:06:17,787 - INFO - Boosted OOD loss: -0.0342
2025-09-05 07:06:18,343 - INFO - Boosted OOD loss: -0.0436
2025-09-05 07:06:18,344 - INFO - Step 45750 Loss Debug:
2025-09-05 07:06:18,344 - INFO -  CE: 1.4226
2025-09-05 07:06:18,344 - INFO -  OOD: -0.0436
2025-09-05 07:06:18,344 - INFO -  β: 64.00
2025-09-05 07:06:18,344 - INFO -  ID: 7115, OOD(254): 460
2025-09-05 07:06:23,141 - INFO - Boosted OOD loss: -0.1209
2025-09-05 07:06:24,753 - INFO - Boosted OOD loss: -0.0427
2025-09-05 07:06:26,367 - INFO - Boosted OOD loss: -0.0531
2025-09-05 07:06:26,923 - INFO - Boosted OOD loss: -0.0286
2025-09-05 07:06:27,471 - INFO - Boosted OOD loss: -0.0789
2025-09-05 07:06:30,670 - INFO - Boosted OOD loss: -0.0472
2025-09-05 07:06:33,343 - INFO - Boosted OOD loss: -0.0778
2025-09-05 07:06:34,428 - INFO - Boosted OOD loss: -0.0384
2025-09-05 07:06:34,977 - INFO - Boosted OOD loss: -0.1194
2025-09-05 07:06:38,177 - INFO - Boosted OOD loss: -0.0701
2025-09-05 07:06:39,261 - INFO - Boosted OOD loss: -0.0299
2025-09-05 07:06:42,467 - INFO - Boosted OOD loss: -0.0984
2025-09-05 07:06:45,126 - WARNING - No anomaly pixels (254) found in batch
2025-09-05 07:06:46,733 - INFO - Boosted OOD loss: -0.0509
2025-09-05 07:06:53,122 - INFO - Boosted OOD loss: -0.0515
2025-09-05 07:06:54,208 - INFO - Boosted OOD loss: -0.0149
2025-09-05 07:06:55,832 - INFO - Boosted OOD loss: -0.0003
2025-09-05 07:06:59,042 - INFO - Boosted OOD loss: -0.0462
2025-09-05 07:06:59,602 - INFO - Boosted OOD loss: -0.0814
2025-09-05 07:07:00,681 - INFO - Boosted OOD loss: -0.0304
2025-09-05 07:07:03,358 - INFO - Boosted OOD loss: -0.0459
2025-09-05 07:07:10,281 - INFO - Boosted OOD loss: -0.0745
2025-09-05 07:07:11,361 - INFO - Boosted OOD loss: -0.0628
2025-09-05 07:07:16,690 - INFO - Boosted OOD loss: -0.0162
2025-09-05 07:07:17,246 - INFO - Boosted OOD loss: -0.1117
2025-09-05 07:07:19,380 - INFO - Boosted OOD loss: -0.0298
2025-09-05 07:07:24,705 - INFO - Boosted OOD loss: -0.0540
2025-09-05 07:07:27,899 - INFO - Boosted OOD loss: -0.0688
2025-09-05 07:07:31,630 - INFO - Boosted OOD loss: -0.0896
2025-09-05 07:07:32,710 - INFO - Boosted OOD loss: -0.0781
2025-09-05 07:07:38,577 - WARNING - No anomaly pixels (254) found in batch
2025-09-05 07:07:39,651 - INFO - Boosted OOD loss: -0.0958
2025-09-05 07:07:40,734 - INFO - Boosted OOD loss: -0.0838
2025-09-05 07:07:42,883 - INFO - Boosted OOD loss: -0.0351
2025-09-05 07:07:46,638 - INFO - Boosted OOD loss: -0.0661
2025-09-05 07:07:47,186 - INFO - Boosted OOD loss: -0.0795
2025-09-05 07:07:49,336 - INFO - Boosted OOD loss: -0.0065
2025-09-05 07:07:49,888 - INFO - Boosted OOD loss: -0.0682
2025-09-05 07:07:50,973 - INFO - Boosted OOD loss: -0.0487
2025-09-05 07:07:54,723 - INFO - Boosted OOD loss: -0.1070
2025-09-05 07:07:56,862 - INFO - Boosted OOD loss: -0.0499
2025-09-05 07:07:57,415 - INFO - Boosted OOD loss: -0.0741
2025-09-05 07:08:00,092 - INFO - Boosted OOD loss: -0.0493
2025-09-05 07:08:01,704 - INFO - Boosted OOD loss: -0.0425
2025-09-05 07:08:03,851 - INFO - Boosted OOD loss: -0.0523
2025-09-05 07:08:07,054 - INFO - Boosted OOD loss: -0.0892
2025-09-05 07:08:09,199 - INFO - Boosted OOD loss: -0.0719
2025-09-05 07:08:10,282 - INFO - Boosted OOD loss: -0.0950
2025-09-05 07:08:11,891 - INFO - Boosted OOD loss: -0.1140
2025-09-05 07:08:21,460 - INFO - Boosted OOD loss: -0.0599
2025-09-05 07:08:25,192 - INFO - Boosted OOD loss: -0.1102
2025-09-05 07:08:27,862 - INFO - Boosted OOD loss: -0.0691
2025-09-05 07:08:28,941 - INFO - Boosted OOD loss: -0.0646
2025-09-05 07:08:30,567 - INFO - Boosted OOD loss: -0.0186
2025-09-05 07:08:32,185 - WARNING - No anomaly pixels (254) found in batch
2025-09-05 07:08:34,857 - INFO - Boosted OOD loss: -0.0322
2025-09-05 07:08:38,599 - INFO - Boosted OOD loss: -0.1057
2025-09-05 07:08:39,681 - INFO - Boosted OOD loss: -0.0005
2025-09-05 07:08:41,827 - INFO - Boosted OOD loss: -0.0326
2025-09-05 07:08:47,699 - INFO - Boosted OOD loss: -0.0749
2025-09-05 07:08:48,778 - INFO - Boosted OOD loss: -0.1262
2025-09-05 07:09:01,032 - INFO - Boosted OOD loss: -0.0794
2025-09-05 07:09:05,842 - INFO - Boosted OOD loss: -0.0071
2025-09-05 07:09:06,929 - INFO - Boosted OOD loss: -0.0645
2025-09-05 07:09:08,020 - INFO - Boosted OOD loss: -0.0190
2025-09-05 07:09:08,575 - INFO - Boosted OOD loss: -0.0301
2025-09-05 07:09:10,194 - INFO - Boosted OOD loss: -0.0392
2025-09-05 07:09:11,281 - INFO - Boosted OOD loss: -0.0185
2025-09-05 07:09:11,833 - INFO - Boosted OOD loss: -0.0887
2025-09-05 07:09:12,385 - INFO - Boosted OOD loss: -0.0277
2025-09-05 07:09:12,940 - INFO - Boosted OOD loss: -0.0915
2025-09-05 07:09:23,071 - INFO - Boosted OOD loss: -0.0380
2025-09-05 07:09:24,685 - INFO - Boosted OOD loss: -0.0161
2025-09-05 07:09:25,761 - WARNING - No anomaly pixels (254) found in batch
2025-09-05 07:09:28,951 - INFO - Boosted OOD loss: -0.0953
2025-09-05 07:09:31,627 - INFO - Boosted OOD loss: -0.0391
2025-09-05 07:09:33,763 - INFO - Boosted OOD loss: -0.0231
2025-09-05 07:09:35,908 - INFO - Boosted OOD loss: -0.0184
2025-09-05 07:09:38,583 - INFO - Boosted OOD loss: -0.0648
2025-09-05 07:09:40,198 - INFO - Boosted OOD loss: -0.0165
2025-09-05 07:09:42,878 - INFO - Boosted OOD loss: -0.0222
2025-09-05 07:09:45,024 - INFO - Boosted OOD loss: -0.0619
2025-09-05 07:09:52,482 - INFO - Boosted OOD loss: -0.0584
2025-09-05 07:09:52,482 - INFO - Step 46150 Loss Debug:
2025-09-05 07:09:52,483 - INFO -  CE: 1.5362
2025-09-05 07:09:52,483 - INFO -  OOD: -0.0584
2025-09-05 07:09:52,483 - INFO -  β: 64.00
2025-09-05 07:09:52,483 - INFO -  ID: 6137, OOD(254): 47
2025-09-05 07:09:54,633 - INFO - Boosted OOD loss: -0.0281
2025-09-05 07:09:55,715 - INFO - Boosted OOD loss: -0.0495
2025-09-05 07:09:58,396 - INFO - Boosted OOD loss: -0.0702
2025-09-05 07:10:05,333 - INFO - Boosted OOD loss: -0.0444
2025-09-05 07:10:08,545 - INFO - Boosted OOD loss: -0.0666
2025-09-05 07:10:11,229 - INFO - Boosted OOD loss: -0.0649
2025-09-05 07:10:11,781 - INFO - Boosted OOD loss: -0.0625
2025-09-05 07:10:13,404 - INFO - Boosted OOD loss: -0.0207
2025-09-05 07:10:19,258 - WARNING - No anomaly pixels (254) found in batch
2025-09-05 07:10:19,798 - INFO - Boosted OOD loss: -0.0372
2025-09-05 07:10:23,532 - INFO - Boosted OOD loss: -0.1049
2025-09-05 07:10:24,085 - INFO - Boosted OOD loss: -0.0414
2025-09-05 07:10:25,699 - INFO - Boosted OOD loss: -0.0345
2025-09-05 07:10:26,259 - INFO - Boosted OOD loss: -0.0275
2025-09-05 07:10:27,872 - INFO - Boosted OOD loss: -0.0974
2025-09-05 07:10:28,956 - INFO - Boosted OOD loss: -0.0784
2025-09-05 07:10:29,516 - INFO - Boosted OOD loss: -0.0050
2025-09-05 07:10:30,070 - INFO - Boosted OOD loss: -0.1290
2025-09-05 07:10:34,343 - INFO - Boosted OOD loss: -0.0616
2025-09-05 07:10:37,019 - INFO - Boosted OOD loss: -0.0375
2025-09-05 07:10:37,576 - INFO - Boosted OOD loss: -0.0121
2025-09-05 07:10:39,192 - INFO - Boosted OOD loss: -0.1097
2025-09-05 07:10:40,277 - INFO - Boosted OOD loss: -0.0439
2025-09-05 07:10:44,007 - INFO - Boosted OOD loss: -0.0621
2025-09-05 07:10:47,202 - INFO - Boosted OOD loss: -0.0915
2025-09-05 07:10:49,865 - INFO - Boosted OOD loss: -0.0467
2025-09-05 07:10:53,074 - INFO - Boosted OOD loss: -0.0820
2025-09-05 07:10:56,279 - INFO - Boosted OOD loss: -0.0634
2025-09-05 07:11:00,544 - INFO - Boosted OOD loss: -0.0924
2025-09-05 07:11:01,627 - INFO - Boosted OOD loss: -0.0756
2025-09-05 07:11:02,709 - INFO - Boosted OOD loss: -0.0729
2025-09-05 07:11:03,789 - INFO - Boosted OOD loss: -0.0234
2025-09-05 07:11:06,462 - INFO - Boosted OOD loss: -0.0391
2025-09-05 07:11:10,726 - INFO - Boosted OOD loss: -0.0497
2025-09-05 07:11:11,812 - INFO - Boosted OOD loss: -0.0828
2025-09-05 07:11:12,364 - INFO - Boosted OOD loss: -0.0459
2025-09-05 07:11:12,917 - WARNING - No anomaly pixels (254) found in batch
2025-09-05 07:11:13,465 - INFO - Boosted OOD loss: -0.0367
2025-09-05 07:11:14,021 - INFO - Boosted OOD loss: -0.0116
2025-09-05 07:11:24,116 - INFO - Boosted OOD loss: -0.0721
2025-09-05 07:11:24,670 - INFO - Boosted OOD loss: -0.0270
2025-09-05 07:11:25,224 - INFO - Boosted OOD loss: -0.1042
2025-09-05 07:11:29,491 - INFO - Boosted OOD loss: -0.0938
2025-09-05 07:11:29,557 - INFO - Updated beta to 12.02 (exp decay)
2025-09-05 07:11:30,959 - WARNING - Negative mean energy—verify E_b formula/signs
2025-09-05 07:11:30,959 - INFO - Weights updated successfully
2025-09-05 07:11:30,960 - INFO - Advanced epoch 26 - Updated beta: 12.02
2025-09-05 07:11:30,960 - INFO - Epoch 26 - Avg CE: 1.8289, Avg OOD: -0.0117, β: 64
2025-09-05 07:11:31,071 - INFO - 
Starting Epoch 27/100
2025-09-05 07:11:31,071 - INFO - ============================================================
2025-09-05 07:11:31,072 - INFO - 
Updating Hopfield boosting weights at epoch 27...
2025-09-05 07:11:32,472 - WARNING - Negative mean energy—verify E_b formula/signs
2025-09-05 07:11:32,472 - INFO - Weights updated successfully
2025-09-05 07:11:32,473 - INFO - Weight Update Debug at Epoch 27: No high-weight OOD pixels found
2025-09-05 07:11:39,147 - INFO - Boosted OOD loss: -0.0462
2025-09-05 07:11:43,941 - INFO - Boosted OOD loss: -0.0092
2025-09-05 07:11:47,152 - INFO - Boosted OOD loss: -0.0472
2025-09-05 07:11:50,364 - INFO - Boosted OOD loss: -0.0312
2025-09-05 07:11:51,985 - INFO - Boosted OOD loss: -0.0703
2025-09-05 07:11:54,671 - INFO - Boosted OOD loss: -0.1052
2025-09-05 07:12:00,011 - INFO - Boosted OOD loss: -0.0188
2025-09-05 07:12:01,096 - INFO - Boosted OOD loss: -0.0410
2025-09-05 07:12:05,362 - INFO - Boosted OOD loss: -0.0552
2025-09-05 07:12:05,911 - INFO - Boosted OOD loss: -0.0508
2025-09-05 07:12:07,530 - INFO - Boosted OOD loss: -0.0712
2025-09-05 07:12:09,673 - INFO - Boosted OOD loss: -0.0668
2025-09-05 07:12:09,673 - INFO - Step 46400 Loss Debug:
2025-09-05 07:12:09,673 - INFO -  CE: 2.1129
2025-09-05 07:12:09,673 - INFO -  OOD: -0.0668
2025-09-05 07:12:09,673 - INFO -  β: 64.00
2025-09-05 07:12:09,674 - INFO -  ID: 6913, OOD(254): 242
2025-09-05 07:12:11,287 - INFO - Boosted OOD loss: -0.0302
2025-09-05 07:12:14,500 - INFO - Boosted OOD loss: -0.0686
2025-09-05 07:12:25,679 - INFO - Boosted OOD loss: -0.0347
2025-09-05 07:12:29,433 - INFO - Boosted OOD loss: -0.0569
2025-09-05 07:12:35,299 - INFO - Boosted OOD loss: -0.0280
2025-09-05 07:12:38,518 - INFO - Boosted OOD loss: -0.0529
2025-09-05 07:12:40,131 - INFO - Boosted OOD loss: -0.0902
2025-09-05 07:12:40,681 - INFO - Boosted OOD loss: -0.0585
2025-09-05 07:12:41,763 - INFO - Boosted OOD loss: -0.0749
2025-09-05 07:12:44,444 - INFO - Boosted OOD loss: -0.0797
2025-09-05 07:12:50,863 - INFO - Boosted OOD loss: -0.0230
2025-09-05 07:12:53,020 - INFO - Boosted OOD loss: -0.0476
2025-09-05 07:12:55,168 - INFO - Boosted OOD loss: -0.0432
2025-09-05 07:12:58,390 - INFO - Boosted OOD loss: -0.0545
2025-09-05 07:13:00,529 - INFO - Boosted OOD loss: -0.0437
2025-09-05 07:13:01,611 - INFO - Boosted OOD loss: -0.0867
2025-09-05 07:13:03,231 - INFO - Boosted OOD loss: -0.0331
2025-09-05 07:13:03,232 - INFO - Step 46500 Loss Debug:
2025-09-05 07:13:03,232 - INFO -  CE: 1.6054
2025-09-05 07:13:03,232 - INFO -  OOD: -0.0331
2025-09-05 07:13:03,232 - INFO -  β: 64.00
2025-09-05 07:13:03,232 - INFO -  ID: 4818, OOD(254): 224
2025-09-05 07:13:06,438 - INFO - Boosted OOD loss: -0.0620
2025-09-05 07:13:14,987 - INFO - Boosted OOD loss: -0.0637
2025-09-05 07:13:16,599 - INFO - Boosted OOD loss: -0.0223
2025-09-05 07:13:19,812 - INFO - Boosted OOD loss: -0.0029
2025-09-05 07:13:21,436 - INFO - Boosted OOD loss: -0.0170
2025-09-05 07:13:28,912 - INFO - Boosted OOD loss: 0.0036
2025-09-05 07:13:29,468 - INFO - Boosted OOD loss: -0.0371
2025-09-05 07:13:32,152 - INFO - Boosted OOD loss: -0.0105
2025-09-05 07:13:32,709 - INFO - Boosted OOD loss: -0.0469
2025-09-05 07:13:33,788 - INFO - Boosted OOD loss: -0.0482
2025-09-05 07:13:34,875 - INFO - Boosted OOD loss: -0.0566
2025-09-05 07:13:35,422 - INFO - Boosted OOD loss: -0.0511
2025-09-05 07:13:35,973 - INFO - Boosted OOD loss: -0.0738
2025-09-05 07:13:37,059 - INFO - Boosted OOD loss: -0.0343
2025-09-05 07:13:41,863 - INFO - Boosted OOD loss: -0.0802
2025-09-05 07:13:46,154 - INFO - Boosted OOD loss: -0.0536
2025-09-05 07:13:49,361 - INFO - Boosted OOD loss: -0.0422
2025-09-05 07:13:54,697 - INFO - Boosted OOD loss: -0.0788
2025-09-05 07:13:56,840 - WARNING - No anomaly pixels (254) found in batch
2025-09-05 07:14:16,532 - INFO - Boosted OOD loss: -0.0526
2025-09-05 07:14:17,085 - INFO - Boosted OOD loss: -0.0775
2025-09-05 07:14:18,697 - INFO - Boosted OOD loss: -0.0288
2025-09-05 07:14:19,251 - INFO - Boosted OOD loss: -0.0261
2025-09-05 07:14:26,179 - INFO - Boosted OOD loss: -0.0797
2025-09-05 07:14:27,799 - INFO - Boosted OOD loss: -0.0534
2025-09-05 07:14:28,880 - INFO - Boosted OOD loss: -0.0569
2025-09-05 07:14:34,229 - INFO - Boosted OOD loss: -0.0687
2025-09-05 07:14:37,441 - INFO - Boosted OOD loss: -0.0458
2025-09-05 07:14:38,529 - INFO - Boosted OOD loss: -0.0770
2025-09-05 07:14:40,679 - INFO - Boosted OOD loss: -0.0860
2025-09-05 07:14:41,763 - INFO - Boosted OOD loss: -0.0233
2025-09-05 07:14:43,381 - INFO - Boosted OOD loss: -0.0627
2025-09-05 07:14:44,470 - INFO - Boosted OOD loss: -0.0756
2025-09-05 07:14:46,619 - INFO - Boosted OOD loss: -0.0338
2025-09-05 07:14:47,706 - INFO - Boosted OOD loss: -0.0441
2025-09-05 07:14:50,379 - WARNING - No anomaly pixels (254) found in batch
2025-09-05 07:14:50,916 - INFO - Boosted OOD loss: -0.1180
2025-09-05 07:14:51,461 - INFO - Boosted OOD loss: -0.0818
2025-09-05 07:14:58,402 - INFO - Boosted OOD loss: -0.1206
2025-09-05 07:15:06,384 - INFO - Boosted OOD loss: -0.0125
2025-09-05 07:15:10,122 - INFO - Boosted OOD loss: -0.1086
2025-09-05 07:15:11,202 - INFO - Boosted OOD loss: -0.0518
2025-09-05 07:15:12,810 - INFO - Boosted OOD loss: -0.0494
2025-09-05 07:15:13,365 - INFO - Boosted OOD loss: -0.0667
2025-09-05 07:15:16,570 - INFO - Boosted OOD loss: -0.0620
2025-09-05 07:15:18,720 - INFO - Boosted OOD loss: -0.0284
2025-09-05 07:15:21,394 - INFO - Boosted OOD loss: -0.0524
2025-09-05 07:15:21,941 - INFO - Boosted OOD loss: -0.0382
2025-09-05 07:15:28,339 - INFO - Boosted OOD loss: -0.0421
2025-09-05 07:15:29,418 - INFO - Boosted OOD loss: -0.0365
2025-09-05 07:15:31,557 - INFO - Boosted OOD loss: -0.1089
2025-09-05 07:15:35,298 - INFO - Boosted OOD loss: -0.1047
2025-09-05 07:15:40,100 - INFO - Boosted OOD loss: -0.0793
2025-09-05 07:15:42,251 - INFO - Boosted OOD loss: -0.0140
2025-09-05 07:15:42,802 - INFO - Boosted OOD loss: -0.0730
2025-09-05 07:15:43,890 - INFO - Boosted OOD loss: -0.0514
2025-09-05 07:15:43,891 - INFO - Step 46800 Loss Debug:
2025-09-05 07:15:43,891 - INFO -  CE: 1.8602
2025-09-05 07:15:43,891 - INFO -  OOD: -0.0514
2025-09-05 07:15:43,891 - INFO -  β: 64.00
2025-09-05 07:15:43,891 - INFO -  ID: 7390, OOD(254): 782
2025-09-05 07:15:46,037 - INFO - Boosted OOD loss: -0.1076
2025-09-05 07:15:48,179 - INFO - Boosted OOD loss: -0.0099
2025-09-05 07:15:51,394 - INFO - Boosted OOD loss: -0.0563
2025-09-05 07:15:54,592 - INFO - Boosted OOD loss: -0.0380
2025-09-05 07:15:57,270 - INFO - Boosted OOD loss: -0.0823
2025-09-05 07:15:59,411 - INFO - Boosted OOD loss: -0.0678
2025-09-05 07:16:00,497 - INFO - Boosted OOD loss: -0.0871
2025-09-05 07:16:02,106 - INFO - Boosted OOD loss: -0.0377
2025-09-05 07:16:03,191 - INFO - Boosted OOD loss: -0.0450
2025-09-05 07:16:04,277 - INFO - Boosted OOD loss: -0.0956
2025-09-05 07:16:05,362 - INFO - Boosted OOD loss: -0.0296
2025-09-05 07:16:11,760 - INFO - Boosted OOD loss: -0.0438
2025-09-05 07:16:17,089 - INFO - Boosted OOD loss: -0.0355
2025-09-05 07:16:37,275 - WARNING - No anomaly pixels (254) found in batch
2025-09-05 07:16:42,070 - INFO - Boosted OOD loss: -0.0487
2025-09-05 07:16:54,816 - INFO - Boosted OOD loss: -0.0221
2025-09-05 07:16:59,619 - INFO - Boosted OOD loss: -0.0810
2025-09-05 07:17:02,830 - INFO - Boosted OOD loss: -0.0272
2025-09-05 07:17:03,383 - INFO - Boosted OOD loss: 0.0098
2025-09-05 07:17:04,467 - INFO - Boosted OOD loss: -0.0711
2025-09-05 07:17:05,019 - INFO - Boosted OOD loss: -0.0410
2025-09-05 07:17:10,340 - INFO - Boosted OOD loss: -0.0505
2025-09-05 07:17:14,070 - INFO - Boosted OOD loss: -0.0550
2025-09-05 07:17:16,748 - INFO - Boosted OOD loss: -0.0310
2025-09-05 07:17:18,364 - INFO - Boosted OOD loss: -0.0553
2025-09-05 07:17:23,690 - INFO - Boosted OOD loss: -0.0470
2025-09-05 07:17:26,904 - INFO - Boosted OOD loss: -0.0386
2025-09-05 07:17:30,638 - INFO - Boosted OOD loss: -0.0982
2025-09-05 07:17:30,639 - INFO - Step 47000 Loss Debug:
2025-09-05 07:17:30,639 - INFO -  CE: 1.8378
2025-09-05 07:17:30,639 - INFO -  OOD: -0.0982
2025-09-05 07:17:30,639 - INFO -  β: 64.00
2025-09-05 07:17:30,639 - INFO -  ID: 6476, OOD(254): 21
2025-09-05 07:17:31,193 - INFO - Boosted OOD loss: -0.0442
2025-09-05 07:17:32,810 - INFO - Boosted OOD loss: -0.0612
2025-09-05 07:17:33,360 - INFO - Boosted OOD loss: -0.0381
2025-09-05 07:17:34,977 - INFO - Boosted OOD loss: -0.0991
2025-09-05 07:17:38,715 - INFO - Boosted OOD loss: -0.0326
2025-09-05 07:17:39,266 - INFO - Boosted OOD loss: -0.0514
2025-09-05 07:17:45,129 - INFO - Boosted OOD loss: -0.0190
2025-09-05 07:17:45,683 - INFO - Boosted OOD loss: -0.0917
2025-09-05 07:17:48,886 - INFO - Boosted OOD loss: -0.0704
2025-09-05 07:17:53,692 - INFO - Boosted OOD loss: -0.0258
2025-09-05 07:17:55,310 - INFO - Boosted OOD loss: -0.0636
2025-09-05 07:17:56,926 - INFO - Boosted OOD loss: -0.0728
2025-09-05 07:18:00,682 - INFO - Boosted OOD loss: -0.0184
2025-09-05 07:18:01,774 - INFO - Boosted OOD loss: 0.0023
2025-09-05 07:18:07,116 - INFO - Boosted OOD loss: -0.0875
2025-09-05 07:18:09,253 - INFO - Boosted OOD loss: -0.0337
2025-09-05 07:18:11,935 - INFO - Boosted OOD loss: -0.1220
2025-09-05 07:18:14,078 - INFO - Boosted OOD loss: -0.0378
2025-09-05 07:18:17,302 - INFO - Boosted OOD loss: -0.0076
2025-09-05 07:18:19,979 - INFO - Boosted OOD loss: -0.0643
2025-09-05 07:18:21,601 - INFO - Boosted OOD loss: -0.0351
2025-09-05 07:18:24,271 - WARNING - No anomaly pixels (254) found in batch
2025-09-05 07:18:25,881 - INFO - Boosted OOD loss: -0.0318
2025-09-05 07:18:28,562 - INFO - Boosted OOD loss: -0.0633
2025-09-05 07:18:30,174 - INFO - Boosted OOD loss: -0.0398
2025-09-05 07:18:31,791 - INFO - Boosted OOD loss: -0.0515
2025-09-05 07:18:33,407 - INFO - Boosted OOD loss: -0.0380
2025-09-05 07:18:34,489 - INFO - Boosted OOD loss: -0.0806
2025-09-05 07:18:37,174 - INFO - Boosted OOD loss: -0.0667
2025-09-05 07:18:41,436 - INFO - Boosted OOD loss: -0.0617
2025-09-05 07:18:41,987 - INFO - Boosted OOD loss: -0.0327
2025-09-05 07:18:44,137 - INFO - Boosted OOD loss: -0.0886
2025-09-05 07:18:45,217 - INFO - Boosted OOD loss: -0.0813
2025-09-05 07:18:45,770 - INFO - Boosted OOD loss: -0.0884
2025-09-05 07:18:53,762 - INFO - Boosted OOD loss: -0.1039
2025-09-05 07:18:56,441 - INFO - Boosted OOD loss: -0.0413
2025-09-05 07:19:00,709 - INFO - Boosted OOD loss: -0.0250
2025-09-05 07:19:02,327 - INFO - Boosted OOD loss: -0.0211
2025-09-05 07:19:04,487 - INFO - Boosted OOD loss: -0.0271
2025-09-05 07:19:06,630 - INFO - Boosted OOD loss: -0.0608
2025-09-05 07:19:08,770 - INFO - Boosted OOD loss: -0.0161
2025-09-05 07:19:10,912 - INFO - Boosted OOD loss: -0.0133
2025-09-05 07:19:14,642 - INFO - Boosted OOD loss: -0.0325
2025-09-05 07:19:17,842 - WARNING - No anomaly pixels (254) found in batch
2025-09-05 07:19:22,101 - INFO - Boosted OOD loss: -0.0747
2025-09-05 07:19:23,704 - INFO - Boosted OOD loss: -0.0428
2025-09-05 07:19:27,957 - INFO - Boosted OOD loss: -0.0872
2025-09-05 07:19:29,033 - INFO - Boosted OOD loss: -0.0148
2025-09-05 07:19:29,590 - INFO - Boosted OOD loss: -0.0823
2025-09-05 07:19:31,736 - INFO - Boosted OOD loss: -0.0461
2025-09-05 07:19:32,825 - INFO - Boosted OOD loss: -0.0302
2025-09-05 07:19:36,031 - INFO - Boosted OOD loss: -0.0485
2025-09-05 07:19:37,643 - INFO - Boosted OOD loss: -0.0259
2025-09-05 07:19:41,378 - INFO - Boosted OOD loss: -0.0343
2025-09-05 07:19:46,713 - INFO - Boosted OOD loss: -0.0814
2025-09-05 07:19:47,799 - INFO - Boosted OOD loss: -0.0334
2025-09-05 07:19:54,713 - INFO - Boosted OOD loss: -0.0609
2025-09-05 07:19:55,266 - INFO - Boosted OOD loss: -0.0350
2025-09-05 07:19:56,879 - INFO - Boosted OOD loss: -0.0144
2025-09-05 07:19:59,019 - INFO - Boosted OOD loss: -0.0848
2025-09-05 07:20:01,696 - INFO - Boosted OOD loss: -0.0472
2025-09-05 07:20:02,778 - INFO - Boosted OOD loss: -0.0836
2025-09-05 07:20:03,324 - INFO - Boosted OOD loss: -0.0469
2025-09-05 07:20:07,057 - INFO - Boosted OOD loss: -0.0396
2025-09-05 07:20:09,205 - INFO - Boosted OOD loss: -0.0669
2025-09-05 07:20:11,331 - WARNING - No anomaly pixels (254) found in batch
2025-09-05 07:20:16,127 - INFO - Boosted OOD loss: -0.0179
2025-09-05 07:20:16,681 - INFO - Boosted OOD loss: -0.0740
2025-09-05 07:20:17,231 - INFO - Boosted OOD loss: -0.0523
2025-09-05 07:20:22,559 - INFO - Boosted OOD loss: -0.1016
2025-09-05 07:20:24,170 - INFO - Boosted OOD loss: -0.0227
2025-09-05 07:20:25,260 - INFO - Boosted OOD loss: -0.0775
2025-09-05 07:20:27,941 - INFO - Boosted OOD loss: -0.1019
2025-09-05 07:20:31,677 - INFO - Boosted OOD loss: -0.0986
2025-09-05 07:20:34,356 - INFO - Boosted OOD loss: -0.0326
2025-09-05 07:20:37,575 - INFO - Boosted OOD loss: -0.0802
2025-09-05 07:20:40,249 - INFO - Boosted OOD loss: -0.0392
2025-09-05 07:20:41,325 - INFO - Boosted OOD loss: -0.0621
2025-09-05 07:20:42,409 - INFO - Boosted OOD loss: -0.0729
2025-09-05 07:20:42,957 - INFO - Boosted OOD loss: -0.1101
2025-09-05 07:20:45,618 - INFO - Boosted OOD loss: -0.0785
2025-09-05 07:20:47,754 - INFO - Boosted OOD loss: -0.0322
2025-09-05 07:20:54,681 - INFO - Boosted OOD loss: -0.0161
2025-09-05 07:20:56,843 - INFO - Boosted OOD loss: -0.0627
2025-09-05 07:20:58,456 - INFO - Boosted OOD loss: -0.0525
2025-09-05 07:20:59,540 - INFO - Boosted OOD loss: -0.1256
2025-09-05 07:21:00,092 - INFO - Boosted OOD loss: -0.0388
2025-09-05 07:21:03,304 - INFO - Boosted OOD loss: -0.0154
2025-09-05 07:21:04,923 - INFO - Boosted OOD loss: -0.0750
2025-09-05 07:21:04,923 - INFO - Step 47400 Loss Debug:
2025-09-05 07:21:04,923 - INFO -  CE: 2.2207
2025-09-05 07:21:04,923 - INFO -  OOD: -0.0750
2025-09-05 07:21:04,923 - INFO -  β: 64.00
2025-09-05 07:21:04,923 - INFO -  ID: 8010, OOD(254): 11
2025-09-05 07:21:06,543 - INFO - Boosted OOD loss: -0.0929
2025-09-05 07:21:13,460 - INFO - Boosted OOD loss: -0.0621
2025-09-05 07:21:14,018 - INFO - Boosted OOD loss: -0.0929
2025-09-05 07:21:19,339 - INFO - Boosted OOD loss: -0.1031
2025-09-05 07:21:21,479 - INFO - Boosted OOD loss: -0.0366
2025-09-05 07:21:22,036 - INFO - Boosted OOD loss: -0.0970
2025-09-05 07:21:23,647 - INFO - Boosted OOD loss: -0.0168
2025-09-05 07:21:33,225 - INFO - Boosted OOD loss: -0.0922
2025-09-05 07:21:34,312 - INFO - Boosted OOD loss: -0.0575
2025-09-05 07:21:39,638 - INFO - Boosted OOD loss: -0.0194
2025-09-05 07:21:41,785 - INFO - Boosted OOD loss: -0.0240
2025-09-05 07:21:42,345 - INFO - Boosted OOD loss: -0.0258
2025-09-05 07:21:42,902 - INFO - Boosted OOD loss: -0.0149
2025-09-05 07:21:43,454 - INFO - Boosted OOD loss: -0.0386
2025-09-05 07:21:49,843 - INFO - Boosted OOD loss: -0.0282
2025-09-05 07:21:53,580 - INFO - Boosted OOD loss: -0.0453
2025-09-05 07:21:54,134 - INFO - Boosted OOD loss: -0.0585
2025-09-05 07:21:56,274 - INFO - Boosted OOD loss: -0.0769
2025-09-05 07:21:57,352 - INFO - Boosted OOD loss: -0.0624
2025-09-05 07:21:58,428 - WARNING - No anomaly pixels (254) found in batch
2025-09-05 07:21:59,502 - INFO - Boosted OOD loss: -0.1184
2025-09-05 07:22:00,586 - INFO - Boosted OOD loss: -0.0149
2025-09-05 07:22:03,802 - INFO - Boosted OOD loss: -0.1328
2025-09-05 07:22:05,409 - INFO - Boosted OOD loss: -0.0172
2025-09-05 07:22:11,797 - INFO - Boosted OOD loss: -0.0891
2025-09-05 07:22:12,344 - INFO - Boosted OOD loss: -0.0833
2025-09-05 07:22:13,963 - INFO - Boosted OOD loss: -0.0325
2025-09-05 07:22:16,639 - INFO - Boosted OOD loss: -0.0849
2025-09-05 07:22:20,901 - INFO - Boosted OOD loss: -0.0891
2025-09-05 07:22:28,353 - INFO - Boosted OOD loss: -0.0749
2025-09-05 07:22:29,436 - INFO - Boosted OOD loss: -0.0167
2025-09-05 07:22:30,528 - INFO - Boosted OOD loss: -0.0438
2025-09-05 07:22:33,204 - INFO - Boosted OOD loss: -0.0713
2025-09-05 07:22:39,070 - INFO - Boosted OOD loss: -0.0543
2025-09-05 07:22:40,156 - INFO - Boosted OOD loss: -0.0994
2025-09-05 07:22:41,244 - INFO - Boosted OOD loss: -0.1075
2025-09-05 07:22:44,440 - INFO - Boosted OOD loss: -0.0767
2025-09-05 07:22:47,110 - INFO - Boosted OOD loss: -0.0388
2025-09-05 07:22:48,721 - INFO - Boosted OOD loss: -0.0364
2025-09-05 07:22:50,858 - INFO - Boosted OOD loss: -0.0933
2025-09-05 07:22:51,930 - WARNING - No anomaly pixels (254) found in batch
2025-09-05 07:22:55,114 - INFO - Boosted OOD loss: -0.0360
2025-09-05 07:22:59,393 - INFO - Boosted OOD loss: -0.0748
2025-09-05 07:23:04,713 - INFO - Boosted OOD loss: -0.0386
2025-09-05 07:23:14,293 - INFO - Boosted OOD loss: -0.0905
2025-09-05 07:23:15,908 - INFO - Boosted OOD loss: 0.0036
2025-09-05 07:23:17,527 - INFO - Boosted OOD loss: -0.0544
2025-09-05 07:23:28,166 - INFO - Boosted OOD loss: -0.0630
2025-09-05 07:23:28,716 - INFO - Boosted OOD loss: -0.0656
2025-09-05 07:23:30,864 - INFO - Boosted OOD loss: -0.0140
2025-09-05 07:23:31,428 - INFO - Boosted OOD loss: -0.0173
2025-09-05 07:23:36,752 - INFO - Boosted OOD loss: -0.1145
2025-09-05 07:23:37,299 - INFO - Boosted OOD loss: -0.0627
2025-09-05 07:23:37,852 - INFO - Boosted OOD loss: -0.0748
2025-09-05 07:23:38,406 - INFO - Boosted OOD loss: 0.0109
2025-09-05 07:23:40,556 - INFO - Boosted OOD loss: -0.0685
2025-09-05 07:23:41,109 - INFO - Boosted OOD loss: -0.0481
2025-09-05 07:23:41,667 - INFO - Boosted OOD loss: -0.0172
2025-09-05 07:23:43,286 - INFO - Boosted OOD loss: -0.0507
2025-09-05 07:23:45,423 - WARNING - No anomaly pixels (254) found in batch
2025-09-05 07:23:53,925 - INFO - Boosted OOD loss: -0.0835
2025-09-05 07:23:57,138 - INFO - Boosted OOD loss: -0.0224
2025-09-05 07:23:59,283 - INFO - Boosted OOD loss: -0.0403
2025-09-05 07:24:00,370 - INFO - Boosted OOD loss: -0.0331
2025-09-05 07:24:01,458 - INFO - Boosted OOD loss: -0.0712
2025-09-05 07:24:02,011 - INFO - Boosted OOD loss: -0.0279
2025-09-05 07:24:03,629 - INFO - Boosted OOD loss: -0.0405
2025-09-05 07:24:04,176 - INFO - Boosted OOD loss: -0.0965
2025-09-05 07:24:05,788 - INFO - Boosted OOD loss: -0.1158
2025-09-05 07:24:07,400 - INFO - Boosted OOD loss: -0.1101
2025-09-05 07:24:11,145 - INFO - Boosted OOD loss: -0.0877
2025-09-05 07:24:12,758 - INFO - Boosted OOD loss: -0.0371
2025-09-05 07:24:13,312 - INFO - Boosted OOD loss: -0.0365
2025-09-05 07:24:13,863 - INFO - Boosted OOD loss: -0.1149
2025-09-05 07:24:14,947 - INFO - Boosted OOD loss: -0.0091
2025-09-05 07:24:16,033 - INFO - Boosted OOD loss: -0.0210
2025-09-05 07:24:17,655 - INFO - Boosted OOD loss: -0.0251
2025-09-05 07:24:21,928 - INFO - Boosted OOD loss: -0.0413
2025-09-05 07:24:28,304 - INFO - Boosted OOD loss: -0.0482
2025-09-05 07:24:34,696 - INFO - Boosted OOD loss: -0.0678
2025-09-05 07:24:37,906 - INFO - Boosted OOD loss: -0.0691
2025-09-05 07:24:38,458 - INFO - Boosted OOD loss: -0.0731
2025-09-05 07:24:39,010 - INFO - Boosted OOD loss: -0.0381
2025-09-05 07:24:39,010 - INFO - Step 47800 Loss Debug:
2025-09-05 07:24:39,010 - INFO -  CE: 1.7613
2025-09-05 07:24:39,010 - INFO -  OOD: -0.0381
2025-09-05 07:24:39,010 - INFO -  β: 64.00
2025-09-05 07:24:39,010 - INFO -  ID: 6063, OOD(254): 907
2025-09-05 07:24:44,874 - INFO - Boosted OOD loss: -0.0250
2025-09-05 07:24:49,139 - INFO - Boosted OOD loss: -0.0423
2025-09-05 07:24:51,280 - INFO - Boosted OOD loss: -0.0416
2025-09-05 07:24:57,672 - INFO - Boosted OOD loss: -0.0289
2025-09-05 07:25:01,410 - INFO - Boosted OOD loss: -0.0296
2025-09-05 07:25:03,549 - INFO - Boosted OOD loss: -0.1169
2025-09-05 07:25:05,685 - INFO - Boosted OOD loss: -0.0339
2025-09-05 07:25:05,686 - INFO - Step 47850 Loss Debug:
2025-09-05 07:25:05,686 - INFO -  CE: 2.4274
2025-09-05 07:25:05,686 - INFO -  OOD: -0.0339
2025-09-05 07:25:05,686 - INFO -  β: 64.00
2025-09-05 07:25:05,686 - INFO -  ID: 6915, OOD(254): 346
2025-09-05 07:25:06,242 - INFO - Boosted OOD loss: -0.0620
2025-09-05 07:25:06,795 - INFO - Boosted OOD loss: -0.0288
2025-09-05 07:25:07,351 - INFO - Boosted OOD loss: -0.0590
2025-09-05 07:25:08,435 - INFO - Boosted OOD loss: -0.0364
2025-09-05 07:25:10,056 - INFO - Boosted OOD loss: -0.0276
2025-09-05 07:25:13,787 - INFO - Boosted OOD loss: -0.0412
2025-09-05 07:25:14,865 - INFO - Boosted OOD loss: -0.0764
2025-09-05 07:25:15,419 - INFO - Boosted OOD loss: -0.0225
2025-09-05 07:25:17,038 - INFO - Boosted OOD loss: -0.0198
2025-09-05 07:25:18,663 - INFO - Boosted OOD loss: -0.0458
2025-09-05 07:25:21,860 - INFO - Boosted OOD loss: -0.0495
2025-09-05 07:25:23,997 - INFO - Boosted OOD loss: -0.0683
2025-09-05 07:25:26,665 - INFO - Boosted OOD loss: -0.0539
2025-09-05 07:25:32,510 - WARNING - No anomaly pixels (254) found in batch
2025-09-05 07:25:36,764 - INFO - Boosted OOD loss: -0.0541
2025-09-05 07:25:38,907 - INFO - Boosted OOD loss: -0.0382
2025-09-05 07:25:41,053 - INFO - Boosted OOD loss: -0.0958
2025-09-05 07:25:42,136 - INFO - Boosted OOD loss: -0.0497
2025-09-05 07:25:43,218 - INFO - Boosted OOD loss: -0.0348
2025-09-05 07:25:46,423 - INFO - Boosted OOD loss: -0.1170
2025-09-05 07:25:50,684 - INFO - Boosted OOD loss: -0.0153
2025-09-05 07:25:51,233 - INFO - Boosted OOD loss: -0.0673
2025-09-05 07:25:52,846 - INFO - Boosted OOD loss: -0.1008
2025-09-05 07:25:53,398 - INFO - Boosted OOD loss: -0.0509
2025-09-05 07:25:57,659 - INFO - Boosted OOD loss: -0.0779
2025-09-05 07:25:58,740 - INFO - Boosted OOD loss: -0.0838
2025-09-05 07:26:00,891 - INFO - Boosted OOD loss: -0.0262
2025-09-05 07:26:05,690 - INFO - Boosted OOD loss: -0.0864
2025-09-05 07:26:06,245 - INFO - Boosted OOD loss: -0.0107
2025-09-05 07:26:07,860 - INFO - Boosted OOD loss: -0.0602
2025-09-05 07:26:08,413 - INFO - Boosted OOD loss: -0.0354
2025-09-05 07:26:15,856 - INFO - Boosted OOD loss: -0.0498
2025-09-05 07:26:17,991 - INFO - Boosted OOD loss: -0.0680
2025-09-05 07:26:18,542 - INFO - Boosted OOD loss: -0.0590
2025-09-05 07:26:19,623 - INFO - Boosted OOD loss: -0.0468
2025-09-05 07:26:22,297 - INFO - Boosted OOD loss: -0.0079
2025-09-05 07:26:22,851 - INFO - Boosted OOD loss: -0.0518
2025-09-05 07:26:23,928 - INFO - Boosted OOD loss: -0.1386
2025-09-05 07:26:25,541 - INFO - Boosted OOD loss: -0.0579
2025-09-05 07:26:26,080 - WARNING - No anomaly pixels (254) found in batch
2025-09-05 07:26:28,738 - INFO - Boosted OOD loss: -0.0910
2025-09-05 07:26:35,653 - INFO - Boosted OOD loss: -0.0490
2025-09-05 07:26:38,325 - INFO - Boosted OOD loss: -0.0848
2025-09-05 07:26:39,409 - INFO - Boosted OOD loss: -0.0352
2025-09-05 07:26:41,025 - INFO - Boosted OOD loss: -0.0161
2025-09-05 07:26:43,166 - INFO - Boosted OOD loss: -0.0630
2025-09-05 07:26:46,357 - INFO - Boosted OOD loss: -0.1072
2025-09-05 07:26:51,668 - INFO - Boosted OOD loss: -0.0654
2025-09-05 07:26:54,875 - INFO - Boosted OOD loss: -0.0518
2025-09-05 07:26:55,961 - INFO - Boosted OOD loss: -0.0244
2025-09-05 07:26:59,708 - INFO - Boosted OOD loss: -0.1367
2025-09-05 07:27:00,258 - INFO - Boosted OOD loss: -0.0464
2025-09-05 07:27:01,872 - INFO - Boosted OOD loss: -0.0216
2025-09-05 07:27:02,427 - INFO - Boosted OOD loss: -0.0601
2025-09-05 07:27:04,049 - INFO - Boosted OOD loss: -0.0956
2025-09-05 07:27:09,379 - INFO - Boosted OOD loss: -0.0908
2025-09-05 07:27:13,653 - INFO - Boosted OOD loss: -0.0666
2025-09-05 07:27:14,731 - INFO - Boosted OOD loss: -0.0750
2025-09-05 07:27:16,345 - INFO - Boosted OOD loss: -0.0209
2025-09-05 07:27:17,433 - INFO - Boosted OOD loss: -0.0557
2025-09-05 07:27:17,981 - INFO - Boosted OOD loss: -0.0779
2025-09-05 07:27:18,528 - INFO - Boosted OOD loss: -0.0239
2025-09-05 07:27:19,606 - WARNING - No anomaly pixels (254) found in batch
2025-09-05 07:27:22,264 - INFO - Boosted OOD loss: -0.0820
2025-09-05 07:27:24,407 - INFO - Boosted OOD loss: -0.0469
2025-09-05 07:27:25,488 - INFO - Boosted OOD loss: -0.0938
2025-09-05 07:27:26,621 - INFO - Updated beta to 11.89 (exp decay)
2025-09-05 07:27:28,022 - WARNING - Negative mean energy—verify E_b formula/signs
2025-09-05 07:27:28,022 - INFO - Weights updated successfully
2025-09-05 07:27:28,023 - INFO - Advanced epoch 27 - Updated beta: 11.89
2025-09-05 07:27:28,023 - INFO - Epoch 27 - Avg CE: 1.8349, Avg OOD: -0.0107, β: 64
2025-09-05 07:27:28,134 - INFO - 
Starting Epoch 28/100
2025-09-05 07:27:28,134 - INFO - ============================================================
2025-09-05 07:27:28,135 - INFO - 
Updating Hopfield boosting weights at epoch 28...
2025-09-05 07:27:29,535 - WARNING - Negative mean energy—verify E_b formula/signs
2025-09-05 07:27:29,536 - INFO - Weights updated successfully
2025-09-05 07:27:29,536 - INFO - Weight Update Debug at Epoch 28: No high-weight OOD pixels found
2025-09-05 07:27:30,458 - INFO - Boosted OOD loss: -0.0996
2025-09-05 07:27:36,249 - INFO - Boosted OOD loss: 0.0121
2025-09-05 07:27:37,860 - INFO - Boosted OOD loss: -0.1113
2025-09-05 07:27:41,056 - INFO - Boosted OOD loss: -0.0901
2025-09-05 07:27:43,729 - INFO - Boosted OOD loss: -0.0643
2025-09-05 07:27:44,280 - INFO - Boosted OOD loss: -0.0467
2025-09-05 07:27:46,422 - INFO - Boosted OOD loss: -0.0341
2025-09-05 07:27:47,508 - INFO - Boosted OOD loss: -0.0133
2025-09-05 07:27:48,597 - INFO - Boosted OOD loss: -0.1309
2025-09-05 07:27:52,860 - INFO - Boosted OOD loss: -0.0614
2025-09-05 07:27:53,939 - INFO - Boosted OOD loss: -0.0419
2025-09-05 07:28:00,333 - INFO - Boosted OOD loss: -0.1189
2025-09-05 07:28:00,878 - INFO - Boosted OOD loss: -0.0981
2025-09-05 07:28:03,558 - INFO - Boosted OOD loss: -0.0419
2025-09-05 07:28:05,170 - INFO - Boosted OOD loss: -0.0189
2025-09-05 07:28:07,859 - INFO - Boosted OOD loss: -0.0497
2025-09-05 07:28:10,011 - INFO - Boosted OOD loss: -0.0599
2025-09-05 07:28:13,748 - INFO - Boosted OOD loss: -0.0535
2025-09-05 07:28:15,894 - INFO - Boosted OOD loss: -0.0736
2025-09-05 07:28:16,445 - INFO - Boosted OOD loss: -0.1050
2025-09-05 07:28:16,445 - INFO - Step 48200 Loss Debug:
2025-09-05 07:28:16,445 - INFO -  CE: 2.0103
2025-09-05 07:28:16,445 - INFO -  OOD: -0.1050
2025-09-05 07:28:16,445 - INFO -  β: 64.00
2025-09-05 07:28:16,445 - INFO -  ID: 6027, OOD(254): 153
2025-09-05 07:28:17,529 - INFO - Boosted OOD loss: -0.0282
2025-09-05 07:28:18,083 - INFO - Boosted OOD loss: -0.0804
2025-09-05 07:28:19,696 - INFO - Boosted OOD loss: -0.0835
2025-09-05 07:28:20,247 - INFO - Boosted OOD loss: -0.0180
2025-09-05 07:28:21,865 - INFO - Boosted OOD loss: -0.0281
2025-09-05 07:28:32,516 - INFO - Boosted OOD loss: -0.0638
2025-09-05 07:28:36,787 - INFO - Boosted OOD loss: -0.0338
2025-09-05 07:28:38,939 - INFO - Boosted OOD loss: -0.0352
2025-09-05 07:28:41,621 - INFO - Boosted OOD loss: -0.0494
2025-09-05 07:28:44,307 - INFO - Boosted OOD loss: -0.0823
2025-09-05 07:28:46,455 - INFO - Boosted OOD loss: -0.0712
2025-09-05 07:28:47,542 - INFO - Boosted OOD loss: -0.0690
2025-09-05 07:28:53,415 - INFO - Boosted OOD loss: -0.0626
2025-09-05 07:28:55,029 - INFO - Boosted OOD loss: -0.0896
2025-09-05 07:28:56,647 - INFO - Boosted OOD loss: -0.0814
2025-09-05 07:28:57,730 - INFO - Boosted OOD loss: -0.0942
2025-09-05 07:28:58,284 - INFO - Boosted OOD loss: -0.0377
2025-09-05 07:28:58,835 - INFO - Boosted OOD loss: -0.0475
2025-09-05 07:29:00,988 - INFO - Boosted OOD loss: -0.0098
2025-09-05 07:29:02,075 - INFO - Boosted OOD loss: -0.0353
2025-09-05 07:29:02,633 - INFO - Boosted OOD loss: -0.0371
2025-09-05 07:29:03,719 - INFO - Boosted OOD loss: -0.0541
2025-09-05 07:29:04,274 - INFO - Boosted OOD loss: -0.0205
2025-09-05 07:29:05,897 - INFO - Boosted OOD loss: -0.0659
2025-09-05 07:29:10,145 - WARNING - No anomaly pixels (254) found in batch
2025-09-05 07:29:12,812 - INFO - Boosted OOD loss: -0.0376
2025-09-05 07:29:13,361 - INFO - Boosted OOD loss: -0.0510
2025-09-05 07:29:16,038 - INFO - Boosted OOD loss: -0.0557
2025-09-05 07:29:17,654 - INFO - Boosted OOD loss: -0.0476
2025-09-05 07:29:19,266 - INFO - Boosted OOD loss: -0.1074
2025-09-05 07:29:19,821 - INFO - Boosted OOD loss: -0.0536
2025-09-05 07:29:21,432 - INFO - Boosted OOD loss: -0.0950
2025-09-05 07:29:25,164 - INFO - Boosted OOD loss: -0.0850
2025-09-05 07:29:27,310 - INFO - Boosted OOD loss: -0.0823
2025-09-05 07:29:27,861 - INFO - Boosted OOD loss: -0.0741
2025-09-05 07:29:31,608 - INFO - Boosted OOD loss: -0.0400
2025-09-05 07:29:33,226 - INFO - Boosted OOD loss: -0.0161
2025-09-05 07:29:35,900 - INFO - Boosted OOD loss: -0.0133
2025-09-05 07:29:36,455 - INFO - Boosted OOD loss: -0.0360
2025-09-05 07:29:37,534 - INFO - Boosted OOD loss: -0.0521
2025-09-05 07:29:39,686 - INFO - Boosted OOD loss: -0.0677
2025-09-05 07:29:40,234 - INFO - Boosted OOD loss: -0.0642
2025-09-05 07:29:41,845 - INFO - Boosted OOD loss: -0.0448
2025-09-05 07:29:50,364 - INFO - Boosted OOD loss: -0.0590
2025-09-05 07:29:54,644 - INFO - Boosted OOD loss: -0.0352
2025-09-05 07:29:57,849 - INFO - Boosted OOD loss: -0.0132
2025-09-05 07:30:00,000 - INFO - Boosted OOD loss: -0.0657
2025-09-05 07:30:02,671 - INFO - Boosted OOD loss: -0.1269
2025-09-05 07:30:03,749 - INFO - Boosted OOD loss: -0.0420
2025-09-05 07:30:03,749 - INFO - Step 48400 Loss Debug:
2025-09-05 07:30:03,749 - INFO -  CE: 1.7582
2025-09-05 07:30:03,749 - INFO -  OOD: -0.0420
2025-09-05 07:30:03,749 - INFO -  β: 64.00
2025-09-05 07:30:03,750 - INFO -  ID: 7861, OOD(254): 316
2025-09-05 07:30:04,833 - INFO - Boosted OOD loss: -0.0843
2025-09-05 07:30:09,632 - INFO - Boosted OOD loss: -0.0725
2025-09-05 07:30:14,955 - INFO - Boosted OOD loss: -0.0508
2025-09-05 07:30:18,156 - INFO - Boosted OOD loss: -0.0999
2025-09-05 07:30:25,071 - INFO - Boosted OOD loss: -0.0656
2025-09-05 07:30:29,340 - INFO - Boosted OOD loss: -0.0214
2025-09-05 07:30:29,892 - INFO - Boosted OOD loss: -0.1150
2025-09-05 07:30:30,982 - INFO - Boosted OOD loss: -0.0330
2025-09-05 07:30:32,606 - INFO - Boosted OOD loss: -0.0529
2025-09-05 07:30:33,684 - INFO - Boosted OOD loss: -0.1046
2025-09-05 07:30:38,464 - INFO - Boosted OOD loss: -0.0441
2025-09-05 07:30:40,076 - INFO - Boosted OOD loss: -0.0451
2025-09-05 07:30:44,876 - INFO - Boosted OOD loss: -0.0607
2025-09-05 07:30:45,960 - INFO - Boosted OOD loss: -0.1108
2025-09-05 07:30:47,043 - INFO - Boosted OOD loss: -0.0328
2025-09-05 07:30:48,657 - INFO - Boosted OOD loss: -0.0619
2025-09-05 07:30:53,994 - INFO - Boosted OOD loss: -0.0372
2025-09-05 07:30:56,659 - INFO - Boosted OOD loss: -0.0406
2025-09-05 07:30:57,202 - WARNING - No anomaly pixels (254) found in batch
2025-09-05 07:30:58,801 - INFO - Boosted OOD loss: -0.0840
2025-09-05 07:30:59,880 - INFO - Boosted OOD loss: -0.1206
2025-09-05 07:31:02,551 - INFO - Boosted OOD loss: -0.0577
2025-09-05 07:31:06,284 - INFO - Boosted OOD loss: -0.0846
2025-09-05 07:31:07,360 - INFO - Boosted OOD loss: -0.0838
2025-09-05 07:31:08,979 - INFO - Boosted OOD loss: -0.0632
2025-09-05 07:31:10,060 - INFO - Boosted OOD loss: -0.0377
2025-09-05 07:31:14,325 - INFO - Boosted OOD loss: -0.0360
2025-09-05 07:31:14,880 - INFO - Boosted OOD loss: -0.0551
2025-09-05 07:31:26,050 - INFO - Boosted OOD loss: -0.0361
2025-09-05 07:31:30,322 - INFO - Boosted OOD loss: -0.0444
2025-09-05 07:31:32,469 - INFO - Boosted OOD loss: -0.0185
2025-09-05 07:31:33,027 - INFO - Boosted OOD loss: -0.0835
2025-09-05 07:31:33,583 - INFO - Boosted OOD loss: -0.0227
2025-09-05 07:31:34,137 - INFO - Boosted OOD loss: -0.0504
2025-09-05 07:31:36,278 - INFO - Boosted OOD loss: -0.0744
2025-09-05 07:31:38,426 - INFO - Boosted OOD loss: -0.0305
2025-09-05 07:31:39,506 - INFO - Boosted OOD loss: -0.0662
2025-09-05 07:31:45,360 - INFO - Boosted OOD loss: -0.1024
2025-09-05 07:31:50,678 - WARNING - No anomaly pixels (254) found in batch
2025-09-05 07:31:53,336 - INFO - Boosted OOD loss: -0.0184
2025-09-05 07:31:53,891 - INFO - Boosted OOD loss: -0.0891
2025-09-05 07:31:54,975 - INFO - Boosted OOD loss: -0.0606
2025-09-05 07:31:59,242 - INFO - Boosted OOD loss: -0.0988
2025-09-05 07:31:59,792 - INFO - Boosted OOD loss: -0.0461
2025-09-05 07:32:04,063 - INFO - Boosted OOD loss: -0.0822
2025-09-05 07:32:07,798 - INFO - Boosted OOD loss: -0.0646
2025-09-05 07:32:16,837 - INFO - Boosted OOD loss: -0.0541
2025-09-05 07:32:17,386 - INFO - Boosted OOD loss: -0.0633
2025-09-05 07:32:17,386 - INFO - Step 48650 Loss Debug:
2025-09-05 07:32:17,386 - INFO -  CE: 1.6695
2025-09-05 07:32:17,386 - INFO -  OOD: -0.0633
2025-09-05 07:32:17,386 - INFO -  β: 64.00
2025-09-05 07:32:17,387 - INFO -  ID: 5050, OOD(254): 3
2025-09-05 07:32:17,936 - INFO - Boosted OOD loss: -0.0153
2025-09-05 07:32:20,084 - INFO - Boosted OOD loss: -0.0483
2025-09-05 07:32:23,814 - INFO - Boosted OOD loss: -0.0714
2025-09-05 07:32:25,967 - INFO - Boosted OOD loss: -0.0287
2025-09-05 07:32:28,114 - INFO - Boosted OOD loss: -0.0125
2025-09-05 07:32:29,735 - INFO - Boosted OOD loss: -0.0330
2025-09-05 07:32:34,014 - INFO - Boosted OOD loss: -0.0323
2025-09-05 07:32:36,159 - INFO - Boosted OOD loss: -0.0292
2025-09-05 07:32:38,302 - INFO - Boosted OOD loss: -0.0654
2025-09-05 07:32:38,852 - INFO - Boosted OOD loss: -0.0705
2025-09-05 07:32:40,463 - INFO - Boosted OOD loss: -0.0606
2025-09-05 07:32:44,196 - WARNING - No anomaly pixels (254) found in batch
2025-09-05 07:32:45,269 - INFO - Boosted OOD loss: -0.0760
2025-09-05 07:32:51,131 - INFO - Boosted OOD loss: -0.0209
2025-09-05 07:32:51,677 - INFO - Boosted OOD loss: -0.0659
2025-09-05 07:32:56,992 - INFO - Boosted OOD loss: -0.0894
2025-09-05 07:33:02,840 - INFO - Boosted OOD loss: -0.0253
2025-09-05 07:33:04,981 - INFO - Boosted OOD loss: -0.1080
2025-09-05 07:33:05,532 - INFO - Boosted OOD loss: -0.0592
2025-09-05 07:33:09,270 - INFO - Boosted OOD loss: -0.0548
2025-09-05 07:33:09,820 - INFO - Boosted OOD loss: -0.0666
2025-09-05 07:33:13,556 - INFO - Boosted OOD loss: -0.0861
2025-09-05 07:33:17,821 - INFO - Boosted OOD loss: -0.0690
2025-09-05 07:33:28,464 - INFO - Boosted OOD loss: -0.1086
2025-09-05 07:33:32,185 - INFO - Boosted OOD loss: -0.0770
2025-09-05 07:33:33,270 - INFO - Boosted OOD loss: -0.0297
2025-09-05 07:33:34,352 - INFO - Boosted OOD loss: -0.1143
2025-09-05 07:33:37,548 - WARNING - No anomaly pixels (254) found in batch
2025-09-05 07:33:38,616 - INFO - Boosted OOD loss: -0.0615
2025-09-05 07:33:43,421 - INFO - Boosted OOD loss: -0.0195
2025-09-05 07:33:43,984 - INFO - Boosted OOD loss: -0.0767
2025-09-05 07:33:49,303 - INFO - Boosted OOD loss: -0.0518
2025-09-05 07:33:49,856 - INFO - Boosted OOD loss: -0.0128
2025-09-05 07:33:50,943 - INFO - Boosted OOD loss: -0.0494
2025-09-05 07:33:52,031 - INFO - Boosted OOD loss: -0.0213
2025-09-05 07:33:55,243 - INFO - Boosted OOD loss: -0.0626
2025-09-05 07:33:55,795 - INFO - Boosted OOD loss: -0.0040
2025-09-05 07:34:00,600 - INFO - Boosted OOD loss: -0.0774
2025-09-05 07:34:08,066 - INFO - Boosted OOD loss: -0.0783
2025-09-05 07:34:09,143 - INFO - Boosted OOD loss: -0.0529
2025-09-05 07:34:09,690 - INFO - Boosted OOD loss: -0.1018
2025-09-05 07:34:13,420 - INFO - Boosted OOD loss: -0.0531
2025-09-05 07:34:13,969 - INFO - Boosted OOD loss: -0.0479
2025-09-05 07:34:15,052 - INFO - Boosted OOD loss: -0.0824
2025-09-05 07:34:16,664 - INFO - Boosted OOD loss: -0.0922
2025-09-05 07:34:17,744 - INFO - Boosted OOD loss: -0.0948
2025-09-05 07:34:18,302 - INFO - Boosted OOD loss: -0.0578
2025-09-05 07:34:19,386 - INFO - Boosted OOD loss: -0.0156
2025-09-05 07:34:21,001 - INFO - Boosted OOD loss: -0.0897
2025-09-05 07:34:24,737 - INFO - Boosted OOD loss: -0.1078
2025-09-05 07:34:30,594 - INFO - Boosted OOD loss: -0.0107
2025-09-05 07:34:31,146 - WARNING - No anomaly pixels (254) found in batch
2025-09-05 07:34:35,412 - INFO - Boosted OOD loss: -0.0391
2025-09-05 07:34:36,496 - INFO - Boosted OOD loss: -0.0161
2025-09-05 07:34:42,886 - INFO - Boosted OOD loss: -0.1301
2025-09-05 07:34:46,095 - INFO - Boosted OOD loss: -0.0553
2025-09-05 07:34:56,219 - INFO - Boosted OOD loss: -0.0341
2025-09-05 07:35:04,202 - INFO - Boosted OOD loss: -0.0519
2025-09-05 07:35:05,287 - INFO - Boosted OOD loss: -0.0369
2025-09-05 07:35:05,832 - INFO - Boosted OOD loss: -0.0861
2025-09-05 07:35:08,514 - INFO - Boosted OOD loss: -0.0331
2025-09-05 07:35:10,659 - INFO - Boosted OOD loss: -0.0620
2025-09-05 07:35:14,940 - INFO - Boosted OOD loss: -0.0751
2025-09-05 07:35:21,867 - INFO - Boosted OOD loss: -0.0972
2025-09-05 07:35:24,538 - INFO - Boosted OOD loss: -0.0447
2025-09-05 07:35:24,539 - INFO - Step 49000 Loss Debug:
2025-09-05 07:35:24,539 - INFO -  CE: 2.6585
2025-09-05 07:35:24,539 - INFO -  OOD: -0.0447
2025-09-05 07:35:24,539 - INFO -  β: 64.00
2025-09-05 07:35:24,539 - INFO -  ID: 7311, OOD(254): 866
2025-09-05 07:35:27,739 - INFO - Boosted OOD loss: -0.0233
2025-09-05 07:35:28,831 - INFO - Boosted OOD loss: -0.0412
2025-09-05 07:35:29,382 - INFO - Boosted OOD loss: -0.0191
2025-09-05 07:35:31,001 - INFO - Boosted OOD loss: -0.0220
2025-09-05 07:35:32,087 - INFO - Boosted OOD loss: -0.0715
2025-09-05 07:35:32,641 - INFO - Boosted OOD loss: -0.0633
2025-09-05 07:35:35,313 - INFO - Boosted OOD loss: -0.0478
2025-09-05 07:35:35,867 - INFO - Boosted OOD loss: -0.0265
2025-09-05 07:35:36,950 - INFO - Boosted OOD loss: -0.1172
2025-09-05 07:35:38,565 - INFO - Boosted OOD loss: -0.0065
2025-09-05 07:35:39,120 - INFO - Boosted OOD loss: -0.0467
2025-09-05 07:35:41,262 - INFO - Boosted OOD loss: -0.0779
2025-09-05 07:35:43,407 - INFO - Boosted OOD loss: -0.0862
2025-09-05 07:35:43,961 - INFO - Boosted OOD loss: -0.0701
2025-09-05 07:35:47,171 - INFO - Boosted OOD loss: -0.0474
2025-09-05 07:35:49,847 - INFO - Boosted OOD loss: -0.0936
2025-09-05 07:35:50,400 - INFO - Boosted OOD loss: -0.0502
2025-09-05 07:35:54,678 - INFO - Boosted OOD loss: -0.0748
2025-09-05 07:35:56,294 - INFO - Boosted OOD loss: -0.0261
2025-09-05 07:35:56,845 - INFO - Boosted OOD loss: -0.0543
2025-09-05 07:35:57,400 - INFO - Boosted OOD loss: -0.0643
2025-09-05 07:36:00,609 - INFO - Boosted OOD loss: -0.0160
2025-09-05 07:36:01,693 - INFO - Boosted OOD loss: -0.0290
2025-09-05 07:36:03,307 - INFO - Boosted OOD loss: -0.0181
2025-09-05 07:36:05,460 - INFO - Boosted OOD loss: -0.1027
2025-09-05 07:36:13,473 - INFO - Boosted OOD loss: -0.0811
2025-09-05 07:36:18,259 - WARNING - No anomaly pixels (254) found in batch
2025-09-05 07:36:21,454 - INFO - Boosted OOD loss: -0.0715
2025-09-05 07:36:25,190 - INFO - Boosted OOD loss: -0.0539
2025-09-05 07:36:28,389 - INFO - Boosted OOD loss: -0.0331
2025-09-05 07:36:30,531 - INFO - Boosted OOD loss: -0.0989
2025-09-05 07:36:35,336 - INFO - Boosted OOD loss: -0.0614
2025-09-05 07:36:38,018 - INFO - Boosted OOD loss: -0.0687
2025-09-05 07:36:38,575 - INFO - Boosted OOD loss: -0.0811
2025-09-05 07:36:41,780 - INFO - Boosted OOD loss: -0.0923
2025-09-05 07:36:43,915 - INFO - Boosted OOD loss: -0.0867
2025-09-05 07:36:48,173 - INFO - Boosted OOD loss: -0.0369
2025-09-05 07:36:48,727 - INFO - Boosted OOD loss: -0.0290
2025-09-05 07:36:50,871 - INFO - Boosted OOD loss: -0.0865
2025-09-05 07:36:53,007 - INFO - Boosted OOD loss: -0.0687
2025-09-05 07:36:54,087 - INFO - Boosted OOD loss: -0.0620
2025-09-05 07:36:54,643 - INFO - Boosted OOD loss: -0.0760
2025-09-05 07:37:05,257 - INFO - Boosted OOD loss: -0.0418
2025-09-05 07:37:07,396 - INFO - Boosted OOD loss: -0.0591
2025-09-05 07:37:11,670 - WARNING - No anomaly pixels (254) found in batch
2025-09-05 07:37:17,509 - INFO - Boosted OOD loss: -0.0841
2025-09-05 07:37:19,662 - INFO - Boosted OOD loss: -0.0201
2025-09-05 07:37:23,937 - INFO - Boosted OOD loss: -0.0430
2025-09-05 07:37:27,137 - INFO - Boosted OOD loss: -0.0719
2025-09-05 07:37:31,405 - INFO - Boosted OOD loss: -0.0268
2025-09-05 07:37:33,557 - INFO - Boosted OOD loss: -0.0268
2025-09-05 07:37:35,707 - INFO - Boosted OOD loss: -0.0206
2025-09-05 07:37:37,857 - INFO - Boosted OOD loss: -0.0355
2025-09-05 07:37:41,593 - INFO - Boosted OOD loss: -0.0802
2025-09-05 07:37:51,703 - INFO - Boosted OOD loss: -0.0663
2025-09-05 07:37:55,424 - INFO - Boosted OOD loss: -0.0504
2025-09-05 07:37:59,157 - INFO - Boosted OOD loss: -0.0625
2025-09-05 07:38:00,238 - INFO - Boosted OOD loss: -0.0573
2025-09-05 07:38:05,038 - WARNING - No anomaly pixels (254) found in batch
2025-09-05 07:38:18,846 - INFO - Boosted OOD loss: -0.0550
2025-09-05 07:38:19,926 - INFO - Boosted OOD loss: -0.0387
2025-09-05 07:38:22,616 - INFO - Boosted OOD loss: -0.0249
2025-09-05 07:38:26,884 - INFO - Boosted OOD loss: -0.0480
2025-09-05 07:38:27,441 - INFO - Boosted OOD loss: -0.0932
2025-09-05 07:38:31,174 - INFO - Boosted OOD loss: -0.0717
2025-09-05 07:38:33,850 - INFO - Boosted OOD loss: -0.0418
2025-09-05 07:38:38,637 - INFO - Boosted OOD loss: -0.0190
2025-09-05 07:38:41,848 - INFO - Boosted OOD loss: -0.0640
2025-09-05 07:38:43,987 - INFO - Boosted OOD loss: -0.0650
2025-09-05 07:38:46,133 - INFO - Boosted OOD loss: -0.0557
2025-09-05 07:38:48,270 - INFO - Boosted OOD loss: -0.0688
2025-09-05 07:38:49,351 - INFO - Boosted OOD loss: -0.0331
2025-09-05 07:38:53,613 - INFO - Boosted OOD loss: -0.0970
2025-09-05 07:38:58,404 - WARNING - No anomaly pixels (254) found in batch
2025-09-05 07:38:59,995 - INFO - Boosted OOD loss: -0.0709
2025-09-05 07:39:01,080 - INFO - Boosted OOD loss: -0.0264
2025-09-05 07:39:02,159 - INFO - Boosted OOD loss: -0.0621
2025-09-05 07:39:10,672 - INFO - Boosted OOD loss: -0.0365
2025-09-05 07:39:11,757 - INFO - Boosted OOD loss: -0.0113
2025-09-05 07:39:14,433 - INFO - Boosted OOD loss: -0.0899
2025-09-05 07:39:16,039 - INFO - Boosted OOD loss: -0.0517
2025-09-05 07:39:18,178 - INFO - Boosted OOD loss: -0.0447
2025-09-05 07:39:19,799 - INFO - Boosted OOD loss: -0.0078
2025-09-05 07:39:20,357 - INFO - Boosted OOD loss: -0.0502
2025-09-05 07:39:22,506 - INFO - Boosted OOD loss: -0.0682
2025-09-05 07:39:23,056 - INFO - Boosted OOD loss: -0.1171
2025-09-05 07:39:26,796 - INFO - Boosted OOD loss: -0.0181
2025-09-05 07:39:30,001 - INFO - Boosted OOD loss: -0.0861
2025-09-05 07:39:31,082 - INFO - Boosted OOD loss: -0.0347
2025-09-05 07:39:34,293 - INFO - Boosted OOD loss: -0.0713
2025-09-05 07:39:35,373 - INFO - Boosted OOD loss: -0.0026
2025-09-05 07:39:35,930 - INFO - Boosted OOD loss: -0.0652
2025-09-05 07:39:40,199 - INFO - Boosted OOD loss: -0.0430
2025-09-05 07:39:41,276 - INFO - Boosted OOD loss: -0.0813
2025-09-05 07:39:42,896 - INFO - Boosted OOD loss: -0.0454
2025-09-05 07:39:43,448 - INFO - Boosted OOD loss: -0.0640
2025-09-05 07:39:44,002 - INFO - Boosted OOD loss: -0.0591
2025-09-05 07:39:46,671 - INFO - Boosted OOD loss: -0.1230
2025-09-05 07:39:47,748 - INFO - Boosted OOD loss: -0.0082
2025-09-05 07:39:48,839 - INFO - Boosted OOD loss: -0.0561
2025-09-05 07:39:49,922 - INFO - Boosted OOD loss: -0.0827
2025-09-05 07:39:51,003 - INFO - Boosted OOD loss: -0.0599
2025-09-05 07:39:52,084 - INFO - Boosted OOD loss: -0.0558
2025-09-05 07:39:52,084 - INFO - Step 49500 Loss Debug:
2025-09-05 07:39:52,085 - INFO -  CE: 2.0969
2025-09-05 07:39:52,085 - INFO -  OOD: -0.0558
2025-09-05 07:39:52,085 - INFO -  β: 64.00
2025-09-05 07:39:52,085 - INFO -  ID: 6109, OOD(254): 693
2025-09-05 07:39:53,698 - INFO - Boosted OOD loss: -0.0563
2025-09-05 07:39:55,316 - INFO - Boosted OOD loss: -0.0678
2025-09-05 07:39:55,869 - INFO - Boosted OOD loss: -0.0238
2025-09-05 07:39:58,546 - INFO - Boosted OOD loss: -0.0683
2025-09-05 07:40:02,280 - INFO - Boosted OOD loss: -0.0482
2025-09-05 07:40:02,828 - INFO - Boosted OOD loss: -0.0464
2025-09-05 07:40:04,975 - INFO - Boosted OOD loss: -0.0683
2025-09-05 07:40:06,586 - INFO - Boosted OOD loss: -0.0757
2025-09-05 07:40:21,473 - INFO - Boosted OOD loss: -0.1039
2025-09-05 07:40:22,027 - INFO - Boosted OOD loss: -0.0637
2025-09-05 07:40:30,000 - INFO - Boosted OOD loss: -0.0571
2025-09-05 07:40:31,610 - INFO - Boosted OOD loss: -0.1341
2025-09-05 07:40:34,270 - INFO - Boosted OOD loss: -0.0525
2025-09-05 07:40:35,346 - INFO - Boosted OOD loss: -0.1022
2025-09-05 07:40:39,097 - INFO - Boosted OOD loss: -0.0895
2025-09-05 07:40:42,834 - INFO - Boosted OOD loss: -0.0373
2025-09-05 07:40:44,975 - INFO - Boosted OOD loss: -0.1004
2025-09-05 07:40:45,523 - WARNING - No anomaly pixels (254) found in batch
2025-09-05 07:40:47,129 - INFO - Boosted OOD loss: -0.0436
2025-09-05 07:40:48,742 - INFO - Boosted OOD loss: -0.0728
2025-09-05 07:40:50,359 - INFO - Boosted OOD loss: -0.0466
2025-09-05 07:40:50,909 - INFO - Boosted OOD loss: -0.0821
2025-09-05 07:40:58,891 - INFO - Boosted OOD loss: -0.0258
2025-09-05 07:41:01,559 - INFO - Boosted OOD loss: -0.0370
2025-09-05 07:41:03,705 - INFO - Boosted OOD loss: -0.1018
2025-09-05 07:41:09,035 - INFO - Boosted OOD loss: -0.0556
2025-09-05 07:41:19,682 - INFO - Boosted OOD loss: -0.0178
2025-09-05 07:41:21,826 - INFO - Boosted OOD loss: -0.0597
2025-09-05 07:41:25,023 - INFO - Boosted OOD loss: -0.0938
2025-09-05 07:41:36,169 - INFO - Boosted OOD loss: -0.0568
2025-09-05 07:41:37,246 - INFO - Boosted OOD loss: -0.0692
2025-09-05 07:41:38,846 - WARNING - No anomaly pixels (254) found in batch
2025-09-05 07:41:43,618 - INFO - Boosted OOD loss: -0.1010
2025-09-05 07:41:46,818 - INFO - Boosted OOD loss: -0.0214
2025-09-05 07:41:48,973 - INFO - Boosted OOD loss: -0.1117
2025-09-05 07:41:49,520 - INFO - Boosted OOD loss: -0.0490
2025-09-05 07:41:51,670 - INFO - Boosted OOD loss: -0.0691
2025-09-05 07:41:52,226 - INFO - Boosted OOD loss: -0.0511
2025-09-05 07:41:55,958 - INFO - Boosted OOD loss: -0.0494
2025-09-05 07:41:58,100 - INFO - Boosted OOD loss: -0.0817
2025-09-05 07:42:02,898 - INFO - Boosted OOD loss: -0.1109
2025-09-05 07:42:07,690 - INFO - Boosted OOD loss: -0.1004
2025-09-05 07:42:08,242 - INFO - Boosted OOD loss: 0.0227
2025-09-05 07:42:12,515 - INFO - Boosted OOD loss: -0.0940
2025-09-05 07:42:13,061 - INFO - Boosted OOD loss: -0.0313
2025-09-05 07:42:14,146 - INFO - Boosted OOD loss: -0.1201
2025-09-05 07:42:15,226 - INFO - Boosted OOD loss: -0.1186
2025-09-05 07:42:17,373 - INFO - Boosted OOD loss: -0.0192
2025-09-05 07:42:22,183 - INFO - Boosted OOD loss: -0.1060
2025-09-05 07:42:23,798 - INFO - Boosted OOD loss: -0.0152
2025-09-05 07:42:25,409 - INFO - Boosted OOD loss: -0.0609
2025-09-05 07:42:28,595 - INFO - Boosted OOD loss: -0.0777
2025-09-05 07:42:31,260 - INFO - Boosted OOD loss: -0.0766
2025-09-05 07:42:32,334 - WARNING - No anomaly pixels (254) found in batch
2025-09-05 07:42:34,993 - INFO - Boosted OOD loss: -0.0731
2025-09-05 07:42:43,510 - INFO - Boosted OOD loss: -0.0398
2025-09-05 07:42:46,183 - INFO - Boosted OOD loss: -0.0210
2025-09-05 07:42:48,332 - INFO - Boosted OOD loss: -0.0538
2025-09-05 07:42:50,474 - INFO - Boosted OOD loss: -0.0536
2025-09-05 07:42:52,089 - INFO - Boosted OOD loss: -0.0292
2025-09-05 07:42:52,651 - INFO - Boosted OOD loss: -0.0383
2025-09-05 07:42:54,785 - INFO - Boosted OOD loss: -0.0539
2025-09-05 07:42:56,399 - INFO - Boosted OOD loss: -0.0738
2025-09-05 07:42:58,007 - INFO - Boosted OOD loss: -0.0934
2025-09-05 07:43:00,690 - INFO - Boosted OOD loss: -0.0629
2025-09-05 07:43:02,305 - INFO - Boosted OOD loss: -0.0153
2025-09-05 07:43:02,858 - INFO - Boosted OOD loss: -0.0926
2025-09-05 07:43:03,403 - INFO - Boosted OOD loss: -0.0894
2025-09-05 07:43:07,664 - INFO - Boosted OOD loss: -0.0858
2025-09-05 07:43:08,216 - INFO - Boosted OOD loss: -0.0858
2025-09-05 07:43:10,360 - INFO - Boosted OOD loss: -0.0395
2025-09-05 07:43:13,554 - INFO - Boosted OOD loss: -0.0574
2025-09-05 07:43:18,885 - INFO - Boosted OOD loss: -0.0295
2025-09-05 07:43:22,621 - INFO - Boosted OOD loss: -0.1112
2025-09-05 07:43:23,221 - INFO - Updated beta to 11.76 (exp decay)
2025-09-05 07:43:24,625 - WARNING - Negative mean energy—verify E_b formula/signs
2025-09-05 07:43:24,626 - INFO - Weights updated successfully
2025-09-05 07:43:24,626 - INFO - Advanced epoch 28 - Updated beta: 11.76
2025-09-05 07:43:24,626 - INFO - Epoch 28 - Avg CE: 1.8237, Avg OOD: -0.0115, β: 64
2025-09-05 07:43:24,737 - INFO - 
Starting Epoch 29/100
2025-09-05 07:43:24,737 - INFO - ============================================================
2025-09-05 07:43:24,738 - INFO - 
Updating Hopfield boosting weights at epoch 29...
2025-09-05 07:43:26,138 - WARNING - Negative mean energy—verify E_b formula/signs
2025-09-05 07:43:26,139 - INFO - Weights updated successfully
2025-09-05 07:43:26,139 - INFO - Weight Update Debug at Epoch 29: No high-weight OOD pixels found
2025-09-05 07:43:29,484 - WARNING - No anomaly pixels (254) found in batch
2025-09-05 07:43:32,106 - INFO - Boosted OOD loss: -0.0342
2025-09-05 07:43:34,231 - INFO - Boosted OOD loss: -0.0968
2025-09-05 07:43:36,886 - INFO - Boosted OOD loss: -0.1161
2025-09-05 07:43:48,051 - INFO - Boosted OOD loss: -0.0752
2025-09-05 07:43:51,257 - INFO - Boosted OOD loss: -0.0672
2025-09-05 07:43:57,144 - INFO - Boosted OOD loss: -0.1147
2025-09-05 07:43:59,293 - INFO - Boosted OOD loss: -0.0646
2025-09-05 07:44:00,905 - INFO - Boosted OOD loss: -0.0538
2025-09-05 07:44:01,459 - INFO - Boosted OOD loss: -0.0654
2025-09-05 07:44:02,013 - INFO - Boosted OOD loss: -0.0630
2025-09-05 07:44:05,225 - INFO - Boosted OOD loss: -0.0597
2025-09-05 07:44:06,839 - INFO - Boosted OOD loss: -0.0975
2025-09-05 07:44:08,460 - INFO - Boosted OOD loss: -0.0322
2025-09-05 07:44:09,016 - INFO - Boosted OOD loss: -0.0092
2025-09-05 07:44:13,308 - INFO - Boosted OOD loss: -0.0672
2025-09-05 07:44:13,860 - INFO - Boosted OOD loss: -0.0656
2025-09-05 07:44:19,192 - INFO - Boosted OOD loss: -0.0867
2025-09-05 07:44:20,284 - INFO - Boosted OOD loss: -0.0131
2025-09-05 07:44:22,956 - WARNING - No anomaly pixels (254) found in batch
2025-09-05 07:44:24,026 - INFO - Boosted OOD loss: -0.0347
2025-09-05 07:44:24,585 - INFO - Boosted OOD loss: -0.0292
2025-09-05 07:44:34,180 - INFO - Boosted OOD loss: -0.0091
2025-09-05 07:44:35,270 - INFO - Boosted OOD loss: -0.0361
2025-09-05 07:44:36,893 - INFO - Boosted OOD loss: -0.0145
2025-09-05 07:44:42,235 - INFO - Boosted OOD loss: -0.0342
2025-09-05 07:44:45,983 - INFO - Boosted OOD loss: -0.0502
2025-09-05 07:44:49,190 - INFO - Boosted OOD loss: -0.0554
2025-09-05 07:44:50,809 - INFO - Boosted OOD loss: -0.1117
2025-09-05 07:44:52,956 - INFO - Boosted OOD loss: -0.0858
2025-09-05 07:44:54,573 - INFO - Boosted OOD loss: -0.0209
2025-09-05 07:44:55,656 - INFO - Boosted OOD loss: -0.0479
2025-09-05 07:44:57,273 - INFO - Boosted OOD loss: -0.0417
2025-09-05 07:45:01,009 - INFO - Boosted OOD loss: -0.0381
2025-09-05 07:45:05,820 - INFO - Boosted OOD loss: -0.0940
2025-09-05 07:45:14,346 - INFO - Boosted OOD loss: -0.0631
2025-09-05 07:45:16,486 - WARNING - No anomaly pixels (254) found in batch
2025-09-05 07:45:17,556 - INFO - Boosted OOD loss: -0.0493
2025-09-05 07:45:20,770 - INFO - Boosted OOD loss: -0.0521
2025-09-05 07:45:29,278 - INFO - Boosted OOD loss: -0.0448
2025-09-05 07:45:29,831 - INFO - Boosted OOD loss: -0.0805
2025-09-05 07:45:31,436 - INFO - Boosted OOD loss: -0.0664
2025-09-05 07:45:32,521 - INFO - Boosted OOD loss: -0.0286
2025-09-05 07:45:36,245 - INFO - Boosted OOD loss: -0.0817
2025-09-05 07:45:39,984 - INFO - Boosted OOD loss: -0.0349
2025-09-05 07:45:44,782 - INFO - Boosted OOD loss: -0.0504
2025-09-05 07:45:45,862 - INFO - Boosted OOD loss: -0.0378
2025-09-05 07:45:48,013 - INFO - Boosted OOD loss: -0.0558
2025-09-05 07:45:48,569 - INFO - Boosted OOD loss: -0.1022
2025-09-05 07:45:50,184 - INFO - Boosted OOD loss: -0.0348
2025-09-05 07:45:51,264 - INFO - Boosted OOD loss: -0.0649
2025-09-05 07:45:51,819 - INFO - Boosted OOD loss: -0.0355
2025-09-05 07:45:55,029 - INFO - Boosted OOD loss: -0.0278
2025-09-05 07:45:55,581 - INFO - Boosted OOD loss: -0.0821
2025-09-05 07:45:58,787 - INFO - Boosted OOD loss: -0.0783
2025-09-05 07:45:59,336 - INFO - Boosted OOD loss: -0.0750
2025-09-05 07:46:03,067 - INFO - Boosted OOD loss: -0.0960
2025-09-05 07:46:04,679 - INFO - Boosted OOD loss: -0.0713
2025-09-05 07:46:09,463 - INFO - Boosted OOD loss: -0.1124
2025-09-05 07:46:10,005 - WARNING - No anomaly pixels (254) found in batch
2025-09-05 07:46:11,074 - INFO - Boosted OOD loss: -0.0064
2025-09-05 07:46:13,747 - INFO - Boosted OOD loss: -0.0782
2025-09-05 07:46:14,830 - INFO - Boosted OOD loss: -0.0191
2025-09-05 07:46:15,392 - INFO - Boosted OOD loss: -0.0568
2025-09-05 07:46:18,061 - INFO - Boosted OOD loss: -0.0094
2025-09-05 07:46:23,913 - INFO - Boosted OOD loss: -0.0077
2025-09-05 07:46:26,591 - INFO - Boosted OOD loss: -0.0333
2025-09-05 07:46:33,505 - INFO - Boosted OOD loss: -0.0529
2025-09-05 07:46:38,294 - INFO - Boosted OOD loss: -0.0589
2025-09-05 07:46:39,907 - INFO - Boosted OOD loss: -0.0628
2025-09-05 07:46:42,046 - INFO - Boosted OOD loss: -0.0315
2025-09-05 07:46:42,597 - INFO - Boosted OOD loss: -0.0124
2025-09-05 07:46:43,682 - INFO - Boosted OOD loss: -0.0513
2025-09-05 07:46:44,758 - INFO - Boosted OOD loss: -0.0692
2025-09-05 07:46:51,667 - INFO - Boosted OOD loss: -0.0623
2025-09-05 07:46:53,804 - INFO - Boosted OOD loss: -0.0516
2025-09-05 07:46:54,358 - INFO - Boosted OOD loss: -0.0594
2025-09-05 07:46:57,034 - INFO - Boosted OOD loss: -0.1129
2025-09-05 07:46:58,111 - INFO - Boosted OOD loss: -0.0474
2025-09-05 07:47:03,421 - INFO - Boosted OOD loss: -0.0683
2025-09-05 07:47:03,421 - INFO - Step 50300 Loss Debug:
2025-09-05 07:47:03,422 - INFO -  CE: 1.2106
2025-09-05 07:47:03,422 - INFO -  OOD: -0.0683
2025-09-05 07:47:03,422 - INFO -  β: 64.00
2025-09-05 07:47:03,422 - INFO -  ID: 7621, OOD(254): 159
2025-09-05 07:47:04,500 - INFO - Boosted OOD loss: -0.1229
2025-09-05 07:47:05,581 - INFO - Boosted OOD loss: -0.1129
2025-09-05 07:47:08,250 - INFO - Boosted OOD loss: -0.0456
2025-09-05 07:47:08,802 - INFO - Boosted OOD loss: -0.0276
2025-09-05 07:47:12,008 - INFO - Boosted OOD loss: -0.1028
2025-09-05 07:47:13,617 - INFO - Boosted OOD loss: -0.0630
2025-09-05 07:47:14,699 - INFO - Boosted OOD loss: -0.0714
2025-09-05 07:47:20,023 - INFO - Boosted OOD loss: -0.0571
2025-09-05 07:47:21,106 - INFO - Boosted OOD loss: -0.0234
2025-09-05 07:47:21,658 - INFO - Boosted OOD loss: -0.0275
2025-09-05 07:47:26,466 - INFO - Boosted OOD loss: -0.1086
2025-09-05 07:47:28,615 - INFO - Boosted OOD loss: -0.0082
2025-09-05 07:47:29,698 - INFO - Boosted OOD loss: -0.0790
2025-09-05 07:47:32,374 - INFO - Boosted OOD loss: -0.0554
2025-09-05 07:47:44,579 - INFO - Boosted OOD loss: -0.0541
2025-09-05 07:47:49,376 - INFO - Boosted OOD loss: -0.0478
2025-09-05 07:47:49,928 - INFO - Boosted OOD loss: -0.0412
2025-09-05 07:47:51,015 - INFO - Boosted OOD loss: -0.0223
2025-09-05 07:47:54,214 - INFO - Boosted OOD loss: -0.0230
2025-09-05 07:47:54,767 - INFO - Boosted OOD loss: -0.0670
2025-09-05 07:47:55,323 - INFO - Boosted OOD loss: -0.0738
2025-09-05 07:47:56,927 - WARNING - No anomaly pixels (254) found in batch
2025-09-05 07:48:03,293 - INFO - Boosted OOD loss: -0.0396
2025-09-05 07:48:04,378 - INFO - Boosted OOD loss: -0.0551
2025-09-05 07:48:04,927 - INFO - Boosted OOD loss: -0.0639
2025-09-05 07:48:06,008 - INFO - Boosted OOD loss: -0.0527
2025-09-05 07:48:08,144 - INFO - Boosted OOD loss: -0.0616
2025-09-05 07:48:20,381 - INFO - Boosted OOD loss: -0.0537
2025-09-05 07:48:21,467 - INFO - Boosted OOD loss: -0.0564
2025-09-05 07:48:24,149 - INFO - Boosted OOD loss: -0.0698
2025-09-05 07:48:29,486 - INFO - Boosted OOD loss: -0.0629
2025-09-05 07:48:31,105 - INFO - Boosted OOD loss: -0.0532
2025-09-05 07:48:36,437 - INFO - Boosted OOD loss: -0.0482
2025-09-05 07:48:40,697 - INFO - Boosted OOD loss: -0.0226
2025-09-05 07:48:41,248 - INFO - Boosted OOD loss: -0.0392
2025-09-05 07:48:42,858 - INFO - Boosted OOD loss: -0.0526
2025-09-05 07:48:43,935 - INFO - Boosted OOD loss: -0.0676
2025-09-05 07:48:44,488 - INFO - Boosted OOD loss: -0.0601
2025-09-05 07:48:45,568 - INFO - Boosted OOD loss: -0.1053
2025-09-05 07:48:50,358 - INFO - Boosted OOD loss: -0.0697
2025-09-05 07:48:50,359 - INFO - Step 50500 Loss Debug:
2025-09-05 07:48:50,359 - INFO -  CE: 1.9742
2025-09-05 07:48:50,359 - INFO -  OOD: -0.0697
2025-09-05 07:48:50,359 - INFO -  β: 64.00
2025-09-05 07:48:50,359 - INFO -  ID: 5218, OOD(254): 15
2025-09-05 07:48:54,094 - INFO - Boosted OOD loss: -0.0162
2025-09-05 07:48:55,702 - INFO - Boosted OOD loss: -0.0666
2025-09-05 07:49:05,802 - INFO - Boosted OOD loss: -0.0848
2025-09-05 07:49:07,948 - INFO - Boosted OOD loss: -0.0134
2025-09-05 07:49:10,099 - INFO - Boosted OOD loss: -0.0789
2025-09-05 07:49:10,644 - INFO - Boosted OOD loss: -0.0881
2025-09-05 07:49:11,197 - INFO - Boosted OOD loss: -0.0318
2025-09-05 07:49:12,278 - INFO - Boosted OOD loss: -0.0291
2025-09-05 07:49:20,770 - INFO - Boosted OOD loss: -0.0095
2025-09-05 07:49:24,496 - INFO - Boosted OOD loss: -0.0394
2025-09-05 07:49:25,051 - INFO - Boosted OOD loss: -0.0579
2025-09-05 07:49:29,314 - INFO - Boosted OOD loss: -0.0185
2025-09-05 07:49:35,704 - INFO - Boosted OOD loss: -0.0392
2025-09-05 07:49:43,145 - INFO - Boosted OOD loss: -0.0868
2025-09-05 07:49:43,692 - WARNING - No anomaly pixels (254) found in batch
2025-09-05 07:49:44,229 - INFO - Boosted OOD loss: -0.0787
2025-09-05 07:49:45,837 - INFO - Boosted OOD loss: -0.0543
2025-09-05 07:49:46,392 - INFO - Boosted OOD loss: -0.0132
2025-09-05 07:49:49,066 - INFO - Boosted OOD loss: -0.0752
2025-09-05 07:49:53,331 - INFO - Boosted OOD loss: -0.1192
2025-09-05 07:49:57,589 - INFO - Boosted OOD loss: -0.0432
2025-09-05 07:49:58,141 - INFO - Boosted OOD loss: -0.0418
2025-09-05 07:50:02,939 - INFO - Boosted OOD loss: -0.0700
2025-09-05 07:50:05,618 - INFO - Boosted OOD loss: -0.0259
2025-09-05 07:50:08,290 - INFO - Boosted OOD loss: -0.1191
2025-09-05 07:50:10,432 - INFO - Boosted OOD loss: -0.0363
2025-09-05 07:50:10,432 - INFO - Step 50650 Loss Debug:
2025-09-05 07:50:10,432 - INFO -  CE: 1.8049
2025-09-05 07:50:10,433 - INFO -  OOD: -0.0363
2025-09-05 07:50:10,433 - INFO -  β: 64.00
2025-09-05 07:50:10,433 - INFO -  ID: 7183, OOD(254): 400
2025-09-05 07:50:11,518 - INFO - Boosted OOD loss: -0.0339
2025-09-05 07:50:13,128 - INFO - Boosted OOD loss: -0.0510
2025-09-05 07:50:18,995 - INFO - Boosted OOD loss: -0.0514
2025-09-05 07:50:22,199 - INFO - Boosted OOD loss: -0.0725
2025-09-05 07:50:22,747 - INFO - Boosted OOD loss: -0.0185
2025-09-05 07:50:25,956 - INFO - Boosted OOD loss: -0.0572
2025-09-05 07:50:27,569 - INFO - Boosted OOD loss: -0.0644
2025-09-05 07:50:33,959 - INFO - Boosted OOD loss: -0.0699
2025-09-05 07:50:34,516 - INFO - Boosted OOD loss: -0.0164
2025-09-05 07:50:35,075 - INFO - Boosted OOD loss: -0.0359
2025-09-05 07:50:37,204 - WARNING - No anomaly pixels (254) found in batch
2025-09-05 07:50:38,795 - INFO - Boosted OOD loss: -0.1031
2025-09-05 07:50:40,409 - INFO - Boosted OOD loss: -0.0829
2025-09-05 07:50:42,019 - INFO - Boosted OOD loss: -0.0242
2025-09-05 07:50:43,098 - INFO - Boosted OOD loss: -0.0758
2025-09-05 07:50:48,410 - INFO - Boosted OOD loss: -0.1315
2025-09-05 07:50:48,955 - INFO - Boosted OOD loss: -0.0273
2025-09-05 07:50:51,089 - INFO - Boosted OOD loss: -0.0354
2025-09-05 07:50:51,637 - INFO - Boosted OOD loss: -0.0262
2025-09-05 07:50:52,194 - INFO - Boosted OOD loss: -0.0619
2025-09-05 07:50:53,277 - INFO - Boosted OOD loss: -0.0440
2025-09-05 07:50:55,421 - INFO - Boosted OOD loss: -0.0416
2025-09-05 07:50:58,619 - INFO - Boosted OOD loss: -0.0400
2025-09-05 07:50:59,171 - INFO - Boosted OOD loss: -0.0081
2025-09-05 07:50:59,730 - INFO - Boosted OOD loss: -0.0623
2025-09-05 07:51:02,945 - INFO - Boosted OOD loss: -0.0391
2025-09-05 07:51:09,323 - INFO - Boosted OOD loss: -0.0662
2025-09-05 07:51:10,945 - INFO - Boosted OOD loss: -0.0217
2025-09-05 07:51:12,560 - INFO - Boosted OOD loss: -0.0991
2025-09-05 07:51:13,106 - INFO - Boosted OOD loss: -0.1052
2025-09-05 07:51:14,723 - INFO - Boosted OOD loss: -0.0518
2025-09-05 07:51:15,810 - INFO - Boosted OOD loss: -0.0688
2025-09-05 07:51:16,359 - INFO - Boosted OOD loss: -0.0442
2025-09-05 07:51:17,434 - INFO - Boosted OOD loss: -0.1302
2025-09-05 07:51:24,370 - INFO - Boosted OOD loss: -0.0473
2025-09-05 07:51:26,517 - INFO - Boosted OOD loss: -0.0802
2025-09-05 07:51:27,597 - INFO - Boosted OOD loss: -0.1308
2025-09-05 07:51:28,677 - INFO - Boosted OOD loss: -0.0783
2025-09-05 07:51:29,760 - INFO - Boosted OOD loss: -0.1097
2025-09-05 07:51:30,839 - WARNING - No anomaly pixels (254) found in batch
2025-09-05 07:51:31,381 - INFO - Boosted OOD loss: -0.0168
2025-09-05 07:51:32,996 - INFO - Boosted OOD loss: -0.0628
2025-09-05 07:51:34,602 - INFO - Boosted OOD loss: -0.0430
2025-09-05 07:51:35,154 - INFO - Boosted OOD loss: -0.0763
2025-09-05 07:51:37,290 - INFO - Boosted OOD loss: -0.0270
2025-09-05 07:51:39,437 - INFO - Boosted OOD loss: -0.0450
2025-09-05 07:51:39,994 - INFO - Boosted OOD loss: -0.1079
2025-09-05 07:51:43,196 - INFO - Boosted OOD loss: -0.0151
2025-09-05 07:51:45,347 - INFO - Boosted OOD loss: -0.0275
2025-09-05 07:51:46,424 - INFO - Boosted OOD loss: -0.0902
2025-09-05 07:51:48,558 - INFO - Boosted OOD loss: -0.0441
2025-09-05 07:51:50,176 - INFO - Boosted OOD loss: -0.0707
2025-09-05 07:51:50,724 - INFO - Boosted OOD loss: -0.0431
2025-09-05 07:51:52,855 - INFO - Boosted OOD loss: -0.0414
2025-09-05 07:51:59,241 - INFO - Boosted OOD loss: -0.0884
2025-09-05 07:52:00,851 - INFO - Boosted OOD loss: -0.0339
2025-09-05 07:52:05,110 - INFO - Boosted OOD loss: -0.0840
2025-09-05 07:52:09,384 - INFO - Boosted OOD loss: -0.0722
2025-09-05 07:52:13,119 - INFO - Boosted OOD loss: -0.0920
2025-09-05 07:52:16,326 - INFO - Boosted OOD loss: -0.0235
2025-09-05 07:52:16,882 - INFO - Boosted OOD loss: -0.0376
2025-09-05 07:52:17,431 - INFO - Boosted OOD loss: -0.1046
2025-09-05 07:52:17,985 - INFO - Boosted OOD loss: -0.0557
2025-09-05 07:52:19,068 - INFO - Boosted OOD loss: -0.0186
2025-09-05 07:52:20,682 - INFO - Boosted OOD loss: -0.0804
2025-09-05 07:52:24,426 - WARNING - No anomaly pixels (254) found in batch
2025-09-05 07:52:26,552 - INFO - Boosted OOD loss: -0.0986
2025-09-05 07:52:30,287 - INFO - Boosted OOD loss: -0.0686
2025-09-05 07:52:31,905 - INFO - Boosted OOD loss: -0.0853
2025-09-05 07:52:32,985 - INFO - Boosted OOD loss: -0.0751
2025-09-05 07:52:46,288 - INFO - Boosted OOD loss: -0.1056
2025-09-05 07:52:47,903 - INFO - Boosted OOD loss: -0.1293
2025-09-05 07:52:52,160 - INFO - Boosted OOD loss: -0.0711
2025-09-05 07:52:59,088 - INFO - Boosted OOD loss: -0.0437
2025-09-05 07:53:00,704 - INFO - Boosted OOD loss: -0.0568
2025-09-05 07:53:02,317 - INFO - Boosted OOD loss: -0.0704
2025-09-05 07:53:03,924 - INFO - Boosted OOD loss: -0.0668
2025-09-05 07:53:04,479 - INFO - Boosted OOD loss: -0.0606
2025-09-05 07:53:07,680 - INFO - Boosted OOD loss: -0.0306
2025-09-05 07:53:11,939 - INFO - Boosted OOD loss: -0.0562
2025-09-05 07:53:13,547 - INFO - Boosted OOD loss: -0.1217
2025-09-05 07:53:15,690 - INFO - Boosted OOD loss: -0.0937
2025-09-05 07:53:17,829 - WARNING - No anomaly pixels (254) found in batch
