2025-09-04 11:28:53,575 - INFO - 
Building memory with β = 32...
2025-09-04 11:28:53,576 - INFO - Building memories from loader...
2025-09-04 11:28:53,930 - INFO - Starting redesigned hybrid memory building over full dataset...
2025-09-04 11:32:38,321 - INFO - Label statistics - Found 254 in 263 batches, 255 in 445 batches
2025-09-04 11:32:38,323 - INFO - Skipped 2424076 pixels with label 255 (ignore class)
2025-09-04 11:36:00,403 - INFO - Final memory ratio (AUX:ID): 0.80
2025-09-04 11:36:00,410 - INFO - Memory separation - Ratio: 0.735, Cross-similarity: 0.048, Overlap: 0.000
2025-09-04 11:36:00,410 - INFO - ID spread: 0.476, OOD spread: 0.865, Distance: 0.986
2025-09-04 11:36:05,469 - INFO - Results saved automatically.
2025-09-04 11:36:05,472 - INFO - Memory building completed in 431.5 seconds
2025-09-04 11:36:05,517 - INFO - Memory sizes - ID: 221436, OOD: 178164
2025-09-04 11:36:05,519 - INFO - Memory norms - ID: 1.0000, OOD: 1.0000
2025-09-04 11:36:05,632 - INFO - Energy check - Mean: -0.8716
2025-09-04 11:36:05,632 - WARNING - Negative energies detected—check normalization!
2025-09-04 11:36:20,711 - INFO - Monitoring - ID Mean: -0.572, OOD Mean: -0.272, Separation: 0.301
2025-09-04 11:36:20,712 - WARNING - Low initial ID/OOD separation - check memory quality.
2025-09-04 11:36:20,712 - INFO - HopfieldBoostingManager initialized with aligned beta=32, lambda_ood=0.5
2025-09-04 11:36:20,713 - INFO - Memory built with β=32:
2025-09-04 11:36:20,714 - INFO -  ID: 221436, AUX: 178164, Ratio: 0.80
2025-09-04 11:36:25,465 - INFO - PixelWiseHopfieldTrainer initialization complete with β=32!
2025-09-04 11:36:25,466 - INFO - 
Starting Epoch 1/100
2025-09-04 11:36:25,466 - INFO - ============================================================
2025-09-04 11:36:25,467 - INFO - 
Updating Hopfield boosting weights at epoch 1...
2025-09-04 11:36:47,060 - WARNING - Negative mean energy—verify E_b formula/signs
2025-09-04 11:36:47,090 - INFO - Weights updated successfully
2025-09-04 11:36:50,202 - INFO - Step 0: labels=[  0   1   2   3   4   5   6   7   8   9  10  11  12  13  14  15  16  17
  18 254 255], OOD(254) count=3946, Ignore(255) count=1729782, is_ood=tensor([False, False,  True, False, False, False, False, False])
2025-09-04 11:36:50,824 - INFO - Boosted OOD loss: -0.1031
2025-09-04 11:36:50,825 - INFO - Step 0 Loss Debug:
2025-09-04 11:36:50,826 - INFO -  CE: 2.9427
2025-09-04 11:36:50,826 - INFO -  OOD: -0.1031
2025-09-04 11:36:50,826 - INFO -  β: 32.00
2025-09-04 11:36:50,826 - INFO -  ID: 23851, OOD(254): 19
2025-09-04 11:36:51,763 - INFO - Step 1: labels=[  0   1   2   3   4   5   6   7   8   9  10  11  12  13  14  17  18 254
 255], OOD(254) count=7659, Ignore(255) count=790378, is_ood=tensor([False, False, False, False, False, False, False,  True])
2025-09-04 11:36:52,211 - INFO - Boosted OOD loss: -0.0921
2025-09-04 11:36:52,637 - INFO - Step 2: labels=[  0   1   2   3   4   5   6   7   8   9  10  11  12  13  15  17  18 254
 255], OOD(254) count=509740, Ignore(255) count=993963, is_ood=tensor([False, False, False, False, False, False,  True,  True])
2025-09-04 11:36:53,087 - INFO - Boosted OOD loss: -0.0936
2025-09-04 11:36:53,573 - INFO - Step 3: labels=[  0   1   2   3   4   5   6   7   8   9  10  11  12  13  14  15  18 255], OOD(254) count=0, Ignore(255) count=1741342, is_ood=tensor([False, False, False, False, False, False, False, False])
2025-09-04 11:36:54,573 - INFO - Step 4: labels=[  0   1   2   3   4   5   6   7   8   9  10  11  12  13  16  17  18 254
 255], OOD(254) count=379214, Ignore(255) count=774274, is_ood=tensor([False, False, False,  True, False, False,  True, False])
2025-09-04 11:36:55,025 - INFO - Boosted OOD loss: -0.0874
2025-09-04 11:36:55,339 - INFO - Step 5: labels=[  0   1   2   3   4   5   6   7   8   9  10  11  13  16  18 254 255], OOD(254) count=11180, Ignore(255) count=206392, is_ood=tensor([ True, False, False, False, False, False, False, False])
2025-09-04 11:36:55,788 - INFO - Boosted OOD loss: -0.1437
2025-09-04 11:36:56,174 - INFO - Step 6: labels=[  0   1   2   4   5   6   7   8   9  10  11  12  13  18 254 255], OOD(254) count=9300, Ignore(255) count=436132, is_ood=tensor([False, False,  True, False, False, False, False, False])
2025-09-04 11:36:56,630 - INFO - Boosted OOD loss: -0.1438
2025-09-04 11:36:57,021 - INFO - Step 7: labels=[  0   1   2   3   4   5   6   7   8   9  10  11  12  13  14  15  18 254
 255], OOD(254) count=72568, Ignore(255) count=1007257, is_ood=tensor([ True, False, False, False, False, False, False, False])
2025-09-04 11:36:57,471 - INFO - Boosted OOD loss: -0.1247
2025-09-04 11:36:57,926 - INFO - Step 8: labels=[  0   1   2   3   4   5   6   7   8   9  10  11  12  13  14  18 254 255], OOD(254) count=127196, Ignore(255) count=1318911, is_ood=tensor([ True, False, False, False, False, False, False, False])
2025-09-04 11:36:58,375 - INFO - Boosted OOD loss: -0.1149
2025-09-04 11:36:58,731 - INFO - Step 9: labels=[  0   1   2   3   4   5   6   7   8   9  10  11  12  13  14  17  18 255], OOD(254) count=0, Ignore(255) count=1297901, is_ood=tensor([False, False, False, False, False, False, False, False])
2025-09-04 11:36:59,629 - INFO - Boosted OOD loss: -0.1286
2025-09-04 11:37:00,103 - INFO - Boosted OOD loss: -0.1452
2025-09-04 11:37:00,575 - INFO - Boosted OOD loss: -0.1397
2025-09-04 11:37:01,052 - INFO - Boosted OOD loss: -0.1426
2025-09-04 11:37:01,536 - INFO - Boosted OOD loss: -0.1461
2025-09-04 11:37:02,907 - INFO - Boosted OOD loss: -0.1073
2025-09-04 11:37:04,287 - INFO - Boosted OOD loss: -0.1093
2025-09-04 11:37:04,770 - INFO - Boosted OOD loss: -0.1451
2025-09-04 11:37:05,251 - INFO - Boosted OOD loss: -0.1103
2025-09-04 11:37:05,738 - INFO - Boosted OOD loss: -0.1174
2025-09-04 11:37:06,235 - INFO - Boosted OOD loss: -0.1375
2025-09-04 11:37:06,716 - INFO - Boosted OOD loss: -0.1271
2025-09-04 11:37:07,198 - INFO - Boosted OOD loss: -0.1398
2025-09-04 11:37:07,676 - INFO - Boosted OOD loss: -0.1518
2025-09-04 11:37:08,157 - INFO - Boosted OOD loss: -0.1371
2025-09-04 11:37:08,645 - INFO - Boosted OOD loss: -0.1283
2025-09-04 11:37:09,127 - INFO - Boosted OOD loss: -0.1576
2025-09-04 11:37:09,605 - INFO - Boosted OOD loss: -0.1804
2025-09-04 11:37:10,991 - INFO - Boosted OOD loss: -0.1494
2025-09-04 11:37:12,386 - INFO - Boosted OOD loss: -0.1563
2025-09-04 11:37:13,324 - INFO - Boosted OOD loss: -0.1463
2025-09-04 11:37:15,183 - INFO - Boosted OOD loss: -0.1430
2025-09-04 11:37:15,669 - INFO - Boosted OOD loss: -0.1740
2025-09-04 11:37:16,165 - INFO - Boosted OOD loss: -0.1585
2025-09-04 11:37:18,951 - INFO - Boosted OOD loss: -0.1807
2025-09-04 11:37:19,435 - INFO - Boosted OOD loss: -0.1691
2025-09-04 11:37:20,383 - INFO - Boosted OOD loss: -0.1605
2025-09-04 11:37:21,806 - INFO - Boosted OOD loss: -0.1705
2025-09-04 11:37:22,292 - INFO - Boosted OOD loss: -0.1725
2025-09-04 11:37:22,780 - INFO - Boosted OOD loss: -0.1515
2025-09-04 11:37:23,268 - INFO - Boosted OOD loss: -0.1343
2025-09-04 11:37:24,215 - INFO - Boosted OOD loss: -0.1456
2025-09-04 11:37:24,705 - INFO - Boosted OOD loss: -0.1503
2025-09-04 11:37:25,202 - INFO - Boosted OOD loss: -0.1610
2025-09-04 11:37:26,156 - INFO - Boosted OOD loss: -0.1578
2025-09-04 11:37:26,656 - INFO - Boosted OOD loss: -0.1640
2025-09-04 11:37:27,612 - INFO - Boosted OOD loss: -0.1302
2025-09-04 11:37:28,103 - INFO - Boosted OOD loss: -0.1388
2025-09-04 11:37:28,593 - INFO - Boosted OOD loss: -0.1937
2025-09-04 11:37:30,938 - INFO - Boosted OOD loss: -0.1741
2025-09-04 11:37:31,426 - INFO - Boosted OOD loss: -0.1649
2025-09-04 11:37:32,397 - INFO - Boosted OOD loss: -0.1737
2025-09-04 11:37:32,891 - INFO - Boosted OOD loss: -0.1618
2025-09-04 11:37:33,849 - INFO - Boosted OOD loss: -0.1313
2025-09-04 11:37:34,810 - INFO - Boosted OOD loss: -0.1601
2025-09-04 11:37:35,304 - INFO - Boosted OOD loss: -0.1691
2025-09-04 11:37:35,802 - INFO - Boosted OOD loss: -0.1707
2025-09-04 11:37:36,298 - INFO - Boosted OOD loss: -0.1588
2025-09-04 11:37:36,794 - INFO - Boosted OOD loss: -0.1527
2025-09-04 11:37:37,291 - INFO - Boosted OOD loss: -0.1709
2025-09-04 11:37:37,788 - INFO - Boosted OOD loss: -0.1434
2025-09-04 11:37:38,285 - INFO - Boosted OOD loss: -0.1465
2025-09-04 11:37:38,781 - INFO - Boosted OOD loss: -0.1378
2025-09-04 11:37:39,742 - INFO - Boosted OOD loss: -0.1660
2025-09-04 11:37:40,239 - INFO - Boosted OOD loss: -0.1367
2025-09-04 11:37:41,209 - INFO - Boosted OOD loss: -0.1348
2025-09-04 11:37:41,706 - INFO - Boosted OOD loss: -0.1286
2025-09-04 11:37:42,453 - INFO - Boosted OOD loss: -0.1273
2025-09-04 11:37:42,951 - INFO - Boosted OOD loss: -0.1268
2025-09-04 11:37:42,952 - INFO - Step 100 Loss Debug:
2025-09-04 11:37:42,953 - INFO -  CE: 2.2005
2025-09-04 11:37:42,953 - INFO -  OOD: -0.1268
2025-09-04 11:37:42,953 - INFO -  β: 32.00
2025-09-04 11:37:42,953 - INFO -  ID: 24189, OOD(254): 3546
2025-09-04 11:37:43,454 - INFO - Boosted OOD loss: -0.1620
2025-09-04 11:37:44,447 - INFO - Boosted OOD loss: -0.1734
2025-09-04 11:37:45,904 - INFO - Boosted OOD loss: -0.1649
2025-09-04 11:37:46,868 - INFO - Boosted OOD loss: -0.1367
2025-09-04 11:37:48,301 - INFO - Boosted OOD loss: -0.1461
2025-09-04 11:37:48,798 - INFO - Boosted OOD loss: -0.1543
2025-09-04 11:37:49,296 - INFO - Boosted OOD loss: -0.1540
2025-09-04 11:37:50,265 - INFO - Boosted OOD loss: -0.1207
2025-09-04 11:37:51,233 - INFO - Boosted OOD loss: -0.1670
2025-09-04 11:37:52,677 - INFO - Boosted OOD loss: -0.1515
2025-09-04 11:37:53,181 - INFO - Boosted OOD loss: -0.1491
2025-09-04 11:37:53,684 - INFO - Boosted OOD loss: -0.1541
2025-09-04 11:37:56,546 - INFO - Boosted OOD loss: -0.1307
2025-09-04 11:37:57,518 - INFO - Boosted OOD loss: -0.1375
2025-09-04 11:37:58,022 - INFO - Boosted OOD loss: -0.1762
2025-09-04 11:37:58,991 - INFO - Boosted OOD loss: -0.1458
2025-09-04 11:37:59,969 - INFO - Boosted OOD loss: -0.1541
2025-09-04 11:38:00,474 - INFO - Boosted OOD loss: -0.1343
2025-09-04 11:38:00,976 - INFO - Boosted OOD loss: -0.1631
2025-09-04 11:38:01,948 - INFO - Boosted OOD loss: -0.1545
2025-09-04 11:38:02,448 - INFO - Boosted OOD loss: -0.1673
2025-09-04 11:38:02,951 - INFO - Boosted OOD loss: -0.1783
2025-09-04 11:38:03,450 - INFO - Boosted OOD loss: -0.1662
2025-09-04 11:38:04,421 - INFO - Boosted OOD loss: -0.1585
2025-09-04 11:38:04,924 - INFO - Boosted OOD loss: -0.1135
2025-09-04 11:38:05,426 - INFO - Boosted OOD loss: -0.1482
2025-09-04 11:38:05,925 - INFO - Boosted OOD loss: -0.1358
2025-09-04 11:38:06,899 - INFO - Boosted OOD loss: -0.1449
2025-09-04 11:38:07,400 - INFO - Boosted OOD loss: -0.1616
2025-09-04 11:38:07,401 - INFO - Step 150 Loss Debug:
2025-09-04 11:38:07,402 - INFO -  CE: 2.2076
2025-09-04 11:38:07,402 - INFO -  OOD: -0.1616
2025-09-04 11:38:07,402 - INFO -  β: 32.00
2025-09-04 11:38:07,402 - INFO -  ID: 28857, OOD(254): 324
2025-09-04 11:38:08,377 - INFO - Boosted OOD loss: -0.1552
2025-09-04 11:38:08,879 - INFO - Boosted OOD loss: -0.1492
2025-09-04 11:38:10,333 - INFO - Boosted OOD loss: -0.1576
2025-09-04 11:38:10,833 - INFO - Boosted OOD loss: -0.1796
2025-09-04 11:38:11,340 - INFO - Boosted OOD loss: -0.1817
2025-09-04 11:38:11,844 - INFO - Boosted OOD loss: -0.1770
2025-09-04 11:38:12,350 - INFO - Boosted OOD loss: -0.1767
2025-09-04 11:38:12,850 - INFO - Boosted OOD loss: -0.1661
2025-09-04 11:38:14,295 - INFO - Boosted OOD loss: -0.1546
2025-09-04 11:38:15,271 - INFO - Boosted OOD loss: -0.1503
2025-09-04 11:38:16,253 - INFO - Boosted OOD loss: -0.1977
2025-09-04 11:38:16,756 - INFO - Boosted OOD loss: -0.1692
2025-09-04 11:38:17,265 - INFO - Boosted OOD loss: -0.1496
2025-09-04 11:38:17,771 - INFO - Boosted OOD loss: -0.1595
2025-09-04 11:38:18,275 - INFO - Boosted OOD loss: -0.1500
2025-09-04 11:38:18,775 - INFO - Boosted OOD loss: -0.1520
2025-09-04 11:38:19,750 - INFO - Boosted OOD loss: -0.1700
2025-09-04 11:38:20,728 - INFO - Boosted OOD loss: -0.1133
2025-09-04 11:38:21,234 - INFO - Boosted OOD loss: -0.1629
2025-09-04 11:38:21,739 - INFO - Boosted OOD loss: -0.1956
2025-09-04 11:38:22,253 - INFO - Boosted OOD loss: -0.1605
2025-09-04 11:38:22,756 - INFO - Boosted OOD loss: -0.1505
2025-09-04 11:38:23,260 - INFO - Boosted OOD loss: -0.1688
2025-09-04 11:38:24,239 - INFO - Boosted OOD loss: -0.1444
2025-09-04 11:38:24,744 - INFO - Boosted OOD loss: -0.1260
2025-09-04 11:38:26,676 - INFO - Boosted OOD loss: -0.1344
2025-09-04 11:38:27,179 - INFO - Boosted OOD loss: -0.1855
2025-09-04 11:38:27,684 - INFO - Boosted OOD loss: -0.1822
2025-09-04 11:38:28,193 - INFO - Boosted OOD loss: -0.1689
2025-09-04 11:38:28,698 - INFO - Boosted OOD loss: -0.1646
2025-09-04 11:38:29,199 - INFO - Boosted OOD loss: -0.1405
2025-09-04 11:38:30,179 - INFO - Boosted OOD loss: -0.1478
2025-09-04 11:38:31,159 - INFO - Boosted OOD loss: -0.1194
2025-09-04 11:38:32,139 - WARNING - No anomaly pixels (254) found in batch
2025-09-04 11:38:32,619 - INFO - Boosted OOD loss: -0.1571
2025-09-04 11:38:33,122 - INFO - Boosted OOD loss: -0.1908
2025-09-04 11:38:35,065 - INFO - Boosted OOD loss: -0.1377
2025-09-04 11:38:35,574 - INFO - Boosted OOD loss: -0.1289
2025-09-04 11:38:36,570 - INFO - Boosted OOD loss: -0.1341
2025-09-04 11:38:37,557 - INFO - Boosted OOD loss: -0.1128
2025-09-04 11:38:38,072 - INFO - Boosted OOD loss: -0.1169
2025-09-04 11:38:38,581 - INFO - Boosted OOD loss: -0.1795
2025-09-04 11:38:39,084 - INFO - Boosted OOD loss: -0.1628
2025-09-04 11:38:39,603 - INFO - Boosted OOD loss: -0.1541
2025-09-04 11:38:40,590 - INFO - Boosted OOD loss: -0.1702
2025-09-04 11:38:41,097 - INFO - Boosted OOD loss: -0.1341
2025-09-04 11:38:41,607 - INFO - Boosted OOD loss: -0.1644
2025-09-04 11:38:42,602 - INFO - Boosted OOD loss: -0.1570
2025-09-04 11:38:43,111 - INFO - Boosted OOD loss: -0.1352
2025-09-04 11:38:43,616 - INFO - Boosted OOD loss: -0.1444
2025-09-04 11:38:45,088 - INFO - Boosted OOD loss: -0.1391
2025-09-04 11:38:45,594 - INFO - Boosted OOD loss: -0.1376
2025-09-04 11:38:46,579 - INFO - Boosted OOD loss: -0.1598
2025-09-04 11:38:47,083 - INFO - Boosted OOD loss: -0.1364
2025-09-04 11:38:47,588 - INFO - Boosted OOD loss: -0.1461
2025-09-04 11:38:49,059 - INFO - Boosted OOD loss: -0.1613
2025-09-04 11:38:49,564 - INFO - Boosted OOD loss: -0.1943
2025-09-04 11:38:51,028 - INFO - Boosted OOD loss: -0.1637
2025-09-04 11:38:51,536 - INFO - Boosted OOD loss: -0.1634
2025-09-04 11:38:53,484 - INFO - Boosted OOD loss: -0.1543
2025-09-04 11:38:53,994 - INFO - Boosted OOD loss: -0.1721
2025-09-04 11:38:54,505 - INFO - Boosted OOD loss: -0.1755
2025-09-04 11:38:55,016 - INFO - Boosted OOD loss: -0.1463
2025-09-04 11:38:56,004 - INFO - Boosted OOD loss: -0.1683
2025-09-04 11:38:56,512 - INFO - Boosted OOD loss: -0.1644
2025-09-04 11:38:57,019 - INFO - Boosted OOD loss: -0.2012
2025-09-04 11:38:57,020 - INFO - Step 250 Loss Debug:
2025-09-04 11:38:57,021 - INFO -  CE: 2.0864
2025-09-04 11:38:57,021 - INFO -  OOD: -0.2012
2025-09-04 11:38:57,021 - INFO -  β: 32.00
2025-09-04 11:38:57,021 - INFO -  ID: 24513, OOD(254): 5
2025-09-04 11:38:57,533 - INFO - Boosted OOD loss: -0.1649
2025-09-04 11:38:58,048 - INFO - Boosted OOD loss: -0.1582
2025-09-04 11:38:58,558 - INFO - Boosted OOD loss: -0.1616
2025-09-04 11:38:59,069 - INFO - Boosted OOD loss: -0.1633
2025-09-04 11:39:00,058 - INFO - Boosted OOD loss: -0.1575
2025-09-04 11:39:00,566 - INFO - Boosted OOD loss: -0.1332
2025-09-04 11:39:01,077 - INFO - Boosted OOD loss: -0.1742
2025-09-04 11:39:01,583 - INFO - Boosted OOD loss: -0.1550
2025-09-04 11:39:02,573 - INFO - Boosted OOD loss: -0.1763
2025-09-04 11:39:03,079 - INFO - Boosted OOD loss: -0.1818
2025-09-04 11:39:03,592 - INFO - Boosted OOD loss: -0.1824
2025-09-04 11:39:04,102 - INFO - Boosted OOD loss: -0.1337
2025-09-04 11:39:05,098 - INFO - Boosted OOD loss: -0.1539
2025-09-04 11:39:05,615 - INFO - Boosted OOD loss: -0.1424
2025-09-04 11:39:06,126 - INFO - Boosted OOD loss: -0.1603
2025-09-04 11:39:06,637 - INFO - Boosted OOD loss: -0.1798
2025-09-04 11:39:07,144 - INFO - Boosted OOD loss: -0.1633
2025-09-04 11:39:07,657 - INFO - Boosted OOD loss: -0.1510
2025-09-04 11:39:08,169 - INFO - Boosted OOD loss: -0.1653
2025-09-04 11:39:08,684 - INFO - Boosted OOD loss: -0.1557
2025-09-04 11:39:09,194 - INFO - Boosted OOD loss: -0.1857
2025-09-04 11:39:10,679 - INFO - Boosted OOD loss: -0.1860
2025-09-04 11:39:11,192 - INFO - Boosted OOD loss: -0.1684
2025-09-04 11:39:11,705 - INFO - Boosted OOD loss: -0.1805
2025-09-04 11:39:12,219 - INFO - Boosted OOD loss: -0.1611
2025-09-04 11:39:13,211 - INFO - Boosted OOD loss: -0.1464
2025-09-04 11:39:13,719 - INFO - Boosted OOD loss: -0.1650
2025-09-04 11:39:14,234 - INFO - Boosted OOD loss: -0.1659
2025-09-04 11:39:14,744 - INFO - Boosted OOD loss: -0.1513
2025-09-04 11:39:15,262 - INFO - Boosted OOD loss: -0.1715
2025-09-04 11:39:16,254 - INFO - Boosted OOD loss: -0.1297
2025-09-04 11:39:16,771 - INFO - Boosted OOD loss: -0.1277
2025-09-04 11:39:17,770 - INFO - Boosted OOD loss: -0.1868
2025-09-04 11:39:18,282 - INFO - Boosted OOD loss: -0.1535
2025-09-04 11:39:18,795 - INFO - Boosted OOD loss: -0.1537
2025-09-04 11:39:19,309 - INFO - Boosted OOD loss: -0.1837
2025-09-04 11:39:20,305 - INFO - Boosted OOD loss: -0.1849
2025-09-04 11:39:20,822 - INFO - Boosted OOD loss: -0.1535
2025-09-04 11:39:21,334 - INFO - Boosted OOD loss: -0.1623
2025-09-04 11:39:21,848 - INFO - Boosted OOD loss: -0.1468
2025-09-04 11:39:22,364 - INFO - Boosted OOD loss: -0.1776
2025-09-04 11:39:22,364 - INFO - Step 300 Loss Debug:
2025-09-04 11:39:22,365 - INFO -  CE: 1.9703
2025-09-04 11:39:22,366 - INFO -  OOD: -0.1776
2025-09-04 11:39:22,367 - INFO -  β: 32.00
2025-09-04 11:39:22,367 - INFO -  ID: 25759, OOD(254): 248
2025-09-04 11:39:22,879 - INFO - Boosted OOD loss: -0.1455
2025-09-04 11:39:23,398 - INFO - Boosted OOD loss: -0.1474
2025-09-04 11:39:24,881 - INFO - Boosted OOD loss: -0.1941
2025-09-04 11:39:25,396 - INFO - Boosted OOD loss: -0.1849
2025-09-04 11:39:25,916 - INFO - Boosted OOD loss: -0.1265
2025-09-04 11:39:26,433 - INFO - Boosted OOD loss: -0.1295
2025-09-04 11:39:26,953 - INFO - Boosted OOD loss: -0.1803
2025-09-04 11:39:27,468 - INFO - Boosted OOD loss: -0.1458
2025-09-04 11:39:27,983 - INFO - Boosted OOD loss: -0.1815
2025-09-04 11:39:28,499 - INFO - Boosted OOD loss: -0.1338
2025-09-04 11:39:29,986 - INFO - Boosted OOD loss: -0.1622
2025-09-04 11:39:30,980 - INFO - Boosted OOD loss: -0.1446
2025-09-04 11:39:32,951 - INFO - Boosted OOD loss: -0.1453
2025-09-04 11:39:33,464 - INFO - Boosted OOD loss: -0.1450
2025-09-04 11:39:34,466 - INFO - Boosted OOD loss: -0.1322
2025-09-04 11:39:34,980 - INFO - Boosted OOD loss: -0.1743
2025-09-04 11:39:35,984 - INFO - Boosted OOD loss: -0.1956
2025-09-04 11:39:36,501 - INFO - Boosted OOD loss: -0.1706
2025-09-04 11:39:37,016 - INFO - Boosted OOD loss: -0.1669
2025-09-04 11:39:38,507 - INFO - Boosted OOD loss: -0.1835
2025-09-04 11:39:39,514 - INFO - Boosted OOD loss: -0.1369
2025-09-04 11:39:40,036 - INFO - Boosted OOD loss: -0.1859
2025-09-04 11:39:41,041 - INFO - Boosted OOD loss: -0.1632
2025-09-04 11:39:42,043 - INFO - Boosted OOD loss: -0.1400
2025-09-04 11:39:42,563 - INFO - Boosted OOD loss: -0.1425
2025-09-04 11:39:43,570 - INFO - Boosted OOD loss: -0.1452
2025-09-04 11:39:44,091 - INFO - Boosted OOD loss: -0.1268
2025-09-04 11:39:45,095 - INFO - Boosted OOD loss: -0.1543
2025-09-04 11:39:47,077 - INFO - Boosted OOD loss: -0.1518
2025-09-04 11:39:47,596 - INFO - Boosted OOD loss: -0.1643
2025-09-04 11:39:47,596 - INFO - Step 350 Loss Debug:
2025-09-04 11:39:47,598 - INFO -  CE: 1.9279
2025-09-04 11:39:47,598 - INFO -  OOD: -0.1643
2025-09-04 11:39:47,598 - INFO -  β: 32.00
2025-09-04 11:39:47,598 - INFO -  ID: 27680, OOD(254): 154
2025-09-04 11:39:49,089 - INFO - Boosted OOD loss: -0.1590
2025-09-04 11:39:50,107 - INFO - Boosted OOD loss: -0.1461
2025-09-04 11:39:51,609 - INFO - Boosted OOD loss: -0.1358
2025-09-04 11:39:53,109 - INFO - Boosted OOD loss: -0.1662
2025-09-04 11:39:53,631 - INFO - Boosted OOD loss: -0.1662
2025-09-04 11:39:54,166 - INFO - Boosted OOD loss: -0.1314
2025-09-04 11:39:54,685 - INFO - Boosted OOD loss: -0.1533
2025-09-04 11:39:55,208 - INFO - Boosted OOD loss: -0.1443
2025-09-04 11:39:55,724 - INFO - Boosted OOD loss: -0.1860
2025-09-04 11:39:56,735 - INFO - Boosted OOD loss: -0.1331
2025-09-04 11:39:57,740 - INFO - Boosted OOD loss: -0.1454
2025-09-04 11:39:58,259 - INFO - Boosted OOD loss: -0.1849
2025-09-04 11:39:58,771 - INFO - Boosted OOD loss: -0.1658
2025-09-04 11:39:59,291 - INFO - Boosted OOD loss: -0.1321
2025-09-04 11:40:00,795 - INFO - Boosted OOD loss: -0.1245
2025-09-04 11:40:03,273 - INFO - Boosted OOD loss: -0.1572
2025-09-04 11:40:05,264 - INFO - Boosted OOD loss: -0.1381
2025-09-04 11:40:05,782 - INFO - Boosted OOD loss: -0.1835
2025-09-04 11:40:06,798 - INFO - Boosted OOD loss: -0.1109
2025-09-04 11:40:07,318 - INFO - Boosted OOD loss: -0.1446
2025-09-04 11:40:09,804 - INFO - Boosted OOD loss: -0.1760
2025-09-04 11:40:10,322 - INFO - Boosted OOD loss: -0.1581
2025-09-04 11:40:10,837 - INFO - Boosted OOD loss: -0.1309
2025-09-04 11:40:12,332 - INFO - Boosted OOD loss: -0.1303
2025-09-04 11:40:12,848 - WARNING - No anomaly pixels (254) found in batch
2025-09-04 11:40:13,349 - INFO - Boosted OOD loss: -0.1174
2025-09-04 11:40:13,871 - INFO - Boosted OOD loss: -0.1506
2025-09-04 11:40:14,395 - INFO - Boosted OOD loss: -0.1808
2025-09-04 11:40:14,909 - INFO - Boosted OOD loss: -0.1721
2025-09-04 11:40:15,427 - INFO - Boosted OOD loss: -0.1727
2025-09-04 11:40:16,444 - INFO - Boosted OOD loss: -0.1573
2025-09-04 11:40:16,964 - INFO - Boosted OOD loss: -0.1394
2025-09-04 11:40:18,469 - INFO - Boosted OOD loss: -0.1886
2025-09-04 11:40:19,001 - INFO - Boosted OOD loss: -0.1208
2025-09-04 11:40:19,528 - INFO - Boosted OOD loss: -0.1428
2025-09-04 11:40:20,046 - INFO - Boosted OOD loss: -0.1433
2025-09-04 11:40:21,056 - INFO - Boosted OOD loss: -0.1689
2025-09-04 11:40:22,066 - INFO - Boosted OOD loss: -0.1628
2025-09-04 11:40:22,590 - INFO - Boosted OOD loss: -0.1467
2025-09-04 11:40:23,109 - INFO - Boosted OOD loss: -0.1885
2025-09-04 11:40:23,627 - INFO - Boosted OOD loss: -0.1486
2025-09-04 11:40:24,150 - INFO - Boosted OOD loss: -0.1252
2025-09-04 11:40:24,676 - INFO - Boosted OOD loss: -0.1457
2025-09-04 11:40:25,686 - INFO - Boosted OOD loss: -0.1675
2025-09-04 11:40:26,207 - INFO - Boosted OOD loss: -0.1213
2025-09-04 11:40:26,731 - INFO - Boosted OOD loss: -0.1394
2025-09-04 11:40:27,252 - INFO - Boosted OOD loss: -0.1479
2025-09-04 11:40:28,269 - INFO - Boosted OOD loss: -0.1498
2025-09-04 11:40:29,287 - INFO - Boosted OOD loss: -0.1231
2025-09-04 11:40:29,811 - INFO - Boosted OOD loss: -0.1376
2025-09-04 11:40:30,828 - INFO - Boosted OOD loss: -0.1436
2025-09-04 11:40:31,838 - INFO - Boosted OOD loss: -0.1595
2025-09-04 11:40:32,358 - INFO - Boosted OOD loss: -0.1700
2025-09-04 11:40:32,877 - INFO - Boosted OOD loss: -0.1725
2025-09-04 11:40:34,378 - INFO - Boosted OOD loss: -0.1367
2025-09-04 11:40:34,903 - INFO - Boosted OOD loss: -0.1407
2025-09-04 11:40:36,114 - INFO - Updated beta to 11.87 (exp decay)
2025-09-04 11:40:59,294 - WARNING - Negative mean energy—verify E_b formula/signs
2025-09-04 11:40:59,295 - INFO - Weights updated successfully
2025-09-04 11:40:59,295 - INFO - Advanced epoch 1 - Updated beta: 11.87
2025-09-04 11:40:59,295 - INFO - Epoch 1 - Avg CE: 2.0691, Avg OOD: -0.0988, β: 32
2025-09-04 11:40:59,410 - INFO - 
Starting Epoch 2/100
2025-09-04 11:40:59,411 - INFO - ============================================================
2025-09-04 11:40:59,413 - INFO - 
Updating Hopfield boosting weights at epoch 2...
2025-09-04 11:41:20,298 - WARNING - Negative mean energy—verify E_b formula/signs
2025-09-04 11:41:20,299 - INFO - Weights updated successfully
2025-09-04 11:41:23,440 - INFO - Boosted OOD loss: -0.2032
2025-09-04 11:41:23,933 - INFO - Boosted OOD loss: -0.1686
2025-09-04 11:41:24,425 - INFO - Boosted OOD loss: -0.1964
2025-09-04 11:41:24,923 - INFO - Boosted OOD loss: -0.1254
2025-09-04 11:41:26,805 - INFO - Boosted OOD loss: -0.1952
2025-09-04 11:41:27,297 - INFO - Boosted OOD loss: -0.1441
2025-09-04 11:41:27,794 - INFO - Boosted OOD loss: -0.1484
2025-09-04 11:41:28,290 - INFO - Boosted OOD loss: -0.1581
2025-09-04 11:41:28,785 - INFO - Boosted OOD loss: -0.1766
2025-09-04 11:41:29,386 - INFO - Boosted OOD loss: -0.1838
2025-09-04 11:41:30,352 - INFO - Boosted OOD loss: -0.1481
2025-09-04 11:41:30,849 - INFO - Boosted OOD loss: -0.1638
2025-09-04 11:41:31,814 - INFO - Boosted OOD loss: -0.1485
2025-09-04 11:41:32,786 - INFO - Boosted OOD loss: -0.1876
2025-09-04 11:41:33,291 - INFO - Boosted OOD loss: -0.1670
2025-09-04 11:41:33,789 - INFO - Boosted OOD loss: -0.1801
2025-09-04 11:41:34,292 - INFO - Boosted OOD loss: -0.1287
2025-09-04 11:41:34,791 - INFO - Boosted OOD loss: -0.1753
2025-09-04 11:41:35,288 - INFO - Boosted OOD loss: -0.1631
2025-09-04 11:41:35,787 - INFO - Boosted OOD loss: -0.1415
2025-09-04 11:41:36,764 - INFO - Boosted OOD loss: -0.1172
2025-09-04 11:41:37,266 - INFO - Boosted OOD loss: -0.1950
2025-09-04 11:41:37,766 - INFO - Boosted OOD loss: -0.1660
2025-09-04 11:41:38,265 - INFO - Boosted OOD loss: -0.1476
2025-09-04 11:41:38,773 - INFO - Boosted OOD loss: -0.1924
2025-09-04 11:41:39,274 - INFO - Boosted OOD loss: -0.1936
2025-09-04 11:41:40,926 - INFO - Boosted OOD loss: -0.1285
2025-09-04 11:41:42,386 - INFO - Boosted OOD loss: -0.1559
2025-09-04 11:41:42,885 - INFO - Boosted OOD loss: -0.1621
2025-09-04 11:41:43,386 - INFO - Boosted OOD loss: -0.1342
2025-09-04 11:41:44,836 - INFO - Boosted OOD loss: -0.1477
2025-09-04 11:41:46,290 - INFO - Boosted OOD loss: -0.1423
2025-09-04 11:41:48,216 - INFO - Boosted OOD loss: -0.1382
2025-09-04 11:41:48,726 - INFO - Boosted OOD loss: -0.1544
2025-09-04 11:41:49,234 - INFO - Boosted OOD loss: -0.1381
2025-09-04 11:41:50,209 - WARNING - No anomaly pixels (254) found in batch
2025-09-04 11:41:51,167 - INFO - Boosted OOD loss: -0.1494
2025-09-04 11:41:51,674 - INFO - Boosted OOD loss: -0.1164
2025-09-04 11:41:52,659 - INFO - Boosted OOD loss: -0.1562
2025-09-04 11:41:53,639 - INFO - Boosted OOD loss: -0.1459
2025-09-04 11:41:54,143 - INFO - Boosted OOD loss: -0.1621
2025-09-04 11:41:55,123 - INFO - Boosted OOD loss: -0.1521
2025-09-04 11:41:55,631 - INFO - Boosted OOD loss: -0.1525
2025-09-04 11:41:56,139 - INFO - Boosted OOD loss: -0.1351
2025-09-04 11:41:56,647 - INFO - Boosted OOD loss: -0.1311
2025-09-04 11:41:57,631 - INFO - Boosted OOD loss: -0.1674
2025-09-04 11:41:58,141 - INFO - Boosted OOD loss: -0.1654
2025-09-04 11:41:59,601 - INFO - Boosted OOD loss: -0.1486
2025-09-04 11:42:00,590 - INFO - Boosted OOD loss: -0.1712
2025-09-04 11:42:01,093 - INFO - Boosted OOD loss: -0.1607
2025-09-04 11:42:01,606 - INFO - Boosted OOD loss: -0.1185
2025-09-04 11:42:02,113 - INFO - Boosted OOD loss: -0.1738
2025-09-04 11:42:02,625 - INFO - Boosted OOD loss: -0.1156
2025-09-04 11:42:03,139 - INFO - Boosted OOD loss: -0.1208
2025-09-04 11:42:03,651 - INFO - Boosted OOD loss: -0.1338
2025-09-04 11:42:04,162 - INFO - Boosted OOD loss: -0.1129
2025-09-04 11:42:04,673 - INFO - Boosted OOD loss: -0.1548
2025-09-04 11:42:05,187 - INFO - Boosted OOD loss: -0.1801
2025-09-04 11:42:05,693 - INFO - Boosted OOD loss: -0.1967
2025-09-04 11:42:06,207 - INFO - Boosted OOD loss: -0.1353
2025-09-04 11:42:06,715 - INFO - Boosted OOD loss: -0.1872
2025-09-04 11:42:07,230 - INFO - Boosted OOD loss: -0.1487
2025-09-04 11:42:07,741 - INFO - Boosted OOD loss: -0.1717
2025-09-04 11:42:08,252 - INFO - Boosted OOD loss: -0.1564
2025-09-04 11:42:09,245 - INFO - Boosted OOD loss: -0.1730
2025-09-04 11:42:09,756 - INFO - Boosted OOD loss: -0.1736
2025-09-04 11:42:11,229 - INFO - Boosted OOD loss: -0.1496
2025-09-04 11:42:11,745 - INFO - Boosted OOD loss: -0.1436
2025-09-04 11:42:13,229 - INFO - Boosted OOD loss: -0.1602
2025-09-04 11:42:13,742 - INFO - Boosted OOD loss: -0.1618
2025-09-04 11:42:16,691 - INFO - Boosted OOD loss: -0.1726
2025-09-04 11:42:18,668 - INFO - Boosted OOD loss: -0.1770
2025-09-04 11:42:19,190 - INFO - Boosted OOD loss: -0.1578
2025-09-04 11:42:20,686 - INFO - Boosted OOD loss: -0.1452
2025-09-04 11:42:21,208 - INFO - Boosted OOD loss: -0.1642
2025-09-04 11:42:21,725 - INFO - Boosted OOD loss: -0.1876
2025-09-04 11:42:22,245 - INFO - Boosted OOD loss: -0.1402
2025-09-04 11:42:24,243 - INFO - Boosted OOD loss: -0.1302
2025-09-04 11:42:26,721 - INFO - Boosted OOD loss: -0.2000
2025-09-04 11:42:27,721 - INFO - Boosted OOD loss: -0.1900
2025-09-04 11:42:28,237 - INFO - Boosted OOD loss: -0.1553
2025-09-04 11:42:29,254 - INFO - Boosted OOD loss: -0.1291
2025-09-04 11:42:29,780 - INFO - Boosted OOD loss: -0.1464
2025-09-04 11:42:30,301 - INFO - Boosted OOD loss: -0.1624
2025-09-04 11:42:30,827 - INFO - Boosted OOD loss: -0.1146
2025-09-04 11:42:31,348 - INFO - Boosted OOD loss: -0.1647
2025-09-04 11:42:31,872 - INFO - Boosted OOD loss: -0.1701
2025-09-04 11:42:32,888 - INFO - Boosted OOD loss: -0.1491
2025-09-04 11:42:33,407 - INFO - Boosted OOD loss: -0.1301
2025-09-04 11:42:33,935 - INFO - Boosted OOD loss: -0.1455
2025-09-04 11:42:35,453 - INFO - Boosted OOD loss: -0.1748
2025-09-04 11:42:38,947 - INFO - Boosted OOD loss: -0.1435
2025-09-04 11:42:39,473 - INFO - Boosted OOD loss: -0.1384
2025-09-04 11:42:40,001 - INFO - Boosted OOD loss: -0.1500
2025-09-04 11:42:40,521 - WARNING - No anomaly pixels (254) found in batch
2025-09-04 11:42:41,022 - INFO - Boosted OOD loss: -0.1680
2025-09-04 11:42:41,549 - INFO - Boosted OOD loss: -0.1977
2025-09-04 11:42:42,079 - INFO - Boosted OOD loss: -0.1409
2025-09-04 11:42:44,082 - INFO - Boosted OOD loss: -0.1377
2025-09-04 11:42:44,605 - INFO - Boosted OOD loss: -0.1808
2025-09-04 11:42:46,127 - INFO - Boosted OOD loss: -0.1309
2025-09-04 11:42:47,154 - INFO - Boosted OOD loss: -0.1385
2025-09-04 11:42:48,676 - INFO - Boosted OOD loss: -0.1431
2025-09-04 11:42:49,200 - INFO - Boosted OOD loss: -0.1267
2025-09-04 11:42:49,725 - INFO - Boosted OOD loss: -0.1748
2025-09-04 11:42:52,225 - INFO - Boosted OOD loss: -0.1949
2025-09-04 11:42:52,750 - INFO - Boosted OOD loss: -0.1783
2025-09-04 11:42:53,273 - INFO - Boosted OOD loss: -0.1823
2025-09-04 11:42:53,800 - INFO - Boosted OOD loss: -0.1486
2025-09-04 11:42:54,325 - INFO - Boosted OOD loss: -0.1192
2025-09-04 11:42:55,348 - INFO - Boosted OOD loss: -0.1243
2025-09-04 11:42:55,880 - INFO - Boosted OOD loss: -0.1200
2025-09-04 11:42:56,407 - INFO - Boosted OOD loss: -0.1191
2025-09-04 11:42:57,917 - INFO - Boosted OOD loss: -0.1781
2025-09-04 11:42:58,445 - INFO - Boosted OOD loss: -0.1781
2025-09-04 11:42:58,969 - INFO - Boosted OOD loss: -0.1854
2025-09-04 11:42:59,991 - INFO - Boosted OOD loss: -0.1659
2025-09-04 11:43:02,009 - INFO - Boosted OOD loss: -0.1630
2025-09-04 11:43:02,547 - INFO - Boosted OOD loss: -0.1514
2025-09-04 11:43:03,069 - INFO - Boosted OOD loss: -0.1803
2025-09-04 11:43:03,596 - INFO - Boosted OOD loss: -0.1552
2025-09-04 11:43:04,617 - INFO - Boosted OOD loss: -0.1833
2025-09-04 11:43:06,134 - INFO - Boosted OOD loss: -0.1677
2025-09-04 11:43:06,134 - INFO - Step 650 Loss Debug:
2025-09-04 11:43:06,135 - INFO -  CE: 1.8139
2025-09-04 11:43:06,136 - INFO -  OOD: -0.1677
2025-09-04 11:43:06,137 - INFO -  β: 32.00
2025-09-04 11:43:06,138 - INFO -  ID: 25733, OOD(254): 797
2025-09-04 11:43:06,674 - INFO - Boosted OOD loss: -0.1693
2025-09-04 11:43:07,702 - INFO - Boosted OOD loss: -0.1697
2025-09-04 11:43:08,228 - INFO - Boosted OOD loss: -0.1329
2025-09-04 11:43:08,755 - INFO - Boosted OOD loss: -0.1591
2025-09-04 11:43:09,777 - INFO - Boosted OOD loss: -0.1866
2025-09-04 11:43:12,277 - INFO - Boosted OOD loss: -0.1163
2025-09-04 11:43:13,305 - INFO - Boosted OOD loss: -0.1624
2025-09-04 11:43:13,833 - INFO - Boosted OOD loss: -0.1477
2025-09-04 11:43:14,858 - INFO - Boosted OOD loss: -0.1186
2025-09-04 11:43:15,879 - INFO - Boosted OOD loss: -0.1666
2025-09-04 11:43:16,400 - INFO - Boosted OOD loss: -0.1465
2025-09-04 11:43:16,927 - INFO - Boosted OOD loss: -0.1657
2025-09-04 11:43:17,954 - INFO - Boosted OOD loss: -0.1421
2025-09-04 11:43:18,979 - INFO - Boosted OOD loss: -0.1365
2025-09-04 11:43:19,503 - INFO - Boosted OOD loss: -0.1722
2025-09-04 11:43:20,030 - INFO - Boosted OOD loss: -0.1998
2025-09-04 11:43:20,559 - INFO - Boosted OOD loss: -0.1978
2025-09-04 11:43:21,096 - INFO - Boosted OOD loss: -0.1165
2025-09-04 11:43:21,633 - INFO - Boosted OOD loss: -0.1475
2025-09-04 11:43:22,161 - INFO - Boosted OOD loss: -0.1453
2025-09-04 11:43:23,681 - INFO - Boosted OOD loss: -0.1713
2025-09-04 11:43:24,207 - INFO - Boosted OOD loss: -0.1368
2025-09-04 11:43:24,737 - INFO - Boosted OOD loss: -0.1448
2025-09-04 11:43:25,268 - INFO - Boosted OOD loss: -0.1460
2025-09-04 11:43:28,803 - INFO - Boosted OOD loss: -0.1483
2025-09-04 11:43:29,328 - INFO - Boosted OOD loss: -0.1678
2025-09-04 11:43:29,859 - INFO - Boosted OOD loss: -0.1496
2025-09-04 11:43:30,390 - INFO - Boosted OOD loss: -0.1946
2025-09-04 11:43:31,416 - INFO - Boosted OOD loss: -0.1660
2025-09-04 11:43:31,941 - INFO - Boosted OOD loss: -0.1212
2025-09-04 11:43:31,942 - INFO - Step 700 Loss Debug:
2025-09-04 11:43:31,945 - INFO -  CE: 1.6612
2025-09-04 11:43:31,946 - INFO -  OOD: -0.1212
2025-09-04 11:43:31,947 - INFO -  β: 32.00
2025-09-04 11:43:31,947 - INFO -  ID: 23263, OOD(254): 1051
2025-09-04 11:43:32,477 - INFO - Boosted OOD loss: -0.1704
2025-09-04 11:43:33,005 - INFO - Boosted OOD loss: -0.1178
2025-09-04 11:43:33,538 - INFO - Boosted OOD loss: -0.1590
2025-09-04 11:43:34,074 - INFO - Boosted OOD loss: -0.1597
2025-09-04 11:43:35,105 - INFO - Boosted OOD loss: -0.1801
2025-09-04 11:43:35,632 - INFO - Boosted OOD loss: -0.1401
2025-09-04 11:43:36,165 - INFO - Boosted OOD loss: -0.1231
2025-09-04 11:43:38,187 - INFO - Boosted OOD loss: -0.1720
2025-09-04 11:43:40,212 - INFO - Boosted OOD loss: -0.1453
2025-09-04 11:43:40,745 - INFO - Boosted OOD loss: -0.1601
2025-09-04 11:43:41,769 - INFO - Boosted OOD loss: -0.1479
2025-09-04 11:43:42,299 - INFO - Boosted OOD loss: -0.1475
2025-09-04 11:43:42,822 - INFO - Boosted OOD loss: -0.1654
2025-09-04 11:43:43,847 - INFO - Boosted OOD loss: -0.1586
2025-09-04 11:43:44,870 - INFO - Boosted OOD loss: -0.1431
2025-09-04 11:43:45,469 - INFO - Boosted OOD loss: -0.1272
2025-09-04 11:43:46,488 - INFO - Boosted OOD loss: -0.1536
2025-09-04 11:43:47,018 - INFO - Boosted OOD loss: -0.1341
2025-09-04 11:43:47,548 - INFO - Boosted OOD loss: -0.1647
2025-09-04 11:43:48,079 - INFO - Boosted OOD loss: -0.2025
2025-09-04 11:43:48,614 - INFO - Boosted OOD loss: -0.1236
2025-09-04 11:43:49,637 - INFO - Boosted OOD loss: -0.1718
2025-09-04 11:43:50,163 - INFO - Boosted OOD loss: -0.1462
2025-09-04 11:43:51,201 - INFO - Boosted OOD loss: -0.1175
2025-09-04 11:43:51,735 - INFO - Boosted OOD loss: -0.1150
2025-09-04 11:43:52,266 - INFO - Boosted OOD loss: -0.1581
2025-09-04 11:43:52,796 - INFO - Boosted OOD loss: -0.1785
2025-09-04 11:43:53,823 - INFO - Boosted OOD loss: -0.1559
2025-09-04 11:43:54,356 - INFO - Boosted OOD loss: -0.1511
2025-09-04 11:43:54,881 - INFO - Boosted OOD loss: -0.1905
2025-09-04 11:43:55,909 - INFO - Boosted OOD loss: -0.1361
2025-09-04 11:43:56,441 - INFO - Boosted OOD loss: -0.1584
2025-09-04 11:43:56,967 - INFO - Boosted OOD loss: -0.1959
2025-09-04 11:43:58,499 - INFO - Boosted OOD loss: -0.1223
2025-09-04 11:43:59,525 - INFO - Boosted OOD loss: -0.1925
2025-09-04 11:44:01,039 - INFO - Boosted OOD loss: -0.1635
2025-09-04 11:44:01,566 - INFO - Boosted OOD loss: -0.1483
2025-09-04 11:44:03,087 - INFO - Boosted OOD loss: -0.1551
2025-09-04 11:44:03,617 - INFO - Boosted OOD loss: -0.1387
2025-09-04 11:44:04,649 - INFO - Boosted OOD loss: -0.1238
2025-09-04 11:44:05,181 - INFO - Boosted OOD loss: -0.1568
2025-09-04 11:44:06,218 - INFO - Boosted OOD loss: -0.1241
2025-09-04 11:44:07,764 - INFO - Boosted OOD loss: -0.1248
2025-09-04 11:44:08,292 - INFO - Boosted OOD loss: -0.1626
2025-09-04 11:44:09,814 - INFO - Boosted OOD loss: -0.1574
2025-09-04 11:44:10,346 - INFO - Boosted OOD loss: -0.1225
2025-09-04 11:44:11,377 - INFO - Boosted OOD loss: -0.1383
2025-09-04 11:44:11,904 - INFO - Boosted OOD loss: -0.1226
2025-09-04 11:44:12,437 - INFO - Boosted OOD loss: -0.1234
2025-09-04 11:44:13,467 - INFO - Boosted OOD loss: -0.1389
2025-09-04 11:44:13,996 - INFO - Boosted OOD loss: -0.1483
2025-09-04 11:44:14,521 - INFO - Boosted OOD loss: -0.1614
2025-09-04 11:44:16,041 - INFO - Boosted OOD loss: -0.1673
2025-09-04 11:44:16,571 - INFO - Boosted OOD loss: -0.1922
2025-09-04 11:44:17,094 - INFO - Boosted OOD loss: -0.1608
2025-09-04 11:44:17,620 - INFO - Boosted OOD loss: -0.1397
2025-09-04 11:44:18,150 - INFO - Boosted OOD loss: -0.1481
2025-09-04 11:44:18,678 - INFO - Boosted OOD loss: -0.1540
2025-09-04 11:44:20,202 - INFO - Boosted OOD loss: -0.1404
2025-09-04 11:44:21,221 - INFO - Boosted OOD loss: -0.1808
2025-09-04 11:44:21,747 - INFO - Boosted OOD loss: -0.1340
2025-09-04 11:44:22,276 - INFO - Boosted OOD loss: -0.1239
2025-09-04 11:44:22,806 - INFO - Boosted OOD loss: -0.1992
2025-09-04 11:44:23,821 - INFO - Boosted OOD loss: -0.1534
2025-09-04 11:44:23,821 - INFO - Step 800 Loss Debug:
2025-09-04 11:44:23,823 - INFO -  CE: 1.8212
2025-09-04 11:44:23,823 - INFO -  OOD: -0.1534
2025-09-04 11:44:23,823 - INFO -  β: 32.00
2025-09-04 11:44:23,823 - INFO -  ID: 27208, OOD(254): 264
2025-09-04 11:44:24,344 - INFO - Boosted OOD loss: -0.1523
2025-09-04 11:44:25,864 - INFO - Boosted OOD loss: -0.2024
2025-09-04 11:44:27,382 - INFO - Boosted OOD loss: -0.1389
2025-09-04 11:44:27,906 - INFO - Boosted OOD loss: -0.1714
2025-09-04 11:44:28,929 - INFO - Boosted OOD loss: -0.1295
2025-09-04 11:44:29,452 - INFO - Boosted OOD loss: -0.1480
2025-09-04 11:44:29,975 - INFO - Boosted OOD loss: -0.1302
2025-09-04 11:44:31,495 - INFO - Boosted OOD loss: -0.1259
2025-09-04 11:44:32,022 - INFO - Boosted OOD loss: -0.1598
2025-09-04 11:44:33,537 - INFO - Boosted OOD loss: -0.1345
2025-09-04 11:44:35,054 - INFO - Boosted OOD loss: -0.1701
2025-09-04 11:44:36,064 - INFO - Boosted OOD loss: -0.1787
2025-09-04 11:44:36,587 - INFO - Boosted OOD loss: -0.1786
2025-09-04 11:44:37,104 - INFO - Boosted OOD loss: -0.1501
2025-09-04 11:44:38,114 - INFO - Boosted OOD loss: -0.1779
2025-09-04 11:44:39,129 - INFO - Boosted OOD loss: -0.1869
2025-09-04 11:44:40,138 - INFO - Boosted OOD loss: -0.1316
2025-09-04 11:44:40,663 - INFO - Boosted OOD loss: -0.1831
2025-09-04 11:44:41,182 - INFO - Boosted OOD loss: -0.1285
2025-09-04 11:44:41,706 - INFO - Boosted OOD loss: -0.1787
2025-09-04 11:44:42,227 - INFO - Boosted OOD loss: -0.1330
2025-09-04 11:44:42,751 - INFO - Boosted OOD loss: -0.1283
2025-09-04 11:44:43,269 - INFO - Boosted OOD loss: -0.1777
2025-09-04 11:44:44,286 - INFO - Boosted OOD loss: -0.1280
2025-09-04 11:44:44,808 - INFO - Boosted OOD loss: -0.1691
2025-09-04 11:44:45,329 - INFO - Boosted OOD loss: -0.1458
2025-09-04 11:44:46,336 - INFO - Boosted OOD loss: -0.2068
2025-09-04 11:44:46,857 - INFO - Boosted OOD loss: -0.1895
2025-09-04 11:44:47,377 - INFO - Boosted OOD loss: -0.1734
2025-09-04 11:44:47,900 - INFO - Boosted OOD loss: -0.1178
2025-09-04 11:44:48,910 - INFO - Boosted OOD loss: -0.1523
2025-09-04 11:44:49,428 - INFO - Boosted OOD loss: -0.1727
2025-09-04 11:44:49,429 - INFO - Step 850 Loss Debug:
2025-09-04 11:44:49,430 - INFO -  CE: 2.1655
2025-09-04 11:44:49,430 - INFO -  OOD: -0.1727
2025-09-04 11:44:49,430 - INFO -  β: 32.00
2025-09-04 11:44:49,431 - INFO -  ID: 27784, OOD(254): 130
2025-09-04 11:44:49,952 - INFO - Boosted OOD loss: -0.1760
2025-09-04 11:44:50,473 - INFO - Boosted OOD loss: -0.1810
2025-09-04 11:44:51,968 - INFO - Boosted OOD loss: -0.2003
2025-09-04 11:44:52,978 - INFO - Boosted OOD loss: -0.1686
2025-09-04 11:44:53,498 - INFO - Boosted OOD loss: -0.1142
2025-09-04 11:44:54,021 - INFO - Boosted OOD loss: -0.1376
2025-09-04 11:44:54,541 - INFO - Boosted OOD loss: -0.1224
2025-09-04 11:44:56,037 - INFO - Boosted OOD loss: -0.1852
2025-09-04 11:44:57,036 - INFO - Boosted OOD loss: -0.1744
2025-09-04 11:44:58,044 - INFO - Boosted OOD loss: -0.1405
2025-09-04 11:44:58,564 - INFO - Boosted OOD loss: -0.1548
2025-09-04 11:44:59,086 - INFO - Boosted OOD loss: -0.1615
2025-09-04 11:44:59,596 - INFO - Boosted OOD loss: -0.1498
2025-09-04 11:45:01,580 - INFO - Boosted OOD loss: -0.1532
2025-09-04 11:45:02,097 - INFO - Boosted OOD loss: -0.1553
2025-09-04 11:45:04,561 - INFO - Boosted OOD loss: -0.1764
2025-09-04 11:45:05,565 - INFO - Boosted OOD loss: -0.1255
2025-09-04 11:45:06,570 - INFO - Boosted OOD loss: -0.1245
2025-09-04 11:45:07,087 - INFO - Boosted OOD loss: -0.1645
2025-09-04 11:45:08,082 - INFO - Boosted OOD loss: -0.1856
2025-09-04 11:45:08,595 - INFO - Boosted OOD loss: -0.1208
2025-09-04 11:45:09,251 - INFO - Updated beta to 11.74 (exp decay)
2025-09-04 11:45:30,824 - WARNING - Negative mean energy—verify E_b formula/signs
2025-09-04 11:45:30,825 - INFO - Weights updated successfully
2025-09-04 11:45:30,825 - INFO - Advanced epoch 2 - Updated beta: 11.74
2025-09-04 11:45:30,825 - INFO - Epoch 2 - Avg CE: 1.8653, Avg OOD: -0.0936, β: 32
2025-09-04 11:45:30,941 - INFO - 
Starting Epoch 3/100
2025-09-04 11:45:30,941 - INFO - ============================================================
2025-09-04 11:45:30,943 - INFO - 
Updating Hopfield boosting weights at epoch 3...
2025-09-04 11:45:52,004 - WARNING - Negative mean energy—verify E_b formula/signs
2025-09-04 11:45:52,004 - INFO - Weights updated successfully
2025-09-04 11:45:54,730 - INFO - Boosted OOD loss: -0.1451
2025-09-04 11:45:55,222 - INFO - Boosted OOD loss: -0.1545
2025-09-04 11:45:55,713 - INFO - Boosted OOD loss: -0.1707
2025-09-04 11:45:56,671 - INFO - Boosted OOD loss: -0.1831
2025-09-04 11:45:57,162 - INFO - Boosted OOD loss: -0.1504
2025-09-04 11:45:57,662 - INFO - Boosted OOD loss: -0.1675
2025-09-04 11:45:58,622 - INFO - Boosted OOD loss: -0.1844
2025-09-04 11:45:59,118 - INFO - Boosted OOD loss: -0.1344
2025-09-04 11:45:59,615 - INFO - Boosted OOD loss: -0.1257
2025-09-04 11:45:59,615 - INFO - Step 900 Loss Debug:
2025-09-04 11:45:59,616 - INFO -  CE: 2.0365
2025-09-04 11:45:59,617 - INFO -  OOD: -0.1257
2025-09-04 11:45:59,617 - INFO -  β: 32.00
2025-09-04 11:45:59,617 - INFO -  ID: 24576, OOD(254): 4643
2025-09-04 11:46:00,114 - INFO - Boosted OOD loss: -0.1392
2025-09-04 11:46:00,612 - INFO - Boosted OOD loss: -0.1425
2025-09-04 11:46:01,576 - INFO - Boosted OOD loss: -0.1522
2025-09-04 11:46:03,949 - INFO - Boosted OOD loss: -0.1450
2025-09-04 11:46:04,444 - INFO - Boosted OOD loss: -0.1633
2025-09-04 11:46:04,943 - INFO - Boosted OOD loss: -0.1617
2025-09-04 11:46:08,263 - INFO - Boosted OOD loss: -0.1864
2025-09-04 11:46:08,763 - INFO - Boosted OOD loss: -0.1395
2025-09-04 11:46:09,264 - INFO - Boosted OOD loss: -0.1282
2025-09-04 11:46:09,767 - INFO - Boosted OOD loss: -0.1926
2025-09-04 11:46:10,268 - INFO - Boosted OOD loss: -0.1592
2025-09-04 11:46:11,239 - INFO - Boosted OOD loss: -0.1446
2025-09-04 11:46:11,738 - INFO - Boosted OOD loss: -0.1519
2025-09-04 11:46:12,238 - INFO - Boosted OOD loss: -0.1358
2025-09-04 11:46:13,211 - INFO - Boosted OOD loss: -0.1807
2025-09-04 11:46:14,179 - INFO - Boosted OOD loss: -0.1969
2025-09-04 11:46:15,150 - INFO - Boosted OOD loss: -0.1938
2025-09-04 11:46:15,654 - INFO - Boosted OOD loss: -0.1690
2025-09-04 11:46:17,096 - INFO - Boosted OOD loss: -0.1809
2025-09-04 11:46:18,547 - INFO - Boosted OOD loss: -0.1759
2025-09-04 11:46:19,522 - INFO - Boosted OOD loss: -0.1764
2025-09-04 11:46:21,448 - INFO - Boosted OOD loss: -0.1837
2025-09-04 11:46:21,953 - INFO - Boosted OOD loss: -0.1784
2025-09-04 11:46:22,938 - INFO - Boosted OOD loss: -0.1629
2025-09-04 11:46:25,341 - INFO - Boosted OOD loss: -0.1253
2025-09-04 11:46:26,315 - INFO - Boosted OOD loss: -0.1542
2025-09-04 11:46:27,298 - INFO - Boosted OOD loss: -0.1617
2025-09-04 11:46:28,287 - INFO - Boosted OOD loss: -0.1695
2025-09-04 11:46:28,796 - INFO - Boosted OOD loss: -0.1617
2025-09-04 11:46:29,303 - INFO - Boosted OOD loss: -0.1180
2025-09-04 11:46:29,811 - INFO - Boosted OOD loss: -0.1259
2025-09-04 11:46:30,318 - INFO - Boosted OOD loss: -0.1644
2025-09-04 11:46:30,828 - INFO - Boosted OOD loss: -0.1342
2025-09-04 11:46:31,813 - INFO - Boosted OOD loss: -0.2142
2025-09-04 11:46:32,321 - INFO - Boosted OOD loss: -0.1624
2025-09-04 11:46:32,832 - INFO - Boosted OOD loss: -0.1394
2025-09-04 11:46:33,825 - INFO - Boosted OOD loss: -0.1493
2025-09-04 11:46:34,817 - INFO - Boosted OOD loss: -0.1816
2025-09-04 11:46:36,295 - INFO - Boosted OOD loss: -0.1362
2025-09-04 11:46:36,816 - INFO - Boosted OOD loss: -0.1220
2025-09-04 11:46:37,330 - INFO - Boosted OOD loss: -0.1734
2025-09-04 11:46:37,851 - INFO - Boosted OOD loss: -0.1503
2025-09-04 11:46:38,363 - INFO - Boosted OOD loss: -0.1514
2025-09-04 11:46:38,878 - INFO - Boosted OOD loss: -0.1502
2025-09-04 11:46:39,880 - INFO - Boosted OOD loss: -0.1451
2025-09-04 11:46:40,394 - INFO - Boosted OOD loss: -0.1191
2025-09-04 11:46:40,916 - INFO - Boosted OOD loss: -0.1688
2025-09-04 11:46:41,426 - INFO - Boosted OOD loss: -0.1641
2025-09-04 11:46:41,945 - INFO - Boosted OOD loss: -0.1273
2025-09-04 11:46:42,461 - INFO - Boosted OOD loss: -0.1480
2025-09-04 11:46:42,984 - INFO - Boosted OOD loss: -0.1357
2025-09-04 11:46:43,994 - INFO - Boosted OOD loss: -0.1579
2025-09-04 11:46:44,515 - INFO - Boosted OOD loss: -0.1561
2025-09-04 11:46:45,038 - INFO - Boosted OOD loss: -0.1327
2025-09-04 11:46:45,564 - INFO - Boosted OOD loss: -0.1483
2025-09-04 11:46:46,571 - INFO - Boosted OOD loss: -0.1599
2025-09-04 11:46:47,092 - INFO - Boosted OOD loss: -0.1965
2025-09-04 11:46:49,092 - INFO - Boosted OOD loss: -0.1780
2025-09-04 11:46:49,092 - INFO - Step 1000 Loss Debug:
2025-09-04 11:46:49,092 - INFO -  CE: 2.1089
2025-09-04 11:46:49,094 - INFO -  OOD: -0.1780
2025-09-04 11:46:49,094 - INFO -  β: 32.00
2025-09-04 11:46:49,095 - INFO -  ID: 27107, OOD(254): 1245
2025-09-04 11:46:50,108 - INFO - Boosted OOD loss: -0.1946
2025-09-04 11:46:50,626 - INFO - Boosted OOD loss: -0.1364
2025-09-04 11:46:51,151 - INFO - Boosted OOD loss: -0.1645
2025-09-04 11:46:51,672 - INFO - Boosted OOD loss: -0.1793
2025-09-04 11:46:52,197 - INFO - Boosted OOD loss: -0.1270
2025-09-04 11:46:52,727 - INFO - Boosted OOD loss: -0.1291
2025-09-04 11:46:53,253 - INFO - Boosted OOD loss: -0.1619
2025-09-04 11:46:53,777 - INFO - Boosted OOD loss: -0.1267
2025-09-04 11:46:54,297 - INFO - Boosted OOD loss: -0.1186
2025-09-04 11:46:54,823 - INFO - Boosted OOD loss: -0.1090
2025-09-04 11:46:55,843 - INFO - Boosted OOD loss: -0.1121
2025-09-04 11:46:56,369 - INFO - Boosted OOD loss: -0.1683
2025-09-04 11:46:56,897 - INFO - Boosted OOD loss: -0.1384
2025-09-04 11:46:57,421 - INFO - Boosted OOD loss: -0.1510
2025-09-04 11:46:58,442 - INFO - Boosted OOD loss: -0.1198
2025-09-04 11:46:58,972 - INFO - Boosted OOD loss: -0.1305
2025-09-04 11:46:59,996 - INFO - Boosted OOD loss: -0.1205
2025-09-04 11:47:01,525 - INFO - Boosted OOD loss: -0.1117
2025-09-04 11:47:04,037 - INFO - Boosted OOD loss: -0.1323
2025-09-04 11:47:05,057 - INFO - Boosted OOD loss: -0.1725
2025-09-04 11:47:06,077 - INFO - Boosted OOD loss: -0.1191
2025-09-04 11:47:06,602 - INFO - Boosted OOD loss: -0.1498
2025-09-04 11:47:07,669 - INFO - Boosted OOD loss: -0.1441
2025-09-04 11:47:09,188 - INFO - Boosted OOD loss: -0.1823
2025-09-04 11:47:09,726 - INFO - Boosted OOD loss: -0.1573
2025-09-04 11:47:11,252 - INFO - Boosted OOD loss: -0.1404
2025-09-04 11:47:11,784 - INFO - Boosted OOD loss: -0.1373
2025-09-04 11:47:12,309 - INFO - Boosted OOD loss: -0.1736
2025-09-04 11:47:12,838 - INFO - Boosted OOD loss: -0.1833
2025-09-04 11:47:13,364 - INFO - Boosted OOD loss: -0.1230
2025-09-04 11:47:15,390 - INFO - Boosted OOD loss: -0.1476
2025-09-04 11:47:15,931 - INFO - Boosted OOD loss: -0.1088
2025-09-04 11:47:16,457 - INFO - Boosted OOD loss: -0.1749
2025-09-04 11:47:16,988 - INFO - Boosted OOD loss: -0.1359
2025-09-04 11:47:18,523 - INFO - Boosted OOD loss: -0.1419
2025-09-04 11:47:19,049 - INFO - Boosted OOD loss: -0.1473
2025-09-04 11:47:19,576 - INFO - Boosted OOD loss: -0.1396
2025-09-04 11:47:20,097 - INFO - Boosted OOD loss: -0.1700
2025-09-04 11:47:21,124 - INFO - Boosted OOD loss: -0.1259
2025-09-04 11:47:21,672 - INFO - Boosted OOD loss: -0.1095
2025-09-04 11:47:22,212 - INFO - Boosted OOD loss: -0.1668
2025-09-04 11:47:23,244 - INFO - Boosted OOD loss: -0.1300
2025-09-04 11:47:24,766 - INFO - Boosted OOD loss: -0.1454
2025-09-04 11:47:25,297 - INFO - Boosted OOD loss: -0.1843
2025-09-04 11:47:26,325 - INFO - Boosted OOD loss: -0.1355
2025-09-04 11:47:26,853 - INFO - Boosted OOD loss: -0.1653
2025-09-04 11:47:27,386 - INFO - Boosted OOD loss: -0.1348
2025-09-04 11:47:27,914 - INFO - Boosted OOD loss: -0.1366
2025-09-04 11:47:28,446 - INFO - Boosted OOD loss: -0.1796
2025-09-04 11:47:28,988 - INFO - Boosted OOD loss: -0.1308
2025-09-04 11:47:29,518 - INFO - Boosted OOD loss: -0.1146
2025-09-04 11:47:30,541 - INFO - Boosted OOD loss: -0.1259
2025-09-04 11:47:31,073 - INFO - Boosted OOD loss: -0.1622
2025-09-04 11:47:33,103 - INFO - Boosted OOD loss: -0.1316
2025-09-04 11:47:33,629 - INFO - Boosted OOD loss: -0.1751
2025-09-04 11:47:34,162 - INFO - Boosted OOD loss: -0.1381
2025-09-04 11:47:35,193 - INFO - Boosted OOD loss: -0.1588
2025-09-04 11:47:35,727 - INFO - Boosted OOD loss: -0.1424
2025-09-04 11:47:37,265 - INFO - Boosted OOD loss: -0.1667
2025-09-04 11:47:37,799 - INFO - Boosted OOD loss: -0.1585
2025-09-04 11:47:38,324 - INFO - Boosted OOD loss: -0.1378
2025-09-04 11:47:38,858 - INFO - Boosted OOD loss: -0.1231
2025-09-04 11:47:40,385 - INFO - Boosted OOD loss: -0.2007
2025-09-04 11:47:40,911 - WARNING - No anomaly pixels (254) found in batch
2025-09-04 11:47:41,410 - INFO - Boosted OOD loss: -0.1498
2025-09-04 11:47:42,937 - INFO - Boosted OOD loss: -0.1634
2025-09-04 11:47:43,972 - INFO - Boosted OOD loss: -0.1894
2025-09-04 11:47:45,008 - INFO - Boosted OOD loss: -0.1861
2025-09-04 11:47:45,538 - INFO - Boosted OOD loss: -0.1367
2025-09-04 11:47:46,071 - INFO - Boosted OOD loss: -0.1942
2025-09-04 11:47:46,606 - INFO - Boosted OOD loss: -0.1975
2025-09-04 11:47:48,128 - INFO - Boosted OOD loss: -0.1597
2025-09-04 11:47:49,662 - INFO - Boosted OOD loss: -0.1406
2025-09-04 11:47:51,194 - INFO - Boosted OOD loss: -0.1606
2025-09-04 11:47:51,724 - INFO - Boosted OOD loss: -0.1273
2025-09-04 11:47:52,759 - INFO - Boosted OOD loss: -0.1338
2025-09-04 11:47:53,285 - INFO - Boosted OOD loss: -0.1669
2025-09-04 11:47:54,314 - INFO - Boosted OOD loss: -0.1535
2025-09-04 11:47:55,356 - INFO - Boosted OOD loss: -0.1211
2025-09-04 11:47:55,889 - INFO - Boosted OOD loss: -0.1527
2025-09-04 11:47:58,435 - INFO - Boosted OOD loss: -0.1869
2025-09-04 11:47:58,963 - INFO - Boosted OOD loss: -0.1971
2025-09-04 11:47:59,995 - INFO - Boosted OOD loss: -0.1421
2025-09-04 11:48:01,029 - INFO - Boosted OOD loss: -0.1955
2025-09-04 11:48:01,561 - INFO - Boosted OOD loss: -0.1712
2025-09-04 11:48:02,596 - INFO - Boosted OOD loss: -0.1646
2025-09-04 11:48:03,132 - INFO - Boosted OOD loss: -0.1469
2025-09-04 11:48:04,170 - INFO - Boosted OOD loss: -0.1324
2025-09-04 11:48:04,705 - INFO - Boosted OOD loss: -0.1152
2025-09-04 11:48:06,741 - INFO - Boosted OOD loss: -0.1435
2025-09-04 11:48:06,741 - INFO - Step 1150 Loss Debug:
2025-09-04 11:48:06,743 - INFO -  CE: 1.8437
2025-09-04 11:48:06,743 - INFO -  OOD: -0.1435
2025-09-04 11:48:06,743 - INFO -  β: 32.00
2025-09-04 11:48:06,743 - INFO -  ID: 24674, OOD(254): 474
2025-09-04 11:48:07,782 - INFO - Boosted OOD loss: -0.2089
2025-09-04 11:48:08,317 - INFO - Boosted OOD loss: -0.1800
2025-09-04 11:48:08,840 - INFO - Boosted OOD loss: -0.1712
2025-09-04 11:48:09,373 - INFO - Boosted OOD loss: -0.1474
2025-09-04 11:48:09,904 - INFO - Boosted OOD loss: -0.1863
2025-09-04 11:48:10,437 - INFO - Boosted OOD loss: -0.1436
2025-09-04 11:48:10,970 - INFO - Boosted OOD loss: -0.1997
2025-09-04 11:48:11,502 - INFO - Boosted OOD loss: -0.1465
2025-09-04 11:48:12,037 - INFO - Boosted OOD loss: -0.1899
2025-09-04 11:48:13,575 - INFO - Boosted OOD loss: -0.1601
2025-09-04 11:48:14,606 - INFO - Boosted OOD loss: -0.1728
2025-09-04 11:48:15,136 - INFO - Boosted OOD loss: -0.1508
2025-09-04 11:48:15,675 - INFO - Boosted OOD loss: -0.1220
2025-09-04 11:48:17,712 - INFO - Boosted OOD loss: -0.1534
2025-09-04 11:48:18,248 - INFO - Boosted OOD loss: -0.1132
2025-09-04 11:48:19,279 - INFO - Boosted OOD loss: -0.1611
2025-09-04 11:48:20,812 - INFO - Boosted OOD loss: -0.1208
2025-09-04 11:48:21,834 - INFO - Boosted OOD loss: -0.1901
2025-09-04 11:48:22,356 - INFO - Boosted OOD loss: -0.1721
2025-09-04 11:48:22,889 - INFO - Boosted OOD loss: -0.1654
2025-09-04 11:48:23,418 - INFO - Boosted OOD loss: -0.1793
2025-09-04 11:48:23,948 - INFO - Boosted OOD loss: -0.2113
2025-09-04 11:48:24,983 - INFO - Boosted OOD loss: -0.1341
2025-09-04 11:48:26,018 - INFO - Boosted OOD loss: -0.1106
2025-09-04 11:48:27,547 - INFO - Boosted OOD loss: -0.1957
2025-09-04 11:48:28,579 - INFO - Boosted OOD loss: -0.1483
2025-09-04 11:48:29,108 - INFO - Boosted OOD loss: -0.1282
2025-09-04 11:48:30,639 - INFO - Boosted OOD loss: -0.1596
2025-09-04 11:48:31,665 - INFO - Boosted OOD loss: -0.1234
2025-09-04 11:48:32,188 - INFO - Boosted OOD loss: -0.1969
2025-09-04 11:48:32,717 - INFO - Boosted OOD loss: -0.2106
2025-09-04 11:48:32,717 - INFO - Step 1200 Loss Debug:
2025-09-04 11:48:32,718 - INFO -  CE: 2.0284
2025-09-04 11:48:32,719 - INFO -  OOD: -0.2106
2025-09-04 11:48:32,719 - INFO -  β: 32.00
2025-09-04 11:48:32,719 - INFO -  ID: 29421, OOD(254): 10
2025-09-04 11:48:33,246 - INFO - Boosted OOD loss: -0.2091
2025-09-04 11:48:33,773 - INFO - Boosted OOD loss: -0.1767
2025-09-04 11:48:35,799 - INFO - Boosted OOD loss: -0.1659
2025-09-04 11:48:37,315 - INFO - Boosted OOD loss: -0.1741
2025-09-04 11:48:38,842 - INFO - Boosted OOD loss: -0.1601
2025-09-04 11:48:39,363 - INFO - Boosted OOD loss: -0.1548
2025-09-04 11:48:39,891 - INFO - Boosted OOD loss: -0.1954
2025-09-04 11:48:40,918 - INFO - Boosted OOD loss: -0.1819
2025-09-04 11:48:41,944 - INFO - Boosted OOD loss: -0.1943
2025-09-04 11:48:42,467 - INFO - Boosted OOD loss: -0.1773
2025-09-04 11:48:42,995 - INFO - Boosted OOD loss: -0.1754
2025-09-04 11:48:44,023 - INFO - Boosted OOD loss: -0.1789
2025-09-04 11:48:44,551 - INFO - Boosted OOD loss: -0.2017
2025-09-04 11:48:45,076 - INFO - Boosted OOD loss: -0.1710
2025-09-04 11:48:45,604 - INFO - Boosted OOD loss: -0.1673
2025-09-04 11:48:46,623 - INFO - Boosted OOD loss: -0.1859
2025-09-04 11:48:47,141 - INFO - Boosted OOD loss: -0.1458
2025-09-04 11:48:47,671 - INFO - Boosted OOD loss: -0.1592
2025-09-04 11:48:48,191 - INFO - Boosted OOD loss: -0.1643
2025-09-04 11:48:48,720 - INFO - Boosted OOD loss: -0.1850
2025-09-04 11:48:49,754 - INFO - Boosted OOD loss: -0.2199
2025-09-04 11:48:50,284 - INFO - Boosted OOD loss: -0.1757
2025-09-04 11:48:50,807 - INFO - Boosted OOD loss: -0.2020
2025-09-04 11:48:51,338 - INFO - Boosted OOD loss: -0.1225
2025-09-04 11:48:53,339 - INFO - Boosted OOD loss: -0.1829
2025-09-04 11:48:54,367 - INFO - Boosted OOD loss: -0.1593
2025-09-04 11:48:54,889 - INFO - Boosted OOD loss: -0.1781
2025-09-04 11:48:56,409 - INFO - Boosted OOD loss: -0.1962
2025-09-04 11:48:56,929 - INFO - Boosted OOD loss: -0.1957
2025-09-04 11:48:57,454 - INFO - Boosted OOD loss: -0.1882
2025-09-04 11:48:57,974 - INFO - Boosted OOD loss: -0.2060
2025-09-04 11:48:58,503 - INFO - Boosted OOD loss: -0.2047
2025-09-04 11:48:58,503 - INFO - Step 1250 Loss Debug:
2025-09-04 11:48:58,504 - INFO -  CE: 1.8528
2025-09-04 11:48:58,505 - INFO -  OOD: -0.2047
2025-09-04 11:48:58,506 - INFO -  β: 32.00
2025-09-04 11:48:58,507 - INFO -  ID: 24880, OOD(254): 41
2025-09-04 11:48:59,023 - INFO - Boosted OOD loss: -0.2239
2025-09-04 11:48:59,548 - INFO - Boosted OOD loss: -0.1230
2025-09-04 11:49:00,569 - INFO - Boosted OOD loss: -0.1567
2025-09-04 11:49:01,586 - INFO - Boosted OOD loss: -0.1747
2025-09-04 11:49:02,102 - INFO - Boosted OOD loss: -0.1646
2025-09-04 11:49:03,115 - INFO - Boosted OOD loss: -0.1391
2025-09-04 11:49:04,131 - INFO - Boosted OOD loss: -0.2085
2025-09-04 11:49:04,652 - INFO - Boosted OOD loss: -0.2020
2025-09-04 11:49:05,167 - INFO - Boosted OOD loss: -0.1433
2025-09-04 11:49:05,694 - INFO - Boosted OOD loss: -0.1484
2025-09-04 11:49:06,216 - INFO - Boosted OOD loss: -0.1583
2025-09-04 11:49:07,723 - INFO - Boosted OOD loss: -0.1674
2025-09-04 11:49:09,225 - INFO - Boosted OOD loss: -0.1178
2025-09-04 11:49:09,752 - INFO - Boosted OOD loss: -0.1799
2025-09-04 11:49:10,276 - INFO - Boosted OOD loss: -0.1646
2025-09-04 11:49:11,293 - INFO - Boosted OOD loss: -0.1697
2025-09-04 11:49:12,306 - INFO - Boosted OOD loss: -0.1657
2025-09-04 11:49:12,828 - INFO - Boosted OOD loss: -0.2076
2025-09-04 11:49:13,348 - INFO - Boosted OOD loss: -0.1714
2025-09-04 11:49:13,866 - INFO - Boosted OOD loss: -0.1691
2025-09-04 11:49:14,384 - INFO - Boosted OOD loss: -0.1491
2025-09-04 11:49:15,891 - INFO - Boosted OOD loss: -0.1197
2025-09-04 11:49:16,903 - INFO - Boosted OOD loss: -0.1850
2025-09-04 11:49:17,421 - INFO - Boosted OOD loss: -0.1753
2025-09-04 11:49:17,940 - INFO - Boosted OOD loss: -0.1870
2025-09-04 11:49:18,456 - INFO - Boosted OOD loss: -0.1741
2025-09-04 11:49:20,468 - INFO - Boosted OOD loss: -0.1666
2025-09-04 11:49:20,985 - INFO - Boosted OOD loss: -0.1493
2025-09-04 11:49:21,991 - INFO - Boosted OOD loss: -0.1660
2025-09-04 11:49:22,996 - INFO - Boosted OOD loss: -0.1448
2025-09-04 11:49:23,994 - WARNING - No anomaly pixels (254) found in batch
2025-09-04 11:49:26,929 - INFO - Boosted OOD loss: -0.1600
2025-09-04 11:49:27,448 - INFO - Boosted OOD loss: -0.1496
2025-09-04 11:49:28,463 - INFO - Boosted OOD loss: -0.1313
2025-09-04 11:49:28,984 - INFO - Boosted OOD loss: -0.2124
2025-09-04 11:49:29,501 - INFO - Boosted OOD loss: -0.1248
2025-09-04 11:49:30,021 - INFO - Boosted OOD loss: -0.1588
2025-09-04 11:49:32,002 - INFO - Boosted OOD loss: -0.1259
2025-09-04 11:49:33,019 - INFO - Boosted OOD loss: -0.1371
2025-09-04 11:49:33,540 - INFO - Boosted OOD loss: -0.1873
2025-09-04 11:49:34,546 - INFO - Boosted OOD loss: -0.2090
2025-09-04 11:49:35,059 - INFO - Boosted OOD loss: -0.2081
2025-09-04 11:49:35,577 - INFO - Boosted OOD loss: -0.1534
2025-09-04 11:49:37,063 - INFO - Boosted OOD loss: -0.1683
2025-09-04 11:49:37,583 - INFO - Boosted OOD loss: -0.1829
2025-09-04 11:49:38,098 - INFO - Boosted OOD loss: -0.1575
2025-09-04 11:49:38,615 - INFO - Boosted OOD loss: -0.1795
2025-09-04 11:49:41,066 - INFO - Boosted OOD loss: -0.1339
2025-09-04 11:49:41,225 - INFO - Updated beta to 11.61 (exp decay)
2025-09-04 11:50:02,850 - WARNING - Negative mean energy—verify E_b formula/signs
2025-09-04 11:50:02,850 - INFO - Weights updated successfully
2025-09-04 11:50:02,850 - INFO - Advanced epoch 3 - Updated beta: 11.61
2025-09-04 11:50:02,851 - INFO - Epoch 3 - Avg CE: 1.8498, Avg OOD: -0.0953, β: 32
2025-09-04 11:50:02,966 - INFO - 
Starting Epoch 4/100
2025-09-04 11:50:02,967 - INFO - ============================================================
2025-09-04 11:50:02,969 - INFO - 
Updating Hopfield boosting weights at epoch 4...
2025-09-04 11:50:25,234 - WARNING - Negative mean energy—verify E_b formula/signs
2025-09-04 11:50:25,235 - INFO - Weights updated successfully
2025-09-04 11:50:28,262 - INFO - Boosted OOD loss: -0.1736
2025-09-04 11:50:28,756 - INFO - Boosted OOD loss: -0.1762
2025-09-04 11:50:29,248 - INFO - Boosted OOD loss: -0.2036
2025-09-04 11:50:29,737 - INFO - Boosted OOD loss: -0.1524
2025-09-04 11:50:30,228 - INFO - Boosted OOD loss: -0.1617
2025-09-04 11:50:30,724 - INFO - Boosted OOD loss: -0.1232
2025-09-04 11:50:32,291 - INFO - Boosted OOD loss: -0.1755
2025-09-04 11:50:33,252 - INFO - Boosted OOD loss: -0.1801
2025-09-04 11:50:35,197 - INFO - Boosted OOD loss: -0.1779
2025-09-04 11:50:35,690 - INFO - Boosted OOD loss: -0.1298
2025-09-04 11:50:35,691 - INFO - Step 1350 Loss Debug:
2025-09-04 11:50:35,691 - INFO -  CE: 1.9127
2025-09-04 11:50:35,694 - INFO -  OOD: -0.1298
2025-09-04 11:50:35,694 - INFO -  β: 32.00
2025-09-04 11:50:35,694 - INFO -  ID: 27715, OOD(254): 437
2025-09-04 11:50:36,194 - INFO - Boosted OOD loss: -0.1711
2025-09-04 11:50:36,691 - INFO - Boosted OOD loss: -0.1653
2025-09-04 11:50:37,191 - INFO - Boosted OOD loss: -0.1317
2025-09-04 11:50:37,692 - INFO - Boosted OOD loss: -0.1801
2025-09-04 11:50:39,598 - INFO - Boosted OOD loss: -0.1979
2025-09-04 11:50:40,568 - INFO - Boosted OOD loss: -0.2030
2025-09-04 11:50:41,066 - INFO - Boosted OOD loss: -0.1499
2025-09-04 11:50:42,034 - INFO - Boosted OOD loss: -0.1354
2025-09-04 11:50:42,538 - INFO - Boosted OOD loss: -0.1437
2025-09-04 11:50:43,039 - INFO - Boosted OOD loss: -0.1226
2025-09-04 11:50:43,538 - INFO - Boosted OOD loss: -0.1251
2025-09-04 11:50:44,039 - INFO - Boosted OOD loss: -0.1902
2025-09-04 11:50:44,552 - INFO - Boosted OOD loss: -0.2056
2025-09-04 11:50:45,050 - INFO - Boosted OOD loss: -0.2035
2025-09-04 11:50:45,547 - INFO - Boosted OOD loss: -0.1476
2025-09-04 11:50:46,056 - INFO - Boosted OOD loss: -0.1316
2025-09-04 11:50:47,983 - INFO - Boosted OOD loss: -0.1201
2025-09-04 11:50:48,486 - INFO - Boosted OOD loss: -0.1757
2025-09-04 11:50:49,468 - INFO - Boosted OOD loss: -0.1435
2025-09-04 11:50:49,971 - INFO - Boosted OOD loss: -0.1962
2025-09-04 11:50:50,476 - INFO - Boosted OOD loss: -0.1355
2025-09-04 11:50:50,980 - INFO - Boosted OOD loss: -0.1558
2025-09-04 11:50:51,481 - INFO - Boosted OOD loss: -0.1963
2025-09-04 11:50:51,986 - INFO - Boosted OOD loss: -0.1613
2025-09-04 11:50:52,489 - INFO - Boosted OOD loss: -0.1274
2025-09-04 11:50:53,943 - INFO - Boosted OOD loss: -0.1164
2025-09-04 11:50:54,448 - INFO - Boosted OOD loss: -0.1624
2025-09-04 11:50:55,429 - INFO - Boosted OOD loss: -0.1549
2025-09-04 11:50:57,367 - INFO - Boosted OOD loss: -0.1690
2025-09-04 11:50:58,353 - INFO - Boosted OOD loss: -0.1314
2025-09-04 11:50:58,863 - INFO - Boosted OOD loss: -0.1458
2025-09-04 11:51:00,314 - WARNING - No anomaly pixels (254) found in batch
2025-09-04 11:51:01,270 - INFO - Boosted OOD loss: -0.1999
2025-09-04 11:51:01,778 - INFO - Boosted OOD loss: -0.1879
2025-09-04 11:51:02,285 - INFO - Boosted OOD loss: -0.1450
2025-09-04 11:51:02,792 - INFO - Boosted OOD loss: -0.1489
2025-09-04 11:51:03,780 - INFO - Boosted OOD loss: -0.1416
2025-09-04 11:51:04,289 - INFO - Boosted OOD loss: -0.1428
2025-09-04 11:51:06,235 - INFO - Boosted OOD loss: -0.1432
2025-09-04 11:51:07,224 - INFO - Boosted OOD loss: -0.1898
2025-09-04 11:51:07,741 - INFO - Boosted OOD loss: -0.2106
2025-09-04 11:51:08,250 - INFO - Boosted OOD loss: -0.1237
2025-09-04 11:51:09,729 - INFO - Boosted OOD loss: -0.1245
2025-09-04 11:51:10,245 - INFO - Boosted OOD loss: -0.1323
2025-09-04 11:51:10,768 - INFO - Boosted OOD loss: -0.1424
2025-09-04 11:51:11,283 - INFO - Boosted OOD loss: -0.1273
2025-09-04 11:51:12,291 - INFO - Boosted OOD loss: -0.1493
2025-09-04 11:51:13,781 - INFO - Boosted OOD loss: -0.1430
2025-09-04 11:51:14,302 - INFO - Boosted OOD loss: -0.2041
2025-09-04 11:51:14,820 - INFO - Boosted OOD loss: -0.1722
2025-09-04 11:51:16,804 - INFO - Boosted OOD loss: -0.1657
2025-09-04 11:51:17,821 - INFO - Boosted OOD loss: -0.1807
2025-09-04 11:51:18,341 - INFO - Boosted OOD loss: -0.1521
2025-09-04 11:51:19,853 - INFO - Boosted OOD loss: -0.1613
2025-09-04 11:51:20,873 - INFO - Boosted OOD loss: -0.1386
2025-09-04 11:51:21,394 - INFO - Boosted OOD loss: -0.1172
2025-09-04 11:51:21,918 - INFO - Boosted OOD loss: -0.1639
2025-09-04 11:51:22,940 - INFO - Boosted OOD loss: -0.1885
2025-09-04 11:51:23,464 - INFO - Boosted OOD loss: -0.1790
2025-09-04 11:51:24,480 - INFO - Boosted OOD loss: -0.1478
2025-09-04 11:51:25,009 - INFO - Boosted OOD loss: -0.1694
2025-09-04 11:51:25,536 - INFO - Boosted OOD loss: -0.1886
2025-09-04 11:51:25,537 - INFO - Step 1450 Loss Debug:
2025-09-04 11:51:25,537 - INFO -  CE: 1.7911
2025-09-04 11:51:25,537 - INFO -  OOD: -0.1886
2025-09-04 11:51:25,537 - INFO -  β: 32.00
2025-09-04 11:51:25,537 - INFO -  ID: 30649, OOD(254): 171
2025-09-04 11:51:26,056 - INFO - Boosted OOD loss: -0.1541
2025-09-04 11:51:29,062 - INFO - Boosted OOD loss: -0.2006
2025-09-04 11:51:30,083 - INFO - Boosted OOD loss: -0.1578
2025-09-04 11:51:30,607 - INFO - Boosted OOD loss: -0.1286
2025-09-04 11:51:31,133 - INFO - Boosted OOD loss: -0.1685
2025-09-04 11:51:32,655 - INFO - Boosted OOD loss: -0.1289
2025-09-04 11:51:34,668 - INFO - Boosted OOD loss: -0.1974
2025-09-04 11:51:35,195 - INFO - Boosted OOD loss: -0.1807
2025-09-04 11:51:35,722 - INFO - Boosted OOD loss: -0.1305
2025-09-04 11:51:36,252 - INFO - Boosted OOD loss: -0.1562
2025-09-04 11:51:36,784 - INFO - Boosted OOD loss: -0.1939
2025-09-04 11:51:38,316 - INFO - Boosted OOD loss: -0.1292
2025-09-04 11:51:39,347 - INFO - Boosted OOD loss: -0.1872
2025-09-04 11:51:40,368 - INFO - Boosted OOD loss: -0.1768
2025-09-04 11:51:40,898 - INFO - Boosted OOD loss: -0.1876
2025-09-04 11:51:41,930 - INFO - Boosted OOD loss: -0.1682
2025-09-04 11:51:42,455 - INFO - Boosted OOD loss: -0.1836
2025-09-04 11:51:43,481 - INFO - Boosted OOD loss: -0.1654
2025-09-04 11:51:44,019 - INFO - Boosted OOD loss: -0.1298
2025-09-04 11:51:44,554 - INFO - Boosted OOD loss: -0.1543
2025-09-04 11:51:45,589 - INFO - Boosted OOD loss: -0.1119
2025-09-04 11:51:46,624 - INFO - Boosted OOD loss: -0.1559
2025-09-04 11:51:47,151 - INFO - Boosted OOD loss: -0.1710
2025-09-04 11:51:47,690 - INFO - Boosted OOD loss: -0.1423
2025-09-04 11:51:48,220 - INFO - Boosted OOD loss: -0.1796
2025-09-04 11:51:48,752 - INFO - Boosted OOD loss: -0.1802
2025-09-04 11:51:49,289 - INFO - Boosted OOD loss: -0.1621
2025-09-04 11:51:49,825 - INFO - Boosted OOD loss: -0.1849
2025-09-04 11:51:51,348 - WARNING - No anomaly pixels (254) found in batch
2025-09-04 11:51:51,857 - INFO - Boosted OOD loss: -0.1390
2025-09-04 11:51:52,889 - INFO - Boosted OOD loss: -0.1330
2025-09-04 11:51:53,422 - INFO - Boosted OOD loss: -0.2074
2025-09-04 11:51:53,953 - INFO - Boosted OOD loss: -0.1387
2025-09-04 11:51:54,482 - INFO - Boosted OOD loss: -0.1976
2025-09-04 11:51:55,017 - INFO - Boosted OOD loss: -0.2042
2025-09-04 11:51:55,549 - INFO - Boosted OOD loss: -0.1429
2025-09-04 11:51:56,580 - INFO - Boosted OOD loss: -0.1489
2025-09-04 11:51:57,115 - INFO - Boosted OOD loss: -0.2127
2025-09-04 11:51:57,640 - INFO - Boosted OOD loss: -0.1837
2025-09-04 11:51:58,171 - INFO - Boosted OOD loss: -0.1381
2025-09-04 11:51:59,211 - INFO - Boosted OOD loss: -0.1101
2025-09-04 11:51:59,746 - INFO - Boosted OOD loss: -0.1322
2025-09-04 11:52:00,771 - INFO - Boosted OOD loss: -0.1315
2025-09-04 11:52:01,295 - INFO - Boosted OOD loss: -0.1936
2025-09-04 11:52:01,825 - INFO - Boosted OOD loss: -0.1417
2025-09-04 11:52:02,357 - INFO - Boosted OOD loss: -0.1595
2025-09-04 11:52:03,901 - INFO - Boosted OOD loss: -0.1234
2025-09-04 11:52:04,937 - INFO - Boosted OOD loss: -0.2215
2025-09-04 11:52:06,479 - INFO - Boosted OOD loss: -0.1590
2025-09-04 11:52:07,005 - INFO - Boosted OOD loss: -0.1949
2025-09-04 11:52:07,536 - INFO - Boosted OOD loss: -0.1734
2025-09-04 11:52:09,069 - INFO - Boosted OOD loss: -0.1579
2025-09-04 11:52:09,603 - INFO - Boosted OOD loss: -0.1988
2025-09-04 11:52:10,138 - INFO - Boosted OOD loss: -0.1882
2025-09-04 11:52:11,181 - INFO - Boosted OOD loss: -0.1853
2025-09-04 11:52:11,711 - INFO - Boosted OOD loss: -0.2226
2025-09-04 11:52:12,745 - INFO - Boosted OOD loss: -0.2148
2025-09-04 11:52:13,282 - INFO - Boosted OOD loss: -0.1540
2025-09-04 11:52:15,316 - INFO - Boosted OOD loss: -0.1682
2025-09-04 11:52:16,843 - INFO - Boosted OOD loss: -0.2050
2025-09-04 11:52:18,883 - INFO - Boosted OOD loss: -0.1269
2025-09-04 11:52:19,418 - INFO - Boosted OOD loss: -0.2110
2025-09-04 11:52:21,449 - INFO - Boosted OOD loss: -0.2271
2025-09-04 11:52:22,480 - INFO - Boosted OOD loss: -0.1739
2025-09-04 11:52:23,012 - INFO - Boosted OOD loss: -0.1481
2025-09-04 11:52:24,052 - INFO - Boosted OOD loss: -0.2139
2025-09-04 11:52:24,582 - INFO - Boosted OOD loss: -0.1634
2025-09-04 11:52:25,619 - INFO - Boosted OOD loss: -0.1308
2025-09-04 11:52:26,157 - INFO - Boosted OOD loss: -0.1396
2025-09-04 11:52:26,682 - INFO - Boosted OOD loss: -0.1742
2025-09-04 11:52:28,714 - INFO - Boosted OOD loss: -0.1232
2025-09-04 11:52:31,774 - INFO - Boosted OOD loss: -0.1522
2025-09-04 11:52:32,318 - INFO - Boosted OOD loss: -0.1274
2025-09-04 11:52:33,855 - INFO - Boosted OOD loss: -0.1269
2025-09-04 11:52:34,399 - INFO - Boosted OOD loss: -0.1826
2025-09-04 11:52:34,932 - INFO - Boosted OOD loss: -0.1383
2025-09-04 11:52:35,461 - INFO - Boosted OOD loss: -0.1205
2025-09-04 11:52:35,998 - INFO - Boosted OOD loss: -0.2031
2025-09-04 11:52:36,524 - INFO - Boosted OOD loss: -0.1990
2025-09-04 11:52:37,555 - INFO - Boosted OOD loss: -0.1725
2025-09-04 11:52:38,092 - INFO - Boosted OOD loss: -0.1651
2025-09-04 11:52:38,630 - INFO - Boosted OOD loss: -0.1314
2025-09-04 11:52:39,668 - INFO - Boosted OOD loss: -0.1538
2025-09-04 11:52:40,201 - INFO - Boosted OOD loss: -0.1210
2025-09-04 11:52:40,738 - INFO - Boosted OOD loss: -0.1686
2025-09-04 11:52:41,271 - INFO - Boosted OOD loss: -0.1177
2025-09-04 11:52:41,804 - INFO - Boosted OOD loss: -0.1367
2025-09-04 11:52:42,340 - INFO - Boosted OOD loss: -0.1748
2025-09-04 11:52:43,366 - INFO - Boosted OOD loss: -0.1437
2025-09-04 11:52:43,366 - INFO - Step 1600 Loss Debug:
2025-09-04 11:52:43,368 - INFO -  CE: 1.6342
2025-09-04 11:52:43,369 - INFO -  OOD: -0.1437
2025-09-04 11:52:43,369 - INFO -  β: 32.00
2025-09-04 11:52:43,369 - INFO -  ID: 27524, OOD(254): 619
2025-09-04 11:52:43,897 - INFO - Boosted OOD loss: -0.1233
2025-09-04 11:52:44,435 - INFO - Boosted OOD loss: -0.1488
2025-09-04 11:52:44,971 - INFO - Boosted OOD loss: -0.1630
2025-09-04 11:52:45,507 - INFO - Boosted OOD loss: -0.1467
2025-09-04 11:52:46,045 - INFO - Boosted OOD loss: -0.1365
2025-09-04 11:52:46,575 - INFO - Boosted OOD loss: -0.1440
2025-09-04 11:52:47,617 - INFO - Boosted OOD loss: -0.1894
2025-09-04 11:52:48,149 - INFO - Boosted OOD loss: -0.1710
2025-09-04 11:52:49,180 - INFO - Boosted OOD loss: -0.1921
2025-09-04 11:52:49,717 - INFO - Boosted OOD loss: -0.1837
2025-09-04 11:52:50,746 - INFO - Boosted OOD loss: -0.1153
2025-09-04 11:52:51,776 - INFO - Boosted OOD loss: -0.1919
2025-09-04 11:52:52,814 - INFO - Boosted OOD loss: -0.1445
2025-09-04 11:52:53,345 - INFO - Boosted OOD loss: -0.1755
2025-09-04 11:52:53,880 - INFO - Boosted OOD loss: -0.1463
2025-09-04 11:52:54,419 - INFO - Boosted OOD loss: -0.1507
2025-09-04 11:52:54,945 - INFO - Boosted OOD loss: -0.1260
2025-09-04 11:52:55,480 - INFO - Boosted OOD loss: -0.2024
2025-09-04 11:52:56,004 - INFO - Boosted OOD loss: -0.2081
2025-09-04 11:52:56,537 - INFO - Boosted OOD loss: -0.1921
2025-09-04 11:52:57,070 - INFO - Boosted OOD loss: -0.1619
2025-09-04 11:52:57,594 - INFO - Boosted OOD loss: -0.2191
2025-09-04 11:52:58,130 - INFO - Boosted OOD loss: -0.1780
2025-09-04 11:52:59,167 - INFO - Boosted OOD loss: -0.2060
2025-09-04 11:52:59,693 - INFO - Boosted OOD loss: -0.2043
2025-09-04 11:53:00,725 - INFO - Boosted OOD loss: -0.1423
2025-09-04 11:53:01,757 - INFO - Boosted OOD loss: -0.1503
2025-09-04 11:53:02,286 - INFO - Boosted OOD loss: -0.1711
2025-09-04 11:53:02,817 - INFO - Boosted OOD loss: -0.1507
2025-09-04 11:53:03,341 - INFO - Boosted OOD loss: -0.1507
2025-09-04 11:53:04,367 - INFO - Boosted OOD loss: -0.1303
2025-09-04 11:53:04,903 - INFO - Boosted OOD loss: -0.1745
2025-09-04 11:53:05,431 - INFO - Boosted OOD loss: -0.1326
2025-09-04 11:53:06,464 - INFO - Boosted OOD loss: -0.1469
2025-09-04 11:53:06,997 - INFO - Boosted OOD loss: -0.1205
2025-09-04 11:53:08,031 - INFO - Boosted OOD loss: -0.1632
2025-09-04 11:53:08,565 - INFO - Boosted OOD loss: -0.1203
2025-09-04 11:53:09,596 - INFO - Boosted OOD loss: -0.1266
2025-09-04 11:53:09,596 - INFO - Step 1650 Loss Debug:
2025-09-04 11:53:09,597 - INFO -  CE: 1.9550
2025-09-04 11:53:09,598 - INFO -  OOD: -0.1266
2025-09-04 11:53:09,598 - INFO -  β: 32.00
2025-09-04 11:53:09,598 - INFO -  ID: 24026, OOD(254): 996
2025-09-04 11:53:10,129 - INFO - Boosted OOD loss: -0.1583
2025-09-04 11:53:12,151 - INFO - Boosted OOD loss: -0.1244
2025-09-04 11:53:12,683 - INFO - Boosted OOD loss: -0.1757
2025-09-04 11:53:13,706 - INFO - Boosted OOD loss: -0.1669
2025-09-04 11:53:14,229 - INFO - Boosted OOD loss: -0.1769
2025-09-04 11:53:16,244 - INFO - Boosted OOD loss: -0.1706
2025-09-04 11:53:16,773 - INFO - Boosted OOD loss: -0.1421
2025-09-04 11:53:17,309 - INFO - Boosted OOD loss: -0.1884
2025-09-04 11:53:17,834 - INFO - Boosted OOD loss: -0.1332
2025-09-04 11:53:18,362 - INFO - Boosted OOD loss: -0.1479
2025-09-04 11:53:19,881 - INFO - Boosted OOD loss: -0.1385
2025-09-04 11:53:20,409 - INFO - Boosted OOD loss: -0.1289
2025-09-04 11:53:20,931 - INFO - Boosted OOD loss: -0.1676
2025-09-04 11:53:21,456 - INFO - Boosted OOD loss: -0.1379
2025-09-04 11:53:21,976 - INFO - Boosted OOD loss: -0.1725
2025-09-04 11:53:22,500 - INFO - Boosted OOD loss: -0.1545
2025-09-04 11:53:23,022 - INFO - Boosted OOD loss: -0.1774
2025-09-04 11:53:25,523 - INFO - Boosted OOD loss: -0.1550
2025-09-04 11:53:26,046 - INFO - Boosted OOD loss: -0.1782
2025-09-04 11:53:27,066 - INFO - Boosted OOD loss: -0.1672
2025-09-04 11:53:27,598 - INFO - Boosted OOD loss: -0.1176
2025-09-04 11:53:28,118 - INFO - Boosted OOD loss: -0.1532
2025-09-04 11:53:28,648 - INFO - Boosted OOD loss: -0.1997
2025-09-04 11:53:29,660 - INFO - Boosted OOD loss: -0.1572
2025-09-04 11:53:30,179 - INFO - Boosted OOD loss: -0.1474
2025-09-04 11:53:30,709 - INFO - Boosted OOD loss: -0.1512
2025-09-04 11:53:31,230 - INFO - Boosted OOD loss: -0.1591
2025-09-04 11:53:32,253 - INFO - Boosted OOD loss: -0.2007
2025-09-04 11:53:34,251 - INFO - Boosted OOD loss: -0.1292
2025-09-04 11:53:35,265 - INFO - Boosted OOD loss: -0.1779
2025-09-04 11:53:35,265 - INFO - Step 1700 Loss Debug:
2025-09-04 11:53:35,266 - INFO -  CE: 2.0158
2025-09-04 11:53:35,266 - INFO -  OOD: -0.1779
2025-09-04 11:53:35,266 - INFO -  β: 32.00
2025-09-04 11:53:35,266 - INFO -  ID: 22787, OOD(254): 411
2025-09-04 11:53:35,786 - INFO - Boosted OOD loss: -0.1705
2025-09-04 11:53:36,306 - INFO - Boosted OOD loss: -0.2015
2025-09-04 11:53:36,832 - INFO - Boosted OOD loss: -0.1709
2025-09-04 11:53:37,349 - INFO - Boosted OOD loss: -0.1846
2025-09-04 11:53:37,869 - INFO - Boosted OOD loss: -0.1831
2025-09-04 11:53:38,390 - INFO - Boosted OOD loss: -0.1879
2025-09-04 11:53:39,902 - INFO - Boosted OOD loss: -0.1346
2025-09-04 11:53:40,422 - INFO - Boosted OOD loss: -0.1445
2025-09-04 11:53:40,949 - INFO - Boosted OOD loss: -0.1098
2025-09-04 11:53:41,469 - INFO - Boosted OOD loss: -0.1563
2025-09-04 11:53:43,463 - INFO - Boosted OOD loss: -0.1645
2025-09-04 11:53:44,478 - INFO - Boosted OOD loss: -0.1350
2025-09-04 11:53:45,978 - INFO - Boosted OOD loss: -0.1925
2025-09-04 11:53:46,504 - INFO - Boosted OOD loss: -0.1567
2025-09-04 11:53:47,023 - INFO - Boosted OOD loss: -0.1532
2025-09-04 11:53:48,029 - INFO - Boosted OOD loss: -0.1684
2025-09-04 11:53:48,546 - INFO - Boosted OOD loss: -0.1764
2025-09-04 11:53:49,064 - INFO - Boosted OOD loss: -0.1121
2025-09-04 11:53:49,584 - INFO - Boosted OOD loss: -0.1343
2025-09-04 11:53:51,086 - INFO - Boosted OOD loss: -0.2027
2025-09-04 11:53:51,605 - INFO - Boosted OOD loss: -0.1561
2025-09-04 11:53:52,609 - INFO - Boosted OOD loss: -0.1922
2025-09-04 11:53:53,118 - INFO - Boosted OOD loss: -0.1347
2025-09-04 11:53:53,638 - INFO - Boosted OOD loss: -0.1528
2025-09-04 11:53:54,158 - INFO - Boosted OOD loss: -0.1673
2025-09-04 11:53:54,682 - INFO - Boosted OOD loss: -0.1602
2025-09-04 11:53:56,170 - INFO - Boosted OOD loss: -0.2162
2025-09-04 11:53:56,690 - INFO - Boosted OOD loss: -0.1400
2025-09-04 11:53:57,697 - INFO - Boosted OOD loss: -0.1261
2025-09-04 11:53:58,211 - INFO - Boosted OOD loss: -0.1411
2025-09-04 11:53:59,714 - INFO - Boosted OOD loss: -0.1112
2025-09-04 11:54:01,691 - INFO - Boosted OOD loss: -0.1449
2025-09-04 11:54:02,700 - INFO - Boosted OOD loss: -0.1551
2025-09-04 11:54:03,707 - INFO - Boosted OOD loss: -0.1931
2025-09-04 11:54:04,710 - INFO - Boosted OOD loss: -0.1332
2025-09-04 11:54:05,225 - INFO - Boosted OOD loss: -0.1004
2025-09-04 11:54:06,712 - INFO - Boosted OOD loss: -0.1337
2025-09-04 11:54:07,225 - INFO - Boosted OOD loss: -0.1329
2025-09-04 11:54:07,745 - INFO - Boosted OOD loss: -0.1489
2025-09-04 11:54:09,232 - INFO - Boosted OOD loss: -0.1558
2025-09-04 11:54:10,721 - INFO - Boosted OOD loss: -0.1390
2025-09-04 11:54:11,241 - INFO - Boosted OOD loss: -0.1591
2025-09-04 11:54:11,753 - INFO - Boosted OOD loss: -0.1524
2025-09-04 11:54:12,275 - INFO - Boosted OOD loss: -0.1287
2025-09-04 11:54:13,278 - INFO - Boosted OOD loss: -0.1665
2025-09-04 11:54:14,761 - INFO - Boosted OOD loss: -0.1582
2025-09-04 11:54:15,273 - INFO - Boosted OOD loss: -0.1274
2025-09-04 11:54:15,417 - INFO - Updated beta to 11.48 (exp decay)
2025-09-04 11:54:37,119 - WARNING - Negative mean energy—verify E_b formula/signs
2025-09-04 11:54:37,120 - INFO - Weights updated successfully
2025-09-04 11:54:37,123 - INFO - Advanced epoch 4 - Updated beta: 11.48
2025-09-04 11:54:37,123 - INFO - Epoch 4 - Avg CE: 1.8408, Avg OOD: -0.0986, β: 32
2025-09-04 11:54:37,240 - INFO - 
Starting Epoch 5/100
2025-09-04 11:54:37,240 - INFO - ============================================================
2025-09-04 11:54:37,242 - INFO - 
Updating Hopfield boosting weights at epoch 5...
2025-09-04 11:55:00,074 - WARNING - Negative mean energy—verify E_b formula/signs
2025-09-04 11:55:00,075 - INFO - Weights updated successfully
2025-09-04 11:55:02,998 - INFO - Boosted OOD loss: -0.1173
2025-09-04 11:55:03,956 - INFO - Boosted OOD loss: -0.1425
2025-09-04 11:55:04,451 - INFO - Boosted OOD loss: -0.1195
2025-09-04 11:55:05,871 - INFO - Boosted OOD loss: -0.1484
2025-09-04 11:55:06,828 - INFO - Boosted OOD loss: -0.1496
2025-09-04 11:55:07,786 - INFO - Boosted OOD loss: -0.2037
2025-09-04 11:55:09,215 - INFO - Boosted OOD loss: -0.1786
2025-09-04 11:55:09,711 - INFO - Boosted OOD loss: -0.1269
2025-09-04 11:55:11,606 - INFO - Boosted OOD loss: -0.2177
2025-09-04 11:55:12,564 - WARNING - No anomaly pixels (254) found in batch
2025-09-04 11:55:13,039 - INFO - Boosted OOD loss: -0.1634
2025-09-04 11:55:13,534 - INFO - Boosted OOD loss: -0.1770
2025-09-04 11:55:14,039 - INFO - Boosted OOD loss: -0.1567
2025-09-04 11:55:14,541 - INFO - Boosted OOD loss: -0.1230
2025-09-04 11:55:15,041 - INFO - Boosted OOD loss: -0.1465
2025-09-04 11:55:15,541 - INFO - Boosted OOD loss: -0.1579
2025-09-04 11:55:16,040 - INFO - Boosted OOD loss: -0.1624
2025-09-04 11:55:16,547 - INFO - Boosted OOD loss: -0.1416
2025-09-04 11:55:17,518 - INFO - Boosted OOD loss: -0.1990
2025-09-04 11:55:18,961 - INFO - Boosted OOD loss: -0.1373
2025-09-04 11:55:19,929 - INFO - Boosted OOD loss: -0.1949
2025-09-04 11:55:20,428 - INFO - Boosted OOD loss: -0.1737
2025-09-04 11:55:22,353 - INFO - Boosted OOD loss: -0.1439
2025-09-04 11:55:23,330 - INFO - Boosted OOD loss: -0.2089
2025-09-04 11:55:23,835 - INFO - Boosted OOD loss: -0.1173
2025-09-04 11:55:24,816 - INFO - Boosted OOD loss: -0.1418
2025-09-04 11:55:26,740 - INFO - Boosted OOD loss: -0.1651
2025-09-04 11:55:28,197 - INFO - Boosted OOD loss: -0.1735
2025-09-04 11:55:29,181 - INFO - Boosted OOD loss: -0.1702
2025-09-04 11:55:30,167 - INFO - Boosted OOD loss: -0.1754
2025-09-04 11:55:31,625 - INFO - Boosted OOD loss: -0.1363
2025-09-04 11:55:32,607 - INFO - Boosted OOD loss: -0.1475
2025-09-04 11:55:33,111 - INFO - Boosted OOD loss: -0.1540
2025-09-04 11:55:33,633 - INFO - Boosted OOD loss: -0.1805
2025-09-04 11:55:35,090 - INFO - Boosted OOD loss: -0.1968
2025-09-04 11:55:38,476 - INFO - Boosted OOD loss: -0.1952
2025-09-04 11:55:38,983 - INFO - Boosted OOD loss: -0.1704
2025-09-04 11:55:40,462 - INFO - Boosted OOD loss: -0.1384
2025-09-04 11:55:40,981 - INFO - Boosted OOD loss: -0.2095
2025-09-04 11:55:41,497 - INFO - Boosted OOD loss: -0.1539
2025-09-04 11:55:42,015 - INFO - Boosted OOD loss: -0.1312
2025-09-04 11:55:43,013 - INFO - Boosted OOD loss: -0.1203
2025-09-04 11:55:44,017 - INFO - Boosted OOD loss: -0.1231
2025-09-04 11:55:45,021 - INFO - Boosted OOD loss: -0.1641
2025-09-04 11:55:45,537 - INFO - Boosted OOD loss: -0.1971
2025-09-04 11:55:46,061 - INFO - Boosted OOD loss: -0.1599
2025-09-04 11:55:47,066 - INFO - Boosted OOD loss: -0.1515
2025-09-04 11:55:48,563 - INFO - Boosted OOD loss: -0.1908
2025-09-04 11:55:49,577 - INFO - Boosted OOD loss: -0.1494
2025-09-04 11:55:50,103 - INFO - Boosted OOD loss: -0.1711
2025-09-04 11:55:51,125 - INFO - Boosted OOD loss: -0.1346
2025-09-04 11:55:52,141 - INFO - Boosted OOD loss: -0.1507
2025-09-04 11:55:52,666 - INFO - Boosted OOD loss: -0.1104
2025-09-04 11:55:53,195 - INFO - Boosted OOD loss: -0.1302
2025-09-04 11:55:53,715 - INFO - Boosted OOD loss: -0.1626
2025-09-04 11:55:54,238 - INFO - Boosted OOD loss: -0.2237
2025-09-04 11:55:54,759 - INFO - Boosted OOD loss: -0.1790
2025-09-04 11:55:55,286 - INFO - Boosted OOD loss: -0.1920
2025-09-04 11:55:55,811 - INFO - Boosted OOD loss: -0.1091
2025-09-04 11:55:56,341 - INFO - Boosted OOD loss: -0.1894
2025-09-04 11:55:56,872 - INFO - Boosted OOD loss: -0.1568
2025-09-04 11:55:57,401 - INFO - Boosted OOD loss: -0.1915
2025-09-04 11:55:58,418 - INFO - Boosted OOD loss: -0.1633
2025-09-04 11:55:59,939 - INFO - Boosted OOD loss: -0.1370
2025-09-04 11:56:00,465 - INFO - Boosted OOD loss: -0.1156
2025-09-04 11:56:00,995 - INFO - Boosted OOD loss: -0.1475
2025-09-04 11:56:02,017 - INFO - Boosted OOD loss: -0.1532
2025-09-04 11:56:02,535 - INFO - Boosted OOD loss: -0.1655
2025-09-04 11:56:02,536 - INFO - Step 1900 Loss Debug:
2025-09-04 11:56:02,537 - INFO -  CE: 1.6854
2025-09-04 11:56:02,537 - INFO -  OOD: -0.1655
2025-09-04 11:56:02,539 - INFO -  β: 32.00
2025-09-04 11:56:02,539 - INFO -  ID: 24594, OOD(254): 88
2025-09-04 11:56:03,074 - INFO - Boosted OOD loss: -0.1601
2025-09-04 11:56:03,601 - INFO - Boosted OOD loss: -0.1462
2025-09-04 11:56:04,130 - INFO - Boosted OOD loss: -0.1840
2025-09-04 11:56:06,655 - INFO - Boosted OOD loss: -0.1663
2025-09-04 11:56:07,194 - INFO - Boosted OOD loss: -0.1664
2025-09-04 11:56:07,732 - INFO - Boosted OOD loss: -0.1281
2025-09-04 11:56:09,259 - INFO - Boosted OOD loss: -0.1331
2025-09-04 11:56:09,791 - INFO - Boosted OOD loss: -0.1736
2025-09-04 11:56:10,815 - INFO - Boosted OOD loss: -0.1554
2025-09-04 11:56:11,342 - INFO - Boosted OOD loss: -0.1217
2025-09-04 11:56:12,372 - INFO - Boosted OOD loss: -0.1214
2025-09-04 11:56:12,915 - INFO - Boosted OOD loss: -0.1259
2025-09-04 11:56:13,948 - INFO - Boosted OOD loss: -0.1180
2025-09-04 11:56:14,476 - INFO - Boosted OOD loss: -0.2054
2025-09-04 11:56:15,003 - INFO - Boosted OOD loss: -0.1183
2025-09-04 11:56:15,541 - INFO - Boosted OOD loss: -0.1434
2025-09-04 11:56:16,066 - INFO - Boosted OOD loss: -0.1747
2025-09-04 11:56:16,600 - INFO - Boosted OOD loss: -0.1446
2025-09-04 11:56:17,130 - INFO - Boosted OOD loss: -0.1649
2025-09-04 11:56:17,657 - INFO - Boosted OOD loss: -0.1625
2025-09-04 11:56:18,193 - INFO - Boosted OOD loss: -0.1885
2025-09-04 11:56:19,713 - INFO - Boosted OOD loss: -0.1307
2025-09-04 11:56:20,251 - INFO - Boosted OOD loss: -0.1870
2025-09-04 11:56:21,275 - INFO - Boosted OOD loss: -0.1377
2025-09-04 11:56:22,801 - INFO - Boosted OOD loss: -0.2021
2025-09-04 11:56:23,343 - INFO - Boosted OOD loss: -0.1443
2025-09-04 11:56:23,876 - INFO - Boosted OOD loss: -0.1542
2025-09-04 11:56:24,407 - INFO - Boosted OOD loss: -0.1973
2025-09-04 11:56:24,947 - INFO - Boosted OOD loss: -0.1715
2025-09-04 11:56:26,470 - INFO - Boosted OOD loss: -0.1857
2025-09-04 11:56:27,501 - INFO - Boosted OOD loss: -0.1294
2025-09-04 11:56:28,032 - INFO - Boosted OOD loss: -0.1751
2025-09-04 11:56:28,556 - INFO - Boosted OOD loss: -0.1926
2025-09-04 11:56:28,556 - INFO - Step 1950 Loss Debug:
2025-09-04 11:56:28,558 - INFO -  CE: 1.8898
2025-09-04 11:56:28,558 - INFO -  OOD: -0.1926
2025-09-04 11:56:28,558 - INFO -  β: 32.00
2025-09-04 11:56:28,558 - INFO -  ID: 25353, OOD(254): 116
2025-09-04 11:56:29,088 - INFO - Boosted OOD loss: -0.1910
2025-09-04 11:56:29,623 - INFO - Boosted OOD loss: -0.1550
2025-09-04 11:56:30,160 - INFO - Boosted OOD loss: -0.2133
2025-09-04 11:56:31,200 - INFO - Boosted OOD loss: -0.1765
2025-09-04 11:56:32,233 - INFO - Boosted OOD loss: -0.1332
2025-09-04 11:56:32,768 - INFO - Boosted OOD loss: -0.1765
2025-09-04 11:56:33,805 - INFO - Boosted OOD loss: -0.1651
2025-09-04 11:56:34,842 - INFO - Boosted OOD loss: -0.1730
2025-09-04 11:56:35,383 - INFO - Boosted OOD loss: -0.1455
2025-09-04 11:56:35,913 - INFO - Boosted OOD loss: -0.1870
2025-09-04 11:56:36,943 - INFO - Boosted OOD loss: -0.1826
2025-09-04 11:56:37,478 - INFO - Boosted OOD loss: -0.1580
2025-09-04 11:56:38,008 - INFO - Boosted OOD loss: -0.1420
2025-09-04 11:56:38,542 - INFO - Boosted OOD loss: -0.1709
2025-09-04 11:56:39,582 - INFO - Boosted OOD loss: -0.2003
2025-09-04 11:56:40,613 - INFO - Boosted OOD loss: -0.1801
2025-09-04 11:56:41,649 - INFO - Boosted OOD loss: -0.1444
2025-09-04 11:56:42,188 - INFO - Boosted OOD loss: -0.1810
2025-09-04 11:56:42,721 - INFO - Boosted OOD loss: -0.1688
2025-09-04 11:56:44,302 - INFO - Boosted OOD loss: -0.1531
2025-09-04 11:56:46,845 - INFO - Boosted OOD loss: -0.1937
2025-09-04 11:56:47,374 - INFO - Boosted OOD loss: -0.1741
2025-09-04 11:56:47,914 - INFO - Boosted OOD loss: -0.1264
2025-09-04 11:56:48,448 - INFO - Boosted OOD loss: -0.1642
2025-09-04 11:56:48,980 - INFO - Boosted OOD loss: -0.1447
2025-09-04 11:56:49,517 - INFO - Boosted OOD loss: -0.1570
2025-09-04 11:56:50,043 - INFO - Boosted OOD loss: -0.2007
2025-09-04 11:56:52,086 - INFO - Boosted OOD loss: -0.1660
2025-09-04 11:56:52,621 - INFO - Boosted OOD loss: -0.1382
2025-09-04 11:56:53,150 - INFO - Boosted OOD loss: -0.2099
2025-09-04 11:56:53,683 - INFO - Boosted OOD loss: -0.2230
2025-09-04 11:56:54,718 - INFO - Boosted OOD loss: -0.1651
2025-09-04 11:56:54,719 - INFO - Step 2000 Loss Debug:
2025-09-04 11:56:54,719 - INFO -  CE: 1.7903
2025-09-04 11:56:54,720 - INFO -  OOD: -0.1651
2025-09-04 11:56:54,722 - INFO -  β: 32.00
2025-09-04 11:56:54,722 - INFO -  ID: 24084, OOD(254): 86
2025-09-04 11:56:55,255 - INFO - Boosted OOD loss: -0.1657
2025-09-04 11:56:55,781 - INFO - Boosted OOD loss: -0.1611
2025-09-04 11:56:57,318 - INFO - Boosted OOD loss: -0.1353
2025-09-04 11:56:57,845 - INFO - Boosted OOD loss: -0.1622
2025-09-04 11:56:58,875 - INFO - Boosted OOD loss: -0.1619
2025-09-04 11:57:00,427 - INFO - Boosted OOD loss: -0.2031
2025-09-04 11:57:00,956 - INFO - Boosted OOD loss: -0.1586
2025-09-04 11:57:01,484 - INFO - Boosted OOD loss: -0.2134
2025-09-04 11:57:02,026 - INFO - Boosted OOD loss: -0.1663
2025-09-04 11:57:03,056 - INFO - Boosted OOD loss: -0.1843
2025-09-04 11:57:03,590 - INFO - Boosted OOD loss: -0.1620
2025-09-04 11:57:04,121 - INFO - Boosted OOD loss: -0.1334
2025-09-04 11:57:04,657 - INFO - Boosted OOD loss: -0.1148
2025-09-04 11:57:05,188 - INFO - Boosted OOD loss: -0.1424
2025-09-04 11:57:05,722 - INFO - Boosted OOD loss: -0.1432
2025-09-04 11:57:06,253 - INFO - Boosted OOD loss: -0.1667
2025-09-04 11:57:06,792 - INFO - Boosted OOD loss: -0.1951
2025-09-04 11:57:07,330 - INFO - Boosted OOD loss: -0.1718
2025-09-04 11:57:07,858 - INFO - Boosted OOD loss: -0.1300
2025-09-04 11:57:08,402 - INFO - Boosted OOD loss: -0.1412
2025-09-04 11:57:08,937 - INFO - Boosted OOD loss: -0.1212
2025-09-04 11:57:09,471 - INFO - Boosted OOD loss: -0.1255
2025-09-04 11:57:10,004 - INFO - Boosted OOD loss: -0.1935
2025-09-04 11:57:10,533 - INFO - Boosted OOD loss: -0.1309
2025-09-04 11:57:11,562 - INFO - Boosted OOD loss: -0.1979
2025-09-04 11:57:12,589 - INFO - Boosted OOD loss: -0.1691
2025-09-04 11:57:13,614 - INFO - Boosted OOD loss: -0.1417
2025-09-04 11:57:14,146 - INFO - Boosted OOD loss: -0.1239
2025-09-04 11:57:14,675 - INFO - Boosted OOD loss: -0.1896
2025-09-04 11:57:15,208 - INFO - Boosted OOD loss: -0.1753
2025-09-04 11:57:15,746 - INFO - Boosted OOD loss: -0.1762
2025-09-04 11:57:16,271 - INFO - Boosted OOD loss: -0.1271
2025-09-04 11:57:16,809 - INFO - Boosted OOD loss: -0.1771
2025-09-04 11:57:17,844 - INFO - Boosted OOD loss: -0.1606
2025-09-04 11:57:18,382 - INFO - Boosted OOD loss: -0.1578
2025-09-04 11:57:19,414 - INFO - Boosted OOD loss: -0.2069
2025-09-04 11:57:21,958 - INFO - Boosted OOD loss: -0.2149
2025-09-04 11:57:22,498 - INFO - Boosted OOD loss: -0.1448
2025-09-04 11:57:23,034 - INFO - Boosted OOD loss: -0.1751
2025-09-04 11:57:23,567 - INFO - Boosted OOD loss: -0.1423
2025-09-04 11:57:24,099 - INFO - Boosted OOD loss: -0.1415
2025-09-04 11:57:24,633 - INFO - Boosted OOD loss: -0.1526
2025-09-04 11:57:25,164 - INFO - Boosted OOD loss: -0.1541
2025-09-04 11:57:25,690 - INFO - Boosted OOD loss: -0.1458
2025-09-04 11:57:26,743 - INFO - Boosted OOD loss: -0.1470
2025-09-04 11:57:28,284 - INFO - Boosted OOD loss: -0.1663
2025-09-04 11:57:28,823 - INFO - Boosted OOD loss: -0.1680
2025-09-04 11:57:29,352 - INFO - Boosted OOD loss: -0.1753
2025-09-04 11:57:29,887 - INFO - Boosted OOD loss: -0.1751
2025-09-04 11:57:30,413 - INFO - Boosted OOD loss: -0.1587
2025-09-04 11:57:31,464 - INFO - Boosted OOD loss: -0.1447
2025-09-04 11:57:31,999 - INFO - Boosted OOD loss: -0.1489
2025-09-04 11:57:33,029 - INFO - Boosted OOD loss: -0.1434
2025-09-04 11:57:34,565 - INFO - Boosted OOD loss: -0.1534
2025-09-04 11:57:35,090 - INFO - Boosted OOD loss: -0.1857
2025-09-04 11:57:36,114 - INFO - Boosted OOD loss: -0.1677
2025-09-04 11:57:36,648 - INFO - Boosted OOD loss: -0.1637
2025-09-04 11:57:37,175 - INFO - Boosted OOD loss: -0.1742
2025-09-04 11:57:38,204 - INFO - Boosted OOD loss: -0.1535
2025-09-04 11:57:39,243 - INFO - Boosted OOD loss: -0.1678
2025-09-04 11:57:39,773 - INFO - Boosted OOD loss: -0.1455
2025-09-04 11:57:40,307 - INFO - Boosted OOD loss: -0.1264
2025-09-04 11:57:40,830 - INFO - Boosted OOD loss: -0.1902
2025-09-04 11:57:41,373 - INFO - Boosted OOD loss: -0.1580
2025-09-04 11:57:41,896 - INFO - Boosted OOD loss: -0.1870
2025-09-04 11:57:42,921 - INFO - Boosted OOD loss: -0.1516
2025-09-04 11:57:43,451 - INFO - Boosted OOD loss: -0.1495
2025-09-04 11:57:44,481 - INFO - Boosted OOD loss: -0.1676
2025-09-04 11:57:45,509 - INFO - Boosted OOD loss: -0.1779
2025-09-04 11:57:46,535 - INFO - Boosted OOD loss: -0.1344
2025-09-04 11:57:47,061 - WARNING - No anomaly pixels (254) found in batch
2025-09-04 11:57:47,559 - INFO - Boosted OOD loss: -0.1664
2025-09-04 11:57:48,085 - INFO - Boosted OOD loss: -0.1434
2025-09-04 11:57:48,607 - INFO - Boosted OOD loss: -0.1549
2025-09-04 11:57:49,141 - INFO - Boosted OOD loss: -0.1381
2025-09-04 11:57:50,159 - INFO - Boosted OOD loss: -0.1802
2025-09-04 11:57:52,176 - INFO - Boosted OOD loss: -0.1607
2025-09-04 11:57:52,701 - INFO - Boosted OOD loss: -0.1913
2025-09-04 11:57:53,232 - INFO - Boosted OOD loss: -0.1575
2025-09-04 11:57:53,758 - INFO - Boosted OOD loss: -0.1136
2025-09-04 11:57:54,289 - INFO - Boosted OOD loss: -0.2197
2025-09-04 11:57:54,812 - INFO - Boosted OOD loss: -0.1365
2025-09-04 11:57:55,342 - INFO - Boosted OOD loss: -0.1253
2025-09-04 11:57:55,873 - INFO - Boosted OOD loss: -0.1445
2025-09-04 11:57:57,390 - INFO - Boosted OOD loss: -0.1644
2025-09-04 11:57:57,915 - INFO - Boosted OOD loss: -0.1339
2025-09-04 11:57:58,440 - INFO - Boosted OOD loss: -0.1414
2025-09-04 11:57:59,463 - INFO - Boosted OOD loss: -0.1286
2025-09-04 11:57:59,991 - INFO - Boosted OOD loss: -0.1253
2025-09-04 11:58:02,488 - INFO - Boosted OOD loss: -0.2042
2025-09-04 11:58:03,995 - INFO - Boosted OOD loss: -0.1248
2025-09-04 11:58:04,520 - INFO - Boosted OOD loss: -0.1830
2025-09-04 11:58:05,044 - INFO - Boosted OOD loss: -0.1302
2025-09-04 11:58:05,570 - INFO - Boosted OOD loss: -0.1822
2025-09-04 11:58:07,080 - INFO - Boosted OOD loss: -0.1681
2025-09-04 11:58:07,607 - INFO - Boosted OOD loss: -0.1587
2025-09-04 11:58:08,131 - INFO - Boosted OOD loss: -0.1788
2025-09-04 11:58:09,147 - INFO - Boosted OOD loss: -0.1389
2025-09-04 11:58:10,659 - INFO - Boosted OOD loss: -0.1662
2025-09-04 11:58:11,178 - INFO - Boosted OOD loss: -0.1478
2025-09-04 11:58:12,196 - INFO - Boosted OOD loss: -0.2008
2025-09-04 11:58:13,206 - INFO - Boosted OOD loss: -0.1816
2025-09-04 11:58:13,731 - INFO - Boosted OOD loss: -0.2134
2025-09-04 11:58:14,251 - INFO - Boosted OOD loss: -0.2173
2025-09-04 11:58:14,772 - INFO - Boosted OOD loss: -0.1776
2025-09-04 11:58:16,280 - INFO - Boosted OOD loss: -0.1227
2025-09-04 11:58:17,293 - INFO - Boosted OOD loss: -0.1627
2025-09-04 11:58:17,813 - INFO - Boosted OOD loss: -0.1268
2025-09-04 11:58:18,336 - INFO - Boosted OOD loss: -0.1260
2025-09-04 11:58:19,346 - INFO - Boosted OOD loss: -0.1581
2025-09-04 11:58:19,873 - INFO - Boosted OOD loss: -0.1575
2025-09-04 11:58:21,375 - INFO - Boosted OOD loss: -0.2113
2025-09-04 11:58:22,879 - INFO - Boosted OOD loss: -0.1217
2025-09-04 11:58:23,402 - INFO - Boosted OOD loss: -0.2161
2025-09-04 11:58:24,907 - INFO - Boosted OOD loss: -0.1492
2025-09-04 11:58:25,433 - INFO - Boosted OOD loss: -0.1219
2025-09-04 11:58:25,955 - INFO - Boosted OOD loss: -0.1818
2025-09-04 11:58:26,969 - INFO - Boosted OOD loss: -0.1287
2025-09-04 11:58:27,489 - INFO - Boosted OOD loss: -0.1814
2025-09-04 11:58:28,004 - INFO - Boosted OOD loss: -0.2079
2025-09-04 11:58:28,520 - INFO - Boosted OOD loss: -0.1873
2025-09-04 11:58:29,042 - INFO - Boosted OOD loss: -0.2078
2025-09-04 11:58:29,559 - INFO - Boosted OOD loss: -0.1696
2025-09-04 11:58:31,055 - INFO - Boosted OOD loss: -0.1732
2025-09-04 11:58:31,576 - INFO - Boosted OOD loss: -0.1390
2025-09-04 11:58:32,585 - INFO - Boosted OOD loss: -0.1488
2025-09-04 11:58:33,101 - INFO - Boosted OOD loss: -0.1391
2025-09-04 11:58:33,618 - INFO - Boosted OOD loss: -0.1760
2025-09-04 11:58:34,628 - INFO - Boosted OOD loss: -0.1152
2025-09-04 11:58:35,629 - INFO - Boosted OOD loss: -0.1311
2025-09-04 11:58:36,627 - INFO - Boosted OOD loss: -0.1689
2025-09-04 11:58:37,631 - INFO - Boosted OOD loss: -0.1380
2025-09-04 11:58:38,149 - INFO - Boosted OOD loss: -0.1792
2025-09-04 11:58:38,150 - INFO - Step 2200 Loss Debug:
2025-09-04 11:58:38,151 - INFO -  CE: 1.7929
2025-09-04 11:58:38,151 - INFO -  OOD: -0.1792
2025-09-04 11:58:38,152 - INFO -  β: 32.00
2025-09-04 11:58:38,152 - INFO -  ID: 25840, OOD(254): 53
2025-09-04 11:58:38,670 - INFO - Boosted OOD loss: -0.1207
2025-09-04 11:58:39,676 - INFO - Boosted OOD loss: -0.1149
2025-09-04 11:58:40,194 - INFO - Boosted OOD loss: -0.1617
2025-09-04 11:58:41,208 - INFO - Boosted OOD loss: -0.1236
2025-09-04 11:58:42,209 - INFO - Boosted OOD loss: -0.1413
2025-09-04 11:58:43,699 - INFO - Boosted OOD loss: -0.1313
2025-09-04 11:58:44,220 - INFO - Boosted OOD loss: -0.1512
2025-09-04 11:58:44,731 - INFO - Boosted OOD loss: -0.1662
2025-09-04 11:58:45,250 - INFO - Boosted OOD loss: -0.1553
2025-09-04 11:58:45,764 - INFO - Boosted OOD loss: -0.1532
2025-09-04 11:58:46,278 - INFO - Boosted OOD loss: -0.1576
2025-09-04 11:58:47,763 - INFO - Boosted OOD loss: -0.2053
2025-09-04 11:58:49,245 - INFO - Boosted OOD loss: -0.2048
2025-09-04 11:58:49,758 - INFO - Boosted OOD loss: -0.1831
2025-09-04 11:58:50,400 - INFO - Updated beta to 11.36 (exp decay)
2025-09-04 11:59:12,552 - WARNING - Negative mean energy—verify E_b formula/signs
2025-09-04 11:59:12,552 - INFO - Weights updated successfully
2025-09-04 11:59:12,555 - INFO - Advanced epoch 5 - Updated beta: 11.36
2025-09-04 11:59:12,555 - INFO - Epoch 5 - Avg CE: 1.8381, Avg OOD: -0.1005, β: 32
2025-09-04 11:59:12,555 - INFO - 
Running evaluation with β=32...
2025-09-04 11:59:23,122 - INFO - 
Starting Epoch 6/100
2025-09-04 11:59:23,122 - INFO - ============================================================
2025-09-04 11:59:23,124 - INFO - 
Updating Hopfield boosting weights at epoch 6...
2025-09-04 11:59:44,346 - WARNING - Negative mean energy—verify E_b formula/signs
2025-09-04 11:59:44,347 - INFO - Weights updated successfully
2025-09-04 11:59:47,722 - INFO - Boosted OOD loss: -0.1276
2025-09-04 11:59:48,218 - INFO - Boosted OOD loss: -0.1755
2025-09-04 11:59:49,175 - INFO - Boosted OOD loss: -0.1309
2025-09-04 11:59:49,671 - INFO - Boosted OOD loss: -0.1498
2025-09-04 11:59:50,172 - INFO - Boosted OOD loss: -0.1861
2025-09-04 11:59:51,131 - INFO - Boosted OOD loss: -0.1639
2025-09-04 11:59:51,623 - INFO - Boosted OOD loss: -0.2023
2025-09-04 11:59:53,054 - INFO - Boosted OOD loss: -0.1519
2025-09-04 11:59:53,553 - INFO - Boosted OOD loss: -0.1545
2025-09-04 11:59:54,047 - INFO - Boosted OOD loss: -0.1997
2025-09-04 11:59:54,552 - INFO - Boosted OOD loss: -0.1709
2025-09-04 11:59:56,457 - INFO - Boosted OOD loss: -0.1826
2025-09-04 11:59:56,954 - INFO - Boosted OOD loss: -0.2141
2025-09-04 11:59:57,451 - INFO - Boosted OOD loss: -0.2137
2025-09-04 11:59:58,420 - INFO - Boosted OOD loss: -0.1615
2025-09-04 11:59:59,389 - INFO - Boosted OOD loss: -0.1868
2025-09-04 11:59:59,390 - INFO - Step 2250 Loss Debug:
2025-09-04 11:59:59,391 - INFO -  CE: 1.7862
2025-09-04 11:59:59,392 - INFO -  OOD: -0.1868
2025-09-04 11:59:59,392 - INFO -  β: 32.00
2025-09-04 11:59:59,392 - INFO -  ID: 26163, OOD(254): 1083
2025-09-04 11:59:59,892 - INFO - Boosted OOD loss: -0.1584
2025-09-04 12:00:00,393 - INFO - Boosted OOD loss: -0.1568
2025-09-04 12:00:01,368 - INFO - Boosted OOD loss: -0.1581
2025-09-04 12:00:01,870 - INFO - Boosted OOD loss: -0.1823
2025-09-04 12:00:02,367 - INFO - Boosted OOD loss: -0.1569
2025-09-04 12:00:02,870 - INFO - Boosted OOD loss: -0.2003
2025-09-04 12:00:03,373 - INFO - Boosted OOD loss: -0.2034
2025-09-04 12:00:03,874 - INFO - Boosted OOD loss: -0.1948
2025-09-04 12:00:04,379 - INFO - Boosted OOD loss: -0.2049
2025-09-04 12:00:04,880 - INFO - Boosted OOD loss: -0.1508
2025-09-04 12:00:05,382 - INFO - Boosted OOD loss: -0.1587
2025-09-04 12:00:05,884 - INFO - Boosted OOD loss: -0.1808
2025-09-04 12:00:06,387 - INFO - Boosted OOD loss: -0.1867
2025-09-04 12:00:06,894 - INFO - Boosted OOD loss: -0.1301
2025-09-04 12:00:07,392 - INFO - Boosted OOD loss: -0.1807
2025-09-04 12:00:08,841 - INFO - Boosted OOD loss: -0.1863
2025-09-04 12:00:09,346 - INFO - Boosted OOD loss: -0.1900
2025-09-04 12:00:10,319 - INFO - Boosted OOD loss: -0.1640
2025-09-04 12:00:11,766 - INFO - Boosted OOD loss: -0.2075
2025-09-04 12:00:12,271 - INFO - Boosted OOD loss: -0.1545
2025-09-04 12:00:12,779 - INFO - Boosted OOD loss: -0.1507
2025-09-04 12:00:13,285 - INFO - Boosted OOD loss: -0.2055
2025-09-04 12:00:13,788 - INFO - Boosted OOD loss: -0.2121
2025-09-04 12:00:15,245 - INFO - Boosted OOD loss: -0.1630
2025-09-04 12:00:17,185 - INFO - Boosted OOD loss: -0.1873
2025-09-04 12:00:19,123 - INFO - Boosted OOD loss: -0.1634
2025-09-04 12:00:19,631 - INFO - Boosted OOD loss: -0.2219
2025-09-04 12:00:20,137 - INFO - Boosted OOD loss: -0.1600
2025-09-04 12:00:22,081 - INFO - Boosted OOD loss: -0.1536
2025-09-04 12:00:24,030 - WARNING - No anomaly pixels (254) found in batch
2025-09-04 12:00:24,517 - INFO - Boosted OOD loss: -0.1294
2025-09-04 12:00:25,032 - INFO - Boosted OOD loss: -0.1559
2025-09-04 12:00:25,544 - INFO - Boosted OOD loss: -0.1490
2025-09-04 12:00:26,061 - INFO - Boosted OOD loss: -0.1645
2025-09-04 12:00:26,574 - INFO - Boosted OOD loss: -0.1580
2025-09-04 12:00:28,058 - INFO - Boosted OOD loss: -0.1419
2025-09-04 12:00:29,056 - INFO - Boosted OOD loss: -0.1832
2025-09-04 12:00:30,059 - INFO - Boosted OOD loss: -0.1528
2025-09-04 12:00:30,576 - INFO - Boosted OOD loss: -0.1856
2025-09-04 12:00:31,097 - INFO - Boosted OOD loss: -0.1398
2025-09-04 12:00:31,617 - INFO - Boosted OOD loss: -0.1160
2025-09-04 12:00:32,135 - INFO - Boosted OOD loss: -0.1433
2025-09-04 12:00:32,655 - INFO - Boosted OOD loss: -0.1274
2025-09-04 12:00:33,177 - INFO - Boosted OOD loss: -0.1681
2025-09-04 12:00:33,699 - INFO - Boosted OOD loss: -0.1304
2025-09-04 12:00:34,224 - INFO - Boosted OOD loss: -0.1464
2025-09-04 12:00:34,741 - INFO - Boosted OOD loss: -0.1835
2025-09-04 12:00:35,262 - INFO - Boosted OOD loss: -0.1458
2025-09-04 12:00:35,784 - INFO - Boosted OOD loss: -0.1599
2025-09-04 12:00:36,800 - INFO - Boosted OOD loss: -0.1335
2025-09-04 12:00:37,326 - INFO - Boosted OOD loss: -0.1470
2025-09-04 12:00:39,338 - INFO - Boosted OOD loss: -0.1995
2025-09-04 12:00:39,862 - INFO - Boosted OOD loss: -0.1801
2025-09-04 12:00:40,390 - INFO - Boosted OOD loss: -0.2099
2025-09-04 12:00:41,911 - INFO - Boosted OOD loss: -0.1550
2025-09-04 12:00:42,439 - INFO - Boosted OOD loss: -0.1799
2025-09-04 12:00:43,464 - INFO - Boosted OOD loss: -0.1396
2025-09-04 12:00:43,991 - INFO - Boosted OOD loss: -0.1386
2025-09-04 12:00:44,516 - INFO - Boosted OOD loss: -0.2094
2025-09-04 12:00:45,042 - INFO - Boosted OOD loss: -0.1620
2025-09-04 12:00:45,567 - INFO - Boosted OOD loss: -0.1282
2025-09-04 12:00:46,089 - INFO - Boosted OOD loss: -0.1858
2025-09-04 12:00:46,613 - INFO - Boosted OOD loss: -0.2050
2025-09-04 12:00:47,134 - INFO - Boosted OOD loss: -0.1975
2025-09-04 12:00:48,156 - INFO - Boosted OOD loss: -0.1618
2025-09-04 12:00:48,682 - INFO - Boosted OOD loss: -0.1539
2025-09-04 12:00:50,703 - INFO - Boosted OOD loss: -0.1724
2025-09-04 12:00:51,235 - INFO - Boosted OOD loss: -0.2030
2025-09-04 12:00:51,768 - INFO - Boosted OOD loss: -0.1615
2025-09-04 12:00:53,300 - INFO - Boosted OOD loss: -0.1294
2025-09-04 12:00:53,836 - INFO - Boosted OOD loss: -0.1249
2025-09-04 12:00:55,854 - INFO - Boosted OOD loss: -0.1429
2025-09-04 12:00:56,383 - INFO - Boosted OOD loss: -0.1366
2025-09-04 12:00:56,916 - INFO - Boosted OOD loss: -0.1515
2025-09-04 12:00:57,440 - INFO - Boosted OOD loss: -0.1387
2025-09-04 12:00:57,969 - INFO - Boosted OOD loss: -0.1610
2025-09-04 12:00:58,993 - INFO - Boosted OOD loss: -0.1717
2025-09-04 12:01:01,519 - INFO - Boosted OOD loss: -0.1736
2025-09-04 12:01:03,048 - INFO - Boosted OOD loss: -0.1227
2025-09-04 12:01:03,578 - INFO - Boosted OOD loss: -0.1623
2025-09-04 12:01:04,607 - INFO - Boosted OOD loss: -0.1802
2025-09-04 12:01:06,144 - INFO - Boosted OOD loss: -0.1856
2025-09-04 12:01:07,169 - INFO - Boosted OOD loss: -0.2095
2025-09-04 12:01:07,694 - INFO - Boosted OOD loss: -0.1859
2025-09-04 12:01:08,720 - INFO - Boosted OOD loss: -0.1908
2025-09-04 12:01:09,255 - INFO - Boosted OOD loss: -0.1360
2025-09-04 12:01:09,784 - INFO - Boosted OOD loss: -0.1941
2025-09-04 12:01:10,310 - INFO - Boosted OOD loss: -0.1996
2025-09-04 12:01:10,846 - INFO - Boosted OOD loss: -0.1354
2025-09-04 12:01:11,876 - INFO - Boosted OOD loss: -0.1518
2025-09-04 12:01:12,401 - INFO - Boosted OOD loss: -0.1496
2025-09-04 12:01:12,930 - INFO - Boosted OOD loss: -0.2041
2025-09-04 12:01:15,455 - WARNING - No anomaly pixels (254) found in batch
2025-09-04 12:01:15,969 - INFO - Boosted OOD loss: -0.2042
2025-09-04 12:01:16,497 - INFO - Boosted OOD loss: -0.1949
2025-09-04 12:01:17,530 - INFO - Boosted OOD loss: -0.2033
2025-09-04 12:01:18,067 - INFO - Boosted OOD loss: -0.1854
2025-09-04 12:01:19,100 - INFO - Boosted OOD loss: -0.2245
2025-09-04 12:01:20,138 - INFO - Boosted OOD loss: -0.1735
2025-09-04 12:01:21,178 - INFO - Boosted OOD loss: -0.1322
2025-09-04 12:01:21,717 - INFO - Boosted OOD loss: -0.1857
2025-09-04 12:01:22,246 - INFO - Boosted OOD loss: -0.1567
2025-09-04 12:01:23,798 - INFO - Boosted OOD loss: -0.1686
2025-09-04 12:01:24,339 - INFO - Boosted OOD loss: -0.1236
2025-09-04 12:01:26,386 - INFO - Boosted OOD loss: -0.1368
2025-09-04 12:01:26,927 - INFO - Boosted OOD loss: -0.1750
2025-09-04 12:01:27,463 - INFO - Boosted OOD loss: -0.1959
2025-09-04 12:01:28,498 - INFO - Boosted OOD loss: -0.2086
2025-09-04 12:01:29,026 - INFO - Boosted OOD loss: -0.1704
2025-09-04 12:01:32,571 - INFO - Boosted OOD loss: -0.2038
2025-09-04 12:01:33,095 - INFO - Boosted OOD loss: -0.1908
2025-09-04 12:01:33,627 - INFO - Boosted OOD loss: -0.1586
2025-09-04 12:01:34,159 - INFO - Boosted OOD loss: -0.1675
2025-09-04 12:01:34,690 - INFO - Boosted OOD loss: -0.2026
2025-09-04 12:01:35,221 - INFO - Boosted OOD loss: -0.2052
2025-09-04 12:01:37,266 - INFO - Boosted OOD loss: -0.2147
2025-09-04 12:01:37,800 - INFO - Boosted OOD loss: -0.1400
2025-09-04 12:01:38,339 - INFO - Boosted OOD loss: -0.1652
2025-09-04 12:01:38,873 - INFO - Boosted OOD loss: -0.2124
2025-09-04 12:01:40,418 - INFO - Boosted OOD loss: -0.1809
2025-09-04 12:01:41,971 - INFO - Boosted OOD loss: -0.1586
2025-09-04 12:01:42,500 - INFO - Boosted OOD loss: -0.1377
2025-09-04 12:01:43,045 - INFO - Boosted OOD loss: -0.1522
2025-09-04 12:01:45,094 - INFO - Boosted OOD loss: -0.1495
2025-09-04 12:01:45,627 - INFO - Boosted OOD loss: -0.1779
2025-09-04 12:01:46,164 - INFO - Boosted OOD loss: -0.1208
2025-09-04 12:01:47,244 - INFO - Boosted OOD loss: -0.1642
2025-09-04 12:01:48,284 - INFO - Boosted OOD loss: -0.1589
2025-09-04 12:01:50,836 - INFO - Boosted OOD loss: -0.1669
2025-09-04 12:01:51,368 - INFO - Boosted OOD loss: -0.1596
2025-09-04 12:01:51,900 - INFO - Boosted OOD loss: -0.1556
2025-09-04 12:01:52,433 - INFO - Boosted OOD loss: -0.1516
2025-09-04 12:01:52,958 - INFO - Boosted OOD loss: -0.1464
2025-09-04 12:01:53,493 - INFO - Boosted OOD loss: -0.1216
2025-09-04 12:01:54,027 - INFO - Boosted OOD loss: -0.1594
2025-09-04 12:01:54,561 - INFO - Boosted OOD loss: -0.1323
2025-09-04 12:01:55,102 - INFO - Boosted OOD loss: -0.1677
2025-09-04 12:01:56,138 - INFO - Boosted OOD loss: -0.1966
2025-09-04 12:01:57,176 - INFO - Boosted OOD loss: -0.1800
2025-09-04 12:01:57,705 - INFO - Boosted OOD loss: -0.1425
2025-09-04 12:01:58,748 - INFO - Boosted OOD loss: -0.1432
2025-09-04 12:02:00,286 - INFO - Boosted OOD loss: -0.1541
2025-09-04 12:02:00,833 - INFO - Boosted OOD loss: -0.1733
2025-09-04 12:02:01,362 - INFO - Boosted OOD loss: -0.1248
2025-09-04 12:02:01,900 - INFO - Boosted OOD loss: -0.1434
2025-09-04 12:02:02,433 - INFO - Boosted OOD loss: -0.1597
2025-09-04 12:02:03,975 - INFO - Boosted OOD loss: -0.1391
2025-09-04 12:02:05,011 - INFO - Boosted OOD loss: -0.1414
2025-09-04 12:02:06,046 - INFO - Boosted OOD loss: -0.1790
2025-09-04 12:02:06,586 - INFO - Boosted OOD loss: -0.1147
2025-09-04 12:02:07,119 - INFO - Boosted OOD loss: -0.1821
2025-09-04 12:02:07,654 - INFO - Boosted OOD loss: -0.1561
2025-09-04 12:02:07,654 - INFO - Step 2500 Loss Debug:
2025-09-04 12:02:07,655 - INFO -  CE: 1.6692
2025-09-04 12:02:07,656 - INFO -  OOD: -0.1561
2025-09-04 12:02:07,656 - INFO -  β: 32.00
2025-09-04 12:02:07,657 - INFO -  ID: 25371, OOD(254): 134
2025-09-04 12:02:08,199 - INFO - Boosted OOD loss: -0.2017
2025-09-04 12:02:11,240 - INFO - Boosted OOD loss: -0.1489
2025-09-04 12:02:12,283 - INFO - Boosted OOD loss: -0.1155
2025-09-04 12:02:12,814 - INFO - Boosted OOD loss: -0.1825
2025-09-04 12:02:13,348 - INFO - Boosted OOD loss: -0.1823
2025-09-04 12:02:13,880 - INFO - Boosted OOD loss: -0.1552
2025-09-04 12:02:15,419 - INFO - Boosted OOD loss: -0.2117
2025-09-04 12:02:15,953 - INFO - Boosted OOD loss: -0.1580
2025-09-04 12:02:16,482 - INFO - Boosted OOD loss: -0.1395
2025-09-04 12:02:17,014 - INFO - Boosted OOD loss: -0.1339
2025-09-04 12:02:18,544 - INFO - Boosted OOD loss: -0.1627
2025-09-04 12:02:19,077 - INFO - Boosted OOD loss: -0.1694
2025-09-04 12:02:19,608 - INFO - Boosted OOD loss: -0.1492
2025-09-04 12:02:20,646 - INFO - Boosted OOD loss: -0.1323
2025-09-04 12:02:21,682 - INFO - Boosted OOD loss: -0.1882
2025-09-04 12:02:22,207 - INFO - Boosted OOD loss: -0.1487
2025-09-04 12:02:23,239 - INFO - Boosted OOD loss: -0.1358
2025-09-04 12:02:23,775 - INFO - Boosted OOD loss: -0.2025
2025-09-04 12:02:24,806 - INFO - Boosted OOD loss: -0.1341
2025-09-04 12:02:25,841 - INFO - Boosted OOD loss: -0.1889
2025-09-04 12:02:26,368 - INFO - Boosted OOD loss: -0.2019
2025-09-04 12:02:27,897 - INFO - Boosted OOD loss: -0.1873
2025-09-04 12:02:28,429 - INFO - Boosted OOD loss: -0.1868
2025-09-04 12:02:28,953 - INFO - Boosted OOD loss: -0.1964
2025-09-04 12:02:29,488 - INFO - Boosted OOD loss: -0.1223
2025-09-04 12:02:30,513 - INFO - Boosted OOD loss: -0.1648
2025-09-04 12:02:31,040 - INFO - Boosted OOD loss: -0.2024
2025-09-04 12:02:32,067 - INFO - Boosted OOD loss: -0.1520
2025-09-04 12:02:32,598 - INFO - Boosted OOD loss: -0.1648
2025-09-04 12:02:33,126 - INFO - Boosted OOD loss: -0.1848
2025-09-04 12:02:34,159 - INFO - Boosted OOD loss: -0.1491
2025-09-04 12:02:34,684 - INFO - Boosted OOD loss: -0.1491
2025-09-04 12:02:35,212 - INFO - Boosted OOD loss: -0.1791
2025-09-04 12:02:35,737 - INFO - Boosted OOD loss: -0.1433
2025-09-04 12:02:36,266 - INFO - Boosted OOD loss: -0.2092
2025-09-04 12:02:36,793 - INFO - Boosted OOD loss: -0.1546
2025-09-04 12:02:37,323 - INFO - Boosted OOD loss: -0.2078
2025-09-04 12:02:38,346 - INFO - Boosted OOD loss: -0.2079
2025-09-04 12:02:38,872 - INFO - Boosted OOD loss: -0.1565
2025-09-04 12:02:39,897 - INFO - Boosted OOD loss: -0.1550
2025-09-04 12:02:40,916 - INFO - Boosted OOD loss: -0.1350
2025-09-04 12:02:41,440 - INFO - Boosted OOD loss: -0.1558
2025-09-04 12:02:41,965 - INFO - Boosted OOD loss: -0.1710
2025-09-04 12:02:42,488 - INFO - Boosted OOD loss: -0.1777
2025-09-04 12:02:44,004 - INFO - Boosted OOD loss: -0.2129
2025-09-04 12:02:44,525 - INFO - Boosted OOD loss: -0.1919
2025-09-04 12:02:46,537 - INFO - Boosted OOD loss: -0.1980
2025-09-04 12:02:48,540 - INFO - Boosted OOD loss: -0.1277
2025-09-04 12:02:49,561 - INFO - Boosted OOD loss: -0.1306
2025-09-04 12:02:50,080 - INFO - Boosted OOD loss: -0.1824
2025-09-04 12:02:50,605 - INFO - Boosted OOD loss: -0.1537
2025-09-04 12:02:51,124 - INFO - Boosted OOD loss: -0.1656
2025-09-04 12:02:51,648 - INFO - Boosted OOD loss: -0.2020
2025-09-04 12:02:52,170 - INFO - Boosted OOD loss: -0.1347
2025-09-04 12:02:53,188 - INFO - Boosted OOD loss: -0.1987
2025-09-04 12:02:54,207 - INFO - Boosted OOD loss: -0.1679
2025-09-04 12:02:54,732 - INFO - Boosted OOD loss: -0.1517
2025-09-04 12:02:55,256 - INFO - Boosted OOD loss: -0.1798
2025-09-04 12:02:55,778 - INFO - Boosted OOD loss: -0.2018
2025-09-04 12:02:56,300 - INFO - Boosted OOD loss: -0.2052
2025-09-04 12:02:57,310 - INFO - Boosted OOD loss: -0.1728
2025-09-04 12:02:57,835 - INFO - Boosted OOD loss: -0.1441
2025-09-04 12:02:58,849 - INFO - Boosted OOD loss: -0.1456
2025-09-04 12:02:59,365 - WARNING - No anomaly pixels (254) found in batch
2025-09-04 12:03:01,335 - INFO - Boosted OOD loss: -0.2012
2025-09-04 12:03:01,862 - INFO - Boosted OOD loss: -0.1753
2025-09-04 12:03:03,355 - INFO - Boosted OOD loss: -0.1674
2025-09-04 12:03:04,370 - INFO - Boosted OOD loss: -0.1839
2025-09-04 12:03:04,899 - INFO - Boosted OOD loss: -0.1260
2025-09-04 12:03:05,421 - INFO - Boosted OOD loss: -0.1401
2025-09-04 12:03:05,944 - INFO - Boosted OOD loss: -0.1327
2025-09-04 12:03:06,960 - INFO - Boosted OOD loss: -0.1551
2025-09-04 12:03:07,475 - INFO - Boosted OOD loss: -0.1945
2025-09-04 12:03:08,482 - INFO - Boosted OOD loss: -0.1689
2025-09-04 12:03:09,004 - INFO - Boosted OOD loss: -0.1187
2025-09-04 12:03:09,524 - INFO - Boosted OOD loss: -0.1629
2025-09-04 12:03:10,045 - INFO - Boosted OOD loss: -0.2082
2025-09-04 12:03:11,053 - INFO - Boosted OOD loss: -0.1805
2025-09-04 12:03:12,071 - INFO - Boosted OOD loss: -0.1673
2025-09-04 12:03:12,587 - INFO - Boosted OOD loss: -0.1727
2025-09-04 12:03:13,111 - INFO - Boosted OOD loss: -0.2008
2025-09-04 12:03:13,629 - INFO - Boosted OOD loss: -0.1659
2025-09-04 12:03:14,637 - INFO - Boosted OOD loss: -0.1529
2025-09-04 12:03:15,153 - INFO - Boosted OOD loss: -0.1506
2025-09-04 12:03:15,667 - INFO - Boosted OOD loss: -0.1904
2025-09-04 12:03:16,187 - INFO - Boosted OOD loss: -0.1665
2025-09-04 12:03:16,703 - INFO - Boosted OOD loss: -0.1616
2025-09-04 12:03:17,222 - INFO - Boosted OOD loss: -0.1457
2025-09-04 12:03:20,654 - INFO - Boosted OOD loss: -0.1279
2025-09-04 12:03:21,176 - INFO - Boosted OOD loss: -0.1661
2025-09-04 12:03:23,162 - INFO - Boosted OOD loss: -0.2109
2025-09-04 12:03:23,675 - INFO - Boosted OOD loss: -0.1884
2025-09-04 12:03:24,194 - INFO - Boosted OOD loss: -0.1665
2025-09-04 12:03:24,710 - INFO - Boosted OOD loss: -0.1763
2025-09-04 12:03:24,711 - INFO - Step 2650 Loss Debug:
2025-09-04 12:03:24,714 - INFO -  CE: 1.7902
2025-09-04 12:03:24,714 - INFO -  OOD: -0.1763
2025-09-04 12:03:24,714 - INFO -  β: 32.00
2025-09-04 12:03:24,714 - INFO -  ID: 22037, OOD(254): 332
2025-09-04 12:03:25,723 - INFO - Boosted OOD loss: -0.1550
2025-09-04 12:03:26,733 - INFO - Boosted OOD loss: -0.2105
2025-09-04 12:03:27,739 - INFO - Boosted OOD loss: -0.1658
2025-09-04 12:03:28,255 - INFO - Boosted OOD loss: -0.1696
2025-09-04 12:03:29,749 - INFO - Boosted OOD loss: -0.2074
2025-09-04 12:03:30,756 - INFO - Boosted OOD loss: -0.1849
2025-09-04 12:03:32,242 - INFO - Boosted OOD loss: -0.1253
2025-09-04 12:03:33,245 - INFO - Boosted OOD loss: -0.1403
2025-09-04 12:03:33,760 - INFO - Boosted OOD loss: -0.1294
2025-09-04 12:03:34,418 - INFO - Updated beta to 11.23 (exp decay)
2025-09-04 12:03:56,112 - WARNING - Negative mean energy—verify E_b formula/signs
2025-09-04 12:03:56,112 - INFO - Weights updated successfully
2025-09-04 12:03:56,115 - INFO - Advanced epoch 6 - Updated beta: 11.23
2025-09-04 12:03:56,116 - INFO - Epoch 6 - Avg CE: 1.8368, Avg OOD: -0.1008, β: 32
2025-09-04 12:03:56,233 - INFO - 
Starting Epoch 7/100
2025-09-04 12:03:56,233 - INFO - ============================================================
2025-09-04 12:03:56,236 - INFO - 
Updating Hopfield boosting weights at epoch 7...
2025-09-04 12:04:17,922 - WARNING - Negative mean energy—verify E_b formula/signs
2025-09-04 12:04:17,922 - INFO - Weights updated successfully
2025-09-04 12:04:21,094 - INFO - Boosted OOD loss: -0.1820
2025-09-04 12:04:21,590 - INFO - Boosted OOD loss: -0.1107
2025-09-04 12:04:23,474 - INFO - Boosted OOD loss: -0.1256
2025-09-04 12:04:24,439 - INFO - Boosted OOD loss: -0.1474
2025-09-04 12:04:25,434 - INFO - Boosted OOD loss: -0.1429
2025-09-04 12:04:26,398 - INFO - Boosted OOD loss: -0.1424
2025-09-04 12:04:26,895 - INFO - Boosted OOD loss: -0.1881
2025-09-04 12:04:27,390 - INFO - Boosted OOD loss: -0.2020
2025-09-04 12:04:27,886 - INFO - Boosted OOD loss: -0.1505
2025-09-04 12:04:29,318 - INFO - Boosted OOD loss: -0.1990
2025-09-04 12:04:29,812 - INFO - Boosted OOD loss: -0.2134
2025-09-04 12:04:30,308 - INFO - Boosted OOD loss: -0.1762
2025-09-04 12:04:30,804 - INFO - Boosted OOD loss: -0.2111
2025-09-04 12:04:31,303 - INFO - Boosted OOD loss: -0.1228
2025-09-04 12:04:32,272 - INFO - Boosted OOD loss: -0.1479
2025-09-04 12:04:32,774 - INFO - Boosted OOD loss: -0.2006
2025-09-04 12:04:33,276 - INFO - Boosted OOD loss: -0.2173
2025-09-04 12:04:33,770 - INFO - Boosted OOD loss: -0.2080
2025-09-04 12:04:34,271 - INFO - Boosted OOD loss: -0.1363
2025-09-04 12:04:34,770 - INFO - Boosted OOD loss: -0.1409
2025-09-04 12:04:35,268 - INFO - Boosted OOD loss: -0.1913
2025-09-04 12:04:35,766 - INFO - Boosted OOD loss: -0.1505
2025-09-04 12:04:35,767 - INFO - Step 2700 Loss Debug:
2025-09-04 12:04:35,767 - INFO -  CE: 1.7391
2025-09-04 12:04:35,768 - INFO -  OOD: -0.1505
2025-09-04 12:04:35,768 - INFO -  β: 32.00
2025-09-04 12:04:35,769 - INFO -  ID: 22520, OOD(254): 225
2025-09-04 12:04:36,266 - INFO - Boosted OOD loss: -0.1987
2025-09-04 12:04:38,184 - INFO - Boosted OOD loss: -0.1335
2025-09-04 12:04:39,157 - INFO - Boosted OOD loss: -0.1677
2025-09-04 12:04:39,660 - INFO - Boosted OOD loss: -0.1418
2025-09-04 12:04:40,635 - INFO - Boosted OOD loss: -0.1527
2025-09-04 12:04:41,136 - INFO - Boosted OOD loss: -0.2256
2025-09-04 12:04:43,059 - INFO - Boosted OOD loss: -0.1667
2025-09-04 12:04:43,561 - INFO - Boosted OOD loss: -0.1893
2025-09-04 12:04:44,548 - INFO - Boosted OOD loss: -0.1946
2025-09-04 12:04:46,003 - INFO - Boosted OOD loss: -0.1626
2025-09-04 12:04:46,508 - INFO - Boosted OOD loss: -0.1539
2025-09-04 12:04:47,487 - INFO - Boosted OOD loss: -0.1378
2025-09-04 12:04:47,991 - INFO - Boosted OOD loss: -0.1623
2025-09-04 12:04:48,493 - INFO - Boosted OOD loss: -0.1821
2025-09-04 12:04:49,000 - INFO - Boosted OOD loss: -0.2058
2025-09-04 12:04:50,459 - INFO - Boosted OOD loss: -0.1403
2025-09-04 12:04:50,963 - INFO - Boosted OOD loss: -0.1609
2025-09-04 12:04:51,948 - INFO - Boosted OOD loss: -0.1156
2025-09-04 12:04:52,933 - INFO - Boosted OOD loss: -0.1729
2025-09-04 12:04:53,916 - INFO - Boosted OOD loss: -0.2175
2025-09-04 12:04:54,903 - INFO - Boosted OOD loss: -0.1643
2025-09-04 12:04:56,370 - INFO - Boosted OOD loss: -0.2094
2025-09-04 12:04:57,364 - INFO - Boosted OOD loss: -0.1729
2025-09-04 12:04:57,877 - INFO - Boosted OOD loss: -0.1196
2025-09-04 12:04:59,355 - INFO - Boosted OOD loss: -0.1689
2025-09-04 12:05:00,842 - INFO - Boosted OOD loss: -0.1768
2025-09-04 12:05:01,357 - INFO - Boosted OOD loss: -0.1971
2025-09-04 12:05:01,878 - INFO - Boosted OOD loss: -0.1223
2025-09-04 12:05:02,392 - INFO - Boosted OOD loss: -0.2023
2025-09-04 12:05:02,908 - INFO - Boosted OOD loss: -0.1890
2025-09-04 12:05:03,424 - INFO - Boosted OOD loss: -0.1830
2025-09-04 12:05:06,395 - INFO - Boosted OOD loss: -0.1520
2025-09-04 12:05:06,914 - INFO - Boosted OOD loss: -0.2022
2025-09-04 12:05:07,922 - INFO - Boosted OOD loss: -0.2017
2025-09-04 12:05:08,445 - INFO - Boosted OOD loss: -0.1376
2025-09-04 12:05:08,963 - INFO - Boosted OOD loss: -0.1454
2025-09-04 12:05:09,492 - INFO - Boosted OOD loss: -0.1677
2025-09-04 12:05:10,016 - INFO - Boosted OOD loss: -0.1900
2025-09-04 12:05:10,539 - INFO - Boosted OOD loss: -0.1440
2025-09-04 12:05:11,063 - INFO - Boosted OOD loss: -0.1596
2025-09-04 12:05:12,628 - INFO - Boosted OOD loss: -0.1882
2025-09-04 12:05:13,648 - INFO - Boosted OOD loss: -0.1460
2025-09-04 12:05:14,666 - INFO - Boosted OOD loss: -0.2005
2025-09-04 12:05:15,193 - INFO - Boosted OOD loss: -0.1254
2025-09-04 12:05:15,713 - INFO - Boosted OOD loss: -0.2214
2025-09-04 12:05:17,220 - INFO - Boosted OOD loss: -0.1466
2025-09-04 12:05:17,742 - INFO - Boosted OOD loss: -0.1589
2025-09-04 12:05:18,270 - INFO - Boosted OOD loss: -0.2020
2025-09-04 12:05:18,799 - INFO - Boosted OOD loss: -0.1343
2025-09-04 12:05:19,329 - INFO - Boosted OOD loss: -0.1352
2025-09-04 12:05:20,853 - INFO - Boosted OOD loss: -0.2027
2025-09-04 12:05:21,379 - INFO - Boosted OOD loss: -0.1733
2025-09-04 12:05:22,404 - INFO - Boosted OOD loss: -0.1757
2025-09-04 12:05:23,944 - INFO - Boosted OOD loss: -0.1441
2025-09-04 12:05:24,973 - INFO - Boosted OOD loss: -0.1780
2025-09-04 12:05:26,013 - INFO - Boosted OOD loss: -0.1326
2025-09-04 12:05:26,013 - INFO - Step 2800 Loss Debug:
2025-09-04 12:05:26,013 - INFO -  CE: 1.7315
2025-09-04 12:05:26,014 - INFO -  OOD: -0.1326
2025-09-04 12:05:26,015 - INFO -  β: 32.00
2025-09-04 12:05:26,015 - INFO -  ID: 25052, OOD(254): 570
2025-09-04 12:05:27,043 - INFO - Boosted OOD loss: -0.1165
2025-09-04 12:05:28,069 - INFO - Boosted OOD loss: -0.1632
2025-09-04 12:05:28,591 - INFO - Boosted OOD loss: -0.2263
2025-09-04 12:05:29,121 - INFO - Boosted OOD loss: -0.1892
2025-09-04 12:05:29,654 - INFO - Boosted OOD loss: -0.1717
2025-09-04 12:05:30,184 - INFO - Boosted OOD loss: -0.1890
2025-09-04 12:05:33,205 - INFO - Boosted OOD loss: -0.1733
2025-09-04 12:05:34,238 - INFO - Boosted OOD loss: -0.1421
2025-09-04 12:05:34,761 - INFO - Boosted OOD loss: -0.1243
2025-09-04 12:05:35,289 - INFO - Boosted OOD loss: -0.1619
2025-09-04 12:05:36,315 - INFO - Boosted OOD loss: -0.1464
2025-09-04 12:05:37,341 - INFO - Boosted OOD loss: -0.1559
2025-09-04 12:05:37,870 - INFO - Boosted OOD loss: -0.1556
2025-09-04 12:05:39,405 - INFO - Boosted OOD loss: -0.1410
2025-09-04 12:05:39,940 - INFO - Boosted OOD loss: -0.1770
2025-09-04 12:05:40,469 - INFO - Boosted OOD loss: -0.1274
2025-09-04 12:05:42,002 - INFO - Boosted OOD loss: -0.1796
2025-09-04 12:05:43,035 - INFO - Boosted OOD loss: -0.1582
2025-09-04 12:05:43,562 - INFO - Boosted OOD loss: -0.1389
2025-09-04 12:05:44,094 - INFO - Boosted OOD loss: -0.1658
2025-09-04 12:05:44,628 - INFO - Boosted OOD loss: -0.1874
2025-09-04 12:05:45,668 - INFO - Boosted OOD loss: -0.1550
2025-09-04 12:05:48,213 - INFO - Boosted OOD loss: -0.2081
2025-09-04 12:05:48,752 - INFO - Boosted OOD loss: -0.1767
2025-09-04 12:05:49,280 - INFO - Boosted OOD loss: -0.1355
2025-09-04 12:05:49,816 - INFO - Boosted OOD loss: -0.1620
2025-09-04 12:05:50,353 - INFO - Boosted OOD loss: -0.1224
2025-09-04 12:05:52,403 - INFO - Boosted OOD loss: -0.1482
2025-09-04 12:05:53,447 - INFO - Boosted OOD loss: -0.1639
2025-09-04 12:05:54,982 - INFO - Boosted OOD loss: -0.1845
2025-09-04 12:05:55,521 - INFO - Boosted OOD loss: -0.1543
2025-09-04 12:05:56,047 - INFO - Boosted OOD loss: -0.1883
2025-09-04 12:05:57,074 - INFO - Boosted OOD loss: -0.2001
2025-09-04 12:05:57,606 - INFO - Boosted OOD loss: -0.1361
2025-09-04 12:05:58,146 - INFO - Boosted OOD loss: -0.1811
2025-09-04 12:05:58,682 - INFO - Boosted OOD loss: -0.1483
2025-09-04 12:06:00,722 - INFO - Boosted OOD loss: -0.1868
2025-09-04 12:06:01,260 - INFO - Boosted OOD loss: -0.2095
2025-09-04 12:06:02,286 - INFO - Boosted OOD loss: -0.1138
2025-09-04 12:06:02,818 - INFO - Boosted OOD loss: -0.1536
2025-09-04 12:06:03,855 - INFO - Boosted OOD loss: -0.1627
2025-09-04 12:06:04,391 - INFO - Boosted OOD loss: -0.1201
2025-09-04 12:06:04,930 - INFO - Boosted OOD loss: -0.1560
2025-09-04 12:06:05,460 - INFO - Boosted OOD loss: -0.1766
2025-09-04 12:06:06,487 - INFO - Boosted OOD loss: -0.2136
2025-09-04 12:06:08,028 - INFO - Boosted OOD loss: -0.2256
2025-09-04 12:06:09,562 - INFO - Boosted OOD loss: -0.1190
2025-09-04 12:06:10,100 - INFO - Boosted OOD loss: -0.1719
2025-09-04 12:06:10,631 - INFO - Boosted OOD loss: -0.1519
2025-09-04 12:06:11,673 - INFO - Boosted OOD loss: -0.1383
2025-09-04 12:06:13,722 - INFO - Boosted OOD loss: -0.2090
2025-09-04 12:06:14,252 - INFO - Boosted OOD loss: -0.1423
2025-09-04 12:06:15,795 - INFO - Boosted OOD loss: -0.1848
2025-09-04 12:06:16,829 - INFO - Boosted OOD loss: -0.1148
2025-09-04 12:06:17,359 - INFO - Boosted OOD loss: -0.1839
2025-09-04 12:06:17,899 - INFO - Boosted OOD loss: -0.1338
2025-09-04 12:06:17,900 - INFO - Step 2900 Loss Debug:
2025-09-04 12:06:17,903 - INFO -  CE: 1.7428
2025-09-04 12:06:17,906 - INFO -  OOD: -0.1338
2025-09-04 12:06:17,906 - INFO -  β: 32.00
2025-09-04 12:06:17,907 - INFO -  ID: 27481, OOD(254): 597
2025-09-04 12:06:19,443 - INFO - Boosted OOD loss: -0.1526
2025-09-04 12:06:19,979 - INFO - Boosted OOD loss: -0.1583
2025-09-04 12:06:21,014 - INFO - Boosted OOD loss: -0.1457
2025-09-04 12:06:22,047 - INFO - Boosted OOD loss: -0.2213
2025-09-04 12:06:22,581 - INFO - Boosted OOD loss: -0.2253
2025-09-04 12:06:23,620 - INFO - Boosted OOD loss: -0.1594
2025-09-04 12:06:24,151 - INFO - Boosted OOD loss: -0.1757
2025-09-04 12:06:24,685 - INFO - Boosted OOD loss: -0.2081
2025-09-04 12:06:25,222 - INFO - Boosted OOD loss: -0.1845
2025-09-04 12:06:25,748 - INFO - Boosted OOD loss: -0.1328
2025-09-04 12:06:28,805 - INFO - Boosted OOD loss: -0.1116
2025-09-04 12:06:29,854 - INFO - Boosted OOD loss: -0.1271
2025-09-04 12:06:30,400 - INFO - Boosted OOD loss: -0.1921
2025-09-04 12:06:31,439 - INFO - Boosted OOD loss: -0.2069
2025-09-04 12:06:31,985 - INFO - Boosted OOD loss: -0.1656
2025-09-04 12:06:33,018 - INFO - Boosted OOD loss: -0.1680
2025-09-04 12:06:33,552 - INFO - Boosted OOD loss: -0.1569
2025-09-04 12:06:34,093 - INFO - Boosted OOD loss: -0.1300
2025-09-04 12:06:34,634 - INFO - Boosted OOD loss: -0.1451
2025-09-04 12:06:35,167 - INFO - Boosted OOD loss: -0.1162
2025-09-04 12:06:35,709 - INFO - Boosted OOD loss: -0.1968
2025-09-04 12:06:36,242 - INFO - Boosted OOD loss: -0.2046
2025-09-04 12:06:37,780 - INFO - Boosted OOD loss: -0.2279
2025-09-04 12:06:38,317 - INFO - Boosted OOD loss: -0.1175
2025-09-04 12:06:38,848 - INFO - Boosted OOD loss: -0.1991
2025-09-04 12:06:39,381 - INFO - Boosted OOD loss: -0.2206
2025-09-04 12:06:40,420 - INFO - Boosted OOD loss: -0.1889
2025-09-04 12:06:40,954 - INFO - Boosted OOD loss: -0.1286
2025-09-04 12:06:43,509 - INFO - Boosted OOD loss: -0.1686
2025-09-04 12:06:46,065 - INFO - Boosted OOD loss: -0.1810
2025-09-04 12:06:46,599 - INFO - Boosted OOD loss: -0.1397
2025-09-04 12:06:47,129 - INFO - Boosted OOD loss: -0.1591
2025-09-04 12:06:48,151 - INFO - Boosted OOD loss: -0.1586
2025-09-04 12:06:48,678 - INFO - Boosted OOD loss: -0.1608
2025-09-04 12:06:49,715 - INFO - Boosted OOD loss: -0.2105
2025-09-04 12:06:51,259 - INFO - Boosted OOD loss: -0.1832
2025-09-04 12:06:51,791 - INFO - Boosted OOD loss: -0.2060
2025-09-04 12:06:52,329 - INFO - Boosted OOD loss: -0.1261
2025-09-04 12:06:52,868 - INFO - Boosted OOD loss: -0.2272
2025-09-04 12:06:53,397 - INFO - Boosted OOD loss: -0.1340
2025-09-04 12:06:54,933 - INFO - Boosted OOD loss: -0.1314
2025-09-04 12:06:55,467 - INFO - Boosted OOD loss: -0.1755
2025-09-04 12:06:56,001 - INFO - Boosted OOD loss: -0.1526
2025-09-04 12:06:56,535 - INFO - Boosted OOD loss: -0.1721
2025-09-04 12:06:57,061 - INFO - Boosted OOD loss: -0.1312
2025-09-04 12:06:57,592 - INFO - Boosted OOD loss: -0.1882
2025-09-04 12:06:58,121 - INFO - Boosted OOD loss: -0.1933
2025-09-04 12:06:58,651 - INFO - Boosted OOD loss: -0.1701
2025-09-04 12:06:59,191 - INFO - Boosted OOD loss: -0.1588
2025-09-04 12:07:00,719 - INFO - Boosted OOD loss: -0.1922
2025-09-04 12:07:01,251 - INFO - Boosted OOD loss: -0.1578
2025-09-04 12:07:03,770 - INFO - Boosted OOD loss: -0.1286
2025-09-04 12:07:04,298 - INFO - Boosted OOD loss: -0.1466
2025-09-04 12:07:04,827 - INFO - Boosted OOD loss: -0.1511
2025-09-04 12:07:05,849 - INFO - Boosted OOD loss: -0.1993
2025-09-04 12:07:06,880 - INFO - Boosted OOD loss: -0.2144
2025-09-04 12:07:07,905 - INFO - Boosted OOD loss: -0.1589
2025-09-04 12:07:08,429 - INFO - Boosted OOD loss: -0.1139
2025-09-04 12:07:09,448 - INFO - Boosted OOD loss: -0.1516
2025-09-04 12:07:09,976 - INFO - Boosted OOD loss: -0.1404
2025-09-04 12:07:09,976 - INFO - Step 3000 Loss Debug:
2025-09-04 12:07:09,977 - INFO -  CE: 1.6490
2025-09-04 12:07:09,978 - INFO -  OOD: -0.1404
2025-09-04 12:07:09,978 - INFO -  β: 32.00
2025-09-04 12:07:09,979 - INFO -  ID: 29371, OOD(254): 401
2025-09-04 12:07:10,997 - INFO - Boosted OOD loss: -0.2131
2025-09-04 12:07:11,529 - INFO - Boosted OOD loss: -0.1562
2025-09-04 12:07:12,052 - INFO - Boosted OOD loss: -0.2024
2025-09-04 12:07:14,068 - INFO - Boosted OOD loss: -0.2076
2025-09-04 12:07:15,087 - INFO - Boosted OOD loss: -0.2043
2025-09-04 12:07:16,105 - INFO - Boosted OOD loss: -0.1782
2025-09-04 12:07:16,638 - INFO - Boosted OOD loss: -0.1898
2025-09-04 12:07:17,168 - INFO - Boosted OOD loss: -0.1611
2025-09-04 12:07:18,183 - INFO - Boosted OOD loss: -0.1491
2025-09-04 12:07:20,193 - INFO - Boosted OOD loss: -0.1444
2025-09-04 12:07:20,721 - INFO - Boosted OOD loss: -0.1405
2025-09-04 12:07:21,243 - INFO - Boosted OOD loss: -0.1627
2025-09-04 12:07:22,261 - INFO - Boosted OOD loss: -0.1997
2025-09-04 12:07:22,790 - INFO - Boosted OOD loss: -0.1627
2025-09-04 12:07:23,312 - INFO - Boosted OOD loss: -0.1513
2025-09-04 12:07:23,840 - INFO - Boosted OOD loss: -0.1800
2025-09-04 12:07:24,863 - INFO - Boosted OOD loss: -0.1634
2025-09-04 12:07:25,387 - INFO - Boosted OOD loss: -0.1719
2025-09-04 12:07:26,408 - INFO - Boosted OOD loss: -0.1316
2025-09-04 12:07:26,936 - INFO - Boosted OOD loss: -0.2180
2025-09-04 12:07:27,463 - INFO - Boosted OOD loss: -0.2199
2025-09-04 12:07:27,986 - INFO - Boosted OOD loss: -0.1468
2025-09-04 12:07:28,513 - INFO - Boosted OOD loss: -0.1907
2025-09-04 12:07:29,027 - INFO - Boosted OOD loss: -0.1685
2025-09-04 12:07:29,551 - INFO - Boosted OOD loss: -0.2082
2025-09-04 12:07:30,575 - INFO - Boosted OOD loss: -0.1339
2025-09-04 12:07:31,097 - INFO - Boosted OOD loss: -0.1757
2025-09-04 12:07:31,619 - INFO - Boosted OOD loss: -0.2139
2025-09-04 12:07:33,117 - INFO - Boosted OOD loss: -0.1805
2025-09-04 12:07:35,117 - INFO - Boosted OOD loss: -0.1540
2025-09-04 12:07:36,133 - INFO - Boosted OOD loss: -0.1360
2025-09-04 12:07:36,658 - INFO - Boosted OOD loss: -0.1730
2025-09-04 12:07:38,163 - INFO - Boosted OOD loss: -0.1408
2025-09-04 12:07:38,684 - INFO - Boosted OOD loss: -0.1382
2025-09-04 12:07:39,703 - INFO - Boosted OOD loss: -0.1280
2025-09-04 12:07:40,225 - INFO - Boosted OOD loss: -0.2043
2025-09-04 12:07:40,744 - INFO - Boosted OOD loss: -0.1379
2025-09-04 12:07:41,264 - INFO - Boosted OOD loss: -0.1874
2025-09-04 12:07:41,793 - INFO - Boosted OOD loss: -0.1437
2025-09-04 12:07:42,804 - INFO - Boosted OOD loss: -0.1715
2025-09-04 12:07:44,310 - INFO - Boosted OOD loss: -0.1230
2025-09-04 12:07:44,833 - INFO - Boosted OOD loss: -0.1861
2025-09-04 12:07:45,842 - INFO - Boosted OOD loss: -0.1627
2025-09-04 12:07:46,367 - INFO - Boosted OOD loss: -0.1353
2025-09-04 12:07:46,891 - INFO - Boosted OOD loss: -0.1574
2025-09-04 12:07:48,882 - INFO - Boosted OOD loss: -0.1720
2025-09-04 12:07:49,399 - INFO - Boosted OOD loss: -0.2150
2025-09-04 12:07:49,912 - INFO - Boosted OOD loss: -0.1839
2025-09-04 12:07:50,431 - INFO - Boosted OOD loss: -0.1546
2025-09-04 12:07:50,946 - INFO - Boosted OOD loss: -0.2223
2025-09-04 12:07:51,471 - INFO - Boosted OOD loss: -0.1655
2025-09-04 12:07:51,993 - INFO - Boosted OOD loss: -0.1788
2025-09-04 12:07:52,513 - INFO - Boosted OOD loss: -0.2107
2025-09-04 12:07:53,032 - INFO - Boosted OOD loss: -0.2130
2025-09-04 12:07:54,040 - INFO - Boosted OOD loss: -0.2153
2025-09-04 12:07:54,562 - INFO - Boosted OOD loss: -0.1657
2025-09-04 12:07:56,054 - INFO - Boosted OOD loss: -0.2068
2025-09-04 12:07:56,571 - INFO - Boosted OOD loss: -0.1580
2025-09-04 12:07:57,574 - INFO - Boosted OOD loss: -0.1985
2025-09-04 12:07:58,097 - INFO - Boosted OOD loss: -0.2180
2025-09-04 12:08:00,083 - INFO - Boosted OOD loss: -0.1192
2025-09-04 12:08:00,598 - INFO - Boosted OOD loss: -0.1593
2025-09-04 12:08:01,109 - WARNING - No anomaly pixels (254) found in batch
2025-09-04 12:08:02,097 - INFO - Boosted OOD loss: -0.1191
2025-09-04 12:08:02,608 - INFO - Boosted OOD loss: -0.2105
2025-09-04 12:08:03,125 - INFO - Boosted OOD loss: -0.1348
2025-09-04 12:08:03,641 - INFO - Boosted OOD loss: -0.1412
2025-09-04 12:08:04,162 - INFO - Boosted OOD loss: -0.1438
2025-09-04 12:08:05,164 - INFO - Boosted OOD loss: -0.1764
2025-09-04 12:08:05,677 - INFO - Boosted OOD loss: -0.2016
2025-09-04 12:08:06,193 - INFO - Boosted OOD loss: -0.1453
2025-09-04 12:08:08,166 - INFO - Boosted OOD loss: -0.1506
2025-09-04 12:08:08,317 - INFO - Updated beta to 11.11 (exp decay)
2025-09-04 12:08:31,242 - WARNING - Negative mean energy—verify E_b formula/signs
2025-09-04 12:08:31,243 - INFO - Weights updated successfully
2025-09-04 12:08:31,243 - INFO - Advanced epoch 7 - Updated beta: 11.11
2025-09-04 12:08:31,243 - INFO - Epoch 7 - Avg CE: 1.8433, Avg OOD: -0.1000, β: 32
2025-09-04 12:08:31,361 - INFO - 
Starting Epoch 8/100
2025-09-04 12:08:31,361 - INFO - ============================================================
2025-09-04 12:08:31,365 - INFO - 
Updating Hopfield boosting weights at epoch 8...
2025-09-04 12:08:55,125 - WARNING - Negative mean energy—verify E_b formula/signs
2025-09-04 12:08:55,126 - INFO - Weights updated successfully
2025-09-04 12:08:58,670 - INFO - Boosted OOD loss: -0.1428
2025-09-04 12:08:59,629 - INFO - Boosted OOD loss: -0.1933
2025-09-04 12:09:01,107 - INFO - Boosted OOD loss: -0.1237
2025-09-04 12:09:01,602 - INFO - Boosted OOD loss: -0.1556
2025-09-04 12:09:03,031 - INFO - Boosted OOD loss: -0.1539
2025-09-04 12:09:03,525 - INFO - Boosted OOD loss: -0.1797
2025-09-04 12:09:04,022 - INFO - Boosted OOD loss: -0.1696
2025-09-04 12:09:05,451 - INFO - Boosted OOD loss: -0.1207
2025-09-04 12:09:07,355 - INFO - Boosted OOD loss: -0.1915
2025-09-04 12:09:08,329 - INFO - Boosted OOD loss: -0.1599
2025-09-04 12:09:10,712 - INFO - Boosted OOD loss: -0.2146
2025-09-04 12:09:11,208 - INFO - Boosted OOD loss: -0.1591
2025-09-04 12:09:12,647 - INFO - Boosted OOD loss: -0.1166
2025-09-04 12:09:13,149 - INFO - Boosted OOD loss: -0.1990
2025-09-04 12:09:13,652 - INFO - Boosted OOD loss: -0.1890
2025-09-04 12:09:14,155 - INFO - Boosted OOD loss: -0.2011
2025-09-04 12:09:15,123 - INFO - Boosted OOD loss: -0.2129
2025-09-04 12:09:16,103 - INFO - Boosted OOD loss: -0.1146
2025-09-04 12:09:17,556 - INFO - Boosted OOD loss: -0.1336
2025-09-04 12:09:18,070 - INFO - Boosted OOD loss: -0.1143
2025-09-04 12:09:19,048 - INFO - Boosted OOD loss: -0.1757
2025-09-04 12:09:19,550 - INFO - Boosted OOD loss: -0.2205
2025-09-04 12:09:21,003 - INFO - Boosted OOD loss: -0.1344
2025-09-04 12:09:21,987 - INFO - Boosted OOD loss: -0.1364
2025-09-04 12:09:22,502 - INFO - Boosted OOD loss: -0.1331
2025-09-04 12:09:23,010 - INFO - Boosted OOD loss: -0.1626
2025-09-04 12:09:23,511 - INFO - Boosted OOD loss: -0.2227
2025-09-04 12:09:24,493 - INFO - Boosted OOD loss: -0.1266
2025-09-04 12:09:25,957 - INFO - Boosted OOD loss: -0.1688
2025-09-04 12:09:27,423 - INFO - Boosted OOD loss: -0.1274
2025-09-04 12:09:28,407 - INFO - Boosted OOD loss: -0.2160
2025-09-04 12:09:28,915 - INFO - Boosted OOD loss: -0.1446
2025-09-04 12:09:29,427 - INFO - Boosted OOD loss: -0.1461
2025-09-04 12:09:29,936 - INFO - Boosted OOD loss: -0.1722
2025-09-04 12:09:30,438 - INFO - Boosted OOD loss: -0.1953
2025-09-04 12:09:31,909 - INFO - Boosted OOD loss: -0.1717
2025-09-04 12:09:32,414 - INFO - Boosted OOD loss: -0.2175
2025-09-04 12:09:32,923 - INFO - Boosted OOD loss: -0.1792
2025-09-04 12:09:35,366 - INFO - Boosted OOD loss: -0.1513
2025-09-04 12:09:35,879 - INFO - Boosted OOD loss: -0.1438
2025-09-04 12:09:36,388 - INFO - Boosted OOD loss: -0.1637
2025-09-04 12:09:37,386 - INFO - Boosted OOD loss: -0.1459
2025-09-04 12:09:37,900 - INFO - Boosted OOD loss: -0.1468
2025-09-04 12:09:38,415 - INFO - Boosted OOD loss: -0.1172
2025-09-04 12:09:38,935 - INFO - Boosted OOD loss: -0.1867
2025-09-04 12:09:39,450 - WARNING - No anomaly pixels (254) found in batch
2025-09-04 12:09:39,940 - INFO - Boosted OOD loss: -0.1661
2025-09-04 12:09:40,455 - INFO - Boosted OOD loss: -0.1376
2025-09-04 12:09:41,466 - INFO - Boosted OOD loss: -0.1189
2025-09-04 12:09:41,984 - INFO - Boosted OOD loss: -0.1260
2025-09-04 12:09:43,000 - INFO - Boosted OOD loss: -0.2242
2025-09-04 12:09:43,522 - INFO - Boosted OOD loss: -0.1766
2025-09-04 12:09:44,528 - INFO - Boosted OOD loss: -0.1419
2025-09-04 12:09:45,047 - INFO - Boosted OOD loss: -0.1542
2025-09-04 12:09:46,062 - INFO - Boosted OOD loss: -0.1670
2025-09-04 12:09:46,591 - INFO - Boosted OOD loss: -0.1388
2025-09-04 12:09:47,118 - INFO - Boosted OOD loss: -0.1213
2025-09-04 12:09:47,640 - INFO - Boosted OOD loss: -0.1228
2025-09-04 12:09:48,167 - INFO - Boosted OOD loss: -0.1561
2025-09-04 12:09:48,691 - INFO - Boosted OOD loss: -0.1670
2025-09-04 12:09:49,217 - INFO - Boosted OOD loss: -0.1334
2025-09-04 12:09:49,738 - INFO - Boosted OOD loss: -0.1923
2025-09-04 12:09:50,266 - INFO - Boosted OOD loss: -0.2040
2025-09-04 12:09:50,790 - INFO - Boosted OOD loss: -0.1702
2025-09-04 12:09:52,812 - INFO - Boosted OOD loss: -0.2267
2025-09-04 12:09:54,329 - INFO - Boosted OOD loss: -0.1383
2025-09-04 12:09:54,852 - INFO - Boosted OOD loss: -0.2040
2025-09-04 12:09:56,370 - INFO - Boosted OOD loss: -0.2192
2025-09-04 12:09:56,892 - INFO - Boosted OOD loss: -0.1685
2025-09-04 12:09:57,422 - INFO - Boosted OOD loss: -0.1477
2025-09-04 12:09:58,446 - INFO - Boosted OOD loss: -0.1915
2025-09-04 12:09:59,965 - INFO - Boosted OOD loss: -0.1427
2025-09-04 12:10:00,505 - INFO - Boosted OOD loss: -0.1608
2025-09-04 12:10:01,542 - INFO - Boosted OOD loss: -0.1710
2025-09-04 12:10:02,079 - INFO - Boosted OOD loss: -0.1563
2025-09-04 12:10:02,605 - INFO - Boosted OOD loss: -0.1245
2025-09-04 12:10:05,136 - INFO - Boosted OOD loss: -0.1329
2025-09-04 12:10:05,136 - INFO - Step 3250 Loss Debug:
2025-09-04 12:10:05,137 - INFO -  CE: 1.9232
2025-09-04 12:10:05,138 - INFO -  OOD: -0.1329
2025-09-04 12:10:05,138 - INFO -  β: 32.00
2025-09-04 12:10:05,138 - INFO -  ID: 22966, OOD(254): 682
2025-09-04 12:10:06,168 - INFO - Boosted OOD loss: -0.1371
2025-09-04 12:10:06,696 - INFO - Boosted OOD loss: -0.1803
2025-09-04 12:10:07,727 - INFO - Boosted OOD loss: -0.1948
2025-09-04 12:10:08,261 - INFO - Boosted OOD loss: -0.1444
2025-09-04 12:10:09,295 - INFO - Boosted OOD loss: -0.1533
2025-09-04 12:10:09,824 - INFO - Boosted OOD loss: -0.2107
2025-09-04 12:10:11,866 - INFO - Boosted OOD loss: -0.1557
2025-09-04 12:10:13,895 - INFO - Boosted OOD loss: -0.1514
2025-09-04 12:10:14,426 - INFO - Boosted OOD loss: -0.1868
2025-09-04 12:10:15,952 - INFO - Boosted OOD loss: -0.1946
2025-09-04 12:10:16,979 - INFO - Boosted OOD loss: -0.1864
2025-09-04 12:10:17,513 - INFO - Boosted OOD loss: -0.1843
2025-09-04 12:10:18,552 - INFO - Boosted OOD loss: -0.1184
2025-09-04 12:10:20,086 - INFO - Boosted OOD loss: -0.1376
2025-09-04 12:10:20,614 - INFO - Boosted OOD loss: -0.1806
2025-09-04 12:10:21,146 - INFO - Boosted OOD loss: -0.1708
2025-09-04 12:10:23,172 - INFO - Boosted OOD loss: -0.1766
2025-09-04 12:10:24,208 - INFO - Boosted OOD loss: -0.1705
2025-09-04 12:10:24,736 - INFO - Boosted OOD loss: -0.1542
2025-09-04 12:10:25,771 - INFO - Boosted OOD loss: -0.1962
2025-09-04 12:10:26,802 - INFO - Boosted OOD loss: -0.2140
2025-09-04 12:10:27,839 - INFO - Boosted OOD loss: -0.1603
2025-09-04 12:10:28,376 - INFO - Boosted OOD loss: -0.1507
2025-09-04 12:10:28,908 - INFO - Boosted OOD loss: -0.1719
2025-09-04 12:10:29,434 - INFO - Boosted OOD loss: -0.1581
2025-09-04 12:10:29,971 - INFO - Boosted OOD loss: -0.1826
2025-09-04 12:10:30,506 - INFO - Boosted OOD loss: -0.2180
2025-09-04 12:10:31,035 - WARNING - No anomaly pixels (254) found in batch
2025-09-04 12:10:31,547 - INFO - Boosted OOD loss: -0.1389
2025-09-04 12:10:32,583 - INFO - Boosted OOD loss: -0.1770
2025-09-04 12:10:33,114 - INFO - Boosted OOD loss: -0.1922
2025-09-04 12:10:35,153 - INFO - Boosted OOD loss: -0.1775
2025-09-04 12:10:35,687 - INFO - Boosted OOD loss: -0.2161
2025-09-04 12:10:36,213 - INFO - Boosted OOD loss: -0.1931
2025-09-04 12:10:36,745 - INFO - Boosted OOD loss: -0.1854
2025-09-04 12:10:37,782 - INFO - Boosted OOD loss: -0.1389
2025-09-04 12:10:38,818 - INFO - Boosted OOD loss: -0.1670
2025-09-04 12:10:39,354 - INFO - Boosted OOD loss: -0.1855
2025-09-04 12:10:39,887 - INFO - Boosted OOD loss: -0.1537
2025-09-04 12:10:40,917 - INFO - Boosted OOD loss: -0.1596
2025-09-04 12:10:41,461 - INFO - Boosted OOD loss: -0.1894
2025-09-04 12:10:41,995 - INFO - Boosted OOD loss: -0.1253
2025-09-04 12:10:43,037 - INFO - Boosted OOD loss: -0.1941
2025-09-04 12:10:44,587 - INFO - Boosted OOD loss: -0.1386
2025-09-04 12:10:45,120 - INFO - Boosted OOD loss: -0.1433
2025-09-04 12:10:47,162 - INFO - Boosted OOD loss: -0.1421
2025-09-04 12:10:47,686 - INFO - Boosted OOD loss: -0.1464
2025-09-04 12:10:49,226 - INFO - Boosted OOD loss: -0.1672
2025-09-04 12:10:49,757 - INFO - Boosted OOD loss: -0.2010
2025-09-04 12:10:50,288 - INFO - Boosted OOD loss: -0.1469
2025-09-04 12:10:51,842 - INFO - Boosted OOD loss: -0.1910
2025-09-04 12:10:52,373 - INFO - Boosted OOD loss: -0.2091
2025-09-04 12:10:53,918 - INFO - Boosted OOD loss: -0.2077
2025-09-04 12:10:55,449 - INFO - Boosted OOD loss: -0.2145
2025-09-04 12:10:56,487 - INFO - Boosted OOD loss: -0.1241
2025-09-04 12:10:57,023 - INFO - Boosted OOD loss: -0.1566
2025-09-04 12:10:57,024 - INFO - Step 3350 Loss Debug:
2025-09-04 12:10:57,025 - INFO -  CE: 1.9457
2025-09-04 12:10:57,026 - INFO -  OOD: -0.1566
2025-09-04 12:10:57,026 - INFO -  β: 32.00
2025-09-04 12:10:57,026 - INFO -  ID: 26200, OOD(254): 136
2025-09-04 12:10:58,059 - INFO - Boosted OOD loss: -0.1454
2025-09-04 12:10:58,592 - INFO - Boosted OOD loss: -0.2118
2025-09-04 12:10:59,121 - INFO - Boosted OOD loss: -0.1813
2025-09-04 12:10:59,656 - INFO - Boosted OOD loss: -0.2059
2025-09-04 12:11:00,184 - INFO - Boosted OOD loss: -0.2145
2025-09-04 12:11:00,723 - INFO - Boosted OOD loss: -0.1514
2025-09-04 12:11:01,261 - INFO - Boosted OOD loss: -0.1517
2025-09-04 12:11:02,302 - INFO - Boosted OOD loss: -0.1821
2025-09-04 12:11:02,832 - INFO - Boosted OOD loss: -0.1424
2025-09-04 12:11:03,371 - INFO - Boosted OOD loss: -0.1599
2025-09-04 12:11:03,903 - INFO - Boosted OOD loss: -0.1495
2025-09-04 12:11:04,436 - INFO - Boosted OOD loss: -0.1674
2025-09-04 12:11:04,980 - INFO - Boosted OOD loss: -0.2136
2025-09-04 12:11:06,013 - INFO - Boosted OOD loss: -0.1628
2025-09-04 12:11:06,540 - INFO - Boosted OOD loss: -0.1583
2025-09-04 12:11:07,077 - INFO - Boosted OOD loss: -0.1365
2025-09-04 12:11:08,119 - INFO - Boosted OOD loss: -0.2182
2025-09-04 12:11:09,157 - INFO - Boosted OOD loss: -0.1331
2025-09-04 12:11:10,195 - INFO - Boosted OOD loss: -0.1924
2025-09-04 12:11:10,729 - INFO - Boosted OOD loss: -0.1584
2025-09-04 12:11:11,262 - INFO - Boosted OOD loss: -0.1474
2025-09-04 12:11:11,795 - INFO - Boosted OOD loss: -0.1369
2025-09-04 12:11:12,336 - INFO - Boosted OOD loss: -0.2122
2025-09-04 12:11:12,864 - INFO - Boosted OOD loss: -0.1654
2025-09-04 12:11:14,904 - INFO - Boosted OOD loss: -0.1537
2025-09-04 12:11:16,442 - INFO - Boosted OOD loss: -0.2134
2025-09-04 12:11:17,482 - INFO - Boosted OOD loss: -0.2201
2025-09-04 12:11:18,015 - INFO - Boosted OOD loss: -0.1606
2025-09-04 12:11:19,052 - INFO - Boosted OOD loss: -0.2057
2025-09-04 12:11:19,582 - INFO - Boosted OOD loss: -0.1489
2025-09-04 12:11:20,619 - INFO - Boosted OOD loss: -0.2058
2025-09-04 12:11:21,154 - INFO - Boosted OOD loss: -0.1388
2025-09-04 12:11:22,186 - INFO - Boosted OOD loss: -0.2148
2025-09-04 12:11:23,212 - INFO - Boosted OOD loss: -0.2006
2025-09-04 12:11:23,213 - INFO - Step 3400 Loss Debug:
2025-09-04 12:11:23,214 - INFO -  CE: 1.8905
2025-09-04 12:11:23,214 - INFO -  OOD: -0.2006
2025-09-04 12:11:23,215 - INFO -  β: 32.00
2025-09-04 12:11:23,215 - INFO -  ID: 27209, OOD(254): 18
2025-09-04 12:11:24,245 - INFO - Boosted OOD loss: -0.1856
2025-09-04 12:11:24,779 - INFO - Boosted OOD loss: -0.1183
2025-09-04 12:11:25,317 - INFO - Boosted OOD loss: -0.2003
2025-09-04 12:11:25,850 - INFO - Boosted OOD loss: -0.1907
2025-09-04 12:11:26,377 - INFO - Boosted OOD loss: -0.1667
2025-09-04 12:11:26,961 - INFO - Boosted OOD loss: -0.1164
2025-09-04 12:11:29,001 - INFO - Boosted OOD loss: -0.1845
2025-09-04 12:11:30,036 - INFO - Boosted OOD loss: -0.1350
2025-09-04 12:11:30,565 - INFO - Boosted OOD loss: -0.2115
2025-09-04 12:11:31,091 - INFO - Boosted OOD loss: -0.2125
2025-09-04 12:11:32,121 - INFO - Boosted OOD loss: -0.1485
2025-09-04 12:11:32,655 - INFO - Boosted OOD loss: -0.2131
2025-09-04 12:11:34,182 - INFO - Boosted OOD loss: -0.1469
2025-09-04 12:11:34,716 - INFO - Boosted OOD loss: -0.2200
2025-09-04 12:11:35,248 - INFO - Boosted OOD loss: -0.1284
2025-09-04 12:11:36,278 - INFO - Boosted OOD loss: -0.1189
2025-09-04 12:11:36,805 - INFO - Boosted OOD loss: -0.1408
2025-09-04 12:11:37,337 - INFO - Boosted OOD loss: -0.1491
2025-09-04 12:11:37,860 - INFO - Boosted OOD loss: -0.1125
2025-09-04 12:11:38,390 - INFO - Boosted OOD loss: -0.1403
2025-09-04 12:11:38,919 - INFO - Boosted OOD loss: -0.1996
2025-09-04 12:11:41,455 - INFO - Boosted OOD loss: -0.1697
2025-09-04 12:11:41,985 - INFO - Boosted OOD loss: -0.1545
2025-09-04 12:11:43,524 - INFO - Boosted OOD loss: -0.1705
2025-09-04 12:11:44,569 - INFO - Boosted OOD loss: -0.2230
2025-09-04 12:11:45,596 - INFO - Boosted OOD loss: -0.1940
2025-09-04 12:11:46,132 - INFO - Boosted OOD loss: -0.1993
2025-09-04 12:11:46,659 - INFO - Boosted OOD loss: -0.2130
2025-09-04 12:11:47,679 - INFO - Boosted OOD loss: -0.1442
2025-09-04 12:11:48,207 - INFO - Boosted OOD loss: -0.1396
2025-09-04 12:11:48,728 - INFO - Boosted OOD loss: -0.1669
2025-09-04 12:11:50,732 - INFO - Boosted OOD loss: -0.1640
2025-09-04 12:11:51,262 - INFO - Boosted OOD loss: -0.1525
2025-09-04 12:11:52,277 - INFO - Boosted OOD loss: -0.2054
2025-09-04 12:11:52,794 - INFO - Boosted OOD loss: -0.2106
2025-09-04 12:11:53,319 - INFO - Boosted OOD loss: -0.1554
2025-09-04 12:11:53,833 - INFO - Boosted OOD loss: -0.1477
2025-09-04 12:11:54,361 - INFO - Boosted OOD loss: -0.1412
2025-09-04 12:11:54,886 - INFO - Boosted OOD loss: -0.1677
2025-09-04 12:11:55,905 - INFO - Boosted OOD loss: -0.1350
2025-09-04 12:11:56,427 - INFO - Boosted OOD loss: -0.1598
2025-09-04 12:11:57,441 - INFO - Boosted OOD loss: -0.2016
2025-09-04 12:11:58,456 - INFO - Boosted OOD loss: -0.2058
2025-09-04 12:11:58,972 - INFO - Boosted OOD loss: -0.1883
2025-09-04 12:11:59,990 - INFO - Boosted OOD loss: -0.1628
2025-09-04 12:12:00,513 - INFO - Boosted OOD loss: -0.1361
2025-09-04 12:12:01,033 - INFO - Boosted OOD loss: -0.2206
2025-09-04 12:12:02,535 - INFO - Boosted OOD loss: -0.2176
2025-09-04 12:12:03,051 - INFO - Boosted OOD loss: -0.2150
2025-09-04 12:12:03,580 - INFO - Boosted OOD loss: -0.1432
2025-09-04 12:12:07,532 - INFO - Boosted OOD loss: -0.1353
2025-09-04 12:12:08,548 - INFO - Boosted OOD loss: -0.1357
2025-09-04 12:12:09,556 - INFO - Boosted OOD loss: -0.1836
2025-09-04 12:12:10,084 - INFO - Boosted OOD loss: -0.1252
2025-09-04 12:12:10,601 - INFO - Boosted OOD loss: -0.1548
2025-09-04 12:12:11,123 - INFO - Boosted OOD loss: -0.1979
2025-09-04 12:12:11,638 - INFO - Boosted OOD loss: -0.1733
2025-09-04 12:12:13,625 - INFO - Boosted OOD loss: -0.2038
2025-09-04 12:12:14,144 - INFO - Boosted OOD loss: -0.2192
2025-09-04 12:12:14,661 - WARNING - No anomaly pixels (254) found in batch
2025-09-04 12:12:15,155 - INFO - Boosted OOD loss: -0.1349
2025-09-04 12:12:17,139 - INFO - Boosted OOD loss: -0.2158
2025-09-04 12:12:17,659 - INFO - Boosted OOD loss: -0.2209
2025-09-04 12:12:18,173 - INFO - Boosted OOD loss: -0.2270
2025-09-04 12:12:18,690 - INFO - Boosted OOD loss: -0.1635
2025-09-04 12:12:19,697 - INFO - Boosted OOD loss: -0.2039
2025-09-04 12:12:20,702 - INFO - Boosted OOD loss: -0.1909
2025-09-04 12:12:21,226 - INFO - Boosted OOD loss: -0.1709
2025-09-04 12:12:22,722 - INFO - Boosted OOD loss: -0.1934
2025-09-04 12:12:23,241 - INFO - Boosted OOD loss: -0.1543
2025-09-04 12:12:23,755 - INFO - Boosted OOD loss: -0.1925
2025-09-04 12:12:24,275 - INFO - Boosted OOD loss: -0.1790
2025-09-04 12:12:25,279 - INFO - Boosted OOD loss: -0.1117
2025-09-04 12:12:26,290 - INFO - Boosted OOD loss: -0.1676
2025-09-04 12:12:26,810 - INFO - Boosted OOD loss: -0.1674
2025-09-04 12:12:28,311 - INFO - Boosted OOD loss: -0.1511
2025-09-04 12:12:31,268 - INFO - Boosted OOD loss: -0.1893
2025-09-04 12:12:32,280 - INFO - Boosted OOD loss: -0.1370
2025-09-04 12:12:32,795 - INFO - Boosted OOD loss: -0.1905
2025-09-04 12:12:33,311 - INFO - Boosted OOD loss: -0.1555
2025-09-04 12:12:34,317 - INFO - Boosted OOD loss: -0.2191
2025-09-04 12:12:34,833 - INFO - Boosted OOD loss: -0.1918
2025-09-04 12:12:35,353 - INFO - Boosted OOD loss: -0.1829
2025-09-04 12:12:36,359 - INFO - Boosted OOD loss: -0.2253
2025-09-04 12:12:36,873 - INFO - Boosted OOD loss: -0.1287
2025-09-04 12:12:37,387 - INFO - Boosted OOD loss: -0.1719
2025-09-04 12:12:37,904 - INFO - Boosted OOD loss: -0.2146
2025-09-04 12:12:38,909 - INFO - Boosted OOD loss: -0.1754
2025-09-04 12:12:39,434 - INFO - Boosted OOD loss: -0.1339
2025-09-04 12:12:39,943 - INFO - Boosted OOD loss: -0.2139
2025-09-04 12:12:39,944 - INFO - Step 3550 Loss Debug:
2025-09-04 12:12:39,946 - INFO -  CE: 1.8647
2025-09-04 12:12:39,948 - INFO -  OOD: -0.2139
2025-09-04 12:12:39,948 - INFO -  β: 32.00
2025-09-04 12:12:39,948 - INFO -  ID: 22027, OOD(254): 1
2025-09-04 12:12:41,436 - INFO - Boosted OOD loss: -0.1484
2025-09-04 12:12:41,950 - INFO - Boosted OOD loss: -0.2063
2025-09-04 12:12:42,946 - INFO - Boosted OOD loss: -0.1347
2025-09-04 12:12:43,463 - INFO - Boosted OOD loss: -0.1197
2025-09-04 12:12:43,975 - INFO - Boosted OOD loss: -0.2065
2025-09-04 12:12:44,626 - INFO - Updated beta to 10.99 (exp decay)
2025-09-04 12:13:08,300 - WARNING - Negative mean energy—verify E_b formula/signs
2025-09-04 12:13:08,301 - INFO - Weights updated successfully
2025-09-04 12:13:08,302 - INFO - Advanced epoch 8 - Updated beta: 10.99
2025-09-04 12:13:08,302 - INFO - Epoch 8 - Avg CE: 1.8166, Avg OOD: -0.0989, β: 32
2025-09-04 12:13:08,421 - INFO - 
Starting Epoch 9/100
2025-09-04 12:13:08,421 - INFO - ============================================================
2025-09-04 12:13:08,423 - INFO - 
Updating Hopfield boosting weights at epoch 9...
2025-09-04 12:13:29,227 - WARNING - Negative mean energy—verify E_b formula/signs
2025-09-04 12:13:29,228 - INFO - Weights updated successfully
2025-09-04 12:13:32,060 - INFO - Boosted OOD loss: -0.1678
2025-09-04 12:13:34,866 - INFO - Boosted OOD loss: -0.1209
2025-09-04 12:13:35,363 - INFO - Boosted OOD loss: -0.1501
2025-09-04 12:13:36,320 - INFO - Boosted OOD loss: -0.1267
2025-09-04 12:13:36,818 - INFO - Boosted OOD loss: -0.1541
2025-09-04 12:13:37,315 - INFO - Boosted OOD loss: -0.1115
2025-09-04 12:13:37,813 - INFO - Boosted OOD loss: -0.1519
2025-09-04 12:13:38,311 - INFO - Boosted OOD loss: -0.1616
2025-09-04 12:13:39,275 - INFO - Boosted OOD loss: -0.1478
2025-09-04 12:13:40,707 - INFO - Boosted OOD loss: -0.1830
2025-09-04 12:13:41,209 - INFO - Boosted OOD loss: -0.1184
2025-09-04 12:13:41,712 - INFO - Boosted OOD loss: -0.1682
2025-09-04 12:13:42,210 - INFO - Boosted OOD loss: -0.1648
2025-09-04 12:13:42,705 - INFO - Boosted OOD loss: -0.1523
2025-09-04 12:13:43,210 - INFO - Boosted OOD loss: -0.1769
2025-09-04 12:13:43,711 - INFO - Boosted OOD loss: -0.1634
2025-09-04 12:13:44,213 - INFO - Boosted OOD loss: -0.2115
2025-09-04 12:13:45,652 - INFO - Boosted OOD loss: -0.1582
2025-09-04 12:13:46,152 - INFO - Boosted OOD loss: -0.1776
2025-09-04 12:13:46,657 - INFO - Boosted OOD loss: -0.1817
2025-09-04 12:13:47,162 - INFO - Boosted OOD loss: -0.1260
2025-09-04 12:13:47,669 - INFO - Boosted OOD loss: -0.1434
2025-09-04 12:13:49,122 - INFO - Boosted OOD loss: -0.1862
2025-09-04 12:13:49,624 - INFO - Boosted OOD loss: -0.2138
2025-09-04 12:13:50,185 - INFO - Boosted OOD loss: -0.1383
2025-09-04 12:13:50,691 - INFO - Boosted OOD loss: -0.1620
2025-09-04 12:13:51,194 - INFO - Boosted OOD loss: -0.1856
2025-09-04 12:13:51,699 - INFO - Boosted OOD loss: -0.1640
2025-09-04 12:13:51,700 - INFO - Step 3600 Loss Debug:
2025-09-04 12:13:51,702 - INFO -  CE: 1.7413
2025-09-04 12:13:51,705 - INFO -  OOD: -0.1640
2025-09-04 12:13:51,705 - INFO -  β: 32.00
2025-09-04 12:13:51,705 - INFO -  ID: 25202, OOD(254): 1785
2025-09-04 12:13:52,205 - INFO - Boosted OOD loss: -0.2064
2025-09-04 12:13:54,612 - INFO - Boosted OOD loss: -0.1700
2025-09-04 12:13:55,115 - INFO - Boosted OOD loss: -0.1515
2025-09-04 12:13:56,096 - INFO - Boosted OOD loss: -0.1559
2025-09-04 12:13:56,601 - INFO - Boosted OOD loss: -0.2242
2025-09-04 12:13:57,104 - INFO - Boosted OOD loss: -0.1736
2025-09-04 12:13:57,610 - INFO - Boosted OOD loss: -0.1440
2025-09-04 12:13:58,116 - INFO - Boosted OOD loss: -0.2129
2025-09-04 12:13:58,625 - INFO - Boosted OOD loss: -0.1255
2025-09-04 12:13:59,130 - INFO - Boosted OOD loss: -0.1520
2025-09-04 12:14:00,112 - INFO - Boosted OOD loss: -0.1862
2025-09-04 12:14:01,093 - INFO - Boosted OOD loss: -0.1829
2025-09-04 12:14:01,599 - INFO - Boosted OOD loss: -0.1262
2025-09-04 12:14:02,585 - INFO - Boosted OOD loss: -0.2045
2025-09-04 12:14:03,094 - INFO - Boosted OOD loss: -0.1240
2025-09-04 12:14:04,078 - INFO - Boosted OOD loss: -0.1491
2025-09-04 12:14:04,583 - INFO - Boosted OOD loss: -0.2191
2025-09-04 12:14:05,573 - INFO - Boosted OOD loss: -0.1640
2025-09-04 12:14:06,081 - INFO - Boosted OOD loss: -0.1456
2025-09-04 12:14:06,598 - INFO - Boosted OOD loss: -0.1334
2025-09-04 12:14:07,108 - INFO - Boosted OOD loss: -0.1453
2025-09-04 12:14:07,620 - INFO - Boosted OOD loss: -0.1391
2025-09-04 12:14:08,615 - INFO - Boosted OOD loss: -0.1725
2025-09-04 12:14:09,127 - INFO - Boosted OOD loss: -0.1415
2025-09-04 12:14:11,093 - INFO - Boosted OOD loss: -0.1408
2025-09-04 12:14:13,076 - INFO - Boosted OOD loss: -0.1697
2025-09-04 12:14:14,573 - INFO - Boosted OOD loss: -0.1692
2025-09-04 12:14:15,579 - INFO - Boosted OOD loss: -0.1535
2025-09-04 12:14:16,101 - INFO - Boosted OOD loss: -0.1111
2025-09-04 12:14:16,624 - INFO - Boosted OOD loss: -0.1138
2025-09-04 12:14:16,626 - INFO - Step 3650 Loss Debug:
2025-09-04 12:14:16,626 - INFO -  CE: 1.8542
2025-09-04 12:14:16,627 - INFO -  OOD: -0.1138
2025-09-04 12:14:16,627 - INFO -  β: 32.00
2025-09-04 12:14:16,627 - INFO -  ID: 28945, OOD(254): 885
2025-09-04 12:14:18,624 - INFO - Boosted OOD loss: -0.1243
2025-09-04 12:14:19,641 - INFO - Boosted OOD loss: -0.1451
2025-09-04 12:14:20,168 - INFO - Boosted OOD loss: -0.1297
2025-09-04 12:14:20,692 - INFO - Boosted OOD loss: -0.1771
2025-09-04 12:14:21,219 - INFO - Boosted OOD loss: -0.1256
2025-09-04 12:14:21,742 - INFO - Boosted OOD loss: -0.1548
2025-09-04 12:14:23,256 - INFO - Boosted OOD loss: -0.1464
2025-09-04 12:14:24,272 - INFO - Boosted OOD loss: -0.1853
2025-09-04 12:14:24,794 - INFO - Boosted OOD loss: -0.1807
2025-09-04 12:14:25,318 - INFO - Boosted OOD loss: -0.1920
2025-09-04 12:14:25,850 - INFO - Boosted OOD loss: -0.1474
2025-09-04 12:14:27,370 - INFO - Boosted OOD loss: -0.1939
2025-09-04 12:14:28,402 - INFO - Boosted OOD loss: -0.1194
2025-09-04 12:14:29,423 - INFO - Boosted OOD loss: -0.1749
2025-09-04 12:14:31,935 - INFO - Boosted OOD loss: -0.2149
2025-09-04 12:14:32,460 - INFO - Boosted OOD loss: -0.2142
2025-09-04 12:14:34,481 - INFO - Boosted OOD loss: -0.1793
2025-09-04 12:14:36,502 - INFO - Boosted OOD loss: -0.1866
2025-09-04 12:14:37,033 - INFO - Boosted OOD loss: -0.1320
2025-09-04 12:14:38,566 - INFO - Boosted OOD loss: -0.1822
2025-09-04 12:14:39,592 - INFO - Boosted OOD loss: -0.1794
2025-09-04 12:14:41,117 - INFO - Boosted OOD loss: -0.1535
2025-09-04 12:14:41,645 - INFO - Boosted OOD loss: -0.1731
2025-09-04 12:14:42,163 - WARNING - No anomaly pixels (254) found in batch
2025-09-04 12:14:43,170 - INFO - Boosted OOD loss: -0.1570
2025-09-04 12:14:44,199 - INFO - Boosted OOD loss: -0.1531
2025-09-04 12:14:44,730 - INFO - Boosted OOD loss: -0.1601
2025-09-04 12:14:45,261 - INFO - Boosted OOD loss: -0.1644
2025-09-04 12:14:45,791 - INFO - Boosted OOD loss: -0.1917
2025-09-04 12:14:46,328 - INFO - Boosted OOD loss: -0.2133
2025-09-04 12:14:48,874 - INFO - Boosted OOD loss: -0.2028
2025-09-04 12:14:49,905 - INFO - Boosted OOD loss: -0.1943
2025-09-04 12:14:50,437 - INFO - Boosted OOD loss: -0.1743
2025-09-04 12:14:51,467 - INFO - Boosted OOD loss: -0.1423
2025-09-04 12:14:52,495 - INFO - Boosted OOD loss: -0.1389
2025-09-04 12:14:54,023 - INFO - Boosted OOD loss: -0.2053
2025-09-04 12:14:55,056 - INFO - Boosted OOD loss: -0.1819
2025-09-04 12:14:56,083 - INFO - Boosted OOD loss: -0.1920
2025-09-04 12:14:56,622 - INFO - Boosted OOD loss: -0.2179
2025-09-04 12:14:57,657 - INFO - Boosted OOD loss: -0.1243
