2025-09-05 00:30:03,046 - INFO - 
Building memory with β = 32...
2025-09-05 00:30:03,047 - INFO - Building memories from loader...
2025-09-05 00:30:04,375 - INFO - Starting simplified memory building over full dataset...
2025-09-05 00:45:58,169 - WARNING - Class 6 has only 800 pixels, below min 3000
2025-09-05 00:45:58,177 - INFO - Pixels collected after entire dataset:
2025-09-05 00:45:58,178 - INFO - Class 0: 643800 pixels
2025-09-05 00:45:58,178 - INFO - Class 1: 210400 pixels
2025-09-05 00:45:58,178 - INFO - Class 2: 502600 pixels
2025-09-05 00:45:58,178 - INFO - Class 3: 24600 pixels
2025-09-05 00:45:58,178 - INFO - Class 4: 32200 pixels
2025-09-05 00:45:58,178 - INFO - Class 5: 21600 pixels
2025-09-05 00:45:58,178 - INFO - Class 6: 800 pixels
2025-09-05 00:45:58,178 - INFO - Class 7: 5200 pixels
2025-09-05 00:45:58,179 - INFO - Class 8: 420800 pixels
2025-09-05 00:45:58,179 - INFO - Class 9: 32800 pixels
2025-09-05 00:45:58,179 - INFO - Class 10: 130200 pixels
2025-09-05 00:45:58,179 - INFO - Class 11: 51000 pixels
2025-09-05 00:45:58,179 - INFO - Class 12: 4200 pixels
2025-09-05 00:45:58,179 - INFO - Class 13: 280800 pixels
2025-09-05 00:45:58,179 - INFO - Class 14: 10200 pixels
2025-09-05 00:45:58,179 - INFO - Class 15: 8600 pixels
2025-09-05 00:45:58,179 - INFO - Class 16: 7400 pixels
2025-09-05 00:45:58,179 - INFO - Class 17: 3000 pixels
2025-09-05 00:45:58,180 - INFO - Class 18: 12600 pixels
2025-09-05 00:45:58,180 - INFO - OOD (254): 47250 pixels
2025-09-05 00:45:58,817 - INFO - Within-class average cosine similarities:
2025-09-05 00:45:59,011 - ERROR - Error in build_from_loader: CUDA out of memory. Tried to allocate 1544.05 GiB. GPU 0 has a total capacity of 7.60 GiB of which 4.48 GiB is free. Including non-PyTorch memory, this process has 3.12 GiB memory in use. Of the allocated memory 1.26 GiB is allocated by PyTorch, and 1.74 GiB is reserved by PyTorch but unallocated. If reserved but unallocated memory is large try setting PYTORCH_CUDA_ALLOC_CONF=expandable_segments:True to avoid fragmentation.  See documentation for Memory Management  (https://pytorch.org/docs/stable/notes/cuda.html#environment-variables)
2025-09-05 00:45:59,017 - ERROR - Failed to initialize boosting: Failed to build boosting manager
2025-09-05 00:45:59,380 - INFO - Monitoring - ID Mean: -0.160, OOD Mean: -0.137, Separation: 0.022
2025-09-05 00:45:59,380 - WARNING - Low initial ID/OOD separation - check memory quality.
2025-09-05 00:45:59,380 - INFO - HopfieldBoostingManager initialized with aligned beta=32, lambda_ood=1.0
2025-09-05 00:45:59,380 - INFO - PixelWiseHopfieldTrainer initialization complete with β=32!
2025-09-05 00:45:59,380 - INFO - 
Starting Epoch 1/100
2025-09-05 00:45:59,381 - INFO - ============================================================
2025-09-05 00:45:59,381 - INFO - 
Updating Hopfield boosting weights at epoch 1...
2025-09-05 00:46:09,984 - WARNING - Negative mean energy—verify E_b formula/signs
2025-09-05 00:46:10,050 - INFO - Weights updated successfully
2025-09-05 00:46:10,051 - INFO - Weight Update Debug at Epoch 1: No high-weight OOD pixels found
2025-09-05 00:46:11,015 - INFO - Step 0: labels=[  0   1   2   5   8   9  11  13  18 255], OOD(254) count=0, Ignore(255) count=127773, is_ood=tensor([False, False])
2025-09-05 00:46:11,577 - WARNING - No anomaly pixels (254) found in batch
2025-09-05 00:46:11,812 - INFO - Step 1: labels=[  0   1   2   3   4   5   7   8  13 255], OOD(254) count=0, Ignore(255) count=47688, is_ood=tensor([False, False])
2025-09-05 00:46:12,438 - INFO - Step 2: labels=[  0   1   2   3   4   5   6   7   8   9  10  11  12  13  18 255], OOD(254) count=0, Ignore(255) count=258241, is_ood=tensor([False, False])
2025-09-05 00:46:13,038 - INFO - Step 3: labels=[  0   1   2   4   5   7   8   9  10  11  12  13  18 255], OOD(254) count=0, Ignore(255) count=129184, is_ood=tensor([False, False])
2025-09-05 00:46:13,639 - INFO - Step 4: labels=[  0   1   2   4   5   7   8   9  10  11  13  14  17  18 254 255], OOD(254) count=62256, Ignore(255) count=795984, is_ood=tensor([False,  True])
2025-09-05 00:46:14,232 - INFO - Boosted OOD loss: 0.2475
2025-09-05 00:46:14,545 - INFO - Step 5: labels=[  0   1   2   4   5   6   7   8   9  10  11  13 255], OOD(254) count=0, Ignore(255) count=457285, is_ood=tensor([False, False])
2025-09-05 00:46:15,142 - INFO - Step 6: labels=[  0   1   2   4   5   7   8  12  18 255], OOD(254) count=0, Ignore(255) count=58770, is_ood=tensor([False, False])
2025-09-05 00:46:15,734 - INFO - Step 7: labels=[  0   1   2   5   6   8   9  10  11  13  14  18 255], OOD(254) count=0, Ignore(255) count=12328, is_ood=tensor([False, False])
2025-09-05 00:46:16,324 - INFO - Step 8: labels=[  0   1   2   4   5   6   7   8   9  10  11  13 255], OOD(254) count=0, Ignore(255) count=437235, is_ood=tensor([False, False])
2025-09-05 00:46:16,922 - INFO - Step 9: labels=[  0   1   2   3   4   5   7   8   9  10  13 254 255], OOD(254) count=66175, Ignore(255) count=20722, is_ood=tensor([False,  True])
2025-09-05 00:46:17,463 - INFO - Boosted OOD loss: 0.2227
2025-09-05 00:46:19,196 - INFO - Boosted OOD loss: 0.1461
2025-09-05 00:46:23,499 - INFO - Boosted OOD loss: 0.3233
2025-09-05 00:46:25,130 - INFO - Boosted OOD loss: 0.3167
2025-09-05 00:46:26,222 - INFO - Boosted OOD loss: 0.3114
2025-09-05 00:46:27,316 - INFO - Boosted OOD loss: 0.1910
2025-09-05 00:46:27,875 - INFO - Boosted OOD loss: 0.2392
2025-09-05 00:46:30,045 - INFO - Boosted OOD loss: 0.3040
2025-09-05 00:46:31,680 - INFO - Boosted OOD loss: 0.2981
2025-09-05 00:46:33,313 - INFO - Boosted OOD loss: 0.2571
2025-09-05 00:46:36,565 - INFO - Boosted OOD loss: 0.2946
2025-09-05 00:46:40,898 - INFO - Boosted OOD loss: 0.2939
2025-09-05 00:46:45,775 - INFO - Boosted OOD loss: 0.2565
2025-09-05 00:46:48,494 - INFO - Boosted OOD loss: 0.2786
2025-09-05 00:46:49,058 - INFO - Boosted OOD loss: 0.1275
2025-09-05 00:46:51,251 - INFO - Boosted OOD loss: 0.1360
2025-09-05 00:46:51,821 - INFO - Boosted OOD loss: 0.1603
2025-09-05 00:46:52,385 - INFO - Boosted OOD loss: 0.2466
2025-09-05 00:46:53,493 - INFO - Boosted OOD loss: 0.1740
2025-09-05 00:46:57,307 - INFO - Boosted OOD loss: 0.2067
2025-09-05 00:47:00,584 - INFO - Boosted OOD loss: 0.2924
2025-09-05 00:47:06,029 - INFO - Boosted OOD loss: 0.1693
2025-09-05 00:47:07,128 - WARNING - No anomaly pixels (254) found in batch
2025-09-05 00:47:08,764 - INFO - Boosted OOD loss: 0.1999
2025-09-05 00:47:09,870 - INFO - Boosted OOD loss: 0.2973
2025-09-05 00:47:13,144 - INFO - Boosted OOD loss: 0.1242
2025-09-05 00:47:15,334 - INFO - Boosted OOD loss: 0.2670
2025-09-05 00:47:17,525 - INFO - Boosted OOD loss: 0.2709
2025-09-05 00:47:21,880 - INFO - Boosted OOD loss: 0.3224
2025-09-05 00:47:22,444 - INFO - Boosted OOD loss: 0.1348
2025-09-05 00:47:27,337 - INFO - Boosted OOD loss: 0.2441
2025-09-05 00:47:29,526 - INFO - Boosted OOD loss: 0.1329
2025-09-05 00:47:36,047 - INFO - Boosted OOD loss: 0.2637
2025-09-05 00:47:39,316 - INFO - Boosted OOD loss: 0.2175
2025-09-05 00:47:43,125 - INFO - Boosted OOD loss: 0.3141
2025-09-05 00:47:44,223 - INFO - Boosted OOD loss: 0.2984
2025-09-05 00:47:54,516 - INFO - Boosted OOD loss: 0.2499
2025-09-05 00:47:59,964 - INFO - Boosted OOD loss: 0.2028
2025-09-05 00:48:01,600 - WARNING - No anomaly pixels (254) found in batch
2025-09-05 00:48:03,771 - INFO - Boosted OOD loss: 0.2755
2025-09-05 00:48:06,493 - INFO - Boosted OOD loss: 0.1401
2025-09-05 00:48:09,218 - INFO - Boosted OOD loss: 0.2251
2025-09-05 00:48:10,858 - INFO - Boosted OOD loss: 0.1794
2025-09-05 00:48:14,658 - INFO - Boosted OOD loss: 0.3007
2025-09-05 00:48:17,375 - INFO - Boosted OOD loss: 0.2918
2025-09-05 00:48:18,475 - INFO - Boosted OOD loss: 0.2845
2025-09-05 00:48:22,816 - INFO - Boosted OOD loss: 0.1832
2025-09-05 00:48:28,254 - INFO - Boosted OOD loss: 0.1879
2025-09-05 00:48:28,819 - INFO - Boosted OOD loss: 0.1386
2025-09-05 00:48:28,820 - INFO - Step 250 Loss Debug:
2025-09-05 00:48:28,820 - INFO -  CE: 2.5243
2025-09-05 00:48:28,820 - INFO -  OOD: 0.1386
2025-09-05 00:48:28,820 - INFO -  β: 32.00
2025-09-05 00:48:28,820 - INFO -  ID: 5966, OOD(254): 869
2025-09-05 00:48:29,383 - INFO - Boosted OOD loss: 0.2281
2025-09-05 00:48:33,187 - INFO - Boosted OOD loss: 0.2013
2025-09-05 00:48:33,751 - INFO - Boosted OOD loss: 0.2215
2025-09-05 00:48:34,854 - INFO - Boosted OOD loss: 0.1337
2025-09-05 00:48:35,418 - INFO - Boosted OOD loss: 0.2688
2025-09-05 00:48:35,981 - INFO - Boosted OOD loss: 0.2928
2025-09-05 00:48:38,695 - INFO - Boosted OOD loss: 0.2715
2025-09-05 00:48:39,257 - INFO - Boosted OOD loss: 0.1507
2025-09-05 00:48:43,601 - INFO - Boosted OOD loss: 0.2535
2025-09-05 00:48:52,791 - INFO - Boosted OOD loss: 0.2970
2025-09-05 00:48:56,035 - WARNING - No anomaly pixels (254) found in batch
2025-09-05 00:48:59,811 - INFO - Boosted OOD loss: 0.2607
2025-09-05 00:49:00,909 - INFO - Boosted OOD loss: 0.2905
2025-09-05 00:49:02,006 - INFO - Boosted OOD loss: 0.2293
2025-09-05 00:49:03,105 - INFO - Boosted OOD loss: 0.2733
2025-09-05 00:49:05,281 - INFO - Boosted OOD loss: 0.2780
2025-09-05 00:49:10,697 - INFO - Boosted OOD loss: 0.2599
2025-09-05 00:49:11,254 - INFO - Boosted OOD loss: 0.2745
2025-09-05 00:49:13,430 - INFO - Boosted OOD loss: 0.2153
2025-09-05 00:49:19,379 - INFO - Boosted OOD loss: 0.2466
2025-09-05 00:49:22,096 - INFO - Boosted OOD loss: 0.2627
2025-09-05 00:49:30,741 - INFO - Boosted OOD loss: 0.2688
2025-09-05 00:49:35,075 - INFO - Boosted OOD loss: 0.1759
2025-09-05 00:49:38,336 - INFO - Boosted OOD loss: 0.1805
2025-09-05 00:49:39,439 - INFO - Boosted OOD loss: 0.2708
2025-09-05 00:49:41,616 - INFO - Boosted OOD loss: 0.1304
2025-09-05 00:49:42,720 - INFO - Boosted OOD loss: 0.2477
2025-09-05 00:49:43,820 - INFO - Boosted OOD loss: 0.2859
2025-09-05 00:49:46,536 - INFO - Boosted OOD loss: 0.2364
2025-09-05 00:49:49,255 - INFO - Boosted OOD loss: 0.1521
2025-09-05 00:49:50,352 - WARNING - No anomaly pixels (254) found in batch
2025-09-05 00:49:57,371 - INFO - Boosted OOD loss: 0.2332
2025-09-05 00:50:02,247 - INFO - Boosted OOD loss: 0.2483
2025-09-05 00:50:03,347 - INFO - Boosted OOD loss: 0.2174
2025-09-05 00:50:11,995 - INFO - Boosted OOD loss: 0.2707
2025-09-05 00:50:12,556 - INFO - Boosted OOD loss: 0.1768
2025-09-05 00:50:13,115 - INFO - Boosted OOD loss: 0.2443
2025-09-05 00:50:14,212 - INFO - Boosted OOD loss: 0.2013
2025-09-05 00:50:15,849 - INFO - Boosted OOD loss: 0.2637
2025-09-05 00:50:26,667 - INFO - Boosted OOD loss: 0.2582
2025-09-05 00:50:28,308 - INFO - Boosted OOD loss: 0.2465
2025-09-05 00:50:36,421 - INFO - Boosted OOD loss: 0.2623
2025-09-05 00:50:38,059 - INFO - Boosted OOD loss: 0.2449
2025-09-05 00:50:38,621 - INFO - Boosted OOD loss: 0.1858
2025-09-05 00:50:40,262 - INFO - Boosted OOD loss: 0.2486
2025-09-05 00:50:44,587 - WARNING - No anomaly pixels (254) found in batch
2025-09-05 00:50:46,753 - INFO - Boosted OOD loss: 0.1747
2025-09-05 00:50:47,316 - INFO - Boosted OOD loss: 0.2600
2025-09-05 00:50:50,028 - INFO - Boosted OOD loss: 0.2534
2025-09-05 00:50:51,669 - INFO - Boosted OOD loss: 0.2569
2025-09-05 00:50:53,305 - INFO - Boosted OOD loss: 0.2378
2025-09-05 00:50:58,718 - INFO - Boosted OOD loss: 0.1882
2025-09-05 00:50:59,281 - INFO - Boosted OOD loss: 0.2047
2025-09-05 00:51:02,001 - INFO - Boosted OOD loss: 0.2632
2025-09-05 00:51:02,559 - INFO - Boosted OOD loss: 0.1828
2025-09-05 00:51:05,277 - INFO - Boosted OOD loss: 0.2968
2025-09-05 00:51:07,455 - INFO - Boosted OOD loss: 0.2400
2025-09-05 00:51:10,179 - INFO - Boosted OOD loss: 0.2445
2025-09-05 00:51:12,353 - INFO - Boosted OOD loss: 0.2975
2025-09-05 00:51:17,227 - INFO - Boosted OOD loss: 0.2590
2025-09-05 00:51:18,866 - INFO - Boosted OOD loss: 0.2482
2025-09-05 00:51:22,120 - INFO - Boosted OOD loss: 0.2497
2025-09-05 00:51:27,004 - INFO - Boosted OOD loss: 0.1220
2025-09-05 00:51:28,108 - INFO - Boosted OOD loss: 0.2445
2025-09-05 00:51:33,524 - INFO - Boosted OOD loss: 0.2035
2025-09-05 00:51:37,326 - INFO - Boosted OOD loss: 0.1603
2025-09-05 00:51:38,428 - INFO - Boosted OOD loss: 0.2381
2025-09-05 00:51:38,984 - WARNING - No anomaly pixels (254) found in batch
2025-09-05 00:51:40,071 - INFO - Boosted OOD loss: 0.2461
2025-09-05 00:51:42,249 - INFO - Boosted OOD loss: 0.2646
2025-09-05 00:51:42,808 - INFO - Boosted OOD loss: 0.2518
2025-09-05 00:51:43,368 - INFO - Boosted OOD loss: 0.2673
2025-09-05 00:51:46,630 - INFO - Boosted OOD loss: 0.2837
2025-09-05 00:51:47,732 - INFO - Boosted OOD loss: 0.2006
2025-09-05 00:51:53,693 - INFO - Boosted OOD loss: 0.2251
2025-09-05 00:51:54,256 - INFO - Boosted OOD loss: 0.1565
2025-09-05 00:51:56,436 - INFO - Boosted OOD loss: 0.2243
2025-09-05 00:51:58,074 - INFO - Boosted OOD loss: 0.2064
2025-09-05 00:51:59,716 - INFO - Boosted OOD loss: 0.1766
2025-09-05 00:52:02,439 - INFO - Boosted OOD loss: 0.2207
2025-09-05 00:52:03,000 - INFO - Boosted OOD loss: 0.2024
2025-09-05 00:52:07,877 - INFO - Boosted OOD loss: 0.1473
2025-09-05 00:52:11,147 - INFO - Boosted OOD loss: 0.2526
2025-09-05 00:52:13,865 - INFO - Boosted OOD loss: 0.2501
2025-09-05 00:52:14,424 - INFO - Boosted OOD loss: 0.2649
2025-09-05 00:52:16,061 - INFO - Boosted OOD loss: 0.2818
2025-09-05 00:52:22,546 - INFO - Boosted OOD loss: 0.2519
2025-09-05 00:52:24,183 - INFO - Boosted OOD loss: 0.2510
2025-09-05 00:52:25,816 - INFO - Boosted OOD loss: 0.1731
2025-09-05 00:52:26,915 - INFO - Boosted OOD loss: 0.2590
2025-09-05 00:52:30,709 - INFO - Boosted OOD loss: 0.2390
2025-09-05 00:52:31,274 - INFO - Boosted OOD loss: 0.1367
2025-09-05 00:52:33,449 - WARNING - No anomaly pixels (254) found in batch
2025-09-05 00:52:36,691 - INFO - Boosted OOD loss: 0.2384
2025-09-05 00:52:39,409 - INFO - Boosted OOD loss: 0.2226
2025-09-05 00:52:41,048 - INFO - Boosted OOD loss: 0.1615
2025-09-05 00:52:43,769 - INFO - Boosted OOD loss: 0.2018
2025-09-05 00:52:44,871 - INFO - Boosted OOD loss: 0.0981
2025-09-05 00:52:46,513 - INFO - Boosted OOD loss: 0.1952
2025-09-05 00:52:47,614 - INFO - Boosted OOD loss: 0.2443
2025-09-05 00:52:50,872 - INFO - Boosted OOD loss: 0.1399
2025-09-05 00:52:55,744 - INFO - Boosted OOD loss: 0.1986
2025-09-05 00:52:59,539 - INFO - Boosted OOD loss: 0.2009
2025-09-05 00:53:01,721 - INFO - Boosted OOD loss: 0.1979
2025-09-05 00:53:03,897 - INFO - Boosted OOD loss: 0.1897
2025-09-05 00:53:04,461 - INFO - Boosted OOD loss: 0.2707
2025-09-05 00:53:06,094 - INFO - Boosted OOD loss: 0.2640
2025-09-05 00:53:07,731 - INFO - Boosted OOD loss: 0.2531
2025-09-05 00:53:15,297 - INFO - Boosted OOD loss: 0.1555
2025-09-05 00:53:15,860 - INFO - Boosted OOD loss: 0.1355
2025-09-05 00:53:19,117 - INFO - Boosted OOD loss: 0.1778
2025-09-05 00:53:27,749 - WARNING - No anomaly pixels (254) found in batch
2025-09-05 00:53:28,296 - INFO - Boosted OOD loss: 0.2588
2025-09-05 00:53:29,937 - INFO - Boosted OOD loss: 0.1355
2025-09-05 00:53:31,040 - INFO - Boosted OOD loss: 0.1230
2025-09-05 00:53:32,146 - INFO - Boosted OOD loss: 0.1394
2025-09-05 00:53:33,783 - INFO - Boosted OOD loss: 0.2749
2025-09-05 00:53:40,273 - INFO - Boosted OOD loss: 0.1248
2025-09-05 00:53:40,836 - INFO - Boosted OOD loss: 0.1347
2025-09-05 00:53:41,399 - INFO - Boosted OOD loss: 0.1731
2025-09-05 00:53:41,960 - INFO - Boosted OOD loss: 0.1876
2025-09-05 00:53:45,212 - INFO - Boosted OOD loss: 0.2974
2025-09-05 00:53:59,240 - INFO - Boosted OOD loss: 0.2068
2025-09-05 00:54:10,581 - INFO - Boosted OOD loss: 0.2637
2025-09-05 00:54:11,678 - INFO - Boosted OOD loss: 0.2826
2025-09-05 00:54:19,795 - INFO - Boosted OOD loss: 0.1446
2025-09-05 00:54:21,980 - INFO - Boosted OOD loss: 0.1237
2025-09-05 00:54:21,980 - INFO - Step 900 Loss Debug:
2025-09-05 00:54:21,980 - INFO -  CE: 1.7900
2025-09-05 00:54:21,980 - INFO -  OOD: 0.1237
2025-09-05 00:54:21,981 - INFO -  β: 32.00
2025-09-05 00:54:21,981 - INFO -  ID: 5415, OOD(254): 2373
2025-09-05 00:54:23,623 - INFO - Boosted OOD loss: 0.2533
2025-09-05 00:54:26,891 - INFO - Boosted OOD loss: 0.1906
2025-09-05 00:54:27,991 - INFO - Boosted OOD loss: 0.2127
2025-09-05 00:54:29,090 - INFO - Boosted OOD loss: 0.2896
2025-09-05 00:54:29,649 - INFO - Boosted OOD loss: 0.2433
2025-09-05 00:54:30,747 - INFO - Boosted OOD loss: 0.2971
2025-09-05 00:54:32,383 - INFO - Boosted OOD loss: 0.2039
2025-09-05 00:54:34,026 - INFO - Boosted OOD loss: 0.1205
2025-09-05 00:54:39,446 - INFO - Boosted OOD loss: 0.2445
2025-09-05 00:54:48,094 - INFO - Boosted OOD loss: 0.2612
2025-09-05 00:54:49,736 - INFO - Boosted OOD loss: 0.1326
2025-09-05 00:54:58,387 - INFO - Boosted OOD loss: 0.1483
2025-09-05 00:55:04,343 - INFO - Boosted OOD loss: 0.2465
2025-09-05 00:55:07,598 - INFO - Boosted OOD loss: 0.2730
2025-09-05 00:55:13,013 - INFO - Boosted OOD loss: 0.2880
2025-09-05 00:55:16,258 - WARNING - No anomaly pixels (254) found in batch
2025-09-05 00:55:17,881 - INFO - Boosted OOD loss: 0.2480
2025-09-05 00:55:18,440 - INFO - Boosted OOD loss: 0.2444
2025-09-05 00:55:21,156 - INFO - Boosted OOD loss: 0.2441
2025-09-05 00:55:24,408 - INFO - Boosted OOD loss: 0.2609
2025-09-05 00:55:25,507 - INFO - Boosted OOD loss: 0.2494
2025-09-05 00:55:26,064 - INFO - Boosted OOD loss: 0.2560
2025-09-05 00:55:28,778 - INFO - Boosted OOD loss: 0.2341
2025-09-05 00:55:30,421 - INFO - Boosted OOD loss: 0.2486
2025-09-05 00:55:32,603 - INFO - Boosted OOD loss: 0.1732
2025-09-05 00:55:36,940 - INFO - Boosted OOD loss: 0.2561
2025-09-05 00:55:38,041 - INFO - Boosted OOD loss: 0.1501
2025-09-05 00:55:39,682 - INFO - Boosted OOD loss: 0.2580
2025-09-05 00:55:41,860 - INFO - Boosted OOD loss: 0.2535
2025-09-05 00:55:42,417 - INFO - Boosted OOD loss: 0.2782
2025-09-05 00:55:44,056 - INFO - Boosted OOD loss: 0.1405
2025-09-05 00:55:44,619 - INFO - Boosted OOD loss: 0.2682
2025-09-05 00:55:47,334 - INFO - Boosted OOD loss: 0.2240
2025-09-05 00:55:49,515 - INFO - Boosted OOD loss: 0.2540
2025-09-05 00:55:50,072 - INFO - Boosted OOD loss: 0.2536
2025-09-05 00:55:55,491 - INFO - Boosted OOD loss: 0.1363
2025-09-05 00:55:59,294 - INFO - Boosted OOD loss: 0.2337
2025-09-05 00:56:03,092 - INFO - Boosted OOD loss: 0.1130
2025-09-05 00:56:07,432 - INFO - Boosted OOD loss: 0.1897
2025-09-05 00:56:10,683 - WARNING - No anomaly pixels (254) found in batch
2025-09-05 00:56:11,229 - INFO - Boosted OOD loss: 0.2375
2025-09-05 00:56:11,788 - INFO - Boosted OOD loss: 0.2345
2025-09-05 00:56:12,888 - INFO - Boosted OOD loss: 0.2718
2025-09-05 00:56:13,447 - INFO - Boosted OOD loss: 0.1764
2025-09-05 00:56:14,553 - INFO - Boosted OOD loss: 0.1808
2025-09-05 00:56:16,195 - INFO - Boosted OOD loss: 0.2717
2025-09-05 00:56:17,296 - INFO - Boosted OOD loss: 0.1579
2025-09-05 00:56:17,859 - INFO - Boosted OOD loss: 0.2654
2025-09-05 00:56:21,660 - INFO - Boosted OOD loss: 0.2291
2025-09-05 00:56:22,759 - INFO - Boosted OOD loss: 0.2619
2025-09-05 00:56:23,321 - INFO - Boosted OOD loss: 0.1498
2025-09-05 00:56:28,195 - INFO - Boosted OOD loss: 0.2587
2025-09-05 00:56:30,370 - INFO - Boosted OOD loss: 0.2550
2025-09-05 00:56:36,861 - INFO - Boosted OOD loss: 0.2052
2025-09-05 00:56:37,967 - INFO - Boosted OOD loss: 0.2173
2025-09-05 00:56:37,967 - INFO - Step 1150 Loss Debug:
2025-09-05 00:56:37,968 - INFO -  CE: 1.9644
2025-09-05 00:56:37,968 - INFO -  OOD: 0.2173
2025-09-05 00:56:37,968 - INFO -  β: 32.00
2025-09-05 00:56:37,968 - INFO -  ID: 7891, OOD(254): 233
2025-09-05 00:56:39,606 - INFO - Boosted OOD loss: 0.1252
2025-09-05 00:56:40,170 - INFO - Boosted OOD loss: 0.2077
2025-09-05 00:56:41,807 - INFO - Boosted OOD loss: 0.2564
2025-09-05 00:56:42,370 - INFO - Boosted OOD loss: 0.1878
2025-09-05 00:56:42,930 - INFO - Boosted OOD loss: 0.1732
2025-09-05 00:56:55,913 - INFO - Boosted OOD loss: 0.1798
2025-09-05 00:56:58,632 - INFO - Boosted OOD loss: 0.2536
2025-09-05 00:56:59,731 - INFO - Boosted OOD loss: 0.2697
2025-09-05 00:57:00,829 - INFO - Boosted OOD loss: 0.2743
2025-09-05 00:57:01,928 - INFO - Boosted OOD loss: 0.2494
2025-09-05 00:57:03,027 - INFO - Boosted OOD loss: 0.2421
2025-09-05 00:57:05,200 - WARNING - No anomaly pixels (254) found in batch
2025-09-05 00:57:08,450 - INFO - Boosted OOD loss: 0.1345
2025-09-05 00:57:09,014 - INFO - Boosted OOD loss: 0.2724
2025-09-05 00:57:11,192 - INFO - Boosted OOD loss: 0.1813
2025-09-05 00:57:14,449 - INFO - Boosted OOD loss: 0.2403
2025-09-05 00:57:16,626 - INFO - Boosted OOD loss: 0.2219
2025-09-05 00:57:18,268 - INFO - Boosted OOD loss: 0.1304
2025-09-05 00:57:20,991 - INFO - Boosted OOD loss: 0.2460
2025-09-05 00:57:22,630 - INFO - Boosted OOD loss: 0.2585
2025-09-05 00:57:27,504 - INFO - Boosted OOD loss: 0.1422
2025-09-05 00:57:29,150 - INFO - Boosted OOD loss: 0.2194
2025-09-05 00:57:31,871 - INFO - Boosted OOD loss: 0.1641
2025-09-05 00:57:32,978 - INFO - Boosted OOD loss: 0.1574
2025-09-05 00:57:34,623 - INFO - Boosted OOD loss: 0.2215
2025-09-05 00:57:36,801 - INFO - Boosted OOD loss: 0.2687
2025-09-05 00:57:40,051 - INFO - Boosted OOD loss: 0.2564
2025-09-05 00:57:46,004 - INFO - Boosted OOD loss: 0.2586
2025-09-05 00:57:47,105 - INFO - Boosted OOD loss: 0.2356
2025-09-05 00:57:49,285 - INFO - Boosted OOD loss: 0.1711
2025-09-05 00:57:50,387 - INFO - Boosted OOD loss: 0.2012
2025-09-05 00:57:59,577 - INFO - Boosted OOD loss: 0.2738
2025-09-05 00:57:59,577 - INFO - Step 1300 Loss Debug:
2025-09-05 00:57:59,577 - INFO -  CE: 2.3957
2025-09-05 00:57:59,577 - INFO -  OOD: 0.2738
2025-09-05 00:57:59,578 - INFO -  β: 32.00
2025-09-05 00:57:59,578 - INFO -  ID: 7903, OOD(254): 1
2025-09-05 00:58:00,676 - INFO - Boosted OOD loss: 0.1689
2025-09-05 00:58:02,316 - INFO - Boosted OOD loss: 0.2767
2025-09-05 00:58:02,879 - INFO - Boosted OOD loss: 0.1357
2025-09-05 00:58:13,695 - INFO - Boosted OOD loss: 0.2501
2025-09-05 00:58:14,253 - INFO - Boosted OOD loss: 0.1740
2025-09-05 00:58:18,588 - INFO - Boosted OOD loss: 0.2079
2025-09-05 00:58:20,228 - INFO - Boosted OOD loss: 0.1425
2025-09-05 00:58:21,869 - INFO - Boosted OOD loss: 0.2576
2025-09-05 00:58:22,431 - INFO - Boosted OOD loss: 0.1263
2025-09-05 00:58:30,558 - INFO - Boosted OOD loss: 0.1881
2025-09-05 00:58:32,202 - INFO - Boosted OOD loss: 0.1255
2025-09-05 00:58:36,002 - INFO - Boosted OOD loss: 0.2696
2025-09-05 00:58:36,558 - INFO - Boosted OOD loss: 0.2574
2025-09-05 00:58:37,122 - INFO - Boosted OOD loss: 0.1808
2025-09-05 00:58:38,765 - INFO - Boosted OOD loss: 0.2598
2025-09-05 00:58:41,487 - INFO - Boosted OOD loss: 0.1841
2025-09-05 00:58:45,283 - INFO - Boosted OOD loss: 0.2501
2025-09-05 00:58:47,460 - INFO - Boosted OOD loss: 0.2542
2025-09-05 00:58:48,019 - INFO - Boosted OOD loss: 0.2664
2025-09-05 00:58:49,660 - INFO - Boosted OOD loss: 0.1717
2025-09-05 00:58:52,379 - INFO - Boosted OOD loss: 0.2004
2025-09-05 00:58:54,018 - INFO - Boosted OOD loss: 0.1773
2025-09-05 00:58:54,019 - INFO - Step 1400 Loss Debug:
2025-09-05 00:58:54,019 - INFO -  CE: 1.8702
2025-09-05 00:58:54,019 - INFO -  OOD: 0.1773
2025-09-05 00:58:54,019 - INFO -  β: 32.00
2025-09-05 00:58:54,019 - INFO -  ID: 7234, OOD(254): 412
2025-09-05 00:58:55,658 - INFO - Boosted OOD loss: 0.1477
2025-09-05 00:58:57,846 - INFO - Boosted OOD loss: 0.1756
2025-09-05 00:59:01,106 - INFO - Boosted OOD loss: 0.1604
2025-09-05 00:59:04,367 - INFO - Boosted OOD loss: 0.2199
2025-09-05 00:59:07,628 - INFO - Boosted OOD loss: 0.2041
2025-09-05 00:59:10,343 - INFO - Boosted OOD loss: 0.2297
2025-09-05 00:59:10,902 - INFO - Boosted OOD loss: 0.1775
2025-09-05 00:59:12,546 - INFO - Boosted OOD loss: 0.1286
2025-09-05 00:59:15,805 - INFO - Boosted OOD loss: 0.2617
2025-09-05 00:59:20,134 - INFO - Boosted OOD loss: 0.1887
2025-09-05 00:59:23,932 - INFO - Boosted OOD loss: 0.2508
2025-09-05 00:59:25,572 - INFO - Boosted OOD loss: 0.1729
2025-09-05 00:59:27,210 - INFO - Boosted OOD loss: 0.2690
2025-09-05 00:59:35,311 - INFO - Boosted OOD loss: 0.2695
2025-09-05 00:59:42,879 - INFO - Boosted OOD loss: 0.1776
2025-09-05 00:59:44,520 - INFO - Boosted OOD loss: 0.2437
2025-09-05 00:59:46,161 - INFO - Boosted OOD loss: 0.1842
2025-09-05 00:59:46,722 - INFO - Boosted OOD loss: 0.2615
2025-09-05 00:59:48,354 - WARNING - No anomaly pixels (254) found in batch
2025-09-05 00:59:48,903 - INFO - Boosted OOD loss: 0.1189
2025-09-05 00:59:51,086 - INFO - Boosted OOD loss: 0.2616
2025-09-05 00:59:54,885 - INFO - Boosted OOD loss: 0.2383
2025-09-05 00:59:58,679 - INFO - Boosted OOD loss: 0.2723
2025-09-05 00:59:59,238 - INFO - Boosted OOD loss: 0.2592
2025-09-05 01:00:01,416 - INFO - Boosted OOD loss: 0.2510
2025-09-05 01:00:04,132 - INFO - Boosted OOD loss: 0.2488
2025-09-05 01:00:07,928 - INFO - Boosted OOD loss: 0.2195
2025-09-05 01:00:08,487 - INFO - Boosted OOD loss: 0.2699
2025-09-05 01:00:09,584 - INFO - Boosted OOD loss: 0.2053
2025-09-05 01:00:13,929 - INFO - Boosted OOD loss: 0.1949
2025-09-05 01:00:15,031 - INFO - Boosted OOD loss: 0.2680
2025-09-05 01:00:19,902 - INFO - Boosted OOD loss: 0.2358
2025-09-05 01:00:21,540 - INFO - Boosted OOD loss: 0.1725
2025-09-05 01:00:22,106 - INFO - Boosted OOD loss: 0.1762
2025-09-05 01:00:24,829 - INFO - Boosted OOD loss: 0.1473
2025-09-05 01:00:27,014 - INFO - Boosted OOD loss: 0.2376
2025-09-05 01:00:28,654 - INFO - Boosted OOD loss: 0.1841
2025-09-05 01:00:29,755 - INFO - Boosted OOD loss: 0.2678
2025-09-05 01:00:31,931 - INFO - Boosted OOD loss: 0.2862
2025-09-05 01:00:32,490 - INFO - Boosted OOD loss: 0.1282
2025-09-05 01:00:34,131 - INFO - Boosted OOD loss: 0.2641
2025-09-05 01:00:35,233 - INFO - Boosted OOD loss: 0.2541
2025-09-05 01:00:37,954 - INFO - Boosted OOD loss: 0.2537
2025-09-05 01:00:42,285 - INFO - Boosted OOD loss: 0.2158
2025-09-05 01:00:42,837 - WARNING - No anomaly pixels (254) found in batch
2025-09-05 01:00:45,542 - INFO - Boosted OOD loss: 0.1618
2025-09-05 01:00:48,267 - INFO - Boosted OOD loss: 0.1151
2025-09-05 01:00:48,832 - INFO - Boosted OOD loss: 0.2594
2025-09-05 01:00:51,008 - INFO - Boosted OOD loss: 0.2120
2025-09-05 01:00:53,731 - INFO - Boosted OOD loss: 0.1868
2025-09-05 01:00:55,913 - INFO - Boosted OOD loss: 0.1261
2025-09-05 01:00:57,016 - INFO - Boosted OOD loss: 0.2595
2025-09-05 01:00:57,580 - INFO - Boosted OOD loss: 0.1407
2025-09-05 01:00:58,684 - INFO - Boosted OOD loss: 0.1401
2025-09-05 01:01:00,328 - INFO - Boosted OOD loss: 0.1409
2025-09-05 01:01:06,819 - INFO - Boosted OOD loss: 0.2038
2025-09-05 01:01:12,770 - INFO - Boosted OOD loss: 0.2796
2025-09-05 01:01:14,410 - INFO - Boosted OOD loss: 0.1222
2025-09-05 01:01:15,511 - INFO - Boosted OOD loss: 0.1590
2025-09-05 01:01:16,612 - INFO - Boosted OOD loss: 0.2519
2025-09-05 01:01:18,791 - INFO - Boosted OOD loss: 0.1173
2025-09-05 01:01:19,357 - INFO - Boosted OOD loss: 0.1543
2025-09-05 01:01:24,780 - INFO - Boosted OOD loss: 0.2067
2025-09-05 01:01:25,343 - INFO - Boosted OOD loss: 0.1482
2025-09-05 01:01:28,606 - INFO - Boosted OOD loss: 0.1741
2025-09-05 01:01:31,871 - INFO - Boosted OOD loss: 0.2599
2025-09-05 01:01:32,432 - INFO - Boosted OOD loss: 0.2754
2025-09-05 01:01:35,687 - INFO - Boosted OOD loss: 0.2709
2025-09-05 01:01:36,789 - INFO - Boosted OOD loss: 0.2590
2025-09-05 01:01:37,342 - WARNING - No anomaly pixels (254) found in batch
2025-09-05 01:01:41,130 - INFO - Boosted OOD loss: 0.2116
2025-09-05 01:01:44,385 - INFO - Boosted OOD loss: 0.1921
2025-09-05 01:01:50,342 - INFO - Boosted OOD loss: 0.1596
2025-09-05 01:01:53,599 - INFO - Boosted OOD loss: 0.2693
2025-09-05 01:01:58,477 - INFO - Boosted OOD loss: 0.2421
2025-09-05 01:02:03,894 - INFO - Boosted OOD loss: 0.1313
2025-09-05 01:02:11,471 - INFO - Boosted OOD loss: 0.2330
2025-09-05 01:02:17,434 - INFO - Boosted OOD loss: 0.2023
2025-09-05 01:02:18,534 - INFO - Boosted OOD loss: 0.1927
2025-09-05 01:02:21,381 - INFO - Updated beta to 15.83 (exp decay)
2025-09-05 01:02:42,485 - WARNING - Negative mean energy—verify E_b formula/signs
2025-09-05 01:02:42,486 - INFO - Weights updated successfully
2025-09-05 01:02:42,486 - INFO - Advanced epoch 1 - Updated beta: 15.83
2025-09-05 01:02:42,487 - INFO - Epoch 1 - Avg CE: 2.2288, Avg OOD: 0.0432, β: 32
2025-09-05 01:02:42,581 - INFO - 
Starting Epoch 2/100
2025-09-05 01:02:42,582 - INFO - ============================================================
2025-09-05 01:02:42,583 - INFO - 
Updating Hopfield boosting weights at epoch 2...
2025-09-05 01:02:53,195 - WARNING - Negative mean energy—verify E_b formula/signs
2025-09-05 01:02:53,196 - INFO - Weights updated successfully
2025-09-05 01:02:53,196 - INFO - Weight Update Debug at Epoch 2: No high-weight OOD pixels found
2025-09-05 01:02:56,315 - INFO - Boosted OOD loss: 0.1331
2025-09-05 01:02:59,574 - INFO - Boosted OOD loss: 0.0610
2025-09-05 01:03:03,902 - WARNING - No anomaly pixels (254) found in batch
2025-09-05 01:03:08,234 - INFO - Boosted OOD loss: 0.0951
2025-09-05 01:03:12,049 - INFO - Boosted OOD loss: 0.1152
2025-09-05 01:03:12,612 - INFO - Boosted OOD loss: 0.1163
2025-09-05 01:03:13,173 - INFO - Boosted OOD loss: 0.1277
2025-09-05 01:03:14,816 - INFO - Boosted OOD loss: 0.1157
2025-09-05 01:03:15,378 - INFO - Boosted OOD loss: 0.1112
2025-09-05 01:03:15,940 - INFO - Boosted OOD loss: 0.1140
2025-09-05 01:03:26,262 - INFO - Boosted OOD loss: 0.1309
2025-09-05 01:03:28,998 - INFO - Boosted OOD loss: 0.0947
2025-09-05 01:03:39,327 - INFO - Boosted OOD loss: 0.1173
2025-09-05 01:03:39,889 - INFO - Boosted OOD loss: 0.1148
2025-09-05 01:03:43,706 - INFO - Boosted OOD loss: 0.0939
2025-09-05 01:03:45,897 - INFO - Boosted OOD loss: 0.1116
2025-09-05 01:03:51,879 - INFO - Boosted OOD loss: 0.1219
2025-09-05 01:03:54,073 - INFO - Boosted OOD loss: 0.0886
2025-09-05 01:03:55,179 - INFO - Boosted OOD loss: 0.1135
2025-09-05 01:03:58,439 - WARNING - No anomaly pixels (254) found in batch
2025-09-05 01:03:59,532 - INFO - Boosted OOD loss: 0.0971
2025-09-05 01:04:01,181 - INFO - Boosted OOD loss: 0.1167
2025-09-05 01:04:01,742 - INFO - Boosted OOD loss: 0.1274
2025-09-05 01:04:02,305 - INFO - Boosted OOD loss: 0.0624
2025-09-05 01:04:03,954 - INFO - Boosted OOD loss: 0.1071
2025-09-05 01:04:05,058 - INFO - Boosted OOD loss: 0.1188
2025-09-05 01:04:16,448 - INFO - Boosted OOD loss: 0.1243
2025-09-05 01:04:18,089 - INFO - Boosted OOD loss: 0.1023
2025-09-05 01:04:25,136 - INFO - Boosted OOD loss: 0.0979
2025-09-05 01:04:31,099 - INFO - Boosted OOD loss: 0.1126
2025-09-05 01:04:31,664 - INFO - Boosted OOD loss: 0.0874
2025-09-05 01:04:33,312 - INFO - Boosted OOD loss: 0.1095
2025-09-05 01:04:35,496 - INFO - Boosted OOD loss: 0.1022
2025-09-05 01:04:37,679 - INFO - Boosted OOD loss: 0.1067
2025-09-05 01:04:44,190 - INFO - Boosted OOD loss: 0.0576
2025-09-05 01:04:44,758 - INFO - Boosted OOD loss: 0.0982
2025-09-05 01:04:45,861 - INFO - Boosted OOD loss: 0.1333
2025-09-05 01:04:49,122 - INFO - Boosted OOD loss: 0.0938
2025-09-05 01:04:49,687 - INFO - Boosted OOD loss: 0.0947
2025-09-05 01:04:52,408 - INFO - Boosted OOD loss: 0.0977
2025-09-05 01:04:52,962 - WARNING - No anomaly pixels (254) found in batch
2025-09-05 01:04:58,370 - INFO - Boosted OOD loss: 0.1362
2025-09-05 01:04:58,931 - INFO - Boosted OOD loss: 0.1010
2025-09-05 01:05:09,215 - INFO - Boosted OOD loss: 0.1177
2025-09-05 01:05:10,313 - INFO - Boosted OOD loss: 0.1051
2025-09-05 01:05:16,277 - INFO - Boosted OOD loss: 0.1090
2025-09-05 01:05:21,690 - INFO - Boosted OOD loss: 0.0558
2025-09-05 01:05:28,204 - INFO - Boosted OOD loss: 0.1267
2025-09-05 01:05:28,765 - INFO - Boosted OOD loss: 0.0883
2025-09-05 01:05:34,187 - INFO - Boosted OOD loss: 0.0882
2025-09-05 01:05:35,828 - INFO - Boosted OOD loss: 0.1187
2025-09-05 01:05:38,548 - INFO - Boosted OOD loss: 0.0719
2025-09-05 01:05:41,808 - INFO - Boosted OOD loss: 0.1374
2025-09-05 01:05:43,991 - INFO - Boosted OOD loss: 0.0562
2025-09-05 01:05:46,717 - INFO - Boosted OOD loss: 0.1416
2025-09-05 01:05:47,271 - WARNING - No anomaly pixels (254) found in batch
2025-09-05 01:05:48,900 - INFO - Boosted OOD loss: 0.1191
2025-09-05 01:05:49,463 - INFO - Boosted OOD loss: 0.1139
2025-09-05 01:05:53,267 - INFO - Boosted OOD loss: 0.1337
2025-09-05 01:05:59,766 - INFO - Boosted OOD loss: 0.1163
2025-09-05 01:06:01,408 - INFO - Boosted OOD loss: 0.0856
2025-09-05 01:06:09,525 - INFO - Boosted OOD loss: 0.0867
2025-09-05 01:06:12,253 - INFO - Boosted OOD loss: 0.1043
2025-09-05 01:06:18,210 - INFO - Boosted OOD loss: 0.1100
2025-09-05 01:06:20,927 - INFO - Boosted OOD loss: 0.1240
2025-09-05 01:06:21,487 - INFO - Boosted OOD loss: 0.1335
2025-09-05 01:06:22,049 - INFO - Boosted OOD loss: 0.1180
2025-09-05 01:06:26,391 - INFO - Boosted OOD loss: 0.0746
2025-09-05 01:06:26,952 - INFO - Boosted OOD loss: 0.1114
2025-09-05 01:06:30,756 - INFO - Boosted OOD loss: 0.1061
2025-09-05 01:06:35,639 - INFO - Boosted OOD loss: 0.0993
2025-09-05 01:06:38,364 - INFO - Boosted OOD loss: 0.1187
2025-09-05 01:06:38,925 - INFO - Boosted OOD loss: 0.1171
2025-09-05 01:06:40,027 - INFO - Boosted OOD loss: 0.1309
2025-09-05 01:06:41,660 - WARNING - No anomaly pixels (254) found in batch
2025-09-05 01:06:43,286 - INFO - Boosted OOD loss: 0.1265
2025-09-05 01:06:46,011 - INFO - Boosted OOD loss: 0.0847
2025-09-05 01:06:46,578 - INFO - Boosted OOD loss: 0.1024
2025-09-05 01:06:47,148 - INFO - Boosted OOD loss: 0.0643
2025-09-05 01:06:52,036 - INFO - Boosted OOD loss: 0.1196
2025-09-05 01:06:55,842 - INFO - Boosted OOD loss: 0.1437
2025-09-05 01:06:56,402 - INFO - Boosted OOD loss: 0.1050
2025-09-05 01:07:00,745 - INFO - Boosted OOD loss: 0.1056
2025-09-05 01:07:05,081 - INFO - Boosted OOD loss: 0.1338
2025-09-05 01:07:05,645 - INFO - Boosted OOD loss: 0.0636
2025-09-05 01:07:06,210 - INFO - Boosted OOD loss: 0.1086
2025-09-05 01:07:08,393 - INFO - Boosted OOD loss: 0.0561
2025-09-05 01:07:11,664 - INFO - Boosted OOD loss: 0.0584
2025-09-05 01:07:14,932 - INFO - Boosted OOD loss: 0.0720
2025-09-05 01:07:17,113 - INFO - Boosted OOD loss: 0.1138
2025-09-05 01:07:18,755 - INFO - Boosted OOD loss: 0.0809
2025-09-05 01:07:21,480 - INFO - Boosted OOD loss: 0.1080
2025-09-05 01:07:23,119 - INFO - Boosted OOD loss: 0.1115
2025-09-05 01:07:23,683 - INFO - Boosted OOD loss: 0.0610
2025-09-05 01:07:25,328 - INFO - Boosted OOD loss: 0.1245
2025-09-05 01:07:26,427 - INFO - Boosted OOD loss: 0.1113
2025-09-05 01:07:28,066 - INFO - Boosted OOD loss: 0.1305
2025-09-05 01:07:31,330 - INFO - Boosted OOD loss: 0.0604
2025-09-05 01:07:36,201 - INFO - Boosted OOD loss: 0.1340
2025-09-05 01:07:36,201 - INFO - Step 2300 Loss Debug:
2025-09-05 01:07:36,201 - INFO -  CE: 1.5987
2025-09-05 01:07:36,201 - INFO -  OOD: 0.1340
2025-09-05 01:07:36,201 - INFO -  β: 32.00
2025-09-05 01:07:36,201 - INFO -  ID: 7640, OOD(254): 62
2025-09-05 01:07:38,381 - INFO - Boosted OOD loss: 0.1146
2025-09-05 01:07:39,482 - INFO - Boosted OOD loss: 0.1041
2025-09-05 01:07:42,206 - INFO - Boosted OOD loss: 0.1358
2025-09-05 01:07:43,852 - INFO - Boosted OOD loss: 0.0856
2025-09-05 01:07:45,492 - INFO - Boosted OOD loss: 0.1273
2025-09-05 01:07:52,539 - INFO - Boosted OOD loss: 0.1009
2025-09-05 01:07:53,639 - INFO - Boosted OOD loss: 0.1297
2025-09-05 01:07:56,897 - INFO - Boosted OOD loss: 0.1277
2025-09-05 01:07:57,996 - INFO - Boosted OOD loss: 0.1221
2025-09-05 01:07:59,632 - INFO - Boosted OOD loss: 0.1111
2025-09-05 01:08:00,196 - INFO - Boosted OOD loss: 0.0641
2025-09-05 01:08:00,759 - INFO - Boosted OOD loss: 0.1043
2025-09-05 01:08:02,404 - INFO - Boosted OOD loss: 0.0584
2025-09-05 01:08:02,970 - INFO - Boosted OOD loss: 0.1153
2025-09-05 01:08:03,533 - INFO - Boosted OOD loss: 0.1116
2025-09-05 01:08:03,534 - INFO - Step 2350 Loss Debug:
2025-09-05 01:08:03,534 - INFO -  CE: 1.5786
2025-09-05 01:08:03,534 - INFO -  OOD: 0.1116
2025-09-05 01:08:03,534 - INFO -  β: 32.00
2025-09-05 01:08:03,534 - INFO -  ID: 5751, OOD(254): 386
2025-09-05 01:08:06,256 - INFO - Boosted OOD loss: 0.1163
2025-09-05 01:08:07,891 - INFO - Boosted OOD loss: 0.1100
2025-09-05 01:08:11,694 - INFO - Boosted OOD loss: 0.1199
2025-09-05 01:08:12,259 - INFO - Boosted OOD loss: 0.0551
2025-09-05 01:08:13,366 - INFO - Boosted OOD loss: 0.0765
2025-09-05 01:08:14,473 - INFO - Boosted OOD loss: 0.0956
2025-09-05 01:08:15,573 - INFO - Boosted OOD loss: 0.1238
2025-09-05 01:08:16,133 - INFO - Boosted OOD loss: 0.1253
2025-09-05 01:08:23,171 - INFO - Boosted OOD loss: 0.0965
2025-09-05 01:08:24,811 - INFO - Boosted OOD loss: 0.0824
2025-09-05 01:08:25,912 - INFO - Boosted OOD loss: 0.1016
2025-09-05 01:08:26,473 - INFO - Boosted OOD loss: 0.1232
2025-09-05 01:08:30,270 - INFO - Boosted OOD loss: 0.1198
2025-09-05 01:08:30,823 - WARNING - No anomaly pixels (254) found in batch
2025-09-05 01:08:31,369 - INFO - Boosted OOD loss: 0.1055
2025-09-05 01:08:35,173 - INFO - Boosted OOD loss: 0.1175
2025-09-05 01:08:46,537 - INFO - Boosted OOD loss: 0.0622
2025-09-05 01:08:50,340 - INFO - Boosted OOD loss: 0.0975
2025-09-05 01:08:54,140 - INFO - Boosted OOD loss: 0.1272
2025-09-05 01:08:54,698 - INFO - Boosted OOD loss: 0.1202
2025-09-05 01:08:56,331 - INFO - Boosted OOD loss: 0.1360
2025-09-05 01:08:59,589 - INFO - Boosted OOD loss: 0.1256
2025-09-05 01:09:01,231 - INFO - Boosted OOD loss: 0.0842
2025-09-05 01:09:10,432 - INFO - Boosted OOD loss: 0.1069
2025-09-05 01:09:12,076 - INFO - Boosted OOD loss: 0.1178
2025-09-05 01:09:15,340 - INFO - Boosted OOD loss: 0.1072
2025-09-05 01:09:16,440 - INFO - Boosted OOD loss: 0.1401
2025-09-05 01:09:18,076 - INFO - Boosted OOD loss: 0.0935
2025-09-05 01:09:21,339 - INFO - Boosted OOD loss: 0.0820
2025-09-05 01:09:25,130 - WARNING - No anomaly pixels (254) found in batch
2025-09-05 01:09:31,079 - INFO - Boosted OOD loss: 0.1199
2025-09-05 01:09:33,257 - INFO - Boosted OOD loss: 0.0789
2025-09-05 01:09:33,821 - INFO - Boosted OOD loss: 0.0989
2025-09-05 01:09:41,946 - INFO - Boosted OOD loss: 0.0551
2025-09-05 01:09:48,983 - INFO - Boosted OOD loss: 0.1187
2025-09-05 01:09:49,544 - INFO - Boosted OOD loss: 0.1033
2025-09-05 01:09:52,268 - INFO - Boosted OOD loss: 0.0842
2025-09-05 01:09:52,268 - INFO - Step 2550 Loss Debug:
2025-09-05 01:09:52,268 - INFO -  CE: 1.6019
2025-09-05 01:09:52,268 - INFO -  OOD: 0.0842
2025-09-05 01:09:52,268 - INFO -  β: 32.00
2025-09-05 01:09:52,268 - INFO -  ID: 5674, OOD(254): 1139
2025-09-05 01:09:52,830 - INFO - Boosted OOD loss: 0.1156
2025-09-05 01:09:55,005 - INFO - Boosted OOD loss: 0.1332
2025-09-05 01:09:58,260 - INFO - Boosted OOD loss: 0.1195
2025-09-05 01:09:59,897 - INFO - Boosted OOD loss: 0.0987
2025-09-05 01:10:01,536 - INFO - Boosted OOD loss: 0.1042
2025-09-05 01:10:04,257 - INFO - Boosted OOD loss: 0.0983
2025-09-05 01:10:06,439 - INFO - Boosted OOD loss: 0.0953
2025-09-05 01:10:07,000 - INFO - Boosted OOD loss: 0.1298
2025-09-05 01:10:11,875 - INFO - Boosted OOD loss: 0.1266
2025-09-05 01:10:19,449 - WARNING - No anomaly pixels (254) found in batch
2025-09-05 01:10:20,531 - INFO - Boosted OOD loss: 0.1069
2025-09-05 01:10:24,331 - INFO - Boosted OOD loss: 0.0807
2025-09-05 01:10:33,003 - INFO - Boosted OOD loss: 0.0955
2025-09-05 01:10:34,639 - INFO - Boosted OOD loss: 0.1174
2025-09-05 01:10:37,356 - INFO - Boosted OOD loss: 0.1107
2025-09-05 01:10:37,918 - INFO - Boosted OOD loss: 0.0651
2025-09-05 01:10:39,562 - INFO - Boosted OOD loss: 0.0726
2025-09-05 01:10:43,363 - INFO - Boosted OOD loss: 0.0842
2025-09-05 01:10:45,009 - INFO - Boosted OOD loss: 0.0901
2025-09-05 01:10:45,571 - INFO - Boosted OOD loss: 0.1076
2025-09-05 01:10:47,751 - INFO - Boosted OOD loss: 0.1269
2025-09-05 01:10:51,550 - INFO - Boosted OOD loss: 0.0979
2025-09-05 01:11:06,127 - INFO - Boosted OOD loss: 0.1237
2025-09-05 01:11:06,688 - INFO - Boosted OOD loss: 0.1275
2025-09-05 01:11:08,868 - INFO - Boosted OOD loss: 0.1435
2025-09-05 01:11:09,426 - INFO - Boosted OOD loss: 0.1326
2025-09-05 01:11:13,758 - WARNING - No anomaly pixels (254) found in batch
2025-09-05 01:11:23,480 - INFO - Boosted OOD loss: 0.0437
2025-09-05 01:11:29,987 - INFO - Boosted OOD loss: 0.1490
2025-09-05 01:11:33,785 - INFO - Boosted OOD loss: 0.0993
2025-09-05 01:11:37,045 - INFO - Boosted OOD loss: 0.1103
2025-09-05 01:11:38,143 - INFO - Boosted OOD loss: 0.0969
2025-09-05 01:11:47,349 - INFO - Boosted OOD loss: 0.0647
2025-09-05 01:11:52,235 - INFO - Boosted OOD loss: 0.1010
2025-09-05 01:11:52,801 - INFO - Boosted OOD loss: 0.1336
2025-09-05 01:11:53,902 - INFO - Boosted OOD loss: 0.1217
2025-09-05 01:11:55,542 - INFO - Boosted OOD loss: 0.0739
2025-09-05 01:11:56,645 - INFO - Boosted OOD loss: 0.0831
2025-09-05 01:11:57,746 - INFO - Boosted OOD loss: 0.1414
2025-09-05 01:12:01,010 - INFO - Boosted OOD loss: 0.1213
2025-09-05 01:12:02,648 - INFO - Boosted OOD loss: 0.1356
2025-09-05 01:12:03,206 - INFO - Boosted OOD loss: 0.1206
2025-09-05 01:12:04,305 - INFO - Boosted OOD loss: 0.1122
2025-09-05 01:12:05,947 - INFO - Boosted OOD loss: 0.1157
2025-09-05 01:12:06,509 - INFO - Boosted OOD loss: 0.0742
2025-09-05 01:12:08,145 - WARNING - No anomaly pixels (254) found in batch
2025-09-05 01:12:09,230 - INFO - Boosted OOD loss: 0.1038
2025-09-05 01:12:10,873 - INFO - Boosted OOD loss: 0.0730
2025-09-05 01:12:11,436 - INFO - Boosted OOD loss: 0.1242
2025-09-05 01:12:11,993 - INFO - Boosted OOD loss: 0.0881
2025-09-05 01:12:13,093 - INFO - Boosted OOD loss: 0.0921
2025-09-05 01:12:13,657 - INFO - Boosted OOD loss: 0.0585
2025-09-05 01:12:16,381 - INFO - Boosted OOD loss: 0.0932
2025-09-05 01:12:17,486 - INFO - Boosted OOD loss: 0.0936
2025-09-05 01:12:20,207 - INFO - Boosted OOD loss: 0.0741
2025-09-05 01:12:24,551 - INFO - Boosted OOD loss: 0.0580
2025-09-05 01:12:25,111 - INFO - Boosted OOD loss: 0.1368
2025-09-05 01:12:31,064 - INFO - Boosted OOD loss: 0.1070
2025-09-05 01:12:33,251 - INFO - Boosted OOD loss: 0.0538
2025-09-05 01:12:35,970 - INFO - Boosted OOD loss: 0.1418
2025-09-05 01:12:36,530 - INFO - Boosted OOD loss: 0.1260
2025-09-05 01:12:37,630 - INFO - Boosted OOD loss: 0.0848
2025-09-05 01:12:50,060 - INFO - Boosted OOD loss: 0.0856
2025-09-05 01:12:50,620 - INFO - Boosted OOD loss: 0.1162
2025-09-05 01:12:53,339 - INFO - Boosted OOD loss: 0.0684
2025-09-05 01:12:58,757 - INFO - Boosted OOD loss: 0.1079
2025-09-05 01:12:59,320 - INFO - Boosted OOD loss: 0.0806
2025-09-05 01:12:59,882 - INFO - Boosted OOD loss: 0.1077
2025-09-05 01:13:00,982 - INFO - Boosted OOD loss: 0.1031
2025-09-05 01:13:02,623 - INFO - Boosted OOD loss: 0.1008
2025-09-05 01:13:02,623 - INFO - Step 2900 Loss Debug:
2025-09-05 01:13:02,623 - INFO -  CE: 2.1816
2025-09-05 01:13:02,623 - INFO -  OOD: 0.1008
2025-09-05 01:13:02,623 - INFO -  β: 32.00
2025-09-05 01:13:02,623 - INFO -  ID: 5913, OOD(254): 334
2025-09-05 01:13:14,513 - INFO - Boosted OOD loss: 0.1132
2025-09-05 01:13:15,071 - INFO - Boosted OOD loss: 0.0915
2025-09-05 01:13:16,170 - INFO - Boosted OOD loss: 0.1139
2025-09-05 01:13:18,349 - INFO - Boosted OOD loss: 0.1099
2025-09-05 01:13:22,148 - INFO - Boosted OOD loss: 0.0834
2025-09-05 01:13:22,711 - INFO - Boosted OOD loss: 0.1133
2025-09-05 01:13:25,973 - INFO - Boosted OOD loss: 0.0831
2025-09-05 01:13:26,536 - INFO - Boosted OOD loss: 0.0906
2025-09-05 01:13:28,713 - INFO - Boosted OOD loss: 0.0852
2025-09-05 01:13:29,817 - INFO - Boosted OOD loss: 0.0971
2025-09-05 01:13:29,817 - INFO - Step 2950 Loss Debug:
2025-09-05 01:13:29,817 - INFO -  CE: 1.8339
2025-09-05 01:13:29,817 - INFO -  OOD: 0.0971
2025-09-05 01:13:29,817 - INFO -  β: 32.00
2025-09-05 01:13:29,818 - INFO -  ID: 6498, OOD(254): 687
2025-09-05 01:13:30,381 - INFO - Boosted OOD loss: 0.1380
2025-09-05 01:13:34,724 - INFO - Boosted OOD loss: 0.0512
2025-09-05 01:13:36,911 - INFO - Boosted OOD loss: 0.0964
2025-09-05 01:13:39,630 - INFO - Boosted OOD loss: 0.1239
2025-09-05 01:13:41,273 - INFO - Boosted OOD loss: 0.0542
2025-09-05 01:13:47,786 - INFO - Boosted OOD loss: 0.1416
2025-09-05 01:13:48,346 - INFO - Boosted OOD loss: 0.1174
2025-09-05 01:13:49,986 - INFO - Boosted OOD loss: 0.1329
2025-09-05 01:13:51,089 - INFO - Boosted OOD loss: 0.1080
2025-09-05 01:13:55,431 - INFO - Boosted OOD loss: 0.1075
2025-09-05 01:13:57,062 - WARNING - No anomaly pixels (254) found in batch
2025-09-05 01:13:58,148 - INFO - Boosted OOD loss: 0.0779
2025-09-05 01:14:00,324 - INFO - Boosted OOD loss: 0.1074
2025-09-05 01:14:01,422 - INFO - Boosted OOD loss: 0.1316
2025-09-05 01:14:04,140 - INFO - Boosted OOD loss: 0.0790
2025-09-05 01:14:04,702 - INFO - Boosted OOD loss: 0.0896
2025-09-05 01:14:06,348 - INFO - Boosted OOD loss: 0.0876
2025-09-05 01:14:06,915 - INFO - Boosted OOD loss: 0.0827
2025-09-05 01:14:07,478 - INFO - Boosted OOD loss: 0.1106
2025-09-05 01:14:08,580 - INFO - Boosted OOD loss: 0.1408
2025-09-05 01:14:10,220 - INFO - Boosted OOD loss: 0.1367
2025-09-05 01:14:11,317 - INFO - Boosted OOD loss: 0.1073
2025-09-05 01:14:12,958 - INFO - Boosted OOD loss: 0.0908
2025-09-05 01:14:15,681 - INFO - Boosted OOD loss: 0.1381
2025-09-05 01:14:23,252 - INFO - Boosted OOD loss: 0.1246
2025-09-05 01:14:26,509 - INFO - Boosted OOD loss: 0.1268
2025-09-05 01:14:27,609 - INFO - Boosted OOD loss: 0.1011
2025-09-05 01:14:36,809 - INFO - Boosted OOD loss: 0.1240
2025-09-05 01:14:40,066 - INFO - Boosted OOD loss: 0.1360
2025-09-05 01:14:42,242 - INFO - Boosted OOD loss: 0.1213
2025-09-05 01:14:43,340 - INFO - Boosted OOD loss: 0.1379
2025-09-05 01:14:46,063 - INFO - Boosted OOD loss: 0.0880
2025-09-05 01:14:46,626 - INFO - Boosted OOD loss: 0.1155
2025-09-05 01:14:47,188 - INFO - Boosted OOD loss: 0.1005
2025-09-05 01:14:48,831 - INFO - Boosted OOD loss: 0.1213
2025-09-05 01:14:51,543 - WARNING - No anomaly pixels (254) found in batch
2025-09-05 01:14:52,093 - INFO - Boosted OOD loss: 0.0976
2025-09-05 01:14:54,281 - INFO - Boosted OOD loss: 0.0713
2025-09-05 01:14:55,925 - INFO - Boosted OOD loss: 0.1155
2025-09-05 01:14:57,024 - INFO - Boosted OOD loss: 0.1087
2025-09-05 01:14:58,121 - INFO - Boosted OOD loss: 0.1396
2025-09-05 01:15:01,379 - INFO - Boosted OOD loss: 0.0674
2025-09-05 01:15:03,024 - INFO - Boosted OOD loss: 0.1049
2025-09-05 01:15:04,662 - INFO - Boosted OOD loss: 0.1086
2025-09-05 01:15:05,224 - INFO - Boosted OOD loss: 0.1106
2025-09-05 01:15:06,324 - INFO - Boosted OOD loss: 0.0676
2025-09-05 01:15:08,507 - INFO - Boosted OOD loss: 0.1072
2025-09-05 01:15:09,605 - INFO - Boosted OOD loss: 0.1087
2025-09-05 01:15:11,244 - INFO - Boosted OOD loss: 0.1102
2025-09-05 01:15:16,661 - INFO - Boosted OOD loss: 0.0912
2025-09-05 01:15:18,842 - INFO - Boosted OOD loss: 0.1308
2025-09-05 01:15:18,842 - INFO - Step 3150 Loss Debug:
2025-09-05 01:15:18,842 - INFO -  CE: 1.2738
2025-09-05 01:15:18,842 - INFO -  OOD: 0.1308
2025-09-05 01:15:18,842 - INFO -  β: 32.00
2025-09-05 01:15:18,842 - INFO -  ID: 8087, OOD(254): 70
2025-09-05 01:15:19,398 - INFO - Boosted OOD loss: 0.1338
2025-09-05 01:15:26,431 - INFO - Boosted OOD loss: 0.0726
2025-09-05 01:15:27,534 - INFO - Boosted OOD loss: 0.1343
2025-09-05 01:15:42,124 - INFO - Boosted OOD loss: 0.1111
2025-09-05 01:15:43,224 - INFO - Boosted OOD loss: 0.1339
2025-09-05 01:15:45,939 - WARNING - No anomaly pixels (254) found in batch
2025-09-05 01:15:48,647 - INFO - Boosted OOD loss: 0.1193
2025-09-05 01:15:53,526 - INFO - Boosted OOD loss: 0.0931
2025-09-05 01:15:57,332 - INFO - Boosted OOD loss: 0.0805
2025-09-05 01:15:59,514 - INFO - Boosted OOD loss: 0.1100
2025-09-05 01:16:01,695 - INFO - Boosted OOD loss: 0.1058
2025-09-05 01:16:09,816 - INFO - Boosted OOD loss: 0.0999
2025-09-05 01:16:13,075 - INFO - Boosted OOD loss: 0.1016
2025-09-05 01:16:13,075 - INFO - Step 3250 Loss Debug:
2025-09-05 01:16:13,075 - INFO -  CE: 1.8514
2025-09-05 01:16:13,075 - INFO -  OOD: 0.1016
2025-09-05 01:16:13,075 - INFO -  β: 32.00
2025-09-05 01:16:13,076 - INFO -  ID: 5802, OOD(254): 361
2025-09-05 01:16:13,635 - INFO - Boosted OOD loss: 0.1213
2025-09-05 01:16:14,737 - INFO - Boosted OOD loss: 0.0530
2025-09-05 01:16:19,079 - INFO - Boosted OOD loss: 0.1265
2025-09-05 01:16:22,340 - INFO - Boosted OOD loss: 0.1087
2025-09-05 01:16:22,899 - INFO - Boosted OOD loss: 0.1215
2025-09-05 01:16:24,540 - INFO - Boosted OOD loss: 0.1215
2025-09-05 01:16:25,636 - INFO - Boosted OOD loss: 0.0908
2025-09-05 01:16:26,199 - INFO - Boosted OOD loss: 0.0886
2025-09-05 01:16:27,300 - INFO - Boosted OOD loss: 0.1142
2025-09-05 01:16:27,859 - INFO - Boosted OOD loss: 0.1205
2025-09-05 01:16:29,496 - INFO - Boosted OOD loss: 0.1041
2025-09-05 01:16:34,910 - INFO - Boosted OOD loss: 0.1108
2025-09-05 01:16:37,085 - INFO - Boosted OOD loss: 0.0768
2025-09-05 01:16:39,267 - INFO - Boosted OOD loss: 0.0763
2025-09-05 01:16:40,376 - INFO - Boosted OOD loss: 0.0598
2025-09-05 01:16:40,376 - INFO - Step 3300 Loss Debug:
2025-09-05 01:16:40,376 - INFO -  CE: 1.5866
2025-09-05 01:16:40,377 - INFO -  OOD: 0.0598
2025-09-05 01:16:40,377 - INFO -  β: 32.00
2025-09-05 01:16:40,377 - INFO -  ID: 5901, OOD(254): 2144
2025-09-05 01:16:40,938 - INFO - Boosted OOD loss: 0.1178
2025-09-05 01:16:42,579 - INFO - Boosted OOD loss: 0.1128
2025-09-05 01:16:44,763 - INFO - Boosted OOD loss: 0.0956
2025-09-05 01:16:45,867 - INFO - Boosted OOD loss: 0.0974
2025-09-05 01:16:51,812 - INFO - Boosted OOD loss: 0.1157
2025-09-05 01:16:54,530 - INFO - Boosted OOD loss: 0.0827
2025-09-05 01:16:55,092 - INFO - Boosted OOD loss: 0.0746
2025-09-05 01:16:59,421 - INFO - Boosted OOD loss: 0.1154
2025-09-05 01:17:06,448 - INFO - Boosted OOD loss: 0.1132
2025-09-05 01:17:07,008 - INFO - Boosted OOD loss: 0.0570
2025-09-05 01:17:10,804 - INFO - Boosted OOD loss: 0.1066
2025-09-05 01:17:11,905 - INFO - Boosted OOD loss: 0.0916
2025-09-05 01:17:13,542 - INFO - Boosted OOD loss: 0.0871
2025-09-05 01:17:14,645 - INFO - Boosted OOD loss: 0.0924
2025-09-05 01:17:17,366 - INFO - Boosted OOD loss: 0.1246
2025-09-05 01:17:18,468 - INFO - Boosted OOD loss: 0.1375
2025-09-05 01:17:20,649 - INFO - Boosted OOD loss: 0.1043
2025-09-05 01:17:24,993 - INFO - Boosted OOD loss: 0.0779
2025-09-05 01:17:26,631 - INFO - Boosted OOD loss: 0.0779
2025-09-05 01:17:27,190 - INFO - Boosted OOD loss: 0.0987
2025-09-05 01:17:28,835 - INFO - Boosted OOD loss: 0.1338
2025-09-05 01:17:29,933 - INFO - Boosted OOD loss: 0.1501
2025-09-05 01:17:33,186 - INFO - Boosted OOD loss: 0.1135
2025-09-05 01:17:34,818 - WARNING - No anomaly pixels (254) found in batch
2025-09-05 01:17:39,139 - INFO - Boosted OOD loss: 0.0864
2025-09-05 01:17:40,779 - INFO - Boosted OOD loss: 0.1032
2025-09-05 01:17:41,338 - INFO - Boosted OOD loss: 0.1300
2025-09-05 01:17:43,514 - INFO - Boosted OOD loss: 0.1096
2025-09-05 01:17:44,611 - INFO - Boosted OOD loss: 0.0946
2025-09-05 01:17:46,250 - INFO - Boosted OOD loss: 0.1327
2025-09-05 01:17:46,809 - INFO - Boosted OOD loss: 0.1086
2025-09-05 01:17:48,443 - INFO - Boosted OOD loss: 0.0971
2025-09-05 01:17:49,006 - INFO - Boosted OOD loss: 0.0625
2025-09-05 01:17:50,112 - INFO - Boosted OOD loss: 0.0818
2025-09-05 01:17:53,372 - INFO - Boosted OOD loss: 0.1111
2025-09-05 01:17:54,471 - INFO - Boosted OOD loss: 0.1175
2025-09-05 01:17:55,032 - INFO - Boosted OOD loss: 0.1312
2025-09-05 01:17:55,597 - INFO - Boosted OOD loss: 0.0710
2025-09-05 01:17:57,240 - INFO - Boosted OOD loss: 0.1079
2025-09-05 01:18:03,192 - INFO - Boosted OOD loss: 0.1359
2025-09-05 01:18:06,444 - INFO - Boosted OOD loss: 0.1230
2025-09-05 01:18:08,621 - INFO - Boosted OOD loss: 0.0816
2025-09-05 01:18:09,729 - INFO - Boosted OOD loss: 0.0648
2025-09-05 01:18:11,370 - INFO - Boosted OOD loss: 0.1261
2025-09-05 01:18:12,469 - INFO - Boosted OOD loss: 0.1341
2025-09-05 01:18:13,565 - INFO - Boosted OOD loss: 0.1255
2025-09-05 01:18:18,984 - INFO - Boosted OOD loss: 0.0954
2025-09-05 01:18:20,088 - INFO - Boosted OOD loss: 0.0972
2025-09-05 01:18:21,191 - INFO - Boosted OOD loss: 0.1172
2025-09-05 01:18:24,442 - INFO - Boosted OOD loss: 0.0956
2025-09-05 01:18:25,004 - INFO - Boosted OOD loss: 0.0986
2025-09-05 01:18:27,723 - INFO - Boosted OOD loss: 0.1072
2025-09-05 01:18:29,355 - WARNING - No anomaly pixels (254) found in batch
2025-09-05 01:18:32,063 - INFO - Boosted OOD loss: 0.1237
2025-09-05 01:18:34,785 - INFO - Boosted OOD loss: 0.0891
2025-09-05 01:18:36,967 - INFO - Boosted OOD loss: 0.1173
2025-09-05 01:18:37,527 - INFO - Boosted OOD loss: 0.1210
2025-09-05 01:18:39,170 - INFO - Boosted OOD loss: 0.0893
2025-09-05 01:18:48,912 - INFO - Boosted OOD loss: 0.0952
2025-09-05 01:18:49,478 - INFO - Boosted OOD loss: 0.0550
2025-09-05 01:18:51,659 - INFO - Boosted OOD loss: 0.0873
2025-09-05 01:18:58,702 - INFO - Boosted OOD loss: 0.0536
2025-09-05 01:19:01,966 - INFO - Boosted OOD loss: 0.0843
2025-09-05 01:19:02,525 - INFO - Boosted OOD loss: 0.1219
2025-09-05 01:19:03,623 - INFO - Boosted OOD loss: 0.0636
2025-09-05 01:19:03,718 - INFO - Updated beta to 15.65 (exp decay)
2025-09-05 01:19:24,795 - WARNING - Negative mean energy—verify E_b formula/signs
2025-09-05 01:19:24,796 - INFO - Weights updated successfully
2025-09-05 01:19:24,796 - INFO - Advanced epoch 2 - Updated beta: 15.65
2025-09-05 01:19:24,796 - INFO - Epoch 2 - Avg CE: 1.9324, Avg OOD: 0.0210, β: 32
2025-09-05 01:19:24,906 - INFO - 
Starting Epoch 3/100
2025-09-05 01:19:24,907 - INFO - ============================================================
2025-09-05 01:19:24,908 - INFO - 
Updating Hopfield boosting weights at epoch 3...
2025-09-05 01:19:35,521 - WARNING - Negative mean energy—verify E_b formula/signs
2025-09-05 01:19:35,522 - INFO - Weights updated successfully
2025-09-05 01:19:35,522 - INFO - Weight Update Debug at Epoch 3: No high-weight OOD pixels found
2025-09-05 01:19:36,614 - INFO - Boosted OOD loss: 0.1247
2025-09-05 01:19:38,251 - INFO - Boosted OOD loss: 0.0865
2025-09-05 01:19:42,045 - INFO - Boosted OOD loss: 0.1361
2025-09-05 01:19:42,607 - INFO - Boosted OOD loss: 0.0560
2025-09-05 01:19:43,172 - INFO - Boosted OOD loss: 0.0736
2025-09-05 01:19:49,671 - INFO - Boosted OOD loss: 0.0897
2025-09-05 01:19:50,230 - INFO - Boosted OOD loss: 0.1325
2025-09-05 01:19:56,218 - INFO - Boosted OOD loss: 0.0680
2025-09-05 01:19:56,218 - INFO - Step 3600 Loss Debug:
2025-09-05 01:19:56,218 - INFO -  CE: 1.7282
2025-09-05 01:19:56,218 - INFO -  OOD: 0.0680
2025-09-05 01:19:56,218 - INFO -  β: 32.00
2025-09-05 01:19:56,218 - INFO -  ID: 4484, OOD(254): 786
2025-09-05 01:19:59,496 - INFO - Boosted OOD loss: 0.1230
2025-09-05 01:20:06,579 - INFO - Boosted OOD loss: 0.0656
2025-09-05 01:20:10,950 - INFO - Boosted OOD loss: 0.0529
2025-09-05 01:20:12,604 - INFO - Boosted OOD loss: 0.1227
2025-09-05 01:20:14,260 - INFO - Boosted OOD loss: 0.1054
2025-09-05 01:20:18,627 - INFO - Boosted OOD loss: 0.0586
2025-09-05 01:20:20,280 - INFO - Boosted OOD loss: 0.0974
2025-09-05 01:20:33,316 - INFO - Boosted OOD loss: 0.0963
2025-09-05 01:20:36,043 - INFO - Boosted OOD loss: 0.1344
2025-09-05 01:20:39,852 - INFO - Boosted OOD loss: 0.0783
2025-09-05 01:20:40,413 - INFO - Boosted OOD loss: 0.1269
2025-09-05 01:20:42,058 - INFO - Boosted OOD loss: 0.1263
2025-09-05 01:20:43,701 - INFO - Boosted OOD loss: 0.1041
2025-09-05 01:20:46,967 - INFO - Boosted OOD loss: 0.0885
2025-09-05 01:20:50,776 - INFO - Boosted OOD loss: 0.1226
2025-09-05 01:20:50,776 - INFO - Step 3700 Loss Debug:
2025-09-05 01:20:50,776 - INFO -  CE: 1.7115
2025-09-05 01:20:50,776 - INFO -  OOD: 0.1226
2025-09-05 01:20:50,776 - INFO -  β: 32.00
2025-09-05 01:20:50,777 - INFO -  ID: 5214, OOD(254): 26
2025-09-05 01:20:51,339 - INFO - Boosted OOD loss: 0.1111
2025-09-05 01:20:56,224 - INFO - Boosted OOD loss: 0.1012
2025-09-05 01:20:57,867 - INFO - Boosted OOD loss: 0.1461
2025-09-05 01:20:58,427 - INFO - Boosted OOD loss: 0.0978
2025-09-05 01:20:58,991 - INFO - Boosted OOD loss: 0.0715
2025-09-05 01:21:00,101 - INFO - Boosted OOD loss: 0.0665
2025-09-05 01:21:02,288 - INFO - Boosted OOD loss: 0.1238
2025-09-05 01:21:07,174 - INFO - Boosted OOD loss: 0.0835
2025-09-05 01:21:08,274 - INFO - Boosted OOD loss: 0.0933
2025-09-05 01:21:13,696 - INFO - Boosted OOD loss: 0.1218
2025-09-05 01:21:15,339 - INFO - Boosted OOD loss: 0.1097
2025-09-05 01:21:15,899 - INFO - Boosted OOD loss: 0.1263
2025-09-05 01:21:20,239 - INFO - Boosted OOD loss: 0.1081
2025-09-05 01:21:23,505 - INFO - Boosted OOD loss: 0.0942
2025-09-05 01:21:24,068 - INFO - Boosted OOD loss: 0.1116
2025-09-05 01:21:26,248 - INFO - Boosted OOD loss: 0.0616
2025-09-05 01:21:30,588 - INFO - Boosted OOD loss: 0.1008
2025-09-05 01:21:31,689 - INFO - Boosted OOD loss: 0.1274
2025-09-05 01:21:32,787 - INFO - Boosted OOD loss: 0.0955
2025-09-05 01:21:34,963 - INFO - Boosted OOD loss: 0.1278
2025-09-05 01:21:37,138 - INFO - Boosted OOD loss: 0.1140
2025-09-05 01:21:38,239 - INFO - Boosted OOD loss: 0.0909
2025-09-05 01:21:38,806 - INFO - Boosted OOD loss: 0.0609
2025-09-05 01:21:39,912 - INFO - Boosted OOD loss: 0.1102
2025-09-05 01:21:45,317 - WARNING - No anomaly pixels (254) found in batch
2025-09-05 01:21:48,558 - INFO - Boosted OOD loss: 0.1047
2025-09-05 01:21:53,431 - INFO - Boosted OOD loss: 0.1308
2025-09-05 01:21:56,689 - INFO - Boosted OOD loss: 0.0678
2025-09-05 01:21:58,330 - INFO - Boosted OOD loss: 0.1359
2025-09-05 01:21:59,969 - INFO - Boosted OOD loss: 0.1038
2025-09-05 01:22:04,308 - INFO - Boosted OOD loss: 0.0694
2025-09-05 01:22:07,028 - INFO - Boosted OOD loss: 0.1064
2025-09-05 01:22:09,205 - INFO - Boosted OOD loss: 0.1126
2025-09-05 01:22:13,544 - INFO - Boosted OOD loss: 0.0826
2025-09-05 01:22:19,508 - INFO - Boosted OOD loss: 0.1276
2025-09-05 01:22:27,616 - INFO - Boosted OOD loss: 0.1132
2025-09-05 01:22:31,944 - INFO - Boosted OOD loss: 0.1287
2025-09-05 01:22:34,124 - INFO - Boosted OOD loss: 0.1028
2025-09-05 01:22:37,378 - INFO - Boosted OOD loss: 0.0847
2025-09-05 01:22:39,548 - WARNING - No anomaly pixels (254) found in batch
2025-09-05 01:22:40,098 - INFO - Boosted OOD loss: 0.0883
2025-09-05 01:22:41,742 - INFO - Boosted OOD loss: 0.1055
2025-09-05 01:22:44,996 - INFO - Boosted OOD loss: 0.0790
2025-09-05 01:22:45,556 - INFO - Boosted OOD loss: 0.1221
2025-09-05 01:22:47,737 - INFO - Boosted OOD loss: 0.1202
2025-09-05 01:22:52,073 - INFO - Boosted OOD loss: 0.1011
2025-09-05 01:22:53,179 - INFO - Boosted OOD loss: 0.0889
2025-09-05 01:22:53,738 - INFO - Boosted OOD loss: 0.1295
2025-09-05 01:22:58,623 - INFO - Boosted OOD loss: 0.0593
2025-09-05 01:23:00,804 - INFO - Boosted OOD loss: 0.1141
2025-09-05 01:23:04,059 - INFO - Boosted OOD loss: 0.1285
2025-09-05 01:23:05,159 - INFO - Boosted OOD loss: 0.1042
2025-09-05 01:23:07,343 - INFO - Boosted OOD loss: 0.0496
2025-09-05 01:23:09,524 - INFO - Boosted OOD loss: 0.1155
2025-09-05 01:23:10,083 - INFO - Boosted OOD loss: 0.1075
2025-09-05 01:23:13,339 - INFO - Boosted OOD loss: 0.1090
2025-09-05 01:23:16,591 - INFO - Boosted OOD loss: 0.1255
2025-09-05 01:23:17,688 - INFO - Boosted OOD loss: 0.1212
2025-09-05 01:23:20,941 - INFO - Boosted OOD loss: 0.1020
2025-09-05 01:23:21,502 - INFO - Boosted OOD loss: 0.1200
2025-09-05 01:23:23,680 - INFO - Boosted OOD loss: 0.0754
2025-09-05 01:23:28,017 - INFO - Boosted OOD loss: 0.1049
2025-09-05 01:23:30,192 - INFO - Boosted OOD loss: 0.1195
2025-09-05 01:23:32,907 - INFO - Boosted OOD loss: 0.0838
2025-09-05 01:23:34,001 - WARNING - No anomaly pixels (254) found in batch
2025-09-05 01:23:35,087 - INFO - Boosted OOD loss: 0.1156
2025-09-05 01:23:35,648 - INFO - Boosted OOD loss: 0.1162
2025-09-05 01:23:37,823 - INFO - Boosted OOD loss: 0.1169
2025-09-05 01:23:39,465 - INFO - Boosted OOD loss: 0.1425
2025-09-05 01:23:41,647 - INFO - Boosted OOD loss: 0.1069
2025-09-05 01:23:47,071 - INFO - Boosted OOD loss: 0.1006
2025-09-05 01:23:49,793 - INFO - Boosted OOD loss: 0.1199
2025-09-05 01:23:50,352 - INFO - Boosted OOD loss: 0.1311
2025-09-05 01:23:50,913 - INFO - Boosted OOD loss: 0.0936
2025-09-05 01:23:54,170 - INFO - Boosted OOD loss: 0.0819
2025-09-05 01:23:55,273 - INFO - Boosted OOD loss: 0.0826
2025-09-05 01:23:55,841 - INFO - Boosted OOD loss: 0.0601
2025-09-05 01:24:06,121 - INFO - Boosted OOD loss: 0.1007
2025-09-05 01:24:07,222 - INFO - Boosted OOD loss: 0.1084
2025-09-05 01:24:09,943 - INFO - Boosted OOD loss: 0.1047
2025-09-05 01:24:14,280 - INFO - Boosted OOD loss: 0.1068
2025-09-05 01:24:21,325 - INFO - Boosted OOD loss: 0.0787
2025-09-05 01:24:24,042 - INFO - Boosted OOD loss: 0.1208
2025-09-05 01:24:28,382 - WARNING - No anomaly pixels (254) found in batch
2025-09-05 01:24:30,548 - INFO - Boosted OOD loss: 0.1228
2025-09-05 01:24:31,650 - INFO - Boosted OOD loss: 0.0907
2025-09-05 01:24:34,916 - INFO - Boosted OOD loss: 0.0634
2025-09-05 01:24:38,179 - INFO - Boosted OOD loss: 0.1070
2025-09-05 01:24:38,742 - INFO - Boosted OOD loss: 0.0673
2025-09-05 01:24:39,847 - INFO - Boosted OOD loss: 0.0649
2025-09-05 01:24:44,727 - INFO - Boosted OOD loss: 0.1154
2025-09-05 01:24:46,906 - INFO - Boosted OOD loss: 0.1159
2025-09-05 01:24:48,002 - INFO - Boosted OOD loss: 0.0940
2025-09-05 01:24:48,562 - INFO - Boosted OOD loss: 0.1098
2025-09-05 01:24:50,739 - INFO - Boosted OOD loss: 0.0841
2025-09-05 01:24:57,232 - INFO - Boosted OOD loss: 0.1008
2025-09-05 01:24:57,793 - INFO - Boosted OOD loss: 0.0933
2025-09-05 01:25:04,827 - INFO - Boosted OOD loss: 0.1128
2025-09-05 01:25:06,464 - INFO - Boosted OOD loss: 0.1144
2025-09-05 01:25:07,027 - INFO - Boosted OOD loss: 0.0751
2025-09-05 01:25:08,134 - INFO - Boosted OOD loss: 0.0726
2025-09-05 01:25:09,776 - INFO - Boosted OOD loss: 0.0892
2025-09-05 01:25:11,417 - INFO - Boosted OOD loss: 0.0575
2025-09-05 01:25:12,520 - INFO - Boosted OOD loss: 0.1253
2025-09-05 01:25:16,316 - INFO - Boosted OOD loss: 0.0916
2025-09-05 01:25:19,033 - INFO - Boosted OOD loss: 0.1242
2025-09-05 01:25:20,133 - INFO - Boosted OOD loss: 0.1471
2025-09-05 01:25:22,850 - WARNING - No anomaly pixels (254) found in batch
2025-09-05 01:25:24,478 - INFO - Boosted OOD loss: 0.1255
2025-09-05 01:25:26,114 - INFO - Boosted OOD loss: 0.1320
2025-09-05 01:25:27,217 - INFO - Boosted OOD loss: 0.0511
2025-09-05 01:25:27,784 - INFO - Boosted OOD loss: 0.0832
2025-09-05 01:25:31,580 - INFO - Boosted OOD loss: 0.1189
2025-09-05 01:25:32,679 - INFO - Boosted OOD loss: 0.0632
2025-09-05 01:25:35,937 - INFO - Boosted OOD loss: 0.1011
2025-09-05 01:25:38,655 - INFO - Boosted OOD loss: 0.1159
2025-09-05 01:25:40,289 - INFO - Boosted OOD loss: 0.1115
2025-09-05 01:25:41,926 - INFO - Boosted OOD loss: 0.1037
2025-09-05 01:25:43,026 - INFO - Boosted OOD loss: 0.1058
2025-09-05 01:25:50,063 - INFO - Boosted OOD loss: 0.0757
2025-09-05 01:25:50,064 - INFO - Step 4250 Loss Debug:
2025-09-05 01:25:50,064 - INFO -  CE: 1.7605
2025-09-05 01:25:50,064 - INFO -  OOD: 0.0757
2025-09-05 01:25:50,064 - INFO -  β: 32.00
2025-09-05 01:25:50,064 - INFO -  ID: 6707, OOD(254): 919
2025-09-05 01:25:51,167 - INFO - Boosted OOD loss: 0.0899
2025-09-05 01:25:54,967 - INFO - Boosted OOD loss: 0.0908
2025-09-05 01:25:55,527 - INFO - Boosted OOD loss: 0.1037
2025-09-05 01:25:56,085 - INFO - Boosted OOD loss: 0.1037
2025-09-05 01:25:57,182 - INFO - Boosted OOD loss: 0.1118
2025-09-05 01:26:00,979 - INFO - Boosted OOD loss: 0.1205
2025-09-05 01:26:03,161 - INFO - Boosted OOD loss: 0.0951
2025-09-05 01:26:04,799 - INFO - Boosted OOD loss: 0.1209
2025-09-05 01:26:08,053 - INFO - Boosted OOD loss: 0.0934
2025-09-05 01:26:09,693 - INFO - Boosted OOD loss: 0.0673
2025-09-05 01:26:11,331 - INFO - Boosted OOD loss: 0.1314
2025-09-05 01:26:12,435 - INFO - Boosted OOD loss: 0.1052
2025-09-05 01:26:16,782 - INFO - Boosted OOD loss: 0.0863
2025-09-05 01:26:17,338 - WARNING - No anomaly pixels (254) found in batch
2025-09-05 01:26:17,885 - INFO - Boosted OOD loss: 0.0825
2025-09-05 01:26:21,682 - INFO - Boosted OOD loss: 0.1029
2025-09-05 01:26:24,401 - INFO - Boosted OOD loss: 0.0930
2025-09-05 01:26:26,586 - INFO - Boosted OOD loss: 0.0710
2025-09-05 01:26:31,462 - INFO - Boosted OOD loss: 0.1057
2025-09-05 01:26:32,562 - INFO - Boosted OOD loss: 0.1062
2025-09-05 01:26:35,283 - INFO - Boosted OOD loss: 0.1149
2025-09-05 01:26:36,381 - INFO - Boosted OOD loss: 0.1195
2025-09-05 01:26:37,484 - INFO - Boosted OOD loss: 0.0537
2025-09-05 01:26:38,053 - INFO - Boosted OOD loss: 0.0657
2025-09-05 01:26:39,694 - INFO - Boosted OOD loss: 0.1129
2025-09-05 01:26:41,333 - INFO - Boosted OOD loss: 0.1055
2025-09-05 01:26:44,591 - INFO - Boosted OOD loss: 0.1005
2025-09-05 01:26:44,591 - INFO - Step 4350 Loss Debug:
2025-09-05 01:26:44,592 - INFO -  CE: 2.0730
2025-09-05 01:26:44,592 - INFO -  OOD: 0.1005
2025-09-05 01:26:44,592 - INFO -  β: 32.00
2025-09-05 01:26:44,592 - INFO -  ID: 5189, OOD(254): 332
2025-09-05 01:26:50,546 - INFO - Boosted OOD loss: 0.0801
2025-09-05 01:26:52,190 - INFO - Boosted OOD loss: 0.1087
2025-09-05 01:26:53,296 - INFO - Boosted OOD loss: 0.0663
2025-09-05 01:26:57,098 - INFO - Boosted OOD loss: 0.1051
2025-09-05 01:26:57,656 - INFO - Boosted OOD loss: 0.1099
2025-09-05 01:27:00,373 - INFO - Boosted OOD loss: 0.1017
2025-09-05 01:27:00,934 - INFO - Boosted OOD loss: 0.1324
2025-09-05 01:27:03,650 - INFO - Boosted OOD loss: 0.1356
2025-09-05 01:27:09,068 - INFO - Boosted OOD loss: 0.1054
2025-09-05 01:27:11,777 - WARNING - No anomaly pixels (254) found in batch
2025-09-05 01:27:14,483 - INFO - Boosted OOD loss: 0.0787
2025-09-05 01:27:16,130 - INFO - Boosted OOD loss: 0.0574
2025-09-05 01:27:17,774 - INFO - Boosted OOD loss: 0.1032
2025-09-05 01:27:22,653 - INFO - Boosted OOD loss: 0.0947
2025-09-05 01:27:23,751 - INFO - Boosted OOD loss: 0.1019
2025-09-05 01:27:24,313 - INFO - Boosted OOD loss: 0.1119
2025-09-05 01:27:25,953 - INFO - Boosted OOD loss: 0.1127
2025-09-05 01:27:26,515 - INFO - Boosted OOD loss: 0.1197
2025-09-05 01:27:27,614 - INFO - Boosted OOD loss: 0.0989
2025-09-05 01:27:29,796 - INFO - Boosted OOD loss: 0.1121
2025-09-05 01:27:31,434 - INFO - Boosted OOD loss: 0.1124
2025-09-05 01:27:31,994 - INFO - Boosted OOD loss: 0.1066
2025-09-05 01:27:38,495 - INFO - Boosted OOD loss: 0.1219
2025-09-05 01:27:39,060 - INFO - Boosted OOD loss: 0.1010
2025-09-05 01:27:39,060 - INFO - Step 4450 Loss Debug:
2025-09-05 01:27:39,061 - INFO -  CE: 1.8151
2025-09-05 01:27:39,061 - INFO -  OOD: 0.1010
2025-09-05 01:27:39,061 - INFO -  β: 32.00
2025-09-05 01:27:39,061 - INFO -  ID: 2944, OOD(254): 3051
2025-09-05 01:27:39,625 - INFO - Boosted OOD loss: 0.1117
2025-09-05 01:27:41,265 - INFO - Boosted OOD loss: 0.1171
2025-09-05 01:27:42,906 - INFO - Boosted OOD loss: 0.1103
2025-09-05 01:27:49,407 - INFO - Boosted OOD loss: 0.0985
2025-09-05 01:27:52,664 - INFO - Boosted OOD loss: 0.1202
2025-09-05 01:27:54,842 - INFO - Boosted OOD loss: 0.1118
2025-09-05 01:27:58,644 - INFO - Boosted OOD loss: 0.1226
2025-09-05 01:27:59,746 - INFO - Boosted OOD loss: 0.1105
2025-09-05 01:28:00,310 - INFO - Boosted OOD loss: 0.0985
2025-09-05 01:28:02,489 - INFO - Boosted OOD loss: 0.1201
2025-09-05 01:28:06,283 - WARNING - No anomaly pixels (254) found in batch
2025-09-05 01:28:06,833 - INFO - Boosted OOD loss: 0.0650
2025-09-05 01:28:09,560 - INFO - Boosted OOD loss: 0.0991
2025-09-05 01:28:14,987 - INFO - Boosted OOD loss: 0.0919
2025-09-05 01:28:15,545 - INFO - Boosted OOD loss: 0.1056
2025-09-05 01:28:17,186 - INFO - Boosted OOD loss: 0.1179
2025-09-05 01:28:18,286 - INFO - Boosted OOD loss: 0.1237
2025-09-05 01:28:18,845 - INFO - Boosted OOD loss: 0.1130
2025-09-05 01:28:24,811 - INFO - Boosted OOD loss: 0.0850
2025-09-05 01:28:27,002 - INFO - Boosted OOD loss: 0.0625
2025-09-05 01:28:28,645 - INFO - Boosted OOD loss: 0.1057
2025-09-05 01:28:29,208 - INFO - Boosted OOD loss: 0.0575
2025-09-05 01:28:37,332 - INFO - Boosted OOD loss: 0.1136
2025-09-05 01:28:39,511 - INFO - Boosted OOD loss: 0.0815
2025-09-05 01:28:40,072 - INFO - Boosted OOD loss: 0.1360
2025-09-05 01:28:44,957 - INFO - Boosted OOD loss: 0.1225
2025-09-05 01:28:48,760 - INFO - Boosted OOD loss: 0.0953
2025-09-05 01:28:50,945 - INFO - Boosted OOD loss: 0.0800
2025-09-05 01:28:52,051 - INFO - Boosted OOD loss: 0.0748
2025-09-05 01:28:52,618 - INFO - Boosted OOD loss: 0.0920
2025-09-05 01:29:00,741 - WARNING - No anomaly pixels (254) found in batch
2025-09-05 01:29:01,291 - INFO - Boosted OOD loss: 0.0543
2025-09-05 01:29:04,560 - INFO - Boosted OOD loss: 0.1336
2025-09-05 01:29:09,458 - INFO - Boosted OOD loss: 0.0717
2025-09-05 01:29:12,727 - INFO - Boosted OOD loss: 0.1298
2025-09-05 01:29:13,828 - INFO - Boosted OOD loss: 0.1376
2025-09-05 01:29:14,388 - INFO - Boosted OOD loss: 0.1074
2025-09-05 01:29:14,949 - INFO - Boosted OOD loss: 0.1261
2025-09-05 01:29:16,599 - INFO - Boosted OOD loss: 0.0567
2025-09-05 01:29:18,245 - INFO - Boosted OOD loss: 0.1376
2025-09-05 01:29:22,594 - INFO - Boosted OOD loss: 0.0632
2025-09-05 01:29:23,160 - INFO - Boosted OOD loss: 0.0923
2025-09-05 01:29:24,802 - INFO - Boosted OOD loss: 0.1094
2025-09-05 01:29:28,067 - INFO - Boosted OOD loss: 0.0926
2025-09-05 01:29:28,068 - INFO - Step 4650 Loss Debug:
2025-09-05 01:29:28,068 - INFO -  CE: 1.9047
2025-09-05 01:29:28,068 - INFO -  OOD: 0.0926
2025-09-05 01:29:28,068 - INFO -  β: 32.00
2025-09-05 01:29:28,068 - INFO -  ID: 6732, OOD(254): 551
2025-09-05 01:29:28,633 - INFO - Boosted OOD loss: 0.1072
2025-09-05 01:29:30,280 - INFO - Boosted OOD loss: 0.0763
2025-09-05 01:29:34,083 - INFO - Boosted OOD loss: 0.1426
2025-09-05 01:29:36,264 - INFO - Boosted OOD loss: 0.0537
2025-09-05 01:29:40,610 - INFO - Boosted OOD loss: 0.1016
2025-09-05 01:29:42,252 - INFO - Boosted OOD loss: 0.1170
2025-09-05 01:29:42,814 - INFO - Boosted OOD loss: 0.0574
2025-09-05 01:29:44,994 - INFO - Boosted OOD loss: 0.1372
2025-09-05 01:29:49,875 - INFO - Boosted OOD loss: 0.0975
2025-09-05 01:29:51,519 - INFO - Boosted OOD loss: 0.0506
2025-09-05 01:29:55,321 - INFO - Boosted OOD loss: 0.1029
2025-09-05 01:29:55,321 - INFO - Step 4700 Loss Debug:
2025-09-05 01:29:55,321 - INFO -  CE: 2.1245
2025-09-05 01:29:55,321 - INFO -  OOD: 0.1029
2025-09-05 01:29:55,321 - INFO -  β: 32.00
2025-09-05 01:29:55,321 - INFO -  ID: 7568, OOD(254): 275
2025-09-05 01:29:56,424 - INFO - Boosted OOD loss: 0.1001
2025-09-05 01:29:57,524 - INFO - Boosted OOD loss: 0.0950
2025-09-05 01:29:58,087 - INFO - Boosted OOD loss: 0.0796
2025-09-05 01:30:01,890 - INFO - Boosted OOD loss: 0.1122
2025-09-05 01:30:03,532 - INFO - Boosted OOD loss: 0.0631
2025-09-05 01:30:04,635 - INFO - Boosted OOD loss: 0.1281
2025-09-05 01:30:07,360 - INFO - Boosted OOD loss: 0.1162
2025-09-05 01:30:09,538 - INFO - Boosted OOD loss: 0.1114
2025-09-05 01:30:14,424 - INFO - Boosted OOD loss: 0.0505
2025-09-05 01:30:16,616 - INFO - Boosted OOD loss: 0.0504
2025-09-05 01:30:19,339 - INFO - Boosted OOD loss: 0.0981
2025-09-05 01:30:21,521 - INFO - Boosted OOD loss: 0.1186
2025-09-05 01:30:22,083 - INFO - Boosted OOD loss: 0.0653
2025-09-05 01:30:22,648 - INFO - Boosted OOD loss: 0.0874
2025-09-05 01:30:22,649 - INFO - Step 4750 Loss Debug:
2025-09-05 01:30:22,649 - INFO -  CE: 1.8013
2025-09-05 01:30:22,649 - INFO -  OOD: 0.0874
2025-09-05 01:30:22,649 - INFO -  β: 32.00
2025-09-05 01:30:22,649 - INFO -  ID: 5287, OOD(254): 1520
2025-09-05 01:30:27,541 - INFO - Boosted OOD loss: 0.0527
2025-09-05 01:30:28,107 - INFO - Boosted OOD loss: 0.1176
2025-09-05 01:30:29,208 - INFO - Boosted OOD loss: 0.0982
2025-09-05 01:30:31,394 - INFO - Boosted OOD loss: 0.1195
2025-09-05 01:30:33,037 - INFO - Boosted OOD loss: 0.0810
2025-09-05 01:30:33,597 - INFO - Boosted OOD loss: 0.1083
2025-09-05 01:30:34,157 - INFO - Boosted OOD loss: 0.0848
2025-09-05 01:30:34,721 - INFO - Boosted OOD loss: 0.1153
2025-09-05 01:30:36,903 - INFO - Boosted OOD loss: 0.0897
2025-09-05 01:30:38,548 - INFO - Boosted OOD loss: 0.1074
2025-09-05 01:30:41,809 - INFO - Boosted OOD loss: 0.0998
2025-09-05 01:30:42,912 - INFO - Boosted OOD loss: 0.1022
2025-09-05 01:30:46,172 - INFO - Boosted OOD loss: 0.1041
2025-09-05 01:30:48,891 - INFO - Boosted OOD loss: 0.0659
2025-09-05 01:30:49,456 - INFO - Boosted OOD loss: 0.0554
2025-09-05 01:30:50,012 - WARNING - No anomaly pixels (254) found in batch
2025-09-05 01:30:52,714 - INFO - Boosted OOD loss: 0.1331
2025-09-05 01:30:53,276 - INFO - Boosted OOD loss: 0.0481
2025-09-05 01:30:53,840 - INFO - Boosted OOD loss: 0.1463
2025-09-05 01:30:55,476 - INFO - Boosted OOD loss: 0.1549
2025-09-05 01:30:57,114 - INFO - Boosted OOD loss: 0.1467
2025-09-05 01:30:57,674 - INFO - Boosted OOD loss: 0.1114
2025-09-05 01:30:59,313 - INFO - Boosted OOD loss: 0.1145
2025-09-05 01:31:02,034 - INFO - Boosted OOD loss: 0.0899
2025-09-05 01:31:12,854 - INFO - Boosted OOD loss: 0.0758
2025-09-05 01:31:13,419 - INFO - Boosted OOD loss: 0.0658
2025-09-05 01:31:13,984 - INFO - Boosted OOD loss: 0.0971
2025-09-05 01:31:16,706 - INFO - Boosted OOD loss: 0.1082
2025-09-05 01:31:18,347 - INFO - Boosted OOD loss: 0.0968
2025-09-05 01:31:20,527 - INFO - Boosted OOD loss: 0.0650
2025-09-05 01:31:21,089 - INFO - Boosted OOD loss: 0.1166
2025-09-05 01:31:23,804 - INFO - Boosted OOD loss: 0.0943
2025-09-05 01:31:27,608 - INFO - Boosted OOD loss: 0.1223
2025-09-05 01:31:31,945 - INFO - Boosted OOD loss: 0.0592
2025-09-05 01:31:34,135 - INFO - Boosted OOD loss: 0.0989
2025-09-05 01:31:43,880 - INFO - Boosted OOD loss: 0.1096
2025-09-05 01:31:44,444 - INFO - Boosted OOD loss: 0.0779
2025-09-05 01:31:44,445 - INFO - Step 4900 Loss Debug:
2025-09-05 01:31:44,445 - INFO -  CE: 1.6820
2025-09-05 01:31:44,445 - INFO -  OOD: 0.0779
2025-09-05 01:31:44,445 - INFO -  β: 32.00
2025-09-05 01:31:44,445 - INFO -  ID: 5626, OOD(254): 498
2025-09-05 01:31:53,659 - INFO - Boosted OOD loss: 0.0768
2025-09-05 01:31:55,301 - INFO - Boosted OOD loss: 0.1031
2025-09-05 01:31:56,401 - INFO - Boosted OOD loss: 0.1235
2025-09-05 01:31:56,962 - INFO - Boosted OOD loss: 0.0596
2025-09-05 01:31:58,067 - INFO - Boosted OOD loss: 0.0610
2025-09-05 01:31:58,630 - INFO - Boosted OOD loss: 0.1105
2025-09-05 01:32:01,354 - INFO - Boosted OOD loss: 0.1103
2025-09-05 01:32:01,917 - INFO - Boosted OOD loss: 0.0830
2025-09-05 01:32:02,479 - INFO - Boosted OOD loss: 0.1125
2025-09-05 01:32:04,659 - INFO - Boosted OOD loss: 0.1033
2025-09-05 01:32:08,449 - INFO - Boosted OOD loss: 0.1187
2025-09-05 01:32:09,552 - INFO - Boosted OOD loss: 0.0860
2025-09-05 01:32:17,143 - INFO - Boosted OOD loss: 0.0906
2025-09-05 01:32:17,704 - INFO - Boosted OOD loss: 0.0889
2025-09-05 01:32:18,807 - INFO - Boosted OOD loss: 0.0978
2025-09-05 01:32:24,775 - INFO - Boosted OOD loss: 0.0764
2025-09-05 01:32:29,657 - INFO - Boosted OOD loss: 0.1336
2025-09-05 01:32:31,838 - INFO - Boosted OOD loss: 0.0525
2025-09-05 01:32:32,944 - INFO - Boosted OOD loss: 0.1167
2025-09-05 01:32:36,208 - INFO - Boosted OOD loss: 0.0632
2025-09-05 01:32:36,769 - INFO - Boosted OOD loss: 0.1263
2025-09-05 01:32:38,946 - WARNING - No anomaly pixels (254) found in batch
2025-09-05 01:32:40,031 - INFO - Boosted OOD loss: 0.1309
2025-09-05 01:32:48,151 - INFO - Boosted OOD loss: 0.1028
2025-09-05 01:32:54,656 - INFO - Boosted OOD loss: 0.1220
2025-09-05 01:32:57,379 - INFO - Boosted OOD loss: 0.0827
2025-09-05 01:32:57,944 - INFO - Boosted OOD loss: 0.1154
2025-09-05 01:33:01,746 - INFO - Boosted OOD loss: 0.0793
2025-09-05 01:33:02,309 - INFO - Boosted OOD loss: 0.1269
2025-09-05 01:33:03,409 - INFO - Boosted OOD loss: 0.0655
2025-09-05 01:33:05,052 - INFO - Boosted OOD loss: 0.0638
2025-09-05 01:33:11,022 - INFO - Boosted OOD loss: 0.0959
2025-09-05 01:33:14,286 - INFO - Boosted OOD loss: 0.0775
2025-09-05 01:33:18,632 - INFO - Boosted OOD loss: 0.0989
2025-09-05 01:33:19,190 - INFO - Boosted OOD loss: 0.0912
2025-09-05 01:33:21,372 - INFO - Boosted OOD loss: 0.0992
2025-09-05 01:33:33,276 - WARNING - No anomaly pixels (254) found in batch
2025-09-05 01:33:34,907 - INFO - Boosted OOD loss: 0.1273
2025-09-05 01:33:37,087 - INFO - Boosted OOD loss: 0.1123
2025-09-05 01:33:43,590 - INFO - Boosted OOD loss: 0.0928
2025-09-05 01:33:44,154 - INFO - Boosted OOD loss: 0.0530
2025-09-05 01:33:50,664 - INFO - Boosted OOD loss: 0.1018
2025-09-05 01:33:51,765 - INFO - Boosted OOD loss: 0.1035
2025-09-05 01:33:54,490 - INFO - Boosted OOD loss: 0.1292
2025-09-05 01:33:55,592 - INFO - Boosted OOD loss: 0.1051
2025-09-05 01:33:57,776 - INFO - Boosted OOD loss: 0.0928
2025-09-05 01:33:58,339 - INFO - Boosted OOD loss: 0.0923
2025-09-05 01:33:59,983 - INFO - Boosted OOD loss: 0.1000
2025-09-05 01:34:03,790 - INFO - Boosted OOD loss: 0.1105
2025-09-05 01:34:10,296 - INFO - Boosted OOD loss: 0.1061
2025-09-05 01:34:15,185 - INFO - Boosted OOD loss: 0.1038
2025-09-05 01:34:21,149 - INFO - Boosted OOD loss: 0.0926
2025-09-05 01:34:22,798 - INFO - Boosted OOD loss: 0.0638
2025-09-05 01:34:27,152 - INFO - Boosted OOD loss: 0.1009
2025-09-05 01:34:27,707 - WARNING - No anomaly pixels (254) found in batch
2025-09-05 01:34:32,044 - INFO - Boosted OOD loss: 0.1107
2025-09-05 01:34:34,227 - INFO - Boosted OOD loss: 0.0997
2025-09-05 01:34:38,033 - INFO - Boosted OOD loss: 0.1172
2025-09-05 01:34:40,759 - INFO - Boosted OOD loss: 0.1146
2025-09-05 01:34:41,322 - INFO - Boosted OOD loss: 0.0653
2025-09-05 01:34:44,592 - INFO - Boosted OOD loss: 0.1267
2025-09-05 01:34:45,698 - INFO - Boosted OOD loss: 0.0820
2025-09-05 01:34:48,968 - INFO - Boosted OOD loss: 0.0806
2025-09-05 01:34:52,235 - INFO - Boosted OOD loss: 0.1371
2025-09-05 01:34:52,795 - INFO - Boosted OOD loss: 0.0818
2025-09-05 01:34:53,358 - INFO - Boosted OOD loss: 0.1097
2025-09-05 01:34:58,782 - INFO - Boosted OOD loss: 0.1163
2025-09-05 01:35:05,287 - INFO - Boosted OOD loss: 0.0878
2025-09-05 01:35:06,929 - INFO - Boosted OOD loss: 0.1205
2025-09-05 01:35:13,437 - INFO - Boosted OOD loss: 0.1107
2025-09-05 01:35:15,078 - INFO - Boosted OOD loss: 0.1161
2025-09-05 01:35:17,262 - INFO - Boosted OOD loss: 0.1171
2025-09-05 01:35:18,361 - INFO - Boosted OOD loss: 0.1088
2025-09-05 01:35:20,542 - INFO - Boosted OOD loss: 0.0960
2025-09-05 01:35:22,175 - WARNING - No anomaly pixels (254) found in batch
2025-09-05 01:35:22,725 - INFO - Boosted OOD loss: 0.0986
2025-09-05 01:35:25,447 - INFO - Boosted OOD loss: 0.1181
2025-09-05 01:35:26,550 - INFO - Boosted OOD loss: 0.0866
2025-09-05 01:35:29,274 - INFO - Boosted OOD loss: 0.0967
2025-09-05 01:35:29,834 - INFO - Boosted OOD loss: 0.0616
2025-09-05 01:35:30,398 - INFO - Boosted OOD loss: 0.1266
2025-09-05 01:35:30,962 - INFO - Boosted OOD loss: 0.1040
2025-09-05 01:35:39,086 - INFO - Boosted OOD loss: 0.1080
2025-09-05 01:35:42,352 - INFO - Boosted OOD loss: 0.1097
2025-09-05 01:35:43,458 - INFO - Boosted OOD loss: 0.1002
2025-09-05 01:35:44,020 - INFO - Boosted OOD loss: 0.1090
2025-09-05 01:35:46,832 - INFO - Updated beta to 15.48 (exp decay)
2025-09-05 01:36:07,914 - WARNING - Negative mean energy—verify E_b formula/signs
2025-09-05 01:36:07,914 - INFO - Weights updated successfully
2025-09-05 01:36:07,914 - INFO - Advanced epoch 3 - Updated beta: 15.48
2025-09-05 01:36:07,915 - INFO - Epoch 3 - Avg CE: 1.8757, Avg OOD: 0.0209, β: 32
2025-09-05 01:36:08,023 - INFO - 
Starting Epoch 4/100
2025-09-05 01:36:08,023 - INFO - ============================================================
2025-09-05 01:36:08,025 - INFO - 
Updating Hopfield boosting weights at epoch 4...
2025-09-05 01:36:18,640 - WARNING - Negative mean energy—verify E_b formula/signs
2025-09-05 01:36:18,641 - INFO - Weights updated successfully
2025-09-05 01:36:18,641 - INFO - Weight Update Debug at Epoch 4: No high-weight OOD pixels found
2025-09-05 01:36:21,232 - INFO - Boosted OOD loss: 0.1048
2025-09-05 01:36:27,182 - INFO - Boosted OOD loss: 0.0827
2025-09-05 01:36:30,993 - INFO - Boosted OOD loss: 0.0641
2025-09-05 01:36:33,183 - INFO - Boosted OOD loss: 0.0839
2025-09-05 01:36:37,542 - INFO - Boosted OOD loss: 0.1043
2025-09-05 01:36:39,737 - INFO - Boosted OOD loss: 0.1136
2025-09-05 01:36:40,303 - INFO - Boosted OOD loss: 0.0616
2025-09-05 01:36:40,874 - INFO - Boosted OOD loss: 0.1066
2025-09-05 01:36:41,981 - INFO - Boosted OOD loss: 0.1127
2025-09-05 01:36:43,634 - INFO - Boosted OOD loss: 0.0590
2025-09-05 01:36:44,200 - INFO - Boosted OOD loss: 0.1183
2025-09-05 01:36:47,488 - INFO - Boosted OOD loss: 0.1449
2025-09-05 01:36:49,129 - WARNING - No anomaly pixels (254) found in batch
2025-09-05 01:36:49,683 - INFO - Boosted OOD loss: 0.0824
2025-09-05 01:36:56,232 - INFO - Boosted OOD loss: 0.0682
2025-09-05 01:37:06,028 - INFO - Boosted OOD loss: 0.1186
2025-09-05 01:37:06,592 - INFO - Boosted OOD loss: 0.0918
2025-09-05 01:37:13,141 - INFO - Boosted OOD loss: 0.0895
2025-09-05 01:37:14,248 - INFO - Boosted OOD loss: 0.1231
2025-09-05 01:37:15,352 - INFO - Boosted OOD loss: 0.1261
2025-09-05 01:37:15,915 - INFO - Boosted OOD loss: 0.1420
2025-09-05 01:37:21,361 - INFO - Boosted OOD loss: 0.1098
2025-09-05 01:37:23,549 - INFO - Boosted OOD loss: 0.0950
2025-09-05 01:37:24,653 - INFO - Boosted OOD loss: 0.0781
2025-09-05 01:37:25,218 - INFO - Boosted OOD loss: 0.1029
2025-09-05 01:37:25,779 - INFO - Boosted OOD loss: 0.1204
2025-09-05 01:37:30,138 - INFO - Boosted OOD loss: 0.0659
2025-09-05 01:37:31,789 - INFO - Boosted OOD loss: 0.0655
2025-09-05 01:37:33,976 - INFO - Boosted OOD loss: 0.0866
2025-09-05 01:37:36,163 - INFO - Boosted OOD loss: 0.1021
2025-09-05 01:37:43,213 - INFO - Boosted OOD loss: 0.1258
2025-09-05 01:37:43,765 - WARNING - No anomaly pixels (254) found in batch
2025-09-05 01:37:44,854 - INFO - Boosted OOD loss: 0.1163
2025-09-05 01:37:47,574 - INFO - Boosted OOD loss: 0.0974
2025-09-05 01:37:50,845 - INFO - Boosted OOD loss: 0.0840
2025-09-05 01:37:52,495 - INFO - Boosted OOD loss: 0.0790
2025-09-05 01:37:55,765 - INFO - Boosted OOD loss: 0.1073
2025-09-05 01:37:57,954 - INFO - Boosted OOD loss: 0.1354
2025-09-05 01:38:00,136 - INFO - Boosted OOD loss: 0.1062
2025-09-05 01:38:04,478 - INFO - Boosted OOD loss: 0.0956
2025-09-05 01:38:06,662 - INFO - Boosted OOD loss: 0.0947
2025-09-05 01:38:08,301 - INFO - Boosted OOD loss: 0.0478
2025-09-05 01:38:08,865 - INFO - Boosted OOD loss: 0.0945
2025-09-05 01:38:09,429 - INFO - Boosted OOD loss: 0.0858
2025-09-05 01:38:11,074 - INFO - Boosted OOD loss: 0.1042
2025-09-05 01:38:11,075 - INFO - Step 5550 Loss Debug:
2025-09-05 01:38:11,075 - INFO -  CE: 1.7790
2025-09-05 01:38:11,075 - INFO -  OOD: 0.1042
2025-09-05 01:38:11,075 - INFO -  β: 32.00
2025-09-05 01:38:11,075 - INFO -  ID: 6743, OOD(254): 212
2025-09-05 01:38:13,795 - INFO - Boosted OOD loss: 0.0784
2025-09-05 01:38:14,359 - INFO - Boosted OOD loss: 0.0788
2025-09-05 01:38:18,696 - INFO - Boosted OOD loss: 0.0868
2025-09-05 01:38:20,337 - INFO - Boosted OOD loss: 0.1202
2025-09-05 01:38:22,518 - INFO - Boosted OOD loss: 0.1369
2025-09-05 01:38:23,077 - INFO - Boosted OOD loss: 0.1119
2025-09-05 01:38:23,640 - INFO - Boosted OOD loss: 0.0500
2025-09-05 01:38:27,989 - INFO - Boosted OOD loss: 0.1039
2025-09-05 01:38:28,551 - INFO - Boosted OOD loss: 0.0582
2025-09-05 01:38:29,657 - INFO - Boosted OOD loss: 0.1254
2025-09-05 01:38:30,761 - INFO - Boosted OOD loss: 0.0816
2025-09-05 01:38:31,865 - INFO - Boosted OOD loss: 0.0969
2025-09-05 01:38:35,122 - INFO - Boosted OOD loss: 0.0785
2025-09-05 01:38:35,682 - INFO - Boosted OOD loss: 0.1286
2025-09-05 01:38:36,779 - INFO - Boosted OOD loss: 0.0996
2025-09-05 01:38:38,413 - WARNING - No anomaly pixels (254) found in batch
2025-09-05 01:38:43,277 - INFO - Boosted OOD loss: 0.0901
2025-09-05 01:38:47,080 - INFO - Boosted OOD loss: 0.0972
2025-09-05 01:38:54,655 - INFO - Boosted OOD loss: 0.1132
2025-09-05 01:39:00,080 - INFO - Boosted OOD loss: 0.1153
2025-09-05 01:39:02,798 - INFO - Boosted OOD loss: 0.1241
2025-09-05 01:39:05,522 - INFO - Boosted OOD loss: 0.1064
2025-09-05 01:39:05,522 - INFO - Step 5650 Loss Debug:
2025-09-05 01:39:05,522 - INFO -  CE: 2.0880
2025-09-05 01:39:05,522 - INFO -  OOD: 0.1064
2025-09-05 01:39:05,522 - INFO -  β: 32.00
2025-09-05 01:39:05,522 - INFO -  ID: 6589, OOD(254): 252
2025-09-05 01:39:14,193 - INFO - Boosted OOD loss: 0.0709
2025-09-05 01:39:16,917 - INFO - Boosted OOD loss: 0.0907
2025-09-05 01:39:18,018 - INFO - Boosted OOD loss: 0.1004
2025-09-05 01:39:23,449 - INFO - Boosted OOD loss: 0.0814
2025-09-05 01:39:27,788 - INFO - Boosted OOD loss: 0.1129
2025-09-05 01:39:28,348 - INFO - Boosted OOD loss: 0.0974
2025-09-05 01:39:29,452 - INFO - Boosted OOD loss: 0.1105
2025-09-05 01:39:30,014 - INFO - Boosted OOD loss: 0.0919
2025-09-05 01:39:32,196 - INFO - Boosted OOD loss: 0.0797
2025-09-05 01:39:32,751 - WARNING - No anomaly pixels (254) found in batch
2025-09-05 01:39:35,456 - INFO - Boosted OOD loss: 0.0830
2025-09-05 01:39:36,012 - INFO - Boosted OOD loss: 0.0846
2025-09-05 01:39:37,113 - INFO - Boosted OOD loss: 0.1162
2025-09-05 01:39:40,910 - INFO - Boosted OOD loss: 0.1089
2025-09-05 01:39:44,172 - INFO - Boosted OOD loss: 0.1056
2025-09-05 01:39:47,970 - INFO - Boosted OOD loss: 0.1097
2025-09-05 01:39:55,016 - INFO - Boosted OOD loss: 0.1198
2025-09-05 01:39:57,734 - INFO - Boosted OOD loss: 0.1209
2025-09-05 01:39:58,294 - INFO - Boosted OOD loss: 0.1201
2025-09-05 01:39:59,936 - INFO - Boosted OOD loss: 0.1001
2025-09-05 01:39:59,936 - INFO - Step 5750 Loss Debug:
2025-09-05 01:39:59,936 - INFO -  CE: 2.0754
2025-09-05 01:39:59,936 - INFO -  OOD: 0.1001
2025-09-05 01:39:59,936 - INFO -  β: 32.00
2025-09-05 01:39:59,937 - INFO -  ID: 5729, OOD(254): 45
2025-09-05 01:40:00,499 - INFO - Boosted OOD loss: 0.0956
2025-09-05 01:40:01,063 - INFO - Boosted OOD loss: 0.1105
2025-09-05 01:40:04,325 - INFO - Boosted OOD loss: 0.0593
2025-09-05 01:40:06,513 - INFO - Boosted OOD loss: 0.0887
2025-09-05 01:40:20,036 - INFO - Boosted OOD loss: 0.0976
2025-09-05 01:40:21,138 - INFO - Boosted OOD loss: 0.0932
2025-09-05 01:40:22,241 - INFO - Boosted OOD loss: 0.0389
2025-09-05 01:40:27,126 - WARNING - No anomaly pixels (254) found in batch
2025-09-05 01:40:32,538 - INFO - Boosted OOD loss: 0.0929
2025-09-05 01:40:36,339 - INFO - Boosted OOD loss: 0.0951
2025-09-05 01:40:36,901 - INFO - Boosted OOD loss: 0.1117
2025-09-05 01:40:39,087 - INFO - Boosted OOD loss: 0.0617
2025-09-05 01:40:51,545 - INFO - Boosted OOD loss: 0.0645
2025-09-05 01:40:52,648 - INFO - Boosted OOD loss: 0.0624
2025-09-05 01:40:54,831 - INFO - Boosted OOD loss: 0.0866
2025-09-05 01:40:58,096 - INFO - Boosted OOD loss: 0.1080
2025-09-05 01:40:59,741 - INFO - Boosted OOD loss: 0.0494
2025-09-05 01:41:05,705 - INFO - Boosted OOD loss: 0.1247
2025-09-05 01:41:11,124 - INFO - Boosted OOD loss: 0.0926
2025-09-05 01:41:12,766 - INFO - Boosted OOD loss: 0.0936
2025-09-05 01:41:13,326 - INFO - Boosted OOD loss: 0.1084
2025-09-05 01:41:13,886 - INFO - Boosted OOD loss: 0.0944
2025-09-05 01:41:16,072 - INFO - Boosted OOD loss: 0.1336
2025-09-05 01:41:18,249 - INFO - Boosted OOD loss: 0.1020
2025-09-05 01:41:19,347 - INFO - Boosted OOD loss: 0.0981
2025-09-05 01:41:19,909 - INFO - Boosted OOD loss: 0.0863
2025-09-05 01:41:21,545 - WARNING - No anomaly pixels (254) found in batch
2025-09-05 01:41:23,170 - INFO - Boosted OOD loss: 0.1070
2025-09-05 01:41:26,431 - INFO - Boosted OOD loss: 0.0898
2025-09-05 01:41:31,312 - INFO - Boosted OOD loss: 0.0861
2025-09-05 01:41:37,269 - INFO - Boosted OOD loss: 0.0795
2025-09-05 01:41:40,525 - INFO - Boosted OOD loss: 0.1393
2025-09-05 01:41:44,865 - INFO - Boosted OOD loss: 0.1020
2025-09-05 01:41:45,965 - INFO - Boosted OOD loss: 0.0631
2025-09-05 01:41:48,149 - INFO - Boosted OOD loss: 0.0877
2025-09-05 01:41:55,180 - INFO - Boosted OOD loss: 0.0859
2025-09-05 01:41:55,744 - INFO - Boosted OOD loss: 0.0782
2025-09-05 01:42:00,619 - INFO - Boosted OOD loss: 0.0937
2025-09-05 01:42:07,652 - INFO - Boosted OOD loss: 0.1041
2025-09-05 01:42:11,991 - INFO - Boosted OOD loss: 0.1278
2025-09-05 01:42:12,549 - INFO - Boosted OOD loss: 0.1031
2025-09-05 01:42:15,799 - WARNING - No anomaly pixels (254) found in batch
2025-09-05 01:42:21,737 - INFO - Boosted OOD loss: 0.1015
2025-09-05 01:42:24,458 - INFO - Boosted OOD loss: 0.0708
2025-09-05 01:42:27,716 - INFO - Boosted OOD loss: 0.1102
2025-09-05 01:42:28,274 - INFO - Boosted OOD loss: 0.1303
2025-09-05 01:42:29,374 - INFO - Boosted OOD loss: 0.0649
2025-09-05 01:42:32,096 - INFO - Boosted OOD loss: 0.1122
2025-09-05 01:42:36,434 - INFO - Boosted OOD loss: 0.1175
2025-09-05 01:42:37,535 - INFO - Boosted OOD loss: 0.0964
2025-09-05 01:42:42,947 - INFO - Boosted OOD loss: 0.1031
2025-09-05 01:42:42,947 - INFO - Step 6050 Loss Debug:
2025-09-05 01:42:42,947 - INFO -  CE: 1.8599
2025-09-05 01:42:42,947 - INFO -  OOD: 0.1031
2025-09-05 01:42:42,947 - INFO -  β: 32.00
2025-09-05 01:42:42,948 - INFO -  ID: 5251, OOD(254): 18
2025-09-05 01:42:43,508 - INFO - Boosted OOD loss: 0.0790
2025-09-05 01:42:44,070 - INFO - Boosted OOD loss: 0.1248
2025-09-05 01:42:46,789 - INFO - Boosted OOD loss: 0.0822
2025-09-05 01:42:51,129 - INFO - Boosted OOD loss: 0.0981
2025-09-05 01:42:53,846 - INFO - Boosted OOD loss: 0.0963
2025-09-05 01:42:56,025 - INFO - Boosted OOD loss: 0.0799
2025-09-05 01:42:59,280 - INFO - Boosted OOD loss: 0.1333
2025-09-05 01:42:59,842 - INFO - Boosted OOD loss: 0.1033
2025-09-05 01:43:02,560 - INFO - Boosted OOD loss: 0.0867
2025-09-05 01:43:10,139 - WARNING - No anomaly pixels (254) found in batch
2025-09-05 01:43:12,846 - INFO - Boosted OOD loss: 0.1221
2025-09-05 01:43:17,187 - INFO - Boosted OOD loss: 0.1263
2025-09-05 01:43:19,912 - INFO - Boosted OOD loss: 0.0655
2025-09-05 01:43:21,014 - INFO - Boosted OOD loss: 0.1079
2025-09-05 01:43:22,656 - INFO - Boosted OOD loss: 0.0828
2025-09-05 01:43:30,241 - INFO - Boosted OOD loss: 0.0853
2025-09-05 01:43:36,735 - INFO - Boosted OOD loss: 0.1063
2025-09-05 01:43:37,295 - INFO - Boosted OOD loss: 0.1154
2025-09-05 01:43:37,296 - INFO - Step 6150 Loss Debug:
2025-09-05 01:43:37,296 - INFO -  CE: 2.1288
2025-09-05 01:43:37,296 - INFO -  OOD: 0.1154
2025-09-05 01:43:37,296 - INFO -  β: 32.00
2025-09-05 01:43:37,296 - INFO -  ID: 5795, OOD(254): 88
2025-09-05 01:43:37,857 - INFO - Boosted OOD loss: 0.0923
2025-09-05 01:43:43,281 - INFO - Boosted OOD loss: 0.0987
2025-09-05 01:43:49,242 - INFO - Boosted OOD loss: 0.1086
2025-09-05 01:43:49,803 - INFO - Boosted OOD loss: 0.0840
2025-09-05 01:43:50,906 - INFO - Boosted OOD loss: 0.1130
2025-09-05 01:43:51,469 - INFO - Boosted OOD loss: 0.1088
2025-09-05 01:43:52,572 - INFO - Boosted OOD loss: 0.0863
2025-09-05 01:43:53,136 - INFO - Boosted OOD loss: 0.1231
2025-09-05 01:43:55,862 - INFO - Boosted OOD loss: 0.0878
2025-09-05 01:43:57,508 - INFO - Boosted OOD loss: 0.0663
2025-09-05 01:44:00,231 - INFO - Boosted OOD loss: 0.0561
2025-09-05 01:44:01,874 - INFO - Boosted OOD loss: 0.0761
2025-09-05 01:44:04,592 - WARNING - No anomaly pixels (254) found in batch
2025-09-05 01:44:05,136 - INFO - Boosted OOD loss: 0.1056
2025-09-05 01:44:09,472 - INFO - Boosted OOD loss: 0.1153
2025-09-05 01:44:10,030 - INFO - Boosted OOD loss: 0.1245
2025-09-05 01:44:10,591 - INFO - Boosted OOD loss: 0.1070
2025-09-05 01:44:17,090 - INFO - Boosted OOD loss: 0.0977
2025-09-05 01:44:18,192 - INFO - Boosted OOD loss: 0.0943
2025-09-05 01:44:20,911 - INFO - Boosted OOD loss: 0.1027
2025-09-05 01:44:22,549 - INFO - Boosted OOD loss: 0.1096
2025-09-05 01:44:23,653 - INFO - Boosted OOD loss: 0.1167
2025-09-05 01:44:24,758 - INFO - Boosted OOD loss: 0.0967
2025-09-05 01:44:28,558 - INFO - Boosted OOD loss: 0.1029
2025-09-05 01:44:29,120 - INFO - Boosted OOD loss: 0.0909
2025-09-05 01:44:30,755 - INFO - Boosted OOD loss: 0.0991
2025-09-05 01:44:32,394 - INFO - Boosted OOD loss: 0.1212
2025-09-05 01:44:33,490 - INFO - Boosted OOD loss: 0.1059
2025-09-05 01:44:39,441 - INFO - Boosted OOD loss: 0.1086
2025-09-05 01:44:41,080 - INFO - Boosted OOD loss: 0.0909
2025-09-05 01:44:42,719 - INFO - Boosted OOD loss: 0.0830
2025-09-05 01:44:43,280 - INFO - Boosted OOD loss: 0.0859
2025-09-05 01:44:48,158 - INFO - Boosted OOD loss: 0.0708
2025-09-05 01:44:51,958 - INFO - Boosted OOD loss: 0.1089
2025-09-05 01:44:54,131 - INFO - Boosted OOD loss: 0.1050
2025-09-05 01:44:54,694 - INFO - Boosted OOD loss: 0.0766
2025-09-05 01:44:55,802 - INFO - Boosted OOD loss: 0.0904
2025-09-05 01:44:58,521 - INFO - Boosted OOD loss: 0.1198
2025-09-05 01:44:59,072 - WARNING - No anomaly pixels (254) found in batch
2025-09-05 01:44:59,617 - INFO - Boosted OOD loss: 0.1155
2025-09-05 01:45:01,249 - INFO - Boosted OOD loss: 0.1290
2025-09-05 01:45:03,967 - INFO - Boosted OOD loss: 0.0999
2025-09-05 01:45:04,527 - INFO - Boosted OOD loss: 0.0992
2025-09-05 01:45:13,184 - INFO - Boosted OOD loss: 0.0635
2025-09-05 01:45:14,285 - INFO - Boosted OOD loss: 0.1025
2025-09-05 01:45:24,016 - INFO - Boosted OOD loss: 0.1218
2025-09-05 01:45:24,574 - INFO - Boosted OOD loss: 0.0792
2025-09-05 01:45:28,915 - INFO - Boosted OOD loss: 0.0946
2025-09-05 01:45:32,174 - INFO - Boosted OOD loss: 0.1126
2025-09-05 01:45:34,351 - INFO - Boosted OOD loss: 0.1158
2025-09-05 01:45:39,229 - INFO - Boosted OOD loss: 0.1222
2025-09-05 01:45:41,416 - INFO - Boosted OOD loss: 0.0694
2025-09-05 01:45:43,604 - INFO - Boosted OOD loss: 0.0777
2025-09-05 01:45:46,872 - INFO - Boosted OOD loss: 0.1309
2025-09-05 01:45:47,974 - INFO - Boosted OOD loss: 0.1041
2025-09-05 01:45:48,534 - INFO - Boosted OOD loss: 0.1137
2025-09-05 01:45:50,173 - INFO - Boosted OOD loss: 0.1175
2025-09-05 01:45:51,814 - INFO - Boosted OOD loss: 0.0886
2025-09-05 01:45:53,450 - WARNING - No anomaly pixels (254) found in batch
2025-09-05 01:46:01,558 - INFO - Boosted OOD loss: 0.0502
2025-09-05 01:46:10,219 - INFO - Boosted OOD loss: 0.0996
2025-09-05 01:46:10,779 - INFO - Boosted OOD loss: 0.1084
2025-09-05 01:46:14,038 - INFO - Boosted OOD loss: 0.1015
2025-09-05 01:46:21,086 - INFO - Boosted OOD loss: 0.0865
2025-09-05 01:46:24,363 - INFO - Boosted OOD loss: 0.0787
2025-09-05 01:46:27,635 - INFO - Boosted OOD loss: 0.1278
2025-09-05 01:46:29,816 - INFO - Boosted OOD loss: 0.0943
2025-09-05 01:46:37,946 - INFO - Boosted OOD loss: 0.0628
2025-09-05 01:46:38,513 - INFO - Boosted OOD loss: 0.0615
2025-09-05 01:46:39,078 - INFO - Boosted OOD loss: 0.1058
2025-09-05 01:46:47,208 - INFO - Boosted OOD loss: 0.1257
2025-09-05 01:46:47,762 - WARNING - No anomaly pixels (254) found in batch
2025-09-05 01:46:51,009 - INFO - Boosted OOD loss: 0.1170
2025-09-05 01:46:51,570 - INFO - Boosted OOD loss: 0.1011
2025-09-05 01:46:52,131 - INFO - Boosted OOD loss: 0.0846
2025-09-05 01:46:55,395 - INFO - Boosted OOD loss: 0.1100
2025-09-05 01:46:57,038 - INFO - Boosted OOD loss: 0.0886
2025-09-05 01:46:59,223 - INFO - Boosted OOD loss: 0.0558
2025-09-05 01:47:04,113 - INFO - Boosted OOD loss: 0.0948
2025-09-05 01:47:11,705 - INFO - Boosted OOD loss: 0.1000
2025-09-05 01:47:16,590 - INFO - Boosted OOD loss: 0.1098
2025-09-05 01:47:17,695 - INFO - Boosted OOD loss: 0.0811
2025-09-05 01:47:19,875 - INFO - Boosted OOD loss: 0.1338
2025-09-05 01:47:21,514 - INFO - Boosted OOD loss: 0.1185
2025-09-05 01:47:24,776 - INFO - Boosted OOD loss: 0.1190
2025-09-05 01:47:28,576 - INFO - Boosted OOD loss: 0.0919
2025-09-05 01:47:30,217 - INFO - Boosted OOD loss: 0.1332
2025-09-05 01:47:37,801 - INFO - Boosted OOD loss: 0.0855
2025-09-05 01:47:38,364 - INFO - Boosted OOD loss: 0.0909
2025-09-05 01:47:40,548 - INFO - Boosted OOD loss: 0.1180
2025-09-05 01:47:42,179 - WARNING - No anomaly pixels (254) found in batch
2025-09-05 01:47:43,807 - INFO - Boosted OOD loss: 0.0768
2025-09-05 01:47:44,908 - INFO - Boosted OOD loss: 0.0854
2025-09-05 01:47:49,254 - INFO - Boosted OOD loss: 0.1286
2025-09-05 01:47:49,812 - INFO - Boosted OOD loss: 0.1130
2025-09-05 01:47:50,915 - INFO - Boosted OOD loss: 0.0995
2025-09-05 01:47:53,638 - INFO - Boosted OOD loss: 0.1004
2025-09-05 01:47:56,901 - INFO - Boosted OOD loss: 0.0782
2025-09-05 01:48:00,702 - INFO - Boosted OOD loss: 0.0629
2025-09-05 01:48:02,345 - INFO - Boosted OOD loss: 0.1220
2025-09-05 01:48:04,527 - INFO - Boosted OOD loss: 0.0911
2025-09-05 01:48:08,332 - INFO - Boosted OOD loss: 0.1115
2025-09-05 01:48:11,593 - INFO - Boosted OOD loss: 0.1428
2025-09-05 01:48:14,853 - INFO - Boosted OOD loss: 0.1020
2025-09-05 01:48:19,195 - INFO - Boosted OOD loss: 0.1296
2025-09-05 01:48:24,077 - INFO - Boosted OOD loss: 0.1095
2025-09-05 01:48:26,807 - INFO - Boosted OOD loss: 0.0692
2025-09-05 01:48:33,312 - INFO - Boosted OOD loss: 0.0943
2025-09-05 01:48:34,416 - INFO - Boosted OOD loss: 0.0945
2025-09-05 01:48:36,599 - INFO - Boosted OOD loss: 0.1168
2025-09-05 01:48:36,600 - INFO - Step 6700 Loss Debug:
2025-09-05 01:48:36,600 - INFO -  CE: 1.7571
2025-09-05 01:48:36,600 - INFO -  OOD: 0.1168
2025-09-05 01:48:36,600 - INFO -  β: 32.00
2025-09-05 01:48:36,600 - INFO -  ID: 5939, OOD(254): 167
2025-09-05 01:48:37,163 - INFO - Boosted OOD loss: 0.0932
2025-09-05 01:48:40,424 - INFO - Boosted OOD loss: 0.0827
2025-09-05 01:48:42,062 - INFO - Boosted OOD loss: 0.1180
2025-09-05 01:48:45,860 - INFO - Boosted OOD loss: 0.1304
2025-09-05 01:48:49,662 - INFO - Boosted OOD loss: 0.1022
2025-09-05 01:48:50,221 - INFO - Boosted OOD loss: 0.0981
2025-09-05 01:48:57,799 - INFO - Boosted OOD loss: 0.0864
2025-09-05 01:48:58,898 - INFO - Boosted OOD loss: 0.1276
2025-09-05 01:49:00,536 - INFO - Boosted OOD loss: 0.1106
2025-09-05 01:49:01,634 - INFO - Boosted OOD loss: 0.1191
2025-09-05 01:49:02,195 - INFO - Boosted OOD loss: 0.0941
2025-09-05 01:49:02,754 - INFO - Boosted OOD loss: 0.0972
2025-09-05 01:49:03,852 - INFO - Boosted OOD loss: 0.1151
2025-09-05 01:49:03,853 - INFO - Step 6750 Loss Debug:
2025-09-05 01:49:03,853 - INFO -  CE: 1.6585
2025-09-05 01:49:03,853 - INFO -  OOD: 0.1151
2025-09-05 01:49:03,853 - INFO -  β: 32.00
2025-09-05 01:49:03,853 - INFO -  ID: 5791, OOD(254): 143
2025-09-05 01:49:09,269 - INFO - Boosted OOD loss: 0.0968
2025-09-05 01:49:11,448 - INFO - Boosted OOD loss: 0.0543
2025-09-05 01:49:13,094 - INFO - Boosted OOD loss: 0.1127
2025-09-05 01:49:16,350 - INFO - Boosted OOD loss: 0.1099
2025-09-05 01:49:16,906 - INFO - Boosted OOD loss: 0.1179
2025-09-05 01:49:18,004 - INFO - Boosted OOD loss: 0.1168
2025-09-05 01:49:21,802 - INFO - Boosted OOD loss: 0.0846
2025-09-05 01:49:28,305 - INFO - Boosted OOD loss: 0.1258
2025-09-05 01:49:28,870 - INFO - Boosted OOD loss: 0.1012
2025-09-05 01:49:31,044 - WARNING - No anomaly pixels (254) found in batch
2025-09-05 01:49:31,590 - INFO - Boosted OOD loss: 0.0959
2025-09-05 01:49:32,692 - INFO - Boosted OOD loss: 0.1349
2025-09-05 01:49:33,251 - INFO - Boosted OOD loss: 0.1110
2025-09-05 01:49:34,352 - INFO - Boosted OOD loss: 0.1008
2025-09-05 01:49:35,456 - INFO - Boosted OOD loss: 0.0825
2025-09-05 01:49:37,101 - INFO - Boosted OOD loss: 0.1090
2025-09-05 01:49:38,203 - INFO - Boosted OOD loss: 0.0925
2025-09-05 01:49:38,764 - INFO - Boosted OOD loss: 0.0837
2025-09-05 01:49:39,326 - INFO - Boosted OOD loss: 0.1062
2025-09-05 01:49:45,297 - INFO - Boosted OOD loss: 0.0915
2025-09-05 01:49:45,864 - INFO - Boosted OOD loss: 0.0902
2025-09-05 01:49:51,821 - INFO - Boosted OOD loss: 0.1043
2025-09-05 01:49:52,383 - INFO - Boosted OOD loss: 0.0913
2025-09-05 01:49:53,481 - INFO - Boosted OOD loss: 0.1052
2025-09-05 01:49:54,587 - INFO - Boosted OOD loss: 0.0915
2025-09-05 01:49:56,777 - INFO - Boosted OOD loss: 0.0906
2025-09-05 01:49:57,341 - INFO - Boosted OOD loss: 0.1004
2025-09-05 01:49:58,443 - INFO - Boosted OOD loss: 0.0579
2025-09-05 01:49:58,444 - INFO - Step 6850 Loss Debug:
2025-09-05 01:49:58,444 - INFO -  CE: 1.8580
2025-09-05 01:49:58,444 - INFO -  OOD: 0.0579
2025-09-05 01:49:58,444 - INFO -  β: 32.00
2025-09-05 01:49:58,444 - INFO -  ID: 4961, OOD(254): 783
2025-09-05 01:50:00,631 - INFO - Boosted OOD loss: 0.0955
2025-09-05 01:50:03,903 - INFO - Boosted OOD loss: 0.1010
2025-09-05 01:50:10,954 - INFO - Boosted OOD loss: 0.1045
2025-09-05 01:50:13,679 - INFO - Boosted OOD loss: 0.0808
2025-09-05 01:50:18,572 - INFO - Boosted OOD loss: 0.0547
2025-09-05 01:50:19,677 - INFO - Boosted OOD loss: 0.0763
2025-09-05 01:50:22,404 - INFO - Boosted OOD loss: 0.1271
2025-09-05 01:50:24,042 - INFO - Boosted OOD loss: 0.1026
2025-09-05 01:50:25,676 - WARNING - No anomaly pixels (254) found in batch
2025-09-05 01:50:26,758 - INFO - Boosted OOD loss: 0.0957
2025-09-05 01:50:27,856 - INFO - Boosted OOD loss: 0.1107
2025-09-05 01:50:28,420 - INFO - Boosted OOD loss: 0.1212
2025-09-05 01:50:30,064 - INFO - Boosted OOD loss: 0.0887
2025-09-05 01:50:32,774 - INFO - Boosted OOD loss: 0.1019
2025-09-05 01:50:34,948 - INFO - Boosted OOD loss: 0.1108
2025-09-05 01:50:37,669 - INFO - Boosted OOD loss: 0.0872
2025-09-05 01:50:38,235 - INFO - Boosted OOD loss: 0.0748
2025-09-05 01:50:38,802 - INFO - Boosted OOD loss: 0.0727
2025-09-05 01:50:39,364 - INFO - Boosted OOD loss: 0.1137
2025-09-05 01:50:47,479 - INFO - Boosted OOD loss: 0.1119
2025-09-05 01:50:48,038 - INFO - Boosted OOD loss: 0.1166
2025-09-05 01:50:48,595 - INFO - Boosted OOD loss: 0.1098
2025-09-05 01:50:50,236 - INFO - Boosted OOD loss: 0.1166
2025-09-05 01:50:52,413 - INFO - Boosted OOD loss: 0.1209
2025-09-05 01:50:54,589 - INFO - Boosted OOD loss: 0.1055
2025-09-05 01:50:57,308 - INFO - Boosted OOD loss: 0.0905
2025-09-05 01:50:58,947 - INFO - Boosted OOD loss: 0.0395
2025-09-05 01:51:00,049 - INFO - Boosted OOD loss: 0.0592
2025-09-05 01:51:02,770 - INFO - Boosted OOD loss: 0.0832
2025-09-05 01:51:03,332 - INFO - Boosted OOD loss: 0.0724
2025-09-05 01:51:06,591 - INFO - Boosted OOD loss: 0.0955
2025-09-05 01:51:07,693 - INFO - Boosted OOD loss: 0.1039
2025-09-05 01:51:12,558 - INFO - Boosted OOD loss: 0.0967
2025-09-05 01:51:13,118 - INFO - Boosted OOD loss: 0.1017
2025-09-05 01:51:16,373 - INFO - Boosted OOD loss: 0.1035
2025-09-05 01:51:20,160 - WARNING - No anomaly pixels (254) found in batch
2025-09-05 01:51:22,327 - INFO - Boosted OOD loss: 0.0551
2025-09-05 01:51:31,534 - INFO - Boosted OOD loss: 0.1108
2025-09-05 01:51:33,175 - INFO - Boosted OOD loss: 0.0640
2025-09-05 01:51:41,838 - INFO - Boosted OOD loss: 0.0506
2025-09-05 01:51:42,403 - INFO - Boosted OOD loss: 0.0556
2025-09-05 01:51:44,584 - INFO - Boosted OOD loss: 0.0849
2025-09-05 01:51:45,686 - INFO - Boosted OOD loss: 0.1269
2025-09-05 01:51:46,245 - INFO - Boosted OOD loss: 0.1255
2025-09-05 01:51:55,981 - INFO - Boosted OOD loss: 0.0550
2025-09-05 01:51:56,545 - INFO - Boosted OOD loss: 0.0496
2025-09-05 01:51:58,189 - INFO - Boosted OOD loss: 0.0487
2025-09-05 01:52:00,371 - INFO - Boosted OOD loss: 0.1015
2025-09-05 01:52:02,011 - INFO - Boosted OOD loss: 0.0382
2025-09-05 01:52:03,652 - INFO - Boosted OOD loss: 0.0642
2025-09-05 01:52:06,374 - INFO - Boosted OOD loss: 0.1423
2025-09-05 01:52:08,550 - INFO - Boosted OOD loss: 0.1318
2025-09-05 01:52:10,188 - INFO - Boosted OOD loss: 0.1411
2025-09-05 01:52:10,748 - INFO - Boosted OOD loss: 0.0980
2025-09-05 01:52:11,309 - INFO - Boosted OOD loss: 0.0911
2025-09-05 01:52:12,948 - INFO - Boosted OOD loss: 0.1184
2025-09-05 01:52:13,508 - INFO - Boosted OOD loss: 0.1290
2025-09-05 01:52:14,599 - WARNING - No anomaly pixels (254) found in batch
2025-09-05 01:52:15,685 - INFO - Boosted OOD loss: 0.1363
2025-09-05 01:52:19,478 - INFO - Boosted OOD loss: 0.1216
2025-09-05 01:52:24,894 - INFO - Boosted OOD loss: 0.1090
2025-09-05 01:52:26,534 - INFO - Boosted OOD loss: 0.1055
2025-09-05 01:52:27,633 - INFO - Boosted OOD loss: 0.1028
2025-09-05 01:52:29,274 - INFO - Boosted OOD loss: 0.1131
2025-09-05 01:52:29,366 - INFO - Updated beta to 15.31 (exp decay)
2025-09-05 01:52:50,452 - WARNING - Negative mean energy—verify E_b formula/signs
2025-09-05 01:52:50,452 - INFO - Weights updated successfully
2025-09-05 01:52:50,453 - INFO - Advanced epoch 4 - Updated beta: 15.31
2025-09-05 01:52:50,453 - INFO - Epoch 4 - Avg CE: 1.8805, Avg OOD: 0.0195, β: 32
2025-09-05 01:52:50,560 - INFO - 
Starting Epoch 5/100
2025-09-05 01:52:50,560 - INFO - ============================================================
2025-09-05 01:52:50,561 - INFO - 
Updating Hopfield boosting weights at epoch 5...
2025-09-05 01:53:01,176 - WARNING - Negative mean energy—verify E_b formula/signs
2025-09-05 01:53:01,176 - INFO - Weights updated successfully
2025-09-05 01:53:01,177 - INFO - Weight Update Debug at Epoch 5: No high-weight OOD pixels found
2025-09-05 01:53:02,874 - INFO - Boosted OOD loss: 0.1045
2025-09-05 01:53:07,193 - INFO - Boosted OOD loss: 0.0989
2025-09-05 01:53:08,830 - INFO - Boosted OOD loss: 0.0654
2025-09-05 01:53:14,786 - INFO - Boosted OOD loss: 0.0758
2025-09-05 01:53:16,430 - INFO - Boosted OOD loss: 0.0929
2025-09-05 01:53:20,782 - INFO - Boosted OOD loss: 0.0934
2025-09-05 01:53:24,597 - INFO - Boosted OOD loss: 0.1169
2025-09-05 01:53:25,159 - INFO - Boosted OOD loss: 0.0851
2025-09-05 01:53:25,724 - INFO - Boosted OOD loss: 0.1113
2025-09-05 01:53:27,372 - INFO - Boosted OOD loss: 0.0863
2025-09-05 01:53:30,655 - INFO - Boosted OOD loss: 0.0948
2025-09-05 01:53:33,938 - INFO - Boosted OOD loss: 0.0930
2025-09-05 01:53:35,044 - INFO - Boosted OOD loss: 0.0966
2025-09-05 01:53:36,699 - INFO - Boosted OOD loss: 0.0752
2025-09-05 01:53:38,355 - INFO - Boosted OOD loss: 0.0616
2025-09-05 01:53:41,633 - WARNING - No anomaly pixels (254) found in batch
2025-09-05 01:53:48,703 - INFO - Boosted OOD loss: 0.0919
2025-09-05 01:53:49,275 - INFO - Boosted OOD loss: 0.0511
2025-09-05 01:53:55,814 - INFO - Boosted OOD loss: 0.0800
2025-09-05 01:53:59,094 - INFO - Boosted OOD loss: 0.1179
2025-09-05 01:54:00,740 - INFO - Boosted OOD loss: 0.0977
2025-09-05 01:54:04,018 - INFO - Boosted OOD loss: 0.0781
2025-09-05 01:54:08,380 - INFO - Boosted OOD loss: 0.1121
2025-09-05 01:54:13,288 - INFO - Boosted OOD loss: 0.1165
2025-09-05 01:54:14,932 - INFO - Boosted OOD loss: 0.1185
2025-09-05 01:54:17,662 - INFO - Boosted OOD loss: 0.0939
2025-09-05 01:54:18,767 - INFO - Boosted OOD loss: 0.0853
2025-09-05 01:54:27,462 - INFO - Boosted OOD loss: 0.0993
2025-09-05 01:54:32,351 - INFO - Boosted OOD loss: 0.0527
2025-09-05 01:54:33,452 - INFO - Boosted OOD loss: 0.1011
2025-09-05 01:54:35,089 - INFO - Boosted OOD loss: 0.1031
2025-09-05 01:54:36,188 - WARNING - No anomaly pixels (254) found in batch
2025-09-05 01:54:37,817 - INFO - Boosted OOD loss: 0.1102
2025-09-05 01:54:38,915 - INFO - Boosted OOD loss: 0.0970
2025-09-05 01:54:41,635 - INFO - Boosted OOD loss: 0.0892
2025-09-05 01:54:42,198 - INFO - Boosted OOD loss: 0.0936
2025-09-05 01:54:43,297 - INFO - Boosted OOD loss: 0.1050
2025-09-05 01:54:43,857 - INFO - Boosted OOD loss: 0.0938
2025-09-05 01:54:44,416 - INFO - Boosted OOD loss: 0.0832
2025-09-05 01:54:47,683 - INFO - Boosted OOD loss: 0.1180
2025-09-05 01:54:50,951 - INFO - Boosted OOD loss: 0.0835
2025-09-05 01:54:53,137 - INFO - Boosted OOD loss: 0.0851
2025-09-05 01:54:54,241 - INFO - Boosted OOD loss: 0.1025
2025-09-05 01:54:55,880 - INFO - Boosted OOD loss: 0.0788
2025-09-05 01:54:56,983 - INFO - Boosted OOD loss: 0.1251
2025-09-05 01:54:59,704 - INFO - Boosted OOD loss: 0.0969
2025-09-05 01:55:02,425 - INFO - Boosted OOD loss: 0.0979
2025-09-05 01:55:03,526 - INFO - Boosted OOD loss: 0.1054
2025-09-05 01:55:03,526 - INFO - Step 7350 Loss Debug:
2025-09-05 01:55:03,526 - INFO -  CE: 2.0646
2025-09-05 01:55:03,527 - INFO -  OOD: 0.1054
2025-09-05 01:55:03,527 - INFO -  β: 32.00
2025-09-05 01:55:03,527 - INFO -  ID: 7134, OOD(254): 72
2025-09-05 01:55:04,087 - INFO - Boosted OOD loss: 0.0976
2025-09-05 01:55:05,727 - INFO - Boosted OOD loss: 0.0921
2025-09-05 01:55:07,363 - INFO - Boosted OOD loss: 0.1229
2025-09-05 01:55:09,005 - INFO - Boosted OOD loss: 0.0676
2025-09-05 01:55:10,644 - INFO - Boosted OOD loss: 0.1172
2025-09-05 01:55:13,366 - INFO - Boosted OOD loss: 0.0539
2025-09-05 01:55:14,471 - INFO - Boosted OOD loss: 0.0920
2025-09-05 01:55:15,571 - INFO - Boosted OOD loss: 0.0697
2025-09-05 01:55:17,213 - INFO - Boosted OOD loss: 0.1166
2025-09-05 01:55:21,012 - INFO - Boosted OOD loss: 0.0999
2025-09-05 01:55:28,056 - INFO - Boosted OOD loss: 0.1246
2025-09-05 01:55:30,768 - WARNING - No anomaly pixels (254) found in batch
2025-09-05 01:55:31,316 - INFO - Boosted OOD loss: 0.0723
2025-09-05 01:55:34,579 - INFO - Boosted OOD loss: 0.0487
2025-09-05 01:55:36,762 - INFO - Boosted OOD loss: 0.1028
2025-09-05 01:55:37,862 - INFO - Boosted OOD loss: 0.0394
2025-09-05 01:55:40,047 - INFO - Boosted OOD loss: 0.1268
2025-09-05 01:55:41,142 - INFO - Boosted OOD loss: 0.0987
2025-09-05 01:55:46,552 - INFO - Boosted OOD loss: 0.1123
2025-09-05 01:55:48,729 - INFO - Boosted OOD loss: 0.1097
2025-09-05 01:55:56,298 - INFO - Boosted OOD loss: 0.0535
2025-09-05 01:55:58,485 - INFO - Boosted OOD loss: 0.1098
2025-09-05 01:55:59,048 - INFO - Boosted OOD loss: 0.1033
2025-09-05 01:56:01,772 - INFO - Boosted OOD loss: 0.0983
2025-09-05 01:56:02,871 - INFO - Boosted OOD loss: 0.0869
2025-09-05 01:56:03,969 - INFO - Boosted OOD loss: 0.1265
2025-09-05 01:56:04,530 - INFO - Boosted OOD loss: 0.0781
2025-09-05 01:56:08,330 - INFO - Boosted OOD loss: 0.1041
2025-09-05 01:56:08,888 - INFO - Boosted OOD loss: 0.0981
2025-09-05 01:56:09,450 - INFO - Boosted OOD loss: 0.1030
2025-09-05 01:56:12,709 - INFO - Boosted OOD loss: 0.0755
2025-09-05 01:56:14,892 - INFO - Boosted OOD loss: 0.0731
2025-09-05 01:56:21,937 - INFO - Boosted OOD loss: 0.0738
2025-09-05 01:56:22,501 - INFO - Boosted OOD loss: 0.0923
2025-09-05 01:56:23,601 - INFO - Boosted OOD loss: 0.1060
2025-09-05 01:56:25,244 - INFO - Boosted OOD loss: 0.1117
2025-09-05 01:56:25,245 - INFO - Step 7500 Loss Debug:
2025-09-05 01:56:25,245 - INFO -  CE: 2.1170
2025-09-05 01:56:25,245 - INFO -  OOD: 0.1117
2025-09-05 01:56:25,245 - INFO -  β: 32.00
2025-09-05 01:56:25,245 - INFO -  ID: 6339, OOD(254): 34
2025-09-05 01:56:27,960 - INFO - Boosted OOD loss: 0.0798
2025-09-05 01:56:34,464 - INFO - Boosted OOD loss: 0.0694
2025-09-05 01:56:38,807 - INFO - Boosted OOD loss: 0.0926
2025-09-05 01:56:43,680 - INFO - Boosted OOD loss: 0.1109
2025-09-05 01:56:46,945 - INFO - Boosted OOD loss: 0.1013
2025-09-05 01:56:52,363 - INFO - Boosted OOD loss: 0.1033
2025-09-05 01:56:52,363 - INFO - Step 7550 Loss Debug:
2025-09-05 01:56:52,363 - INFO -  CE: 1.8682
2025-09-05 01:56:52,363 - INFO -  OOD: 0.1033
2025-09-05 01:56:52,363 - INFO -  β: 32.00
2025-09-05 01:56:52,363 - INFO -  ID: 7960, OOD(254): 127
2025-09-05 01:56:59,947 - INFO - Boosted OOD loss: 0.0595
2025-09-05 01:57:01,053 - INFO - Boosted OOD loss: 0.0831
2025-09-05 01:57:03,777 - INFO - Boosted OOD loss: 0.0833
2025-09-05 01:57:11,904 - INFO - Boosted OOD loss: 0.0675
2025-09-05 01:57:13,005 - INFO - Boosted OOD loss: 0.1025
2025-09-05 01:57:14,107 - INFO - Boosted OOD loss: 0.0548
2025-09-05 01:57:15,752 - INFO - Boosted OOD loss: 0.1071
2025-09-05 01:57:16,851 - INFO - Boosted OOD loss: 0.1057
2025-09-05 01:57:17,411 - INFO - Boosted OOD loss: 0.0707
2025-09-05 01:57:19,584 - WARNING - No anomaly pixels (254) found in batch
2025-09-05 01:57:21,748 - INFO - Boosted OOD loss: 0.0962
2025-09-05 01:57:26,081 - INFO - Boosted OOD loss: 0.0786
2025-09-05 01:57:27,722 - INFO - Boosted OOD loss: 0.1178
2025-09-05 01:57:29,902 - INFO - Boosted OOD loss: 0.0704
2025-09-05 01:57:30,463 - INFO - Boosted OOD loss: 0.0980
2025-09-05 01:57:39,119 - INFO - Boosted OOD loss: 0.0757
2025-09-05 01:57:41,301 - INFO - Boosted OOD loss: 0.0523
2025-09-05 01:57:42,406 - INFO - Boosted OOD loss: 0.0795
2025-09-05 01:57:43,510 - INFO - Boosted OOD loss: 0.0559
2025-09-05 01:57:45,150 - INFO - Boosted OOD loss: 0.1136
2025-09-05 01:57:45,711 - INFO - Boosted OOD loss: 0.0500
2025-09-05 01:57:50,058 - INFO - Boosted OOD loss: 0.0686
2025-09-05 01:57:51,703 - INFO - Boosted OOD loss: 0.0825
2025-09-05 01:57:52,264 - INFO - Boosted OOD loss: 0.1257
2025-09-05 01:58:04,700 - INFO - Boosted OOD loss: 0.0944
2025-09-05 01:58:06,345 - INFO - Boosted OOD loss: 0.1109
2025-09-05 01:58:07,991 - INFO - Boosted OOD loss: 0.0438
2025-09-05 01:58:10,174 - INFO - Boosted OOD loss: 0.0972
2025-09-05 01:58:13,983 - INFO - Boosted OOD loss: 0.0869
2025-09-05 01:58:13,983 - INFO - Step 7700 Loss Debug:
2025-09-05 01:58:13,983 - INFO -  CE: 1.9812
2025-09-05 01:58:13,984 - INFO -  OOD: 0.0869
2025-09-05 01:58:13,984 - INFO -  β: 32.00
2025-09-05 01:58:13,984 - INFO -  ID: 6899, OOD(254): 191
2025-09-05 01:58:15,088 - INFO - Boosted OOD loss: 0.1041
2025-09-05 01:58:16,188 - INFO - Boosted OOD loss: 0.1031
2025-09-05 01:58:17,834 - INFO - Boosted OOD loss: 0.0537
2025-09-05 01:58:18,937 - INFO - Boosted OOD loss: 0.1015
2025-09-05 01:58:20,040 - INFO - Boosted OOD loss: 0.0557
2025-09-05 01:58:25,469 - INFO - Boosted OOD loss: 0.0839
2025-09-05 01:58:28,197 - INFO - Boosted OOD loss: 0.0661
2025-09-05 01:58:34,177 - INFO - Boosted OOD loss: 0.0848
2025-09-05 01:58:37,451 - INFO - Boosted OOD loss: 0.0416
2025-09-05 01:58:38,015 - INFO - Boosted OOD loss: 0.0916
2025-09-05 01:58:38,579 - INFO - Boosted OOD loss: 0.0709
2025-09-05 01:58:39,685 - INFO - Boosted OOD loss: 0.0931
2025-09-05 01:58:46,195 - INFO - Boosted OOD loss: 0.0604
2025-09-05 01:58:49,995 - INFO - Boosted OOD loss: 0.0678
2025-09-05 01:58:53,792 - INFO - Boosted OOD loss: 0.1306
2025-09-05 01:58:54,895 - INFO - Boosted OOD loss: 0.0809
2025-09-05 01:58:55,462 - INFO - Boosted OOD loss: 0.0716
2025-09-05 01:58:56,566 - INFO - Boosted OOD loss: 0.0840
2025-09-05 01:58:57,668 - INFO - Boosted OOD loss: 0.0943
2025-09-05 01:58:58,766 - INFO - Boosted OOD loss: 0.1304
2025-09-05 01:58:59,328 - INFO - Boosted OOD loss: 0.1013
2025-09-05 01:58:59,888 - INFO - Boosted OOD loss: 0.1018
2025-09-05 01:59:00,448 - INFO - Boosted OOD loss: 0.1044
2025-09-05 01:59:02,093 - INFO - Boosted OOD loss: 0.0445
2025-09-05 01:59:02,659 - INFO - Boosted OOD loss: 0.0568
2025-09-05 01:59:04,846 - INFO - Boosted OOD loss: 0.0908
2025-09-05 01:59:05,947 - INFO - Boosted OOD loss: 0.0764
2025-09-05 01:59:06,511 - INFO - Boosted OOD loss: 0.0866
2025-09-05 01:59:08,687 - INFO - Boosted OOD loss: 0.1103
2025-09-05 01:59:08,687 - INFO - Step 7800 Loss Debug:
2025-09-05 01:59:08,687 - INFO -  CE: 1.6736
2025-09-05 01:59:08,688 - INFO -  OOD: 0.1103
2025-09-05 01:59:08,688 - INFO -  β: 32.00
2025-09-05 01:59:08,688 - INFO -  ID: 7598, OOD(254): 98
2025-09-05 01:59:10,866 - INFO - Boosted OOD loss: 0.0955
2025-09-05 01:59:11,429 - INFO - Boosted OOD loss: 0.0540
2025-09-05 01:59:13,616 - INFO - Boosted OOD loss: 0.0625
2025-09-05 01:59:15,261 - INFO - Boosted OOD loss: 0.0727
2025-09-05 01:59:17,443 - INFO - Boosted OOD loss: 0.1382
2025-09-05 01:59:18,003 - INFO - Boosted OOD loss: 0.0995
2025-09-05 01:59:20,730 - INFO - Boosted OOD loss: 0.0979
2025-09-05 01:59:21,290 - INFO - Boosted OOD loss: 0.1420
2025-09-05 01:59:25,644 - INFO - Boosted OOD loss: 0.0973
2025-09-05 01:59:26,204 - INFO - Boosted OOD loss: 0.1207
2025-09-05 01:59:27,306 - INFO - Boosted OOD loss: 0.0987
2025-09-05 01:59:28,955 - INFO - Boosted OOD loss: 0.0463
2025-09-05 01:59:34,381 - INFO - Boosted OOD loss: 0.1165
2025-09-05 01:59:34,942 - INFO - Boosted OOD loss: 0.0991
2025-09-05 01:59:37,669 - INFO - Boosted OOD loss: 0.0285
2025-09-05 01:59:43,097 - INFO - Boosted OOD loss: 0.0983
2025-09-05 01:59:45,814 - INFO - Boosted OOD loss: 0.1301
2025-09-05 01:59:49,076 - INFO - Boosted OOD loss: 0.1127
2025-09-05 01:59:49,641 - INFO - Boosted OOD loss: 0.0704
2025-09-05 01:59:51,821 - INFO - Boosted OOD loss: 0.0928
2025-09-05 01:59:56,172 - INFO - Boosted OOD loss: 0.0848
2025-09-05 02:00:03,216 - WARNING - No anomaly pixels (254) found in batch
2025-09-05 02:00:04,302 - INFO - Boosted OOD loss: 0.0947
2025-09-05 02:00:07,026 - INFO - Boosted OOD loss: 0.0965
2025-09-05 02:00:08,133 - INFO - Boosted OOD loss: 0.0653
2025-09-05 02:00:09,237 - INFO - Boosted OOD loss: 0.0755
2025-09-05 02:00:09,803 - INFO - Boosted OOD loss: 0.0566
2025-09-05 02:00:11,444 - INFO - Boosted OOD loss: 0.0859
2025-09-05 02:00:30,379 - INFO - Boosted OOD loss: 0.1352
2025-09-05 02:00:30,379 - INFO - Step 7950 Loss Debug:
2025-09-05 02:00:30,379 - INFO -  CE: 1.8769
2025-09-05 02:00:30,379 - INFO -  OOD: 0.1352
2025-09-05 02:00:30,379 - INFO -  β: 32.00
2025-09-05 02:00:30,379 - INFO -  ID: 7770, OOD(254): 175
2025-09-05 02:00:32,560 - INFO - Boosted OOD loss: 0.0531
2025-09-05 02:00:34,745 - INFO - Boosted OOD loss: 0.0993
2025-09-05 02:00:38,552 - INFO - Boosted OOD loss: 0.0842
2025-09-05 02:00:41,271 - INFO - Boosted OOD loss: 0.0941
2025-09-05 02:00:43,450 - INFO - Boosted OOD loss: 0.1152
2025-09-05 02:00:46,711 - INFO - Boosted OOD loss: 0.0545
2025-09-05 02:00:48,354 - INFO - Boosted OOD loss: 0.1133
2025-09-05 02:00:53,769 - INFO - Boosted OOD loss: 0.1217
2025-09-05 02:00:56,486 - INFO - Boosted OOD loss: 0.0463
2025-09-05 02:00:57,586 - INFO - Boosted OOD loss: 0.0961
2025-09-05 02:00:57,586 - INFO - Step 8000 Loss Debug:
2025-09-05 02:00:57,586 - INFO -  CE: 1.6762
2025-09-05 02:00:57,587 - INFO -  OOD: 0.0961
2025-09-05 02:00:57,587 - INFO -  β: 32.00
2025-09-05 02:00:57,587 - INFO -  ID: 3834, OOD(254): 1
2025-09-05 02:00:58,684 - INFO - Boosted OOD loss: 0.1057
2025-09-05 02:00:59,786 - INFO - Boosted OOD loss: 0.0877
2025-09-05 02:01:00,351 - INFO - Boosted OOD loss: 0.1084
2025-09-05 02:01:03,075 - INFO - Boosted OOD loss: 0.0443
2025-09-05 02:01:04,719 - INFO - Boosted OOD loss: 0.1124
2025-09-05 02:01:16,078 - INFO - Boosted OOD loss: 0.0903
2025-09-05 02:01:22,574 - INFO - Boosted OOD loss: 0.0926
2025-09-05 02:01:23,131 - INFO - Boosted OOD loss: 0.0949
2025-09-05 02:01:26,399 - INFO - Boosted OOD loss: 0.0917
2025-09-05 02:01:29,125 - INFO - Boosted OOD loss: 0.0695
2025-09-05 02:01:33,476 - INFO - Boosted OOD loss: 0.0607
2025-09-05 02:01:35,663 - INFO - Boosted OOD loss: 0.1138
2025-09-05 02:01:45,955 - INFO - Boosted OOD loss: 0.0930
2025-09-05 02:01:50,288 - INFO - Boosted OOD loss: 0.0976
2025-09-05 02:01:51,920 - WARNING - No anomaly pixels (254) found in batch
2025-09-05 02:01:53,553 - INFO - Boosted OOD loss: 0.0638
2025-09-05 02:01:55,200 - INFO - Boosted OOD loss: 0.1068
2025-09-05 02:01:57,920 - INFO - Boosted OOD loss: 0.1096
2025-09-05 02:01:58,478 - INFO - Boosted OOD loss: 0.0998
2025-09-05 02:01:59,040 - INFO - Boosted OOD loss: 0.0922
2025-09-05 02:02:00,141 - INFO - Boosted OOD loss: 0.0925
2025-09-05 02:02:02,324 - INFO - Boosted OOD loss: 0.0822
2025-09-05 02:02:06,669 - INFO - Boosted OOD loss: 0.1023
2025-09-05 02:02:11,555 - INFO - Boosted OOD loss: 0.0869
2025-09-05 02:02:15,359 - INFO - Boosted OOD loss: 0.0802
2025-09-05 02:02:15,922 - INFO - Boosted OOD loss: 0.0925
2025-09-05 02:02:17,566 - INFO - Boosted OOD loss: 0.1284
2025-09-05 02:02:19,207 - INFO - Boosted OOD loss: 0.0854
2025-09-05 02:02:19,208 - INFO - Step 8150 Loss Debug:
2025-09-05 02:02:19,208 - INFO -  CE: 2.0925
2025-09-05 02:02:19,208 - INFO -  OOD: 0.0854
2025-09-05 02:02:19,208 - INFO -  β: 32.00
2025-09-05 02:02:19,208 - INFO -  ID: 8091, OOD(254): 42
2025-09-05 02:02:21,388 - INFO - Boosted OOD loss: 0.0986
2025-09-05 02:02:21,951 - INFO - Boosted OOD loss: 0.0972
2025-09-05 02:02:22,514 - INFO - Boosted OOD loss: 0.0961
2025-09-05 02:02:23,078 - INFO - Boosted OOD loss: 0.0767
2025-09-05 02:02:24,182 - INFO - Boosted OOD loss: 0.0870
2025-09-05 02:02:24,750 - INFO - Boosted OOD loss: 0.0412
2025-09-05 02:02:25,855 - INFO - Boosted OOD loss: 0.1088
2025-09-05 02:02:27,497 - INFO - Boosted OOD loss: 0.0964
2025-09-05 02:02:31,842 - INFO - Boosted OOD loss: 0.0464
2025-09-05 02:02:37,276 - INFO - Boosted OOD loss: 0.1193
2025-09-05 02:02:41,075 - INFO - Boosted OOD loss: 0.1002
2025-09-05 02:02:43,794 - INFO - Boosted OOD loss: 0.0952
2025-09-05 02:02:45,438 - INFO - Boosted OOD loss: 0.0941
2025-09-05 02:02:46,000 - INFO - Boosted OOD loss: 0.0483
2025-09-05 02:02:46,555 - WARNING - No anomaly pixels (254) found in batch
2025-09-05 02:02:47,640 - INFO - Boosted OOD loss: 0.0780
2025-09-05 02:02:48,201 - INFO - Boosted OOD loss: 0.1157
2025-09-05 02:02:48,762 - INFO - Boosted OOD loss: 0.0766
2025-09-05 02:02:50,406 - INFO - Boosted OOD loss: 0.0601
2025-09-05 02:02:53,669 - INFO - Boosted OOD loss: 0.1103
2025-09-05 02:02:56,393 - INFO - Boosted OOD loss: 0.1056
2025-09-05 02:02:56,955 - INFO - Boosted OOD loss: 0.0444
2025-09-05 02:03:05,622 - INFO - Boosted OOD loss: 0.1084
2025-09-05 02:03:09,425 - INFO - Boosted OOD loss: 0.1150
2025-09-05 02:03:13,226 - INFO - Boosted OOD loss: 0.0593
2025-09-05 02:03:14,869 - INFO - Boosted OOD loss: 0.1006
2025-09-05 02:03:18,129 - INFO - Boosted OOD loss: 0.1189
2025-09-05 02:03:20,851 - INFO - Boosted OOD loss: 0.1073
2025-09-05 02:03:21,412 - INFO - Boosted OOD loss: 0.0452
2025-09-05 02:03:29,546 - INFO - Boosted OOD loss: 0.1015
2025-09-05 02:03:32,271 - INFO - Boosted OOD loss: 0.1202
2025-09-05 02:03:38,774 - INFO - Boosted OOD loss: 0.1006
2025-09-05 02:03:40,946 - WARNING - No anomaly pixels (254) found in batch
2025-09-05 02:03:41,492 - INFO - Boosted OOD loss: 0.0855
2025-09-05 02:03:45,290 - INFO - Boosted OOD loss: 0.1240
2025-09-05 02:03:45,851 - INFO - Boosted OOD loss: 0.1035
2025-09-05 02:03:48,031 - INFO - Boosted OOD loss: 0.1089
2025-09-05 02:03:49,675 - INFO - Boosted OOD loss: 0.0904
2025-09-05 02:03:51,319 - INFO - Boosted OOD loss: 0.1033
2025-09-05 02:03:52,416 - INFO - Boosted OOD loss: 0.1236
2025-09-05 02:03:54,594 - INFO - Boosted OOD loss: 0.1103
2025-09-05 02:03:56,236 - INFO - Boosted OOD loss: 0.0669
2025-09-05 02:03:56,797 - INFO - Boosted OOD loss: 0.0874
2025-09-05 02:03:58,439 - INFO - Boosted OOD loss: 0.0985
2025-09-05 02:04:01,159 - INFO - Boosted OOD loss: 0.0729
2025-09-05 02:04:13,065 - INFO - Boosted OOD loss: 0.1089
2025-09-05 02:04:14,166 - INFO - Boosted OOD loss: 0.0951
2025-09-05 02:04:16,348 - INFO - Boosted OOD loss: 0.1013
2025-09-05 02:04:16,905 - INFO - Boosted OOD loss: 0.1164
2025-09-05 02:04:19,090 - INFO - Boosted OOD loss: 0.0977
2025-09-05 02:04:19,655 - INFO - Boosted OOD loss: 0.0561
2025-09-05 02:04:21,839 - INFO - Boosted OOD loss: 0.0962
2025-09-05 02:04:22,400 - INFO - Boosted OOD loss: 0.1063
2025-09-05 02:04:28,359 - INFO - Boosted OOD loss: 0.0964
2025-09-05 02:04:34,322 - INFO - Boosted OOD loss: 0.1109
2025-09-05 02:04:34,880 - INFO - Boosted OOD loss: 0.1080
2025-09-05 02:04:35,433 - WARNING - No anomaly pixels (254) found in batch
2025-09-05 02:04:41,383 - INFO - Boosted OOD loss: 0.0949
2025-09-05 02:04:41,947 - INFO - Boosted OOD loss: 0.1000
2025-09-05 02:04:43,048 - INFO - Boosted OOD loss: 0.0901
2025-09-05 02:04:44,152 - INFO - Boosted OOD loss: 0.0403
2025-09-05 02:04:44,719 - INFO - Boosted OOD loss: 0.0529
2025-09-05 02:04:46,369 - INFO - Boosted OOD loss: 0.0915
2025-09-05 02:04:48,552 - INFO - Boosted OOD loss: 0.1004
2025-09-05 02:04:49,651 - INFO - Boosted OOD loss: 0.1022
2025-09-05 02:04:56,695 - INFO - Boosted OOD loss: 0.0836
2025-09-05 02:04:57,798 - INFO - Boosted OOD loss: 0.0617
2025-09-05 02:04:58,899 - INFO - Boosted OOD loss: 0.1062
2025-09-05 02:05:01,086 - INFO - Boosted OOD loss: 0.1003
2025-09-05 02:05:02,191 - INFO - Boosted OOD loss: 0.0788
2025-09-05 02:05:03,293 - INFO - Boosted OOD loss: 0.0940
2025-09-05 02:05:04,397 - INFO - Boosted OOD loss: 0.0949
2025-09-05 02:05:04,958 - INFO - Boosted OOD loss: 0.0944
2025-09-05 02:05:10,922 - INFO - Boosted OOD loss: 0.1196
2025-09-05 02:05:12,020 - INFO - Boosted OOD loss: 0.1133
2025-09-05 02:05:15,279 - INFO - Boosted OOD loss: 0.0903
2025-09-05 02:05:16,918 - INFO - Boosted OOD loss: 0.1006
2025-09-05 02:05:19,099 - INFO - Boosted OOD loss: 0.0767
2025-09-05 02:05:22,360 - INFO - Boosted OOD loss: 0.1020
2025-09-05 02:05:28,868 - INFO - Boosted OOD loss: 0.0978
2025-09-05 02:05:29,426 - INFO - Boosted OOD loss: 0.0978
2025-09-05 02:05:29,986 - INFO - Boosted OOD loss: 0.0873
2025-09-05 02:05:29,986 - INFO - Step 8500 Loss Debug:
2025-09-05 02:05:29,987 - INFO -  CE: 1.8105
2025-09-05 02:05:29,987 - INFO -  OOD: 0.0873
2025-09-05 02:05:29,987 - INFO -  β: 32.00
2025-09-05 02:05:29,987 - INFO -  ID: 4618, OOD(254): 231
2025-09-05 02:05:36,495 - INFO - Boosted OOD loss: 0.1010
2025-09-05 02:05:40,838 - INFO - Boosted OOD loss: 0.0837
2025-09-05 02:05:41,396 - INFO - Boosted OOD loss: 0.1135
2025-09-05 02:05:46,824 - INFO - Boosted OOD loss: 0.0854
2025-09-05 02:05:54,950 - INFO - Boosted OOD loss: 0.0719
2025-09-05 02:05:59,841 - INFO - Boosted OOD loss: 0.0836
2025-09-05 02:06:03,107 - INFO - Boosted OOD loss: 0.1037
2025-09-05 02:06:10,698 - INFO - Boosted OOD loss: 0.0374
2025-09-05 02:06:13,957 - INFO - Boosted OOD loss: 0.0943
2025-09-05 02:06:17,755 - INFO - Boosted OOD loss: 0.1174
2025-09-05 02:06:18,856 - INFO - Boosted OOD loss: 0.0747
2025-09-05 02:06:24,279 - INFO - Boosted OOD loss: 0.0776
2025-09-05 02:06:24,280 - INFO - Step 8600 Loss Debug:
2025-09-05 02:06:24,280 - INFO -  CE: 1.8173
2025-09-05 02:06:24,280 - INFO -  OOD: 0.0776
2025-09-05 02:06:24,280 - INFO -  β: 32.00
2025-09-05 02:06:24,280 - INFO -  ID: 6987, OOD(254): 361
2025-09-05 02:06:27,540 - INFO - Boosted OOD loss: 0.0834
2025-09-05 02:06:35,659 - INFO - Boosted OOD loss: 0.0776
2025-09-05 02:06:36,765 - INFO - Boosted OOD loss: 0.1083
2025-09-05 02:06:42,187 - INFO - Boosted OOD loss: 0.1027
2025-09-05 02:06:42,753 - INFO - Boosted OOD loss: 0.0446
2025-09-05 02:06:43,318 - INFO - Boosted OOD loss: 0.1076
2025-09-05 02:06:48,194 - INFO - Boosted OOD loss: 0.0983
2025-09-05 02:06:48,756 - INFO - Boosted OOD loss: 0.1093
2025-09-05 02:06:49,316 - INFO - Boosted OOD loss: 0.1233
2025-09-05 02:06:50,956 - INFO - Boosted OOD loss: 0.1145
2025-09-05 02:06:54,216 - INFO - Boosted OOD loss: 0.1070
2025-09-05 02:06:55,858 - INFO - Boosted OOD loss: 0.1013
2025-09-05 02:06:58,035 - INFO - Boosted OOD loss: 0.1059
2025-09-05 02:07:00,759 - INFO - Boosted OOD loss: 0.0584
2025-09-05 02:07:05,643 - INFO - Boosted OOD loss: 0.0770
2025-09-05 02:07:06,747 - INFO - Boosted OOD loss: 0.0993
2025-09-05 02:07:08,389 - INFO - Boosted OOD loss: 0.0951
2025-09-05 02:07:11,114 - INFO - Boosted OOD loss: 0.0646
2025-09-05 02:07:14,377 - INFO - Boosted OOD loss: 0.0977
2025-09-05 02:07:16,019 - INFO - Boosted OOD loss: 0.0779
2025-09-05 02:07:17,127 - INFO - Boosted OOD loss: 0.1193
2025-09-05 02:07:18,760 - WARNING - No anomaly pixels (254) found in batch
2025-09-05 02:07:20,388 - INFO - Boosted OOD loss: 0.1017
2025-09-05 02:07:22,566 - INFO - Boosted OOD loss: 0.0878
2025-09-05 02:07:23,129 - INFO - Boosted OOD loss: 0.0944
2025-09-05 02:07:24,775 - INFO - Boosted OOD loss: 0.0729
2025-09-05 02:07:25,883 - INFO - Boosted OOD loss: 0.0556
2025-09-05 02:07:26,987 - INFO - Boosted OOD loss: 0.1100
2025-09-05 02:07:31,333 - INFO - Boosted OOD loss: 0.0893
2025-09-05 02:07:32,973 - INFO - Boosted OOD loss: 0.0933
2025-09-05 02:07:37,311 - INFO - Boosted OOD loss: 0.1163
2025-09-05 02:07:38,416 - INFO - Boosted OOD loss: 0.1086
2025-09-05 02:07:42,754 - INFO - Boosted OOD loss: 0.0686
2025-09-05 02:07:43,855 - INFO - Boosted OOD loss: 0.0733
2025-09-05 02:07:50,898 - INFO - Boosted OOD loss: 0.1049
2025-09-05 02:07:53,079 - INFO - Boosted OOD loss: 0.1000
2025-09-05 02:07:55,262 - INFO - Boosted OOD loss: 0.0943
2025-09-05 02:07:58,527 - INFO - Boosted OOD loss: 0.0662
2025-09-05 02:07:59,089 - INFO - Boosted OOD loss: 0.0993
2025-09-05 02:08:02,896 - INFO - Boosted OOD loss: 0.1085
2025-09-05 02:08:06,697 - INFO - Boosted OOD loss: 0.1102
2025-09-05 02:08:09,422 - INFO - Boosted OOD loss: 0.0683
2025-09-05 02:08:10,526 - INFO - Boosted OOD loss: 0.0474
2025-09-05 02:08:13,244 - WARNING - No anomaly pixels (254) found in batch
2025-09-05 02:08:13,791 - INFO - Boosted OOD loss: 0.1074
2025-09-05 02:08:14,354 - INFO - Boosted OOD loss: 0.1209
2025-09-05 02:08:15,457 - INFO - Boosted OOD loss: 0.0898
2025-09-05 02:08:24,660 - INFO - Boosted OOD loss: 0.1232
2025-09-05 02:08:26,841 - INFO - Boosted OOD loss: 0.1068
2025-09-05 02:08:27,942 - INFO - Boosted OOD loss: 0.1135
2025-09-05 02:08:28,501 - INFO - Boosted OOD loss: 0.0790
2025-09-05 02:08:31,220 - INFO - Boosted OOD loss: 0.1196
2025-09-05 02:08:31,778 - INFO - Boosted OOD loss: 0.0987
2025-09-05 02:08:33,421 - INFO - Boosted OOD loss: 0.0661
2025-09-05 02:08:40,455 - INFO - Boosted OOD loss: 0.0918
2025-09-05 02:08:40,455 - INFO - Step 8850 Loss Debug:
2025-09-05 02:08:40,456 - INFO -  CE: 2.0097
2025-09-05 02:08:40,456 - INFO -  OOD: 0.0918
2025-09-05 02:08:40,456 - INFO -  β: 32.00
2025-09-05 02:08:40,456 - INFO -  ID: 7841, OOD(254): 66
2025-09-05 02:08:41,554 - INFO - Boosted OOD loss: 0.0986
2025-09-05 02:08:42,656 - INFO - Boosted OOD loss: 0.0730
2025-09-05 02:08:43,759 - INFO - Boosted OOD loss: 0.1075
2025-09-05 02:08:44,318 - INFO - Boosted OOD loss: 0.1041
2025-09-05 02:08:48,115 - INFO - Boosted OOD loss: 0.1028
2025-09-05 02:08:49,749 - INFO - Boosted OOD loss: 0.0990
2025-09-05 02:08:56,242 - INFO - Boosted OOD loss: 0.0873
2025-09-05 02:09:07,600 - WARNING - No anomaly pixels (254) found in batch
2025-09-05 02:09:08,685 - INFO - Boosted OOD loss: 0.0971
2025-09-05 02:09:11,404 - INFO - Boosted OOD loss: 0.1009
2025-09-05 02:09:11,966 - INFO - Boosted OOD loss: 0.0758
2025-09-05 02:09:12,527 - INFO - Boosted OOD loss: 0.1114
2025-09-05 02:09:12,624 - INFO - Updated beta to 15.14 (exp decay)
2025-09-05 02:09:33,708 - WARNING - Negative mean energy—verify E_b formula/signs
2025-09-05 02:09:33,708 - INFO - Weights updated successfully
2025-09-05 02:09:33,709 - INFO - Advanced epoch 5 - Updated beta: 15.14
2025-09-05 02:09:33,709 - INFO - Epoch 5 - Avg CE: 1.8606, Avg OOD: 0.0186, β: 32
2025-09-05 02:09:33,709 - INFO - 
Running evaluation with β=32...
2025-09-05 02:09:33,822 - INFO - 
Starting Epoch 6/100
2025-09-05 02:09:33,822 - INFO - ============================================================
2025-09-05 02:09:33,823 - INFO - 
Updating Hopfield boosting weights at epoch 6...
2025-09-05 02:09:44,441 - WARNING - Negative mean energy—verify E_b formula/signs
2025-09-05 02:09:44,442 - INFO - Weights updated successfully
2025-09-05 02:09:44,442 - INFO - Weight Update Debug at Epoch 6: No high-weight OOD pixels found
2025-09-05 02:09:49,514 - INFO - Boosted OOD loss: 0.1052
2025-09-05 02:09:53,306 - INFO - Boosted OOD loss: 0.1039
2025-09-05 02:09:54,948 - INFO - Boosted OOD loss: 0.1127
2025-09-05 02:09:55,511 - INFO - Boosted OOD loss: 0.0923
2025-09-05 02:09:56,612 - INFO - Boosted OOD loss: 0.1214
2025-09-05 02:09:58,252 - INFO - Boosted OOD loss: 0.1077
2025-09-05 02:10:09,646 - INFO - Boosted OOD loss: 0.0963
2025-09-05 02:10:12,376 - INFO - Boosted OOD loss: 0.0996
2025-09-05 02:10:12,942 - INFO - Boosted OOD loss: 0.0967
2025-09-05 02:10:14,048 - INFO - Boosted OOD loss: 0.1025
2025-09-05 02:10:23,306 - INFO - Boosted OOD loss: 0.0869
2025-09-05 02:10:25,510 - INFO - Boosted OOD loss: 0.0979
2025-09-05 02:10:27,702 - INFO - Boosted OOD loss: 0.1058
2025-09-05 02:10:28,810 - INFO - Boosted OOD loss: 0.1023
2025-09-05 02:10:29,921 - INFO - Boosted OOD loss: 0.0790
2025-09-05 02:10:31,026 - INFO - Boosted OOD loss: 0.0763
2025-09-05 02:10:31,593 - INFO - Boosted OOD loss: 0.0496
2025-09-05 02:10:32,163 - INFO - Boosted OOD loss: 0.0704
2025-09-05 02:10:33,815 - INFO - Boosted OOD loss: 0.0909
2025-09-05 02:10:34,918 - WARNING - No anomaly pixels (254) found in batch
2025-09-05 02:10:35,465 - INFO - Boosted OOD loss: 0.0957
2025-09-05 02:10:36,576 - INFO - Boosted OOD loss: 0.0470
2025-09-05 02:10:38,233 - INFO - Boosted OOD loss: 0.0991
2025-09-05 02:10:40,427 - INFO - Boosted OOD loss: 0.0825
2025-09-05 02:10:40,989 - INFO - Boosted OOD loss: 0.0868
2025-09-05 02:10:45,363 - INFO - Boosted OOD loss: 0.1364
2025-09-05 02:10:45,926 - INFO - Boosted OOD loss: 0.1079
2025-09-05 02:10:50,842 - INFO - Boosted OOD loss: 0.0756
2025-09-05 02:10:51,409 - INFO - Boosted OOD loss: 0.1052
2025-09-05 02:10:51,973 - INFO - Boosted OOD loss: 0.0897
2025-09-05 02:10:56,876 - INFO - Boosted OOD loss: 0.1194
2025-09-05 02:10:59,063 - INFO - Boosted OOD loss: 0.0829
2025-09-05 02:10:59,631 - INFO - Boosted OOD loss: 0.0655
2025-09-05 02:11:01,279 - INFO - Boosted OOD loss: 0.0935
2025-09-05 02:11:01,848 - INFO - Boosted OOD loss: 0.0503
2025-09-05 02:11:08,368 - INFO - Boosted OOD loss: 0.0415
2025-09-05 02:11:10,015 - INFO - Boosted OOD loss: 0.0907
2025-09-05 02:11:11,117 - INFO - Boosted OOD loss: 0.0908
2025-09-05 02:11:11,683 - INFO - Boosted OOD loss: 0.0637
2025-09-05 02:11:14,953 - INFO - Boosted OOD loss: 0.1141
2025-09-05 02:11:20,924 - INFO - Boosted OOD loss: 0.0901
2025-09-05 02:11:21,486 - INFO - Boosted OOD loss: 0.0917
2025-09-05 02:11:22,047 - INFO - Boosted OOD loss: 0.0712
2025-09-05 02:11:22,613 - INFO - Boosted OOD loss: 0.0445
2025-09-05 02:11:23,718 - INFO - Boosted OOD loss: 0.0899
2025-09-05 02:11:25,357 - INFO - Boosted OOD loss: 0.0919
2025-09-05 02:11:29,693 - WARNING - No anomaly pixels (254) found in batch
2025-09-05 02:11:32,934 - INFO - Boosted OOD loss: 0.0938
2025-09-05 02:11:33,492 - INFO - Boosted OOD loss: 0.1208
2025-09-05 02:11:34,051 - INFO - Boosted OOD loss: 0.1030
2025-09-05 02:11:43,237 - INFO - Boosted OOD loss: 0.0813
2025-09-05 02:11:43,797 - INFO - Boosted OOD loss: 0.0630
2025-09-05 02:11:49,209 - INFO - Boosted OOD loss: 0.0907
2025-09-05 02:11:50,845 - INFO - Boosted OOD loss: 0.0895
2025-09-05 02:11:55,183 - INFO - Boosted OOD loss: 0.0332
2025-09-05 02:11:56,285 - INFO - Boosted OOD loss: 0.1113
2025-09-05 02:11:57,924 - INFO - Boosted OOD loss: 0.1111
2025-09-05 02:12:00,097 - INFO - Boosted OOD loss: 0.0972
2025-09-05 02:12:03,899 - INFO - Boosted OOD loss: 0.0610
2025-09-05 02:12:07,163 - INFO - Boosted OOD loss: 0.0472
2025-09-05 02:12:09,882 - INFO - Boosted OOD loss: 0.0892
2025-09-05 02:12:13,135 - INFO - Boosted OOD loss: 0.1090
2025-09-05 02:12:16,396 - INFO - Boosted OOD loss: 0.0958
2025-09-05 02:12:18,035 - INFO - Boosted OOD loss: 0.0945
2025-09-05 02:12:19,135 - INFO - Boosted OOD loss: 0.1089
2025-09-05 02:12:20,778 - INFO - Boosted OOD loss: 0.0645
2025-09-05 02:12:24,035 - WARNING - No anomaly pixels (254) found in batch
2025-09-05 02:12:25,125 - INFO - Boosted OOD loss: 0.1131
2025-09-05 02:12:32,708 - INFO - Boosted OOD loss: 0.0971
2025-09-05 02:12:34,353 - INFO - Boosted OOD loss: 0.0941
2025-09-05 02:12:41,391 - INFO - Boosted OOD loss: 0.1117
2025-09-05 02:12:42,492 - INFO - Boosted OOD loss: 0.1028
2025-09-05 02:12:46,293 - INFO - Boosted OOD loss: 0.0752
2025-09-05 02:12:47,392 - INFO - Boosted OOD loss: 0.0848
2025-09-05 02:12:47,955 - INFO - Boosted OOD loss: 0.1285
2025-09-05 02:12:48,522 - INFO - Boosted OOD loss: 0.0707
2025-09-05 02:12:50,705 - INFO - Boosted OOD loss: 0.0962
2025-09-05 02:12:58,274 - INFO - Boosted OOD loss: 0.1122
2025-09-05 02:12:58,835 - INFO - Boosted OOD loss: 0.1208
2025-09-05 02:12:59,937 - INFO - Boosted OOD loss: 0.0639
2025-09-05 02:13:01,044 - INFO - Boosted OOD loss: 0.0888
2025-09-05 02:13:03,762 - INFO - Boosted OOD loss: 0.0861
2025-09-05 02:13:07,555 - INFO - Boosted OOD loss: 0.0883
2025-09-05 02:13:08,114 - INFO - Boosted OOD loss: 0.0996
2025-09-05 02:13:08,674 - INFO - Boosted OOD loss: 0.0500
2025-09-05 02:13:09,240 - INFO - Boosted OOD loss: 0.0870
2025-09-05 02:13:11,410 - INFO - Boosted OOD loss: 0.1091
2025-09-05 02:13:12,507 - INFO - Boosted OOD loss: 0.0991
2025-09-05 02:13:13,065 - INFO - Boosted OOD loss: 0.0920
2025-09-05 02:13:15,243 - INFO - Boosted OOD loss: 0.0984
2025-09-05 02:13:17,958 - INFO - Boosted OOD loss: 0.1062
2025-09-05 02:13:18,512 - WARNING - No anomaly pixels (254) found in batch
2025-09-05 02:13:24,462 - INFO - Boosted OOD loss: 0.0971
2025-09-05 02:13:28,257 - INFO - Boosted OOD loss: 0.0978
2025-09-05 02:13:30,439 - INFO - Boosted OOD loss: 0.0730
2025-09-05 02:13:32,622 - INFO - Boosted OOD loss: 0.1043
2025-09-05 02:13:33,723 - INFO - Boosted OOD loss: 0.0930
2025-09-05 02:13:35,902 - INFO - Boosted OOD loss: 0.1117
2025-09-05 02:13:41,870 - INFO - Boosted OOD loss: 0.0854
2025-09-05 02:13:42,433 - INFO - Boosted OOD loss: 0.0686
2025-09-05 02:13:43,538 - INFO - Boosted OOD loss: 0.0935
2025-09-05 02:13:45,184 - INFO - Boosted OOD loss: 0.1047
2025-09-05 02:13:46,283 - INFO - Boosted OOD loss: 0.0793
2025-09-05 02:13:51,171 - INFO - Boosted OOD loss: 0.0874
2025-09-05 02:13:52,278 - INFO - Boosted OOD loss: 0.0907
2025-09-05 02:13:58,782 - INFO - Boosted OOD loss: 0.0818
2025-09-05 02:14:01,506 - INFO - Boosted OOD loss: 0.0904
2025-09-05 02:14:02,070 - INFO - Boosted OOD loss: 0.0595
2025-09-05 02:14:06,409 - INFO - Boosted OOD loss: 0.1206
2025-09-05 02:14:11,292 - INFO - Boosted OOD loss: 0.1182
2025-09-05 02:14:12,932 - INFO - Boosted OOD loss: 0.0882
2025-09-05 02:14:12,932 - INFO - Step 9400 Loss Debug:
2025-09-05 02:14:12,932 - INFO -  CE: 1.6525
2025-09-05 02:14:12,932 - INFO -  OOD: 0.0882
2025-09-05 02:14:12,932 - INFO -  β: 32.00
2025-09-05 02:14:12,932 - INFO -  ID: 5442, OOD(254): 255
2025-09-05 02:14:13,491 - INFO - Boosted OOD loss: 0.1251
2025-09-05 02:14:14,591 - INFO - Boosted OOD loss: 0.1084
2025-09-05 02:14:20,015 - INFO - Boosted OOD loss: 0.0904
2025-09-05 02:14:20,576 - INFO - Boosted OOD loss: 0.0810
2025-09-05 02:14:23,303 - INFO - Boosted OOD loss: 0.0528
2025-09-05 02:14:24,951 - INFO - Boosted OOD loss: 0.0479
2025-09-05 02:14:25,515 - INFO - Boosted OOD loss: 0.0994
2025-09-05 02:14:26,076 - INFO - Boosted OOD loss: 0.0916
2025-09-05 02:14:27,721 - INFO - Boosted OOD loss: 0.0617
2025-09-05 02:14:29,906 - INFO - Boosted OOD loss: 0.0927
2025-09-05 02:14:37,492 - INFO - Boosted OOD loss: 0.0961
2025-09-05 02:14:38,593 - INFO - Boosted OOD loss: 0.1101
2025-09-05 02:14:40,235 - INFO - Boosted OOD loss: 0.0981
2025-09-05 02:14:40,236 - INFO - Step 9450 Loss Debug:
2025-09-05 02:14:40,236 - INFO -  CE: 1.8396
2025-09-05 02:14:40,236 - INFO -  OOD: 0.0981
2025-09-05 02:14:40,236 - INFO -  β: 32.00
2025-09-05 02:14:40,236 - INFO -  ID: 6022, OOD(254): 44
2025-09-05 02:14:41,876 - INFO - Boosted OOD loss: 0.1278
2025-09-05 02:14:42,438 - INFO - Boosted OOD loss: 0.0981
2025-09-05 02:14:44,079 - INFO - Boosted OOD loss: 0.0929
2025-09-05 02:14:45,180 - INFO - Boosted OOD loss: 0.1040
2025-09-05 02:14:46,279 - INFO - Boosted OOD loss: 0.1069
2025-09-05 02:14:46,838 - INFO - Boosted OOD loss: 0.0780
2025-09-05 02:14:49,019 - INFO - Boosted OOD loss: 0.0830
2025-09-05 02:14:51,744 - INFO - Boosted OOD loss: 0.0469
2025-09-05 02:14:52,846 - INFO - Boosted OOD loss: 0.1387
2025-09-05 02:14:55,564 - INFO - Boosted OOD loss: 0.1077
2025-09-05 02:14:58,824 - INFO - Boosted OOD loss: 0.0921
2025-09-05 02:15:02,085 - INFO - Boosted OOD loss: 0.1036
2025-09-05 02:15:03,183 - INFO - Boosted OOD loss: 0.1014
2025-09-05 02:15:05,367 - INFO - Boosted OOD loss: 0.0818
2025-09-05 02:15:07,015 - INFO - Boosted OOD loss: 0.0657
2025-09-05 02:15:07,570 - WARNING - No anomaly pixels (254) found in batch
2025-09-05 02:15:09,736 - INFO - Boosted OOD loss: 0.0999
2025-09-05 02:15:15,163 - INFO - Boosted OOD loss: 0.0905
2025-09-05 02:15:19,506 - INFO - Boosted OOD loss: 0.0895
2025-09-05 02:15:22,222 - INFO - Boosted OOD loss: 0.0862
2025-09-05 02:15:27,647 - INFO - Boosted OOD loss: 0.0677
2025-09-05 02:15:29,287 - INFO - Boosted OOD loss: 0.1409
2025-09-05 02:15:32,010 - INFO - Boosted OOD loss: 0.0491
2025-09-05 02:15:33,115 - INFO - Boosted OOD loss: 0.1051
2025-09-05 02:15:35,296 - INFO - Boosted OOD loss: 0.1140
2025-09-05 02:15:42,336 - INFO - Boosted OOD loss: 0.0847
2025-09-05 02:15:42,896 - INFO - Boosted OOD loss: 0.1111
2025-09-05 02:15:43,462 - INFO - Boosted OOD loss: 0.1047
2025-09-05 02:15:45,643 - INFO - Boosted OOD loss: 0.1224
2025-09-05 02:15:47,287 - INFO - Boosted OOD loss: 0.0576
2025-09-05 02:15:47,851 - INFO - Boosted OOD loss: 0.0897
2025-09-05 02:15:49,496 - INFO - Boosted OOD loss: 0.0885
2025-09-05 02:15:50,058 - INFO - Boosted OOD loss: 0.1108
2025-09-05 02:15:51,699 - INFO - Boosted OOD loss: 0.0802
2025-09-05 02:15:56,033 - INFO - Boosted OOD loss: 0.0950
2025-09-05 02:15:57,131 - INFO - Boosted OOD loss: 0.1100
2025-09-05 02:15:58,231 - INFO - Boosted OOD loss: 0.1305
2025-09-05 02:15:59,872 - INFO - Boosted OOD loss: 0.1094
2025-09-05 02:16:02,050 - WARNING - No anomaly pixels (254) found in batch
2025-09-05 02:16:06,379 - INFO - Boosted OOD loss: 0.1058
2025-09-05 02:16:09,097 - INFO - Boosted OOD loss: 0.0848
2025-09-05 02:16:09,659 - INFO - Boosted OOD loss: 0.0817
2025-09-05 02:16:11,834 - INFO - Boosted OOD loss: 0.1064
2025-09-05 02:16:14,015 - INFO - Boosted OOD loss: 0.1136
2025-09-05 02:16:16,195 - INFO - Boosted OOD loss: 0.0874
2025-09-05 02:16:18,374 - INFO - Boosted OOD loss: 0.1209
2025-09-05 02:16:20,015 - INFO - Boosted OOD loss: 0.0990
2025-09-05 02:16:21,656 - INFO - Boosted OOD loss: 0.1016
2025-09-05 02:16:25,459 - INFO - Boosted OOD loss: 0.0848
2025-09-05 02:16:26,023 - INFO - Boosted OOD loss: 0.0983
2025-09-05 02:16:30,364 - INFO - Boosted OOD loss: 0.0917
2025-09-05 02:16:35,787 - INFO - Boosted OOD loss: 0.0792
2025-09-05 02:16:39,595 - INFO - Boosted OOD loss: 0.0928
2025-09-05 02:16:40,697 - INFO - Boosted OOD loss: 0.1043
2025-09-05 02:16:43,420 - INFO - Boosted OOD loss: 0.0466
2025-09-05 02:16:45,609 - INFO - Boosted OOD loss: 0.0996
2025-09-05 02:16:47,798 - INFO - Boosted OOD loss: 0.0504
2025-09-05 02:16:49,989 - INFO - Boosted OOD loss: 0.1034
2025-09-05 02:16:52,173 - INFO - Boosted OOD loss: 0.1064
2025-09-05 02:16:54,360 - INFO - Boosted OOD loss: 0.1196
2025-09-05 02:16:56,535 - WARNING - No anomaly pixels (254) found in batch
2025-09-05 02:17:00,327 - INFO - Boosted OOD loss: 0.0590
2025-09-05 02:17:03,594 - INFO - Boosted OOD loss: 0.0761
2025-09-05 02:17:05,240 - INFO - Boosted OOD loss: 0.1219
2025-09-05 02:17:07,429 - INFO - Boosted OOD loss: 0.1192
2025-09-05 02:17:07,987 - INFO - Boosted OOD loss: 0.0890
2025-09-05 02:17:11,251 - INFO - Boosted OOD loss: 0.0724
2025-09-05 02:17:12,355 - INFO - Boosted OOD loss: 0.1015
2025-09-05 02:17:15,624 - INFO - Boosted OOD loss: 0.0729
2025-09-05 02:17:16,725 - INFO - Boosted OOD loss: 0.0953
2025-09-05 02:17:22,149 - INFO - Boosted OOD loss: 0.0831
2025-09-05 02:17:23,250 - INFO - Boosted OOD loss: 0.0982
2025-09-05 02:17:28,676 - INFO - Boosted OOD loss: 0.0821
2025-09-05 02:17:36,790 - INFO - Boosted OOD loss: 0.1318
2025-09-05 02:17:37,348 - INFO - Boosted OOD loss: 0.1091
2025-09-05 02:17:38,992 - INFO - Boosted OOD loss: 0.0789
2025-09-05 02:17:39,557 - INFO - Boosted OOD loss: 0.0785
2025-09-05 02:17:42,287 - INFO - Boosted OOD loss: 0.0613
2025-09-05 02:17:44,473 - INFO - Boosted OOD loss: 0.0682
2025-09-05 02:17:47,733 - INFO - Boosted OOD loss: 0.0859
2025-09-05 02:17:48,295 - INFO - Boosted OOD loss: 0.1200
2025-09-05 02:17:48,854 - INFO - Boosted OOD loss: 0.0995
2025-09-05 02:17:51,040 - INFO - Boosted OOD loss: 0.0655
2025-09-05 02:17:51,040 - INFO - Step 9800 Loss Debug:
2025-09-05 02:17:51,040 - INFO -  CE: 2.0375
2025-09-05 02:17:51,040 - INFO -  OOD: 0.0655
2025-09-05 02:17:51,040 - INFO -  β: 32.00
2025-09-05 02:17:51,041 - INFO -  ID: 4648, OOD(254): 1447
2025-09-05 02:17:54,303 - INFO - Boosted OOD loss: 0.0735
2025-09-05 02:17:55,401 - INFO - Boosted OOD loss: 0.0962
2025-09-05 02:17:55,960 - INFO - Boosted OOD loss: 0.0835
2025-09-05 02:17:57,599 - INFO - Boosted OOD loss: 0.1055
2025-09-05 02:18:01,932 - INFO - Boosted OOD loss: 0.1139
2025-09-05 02:18:13,286 - INFO - Boosted OOD loss: 0.0917
2025-09-05 02:18:14,928 - INFO - Boosted OOD loss: 0.0884
2025-09-05 02:18:20,885 - INFO - Boosted OOD loss: 0.0768
2025-09-05 02:18:23,065 - INFO - Boosted OOD loss: 0.0912
2025-09-05 02:18:24,703 - INFO - Boosted OOD loss: 0.1176
2025-09-05 02:18:25,269 - INFO - Boosted OOD loss: 0.1055
2025-09-05 02:18:26,373 - INFO - Boosted OOD loss: 0.0650
2025-09-05 02:18:29,631 - INFO - Boosted OOD loss: 0.0887
2025-09-05 02:18:30,730 - INFO - Boosted OOD loss: 0.0851
2025-09-05 02:18:43,704 - INFO - Boosted OOD loss: 0.1029
2025-09-05 02:18:45,336 - WARNING - No anomaly pixels (254) found in batch
2025-09-05 02:18:46,420 - INFO - Boosted OOD loss: 0.1183
2025-09-05 02:18:47,519 - INFO - Boosted OOD loss: 0.0512
2025-09-05 02:18:58,332 - INFO - Boosted OOD loss: 0.1126
2025-09-05 02:18:59,432 - INFO - Boosted OOD loss: 0.1048
2025-09-05 02:19:02,151 - INFO - Boosted OOD loss: 0.0970
2025-09-05 02:19:03,789 - INFO - Boosted OOD loss: 0.1092
2025-09-05 02:19:05,965 - INFO - Boosted OOD loss: 0.0688
2025-09-05 02:19:09,226 - INFO - Boosted OOD loss: 0.0553
2025-09-05 02:19:12,490 - INFO - Boosted OOD loss: 0.0639
2025-09-05 02:19:12,490 - INFO - Step 9950 Loss Debug:
2025-09-05 02:19:12,490 - INFO -  CE: 2.1137
2025-09-05 02:19:12,490 - INFO -  OOD: 0.0639
2025-09-05 02:19:12,490 - INFO -  β: 32.00
2025-09-05 02:19:12,490 - INFO -  ID: 4086, OOD(254): 2173
2025-09-05 02:19:13,596 - INFO - Boosted OOD loss: 0.0911
2025-09-05 02:19:14,156 - INFO - Boosted OOD loss: 0.0988
2025-09-05 02:19:14,718 - INFO - Boosted OOD loss: 0.0766
2025-09-05 02:19:18,515 - INFO - Boosted OOD loss: 0.0547
2025-09-05 02:19:24,478 - INFO - Boosted OOD loss: 0.0574
2025-09-05 02:19:26,127 - INFO - Boosted OOD loss: 0.1060
2025-09-05 02:19:34,798 - INFO - Boosted OOD loss: 0.0866
2025-09-05 02:19:35,362 - INFO - Boosted OOD loss: 0.1092
2025-09-05 02:19:37,000 - INFO - Boosted OOD loss: 0.1123
2025-09-05 02:19:39,714 - WARNING - No anomaly pixels (254) found in batch
2025-09-05 02:19:41,342 - INFO - Boosted OOD loss: 0.1268
2025-09-05 02:19:41,905 - INFO - Boosted OOD loss: 0.0482
2025-09-05 02:19:45,716 - INFO - Boosted OOD loss: 0.0953
2025-09-05 02:19:47,893 - INFO - Boosted OOD loss: 0.1103
2025-09-05 02:19:48,451 - INFO - Boosted OOD loss: 0.1326
2025-09-05 02:19:52,249 - INFO - Boosted OOD loss: 0.0973
2025-09-05 02:19:56,599 - INFO - Boosted OOD loss: 0.0967
2025-09-05 02:19:57,159 - INFO - Boosted OOD loss: 0.1058
2025-09-05 02:19:57,724 - INFO - Boosted OOD loss: 0.0491
2025-09-05 02:20:02,070 - INFO - Boosted OOD loss: 0.0880
2025-09-05 02:20:06,952 - INFO - Boosted OOD loss: 0.1053
2025-09-05 02:20:06,952 - INFO - Step 10050 Loss Debug:
2025-09-05 02:20:06,953 - INFO -  CE: 1.9858
2025-09-05 02:20:06,953 - INFO -  OOD: 0.1053
2025-09-05 02:20:06,953 - INFO -  β: 32.00
2025-09-05 02:20:06,953 - INFO -  ID: 6869, OOD(254): 102
2025-09-05 02:20:08,593 - INFO - Boosted OOD loss: 0.0779
2025-09-05 02:20:14,023 - INFO - Boosted OOD loss: 0.0792
2025-09-05 02:20:14,584 - INFO - Boosted OOD loss: 0.0954
2025-09-05 02:20:15,685 - INFO - Boosted OOD loss: 0.0918
2025-09-05 02:20:17,879 - INFO - Boosted OOD loss: 0.0570
2025-09-05 02:20:18,987 - INFO - Boosted OOD loss: 0.0411
2025-09-05 02:20:21,170 - INFO - Boosted OOD loss: 0.1153
2025-09-05 02:20:23,888 - INFO - Boosted OOD loss: 0.0951
2025-09-05 02:20:24,447 - INFO - Boosted OOD loss: 0.0904
2025-09-05 02:20:25,010 - INFO - Boosted OOD loss: 0.0715
2025-09-05 02:20:27,738 - INFO - Boosted OOD loss: 0.1119
2025-09-05 02:20:30,456 - INFO - Boosted OOD loss: 0.1115
2025-09-05 02:20:31,016 - INFO - Boosted OOD loss: 0.0926
2025-09-05 02:20:32,655 - INFO - Boosted OOD loss: 0.0944
2025-09-05 02:20:33,214 - INFO - Boosted OOD loss: 0.1022
2025-09-05 02:20:34,315 - INFO - Boosted OOD loss: 0.0958
2025-09-05 02:20:34,315 - INFO - Step 10100 Loss Debug:
2025-09-05 02:20:34,315 - INFO -  CE: 1.5983
2025-09-05 02:20:34,315 - INFO -  OOD: 0.0958
2025-09-05 02:20:34,315 - INFO -  β: 32.00
2025-09-05 02:20:34,315 - INFO -  ID: 6976, OOD(254): 303
2025-09-05 02:20:34,874 - INFO - Boosted OOD loss: 0.0921
2025-09-05 02:20:39,753 - INFO - Boosted OOD loss: 0.0776
2025-09-05 02:20:42,474 - INFO - Boosted OOD loss: 0.0659
2025-09-05 02:20:43,038 - INFO - Boosted OOD loss: 0.0724
2025-09-05 02:20:43,598 - INFO - Boosted OOD loss: 0.0772
2025-09-05 02:20:44,700 - INFO - Boosted OOD loss: 0.0451
2025-09-05 02:20:45,260 - INFO - Boosted OOD loss: 0.0887
2025-09-05 02:20:50,684 - INFO - Boosted OOD loss: 0.0730
2025-09-05 02:20:53,406 - INFO - Boosted OOD loss: 0.1248
2025-09-05 02:20:55,589 - INFO - Boosted OOD loss: 0.0543
2025-09-05 02:20:58,318 - INFO - Boosted OOD loss: 0.0918
2025-09-05 02:20:59,961 - INFO - Boosted OOD loss: 0.1086
2025-09-05 02:21:12,404 - INFO - Boosted OOD loss: 0.0465
2025-09-05 02:21:16,210 - INFO - Boosted OOD loss: 0.0714
2025-09-05 02:21:17,312 - INFO - Boosted OOD loss: 0.0681
2025-09-05 02:21:18,956 - INFO - Boosted OOD loss: 0.0759
2025-09-05 02:21:23,841 - INFO - Boosted OOD loss: 0.0972
2025-09-05 02:21:24,941 - INFO - Boosted OOD loss: 0.1152
2025-09-05 02:21:28,202 - INFO - Boosted OOD loss: 0.1449
2025-09-05 02:21:28,764 - INFO - Boosted OOD loss: 0.0700
2025-09-05 02:21:28,764 - INFO - Step 10200 Loss Debug:
2025-09-05 02:21:28,765 - INFO -  CE: 2.3119
2025-09-05 02:21:28,765 - INFO -  OOD: 0.0700
2025-09-05 02:21:28,765 - INFO -  β: 32.00
2025-09-05 02:21:28,765 - INFO -  ID: 6829, OOD(254): 831
2025-09-05 02:21:32,030 - INFO - Boosted OOD loss: 0.0785
2025-09-05 02:21:35,293 - INFO - Boosted OOD loss: 0.0671
2025-09-05 02:21:37,476 - INFO - Boosted OOD loss: 0.0948
2025-09-05 02:21:38,580 - INFO - Boosted OOD loss: 0.1277
2025-09-05 02:21:39,142 - INFO - Boosted OOD loss: 0.0683
2025-09-05 02:21:41,865 - INFO - Boosted OOD loss: 0.0994
2025-09-05 02:21:48,362 - INFO - Boosted OOD loss: 0.0663
2025-09-05 02:21:49,470 - INFO - Boosted OOD loss: 0.0597
2025-09-05 02:21:54,350 - INFO - Boosted OOD loss: 0.0992
2025-09-05 02:21:55,990 - INFO - Boosted OOD loss: 0.0911
2025-09-05 02:21:55,991 - INFO - Step 10250 Loss Debug:
2025-09-05 02:21:55,991 - INFO -  CE: 1.6830
2025-09-05 02:21:55,991 - INFO -  OOD: 0.0911
2025-09-05 02:21:55,991 - INFO -  β: 32.00
2025-09-05 02:21:55,991 - INFO -  ID: 8134, OOD(254): 15
2025-09-05 02:21:57,629 - INFO - Boosted OOD loss: 0.1022
2025-09-05 02:22:00,890 - INFO - Boosted OOD loss: 0.0922
2025-09-05 02:22:10,629 - INFO - Boosted OOD loss: 0.1294
2025-09-05 02:22:18,211 - INFO - Boosted OOD loss: 0.0891
2025-09-05 02:22:21,477 - INFO - Boosted OOD loss: 0.0908
2025-09-05 02:22:22,038 - INFO - Boosted OOD loss: 0.1138
2025-09-05 02:22:22,598 - INFO - Boosted OOD loss: 0.0742
2025-09-05 02:22:23,152 - WARNING - No anomaly pixels (254) found in batch
2025-09-05 02:22:24,240 - INFO - Boosted OOD loss: 0.1048
2025-09-05 02:22:29,130 - INFO - Boosted OOD loss: 0.0350
2025-09-05 02:22:32,941 - INFO - Boosted OOD loss: 0.0785
2025-09-05 02:22:35,666 - INFO - Boosted OOD loss: 0.0689
2025-09-05 02:22:36,768 - INFO - Boosted OOD loss: 0.1174
2025-09-05 02:22:37,328 - INFO - Boosted OOD loss: 0.0731
2025-09-05 02:22:39,512 - INFO - Boosted OOD loss: 0.1173
2025-09-05 02:22:40,615 - INFO - Boosted OOD loss: 0.1139
2025-09-05 02:22:41,179 - INFO - Boosted OOD loss: 0.0459
2025-09-05 02:22:42,282 - INFO - Boosted OOD loss: 0.0981
2025-09-05 02:22:42,842 - INFO - Boosted OOD loss: 0.1076
2025-09-05 02:22:43,402 - INFO - Boosted OOD loss: 0.0997
2025-09-05 02:22:55,299 - INFO - Boosted OOD loss: 0.0960
2025-09-05 02:22:55,856 - INFO - Boosted OOD loss: 0.0930
2025-09-05 02:22:56,419 - INFO - Boosted OOD loss: 0.0683
2025-09-05 02:22:58,060 - INFO - Boosted OOD loss: 0.1138
2025-09-05 02:22:58,622 - INFO - Boosted OOD loss: 0.0649
2025-09-05 02:23:00,265 - INFO - Boosted OOD loss: 0.0905
2025-09-05 02:23:01,360 - INFO - Boosted OOD loss: 0.0921
2025-09-05 02:23:04,075 - INFO - Boosted OOD loss: 0.0779
2025-09-05 02:23:05,715 - INFO - Boosted OOD loss: 0.1086
2025-09-05 02:23:08,431 - INFO - Boosted OOD loss: 0.1263
2025-09-05 02:23:11,147 - INFO - Boosted OOD loss: 0.1030
2025-09-05 02:23:13,874 - INFO - Boosted OOD loss: 0.0907
2025-09-05 02:23:14,977 - INFO - Boosted OOD loss: 0.0962
2025-09-05 02:23:17,694 - WARNING - No anomaly pixels (254) found in batch
2025-09-05 02:23:19,319 - INFO - Boosted OOD loss: 0.0890
2025-09-05 02:23:23,125 - INFO - Boosted OOD loss: 0.0975
2025-09-05 02:23:23,685 - INFO - Boosted OOD loss: 0.0976
2025-09-05 02:23:25,327 - INFO - Boosted OOD loss: 0.1136
2025-09-05 02:23:36,690 - INFO - Boosted OOD loss: 0.0639
2025-09-05 02:23:38,875 - INFO - Boosted OOD loss: 0.0792
2025-09-05 02:23:42,137 - INFO - Boosted OOD loss: 0.1057
2025-09-05 02:23:42,697 - INFO - Boosted OOD loss: 0.1045
2025-09-05 02:23:47,039 - INFO - Boosted OOD loss: 0.1083
2025-09-05 02:24:00,554 - INFO - Boosted OOD loss: 0.0709
2025-09-05 02:24:04,894 - INFO - Boosted OOD loss: 0.0885
2025-09-05 02:24:07,614 - INFO - Boosted OOD loss: 0.1038
2025-09-05 02:24:11,946 - WARNING - No anomaly pixels (254) found in batch
2025-09-05 02:24:13,033 - INFO - Boosted OOD loss: 0.0431
2025-09-05 02:24:13,598 - INFO - Boosted OOD loss: 0.1067
2025-09-05 02:24:14,698 - INFO - Boosted OOD loss: 0.0982
2025-09-05 02:24:16,339 - INFO - Boosted OOD loss: 0.1090
2025-09-05 02:24:16,900 - INFO - Boosted OOD loss: 0.0851
2025-09-05 02:24:18,546 - INFO - Boosted OOD loss: 0.0919
2025-09-05 02:24:24,512 - INFO - Boosted OOD loss: 0.1045
2025-09-05 02:24:30,473 - INFO - Boosted OOD loss: 0.1317
2025-09-05 02:24:31,571 - INFO - Boosted OOD loss: 0.1137
2025-09-05 02:24:33,212 - INFO - Boosted OOD loss: 0.0866
2025-09-05 02:24:34,851 - INFO - Boosted OOD loss: 0.0921
2025-09-05 02:24:36,490 - INFO - Boosted OOD loss: 0.1018
2025-09-05 02:24:38,137 - INFO - Boosted OOD loss: 0.0607
2025-09-05 02:24:39,784 - INFO - Boosted OOD loss: 0.0905
2025-09-05 02:24:41,425 - INFO - Boosted OOD loss: 0.0927
2025-09-05 02:24:42,525 - INFO - Boosted OOD loss: 0.0727
2025-09-05 02:24:45,786 - INFO - Boosted OOD loss: 0.1126
2025-09-05 02:24:46,890 - INFO - Boosted OOD loss: 0.0713
2025-09-05 02:24:47,455 - INFO - Boosted OOD loss: 0.1050
2025-09-05 02:24:48,017 - INFO - Boosted OOD loss: 0.0692
2025-09-05 02:24:50,195 - INFO - Boosted OOD loss: 0.1233
2025-09-05 02:24:51,298 - INFO - Boosted OOD loss: 0.0808
2025-09-05 02:24:51,860 - INFO - Boosted OOD loss: 0.0965
2025-09-05 02:24:54,585 - INFO - Boosted OOD loss: 0.0711
2025-09-05 02:24:55,145 - INFO - Boosted OOD loss: 0.0802
2025-09-05 02:24:58,401 - INFO - Boosted OOD loss: 0.0799
2025-09-05 02:25:00,579 - INFO - Boosted OOD loss: 0.1138
2025-09-05 02:25:05,451 - INFO - Boosted OOD loss: 0.1048
2025-09-05 02:25:06,543 - WARNING - No anomaly pixels (254) found in batch
2025-09-05 02:25:08,169 - INFO - Boosted OOD loss: 0.0842
2025-09-05 02:25:09,805 - INFO - Boosted OOD loss: 0.1200
2025-09-05 02:25:13,062 - INFO - Boosted OOD loss: 0.1116
2025-09-05 02:25:15,237 - INFO - Boosted OOD loss: 0.0941
2025-09-05 02:25:19,574 - INFO - Boosted OOD loss: 0.1084
2025-09-05 02:25:22,830 - INFO - Boosted OOD loss: 0.0790
2025-09-05 02:25:30,404 - INFO - Boosted OOD loss: 0.1103
2025-09-05 02:25:30,964 - INFO - Boosted OOD loss: 0.1031
2025-09-05 02:25:33,146 - INFO - Boosted OOD loss: 0.1165
2025-09-05 02:25:39,089 - INFO - Boosted OOD loss: 0.1170
2025-09-05 02:25:41,271 - INFO - Boosted OOD loss: 0.0829
2025-09-05 02:25:42,375 - INFO - Boosted OOD loss: 0.0784
2025-09-05 02:25:44,019 - INFO - Boosted OOD loss: 0.0625
2025-09-05 02:25:45,119 - INFO - Boosted OOD loss: 0.0900
2025-09-05 02:25:45,677 - INFO - Boosted OOD loss: 0.0865
2025-09-05 02:25:51,096 - INFO - Boosted OOD loss: 0.1111
2025-09-05 02:25:51,654 - INFO - Boosted OOD loss: 0.0644
2025-09-05 02:25:52,215 - INFO - Boosted OOD loss: 0.0873
2025-09-05 02:25:55,470 - INFO - Boosted OOD loss: 0.0963
2025-09-05 02:25:56,121 - INFO - Updated beta to 14.98 (exp decay)
2025-09-05 02:26:17,198 - WARNING - Negative mean energy—verify E_b formula/signs
2025-09-05 02:26:17,199 - INFO - Weights updated successfully
2025-09-05 02:26:17,199 - INFO - Advanced epoch 6 - Updated beta: 14.98
2025-09-05 02:26:17,199 - INFO - Epoch 6 - Avg CE: 1.8395, Avg OOD: 0.0195, β: 32
2025-09-05 02:26:17,307 - INFO - 
Starting Epoch 7/100
2025-09-05 02:26:17,307 - INFO - ============================================================
2025-09-05 02:26:17,309 - INFO - 
Updating Hopfield boosting weights at epoch 7...
2025-09-05 02:26:27,920 - WARNING - Negative mean energy—verify E_b formula/signs
2025-09-05 02:26:27,921 - INFO - Weights updated successfully
2025-09-05 02:26:27,921 - INFO - Weight Update Debug at Epoch 7: No high-weight OOD pixels found
2025-09-05 02:26:30,441 - INFO - Boosted OOD loss: 0.0859
2025-09-05 02:26:33,142 - WARNING - No anomaly pixels (254) found in batch
2025-09-05 02:26:36,383 - INFO - Boosted OOD loss: 0.1064
2025-09-05 02:26:37,483 - INFO - Boosted OOD loss: 0.0649
2025-09-05 02:26:41,823 - INFO - Boosted OOD loss: 0.0969
2025-09-05 02:26:42,386 - INFO - Boosted OOD loss: 0.1246
2025-09-05 02:26:42,947 - INFO - Boosted OOD loss: 0.0415
2025-09-05 02:26:44,057 - INFO - Boosted OOD loss: 0.0883
2025-09-05 02:26:45,705 - INFO - Boosted OOD loss: 0.0981
2025-09-05 02:27:01,992 - INFO - Boosted OOD loss: 0.0796
2025-09-05 02:27:02,558 - INFO - Boosted OOD loss: 0.0940
2025-09-05 02:27:03,664 - INFO - Boosted OOD loss: 0.0831
2025-09-05 02:27:04,231 - INFO - Boosted OOD loss: 0.0636
2025-09-05 02:27:04,800 - INFO - Boosted OOD loss: 0.0510
2025-09-05 02:27:11,341 - INFO - Boosted OOD loss: 0.0696
2025-09-05 02:27:14,619 - INFO - Boosted OOD loss: 0.1111
2025-09-05 02:27:20,608 - INFO - Boosted OOD loss: 0.0942
2025-09-05 02:27:21,168 - INFO - Boosted OOD loss: 0.0951
2025-09-05 02:27:22,276 - INFO - Boosted OOD loss: 0.0650
2025-09-05 02:27:22,847 - INFO - Boosted OOD loss: 0.0883
2025-09-05 02:27:23,403 - INFO - Boosted OOD loss: 0.1150
2025-09-05 02:27:26,134 - INFO - Boosted OOD loss: 0.0488
2025-09-05 02:27:27,778 - WARNING - No anomaly pixels (254) found in batch
2025-09-05 02:27:32,125 - INFO - Boosted OOD loss: 0.0921
2025-09-05 02:27:39,737 - INFO - Boosted OOD loss: 0.1132
2025-09-05 02:27:40,301 - INFO - Boosted OOD loss: 0.0465
2025-09-05 02:27:45,198 - INFO - Boosted OOD loss: 0.0700
2025-09-05 02:27:52,256 - INFO - Boosted OOD loss: 0.0530
2025-09-05 02:27:53,905 - INFO - Boosted OOD loss: 0.0676
2025-09-05 02:27:57,172 - INFO - Boosted OOD loss: 0.1041
2025-09-05 02:27:57,731 - INFO - Boosted OOD loss: 0.0888
2025-09-05 02:28:01,540 - INFO - Boosted OOD loss: 0.0915
2025-09-05 02:28:02,102 - INFO - Boosted OOD loss: 0.0779
2025-09-05 02:28:05,364 - INFO - Boosted OOD loss: 0.0841
2025-09-05 02:28:07,004 - INFO - Boosted OOD loss: 0.0943
2025-09-05 02:28:08,651 - INFO - Boosted OOD loss: 0.0887
2025-09-05 02:28:12,990 - INFO - Boosted OOD loss: 0.1076
2025-09-05 02:28:13,549 - INFO - Boosted OOD loss: 0.1088
2025-09-05 02:28:15,189 - INFO - Boosted OOD loss: 0.0718
2025-09-05 02:28:16,295 - INFO - Boosted OOD loss: 0.0515
2025-09-05 02:28:19,560 - INFO - Boosted OOD loss: 0.0924
2025-09-05 02:28:22,281 - WARNING - No anomaly pixels (254) found in batch
2025-09-05 02:28:22,831 - INFO - Boosted OOD loss: 0.0974
2025-09-05 02:28:25,020 - INFO - Boosted OOD loss: 0.0853
2025-09-05 02:28:25,586 - INFO - Boosted OOD loss: 0.0675
2025-09-05 02:28:28,848 - INFO - Boosted OOD loss: 0.0642
2025-09-05 02:28:33,193 - INFO - Boosted OOD loss: 0.0975
2025-09-05 02:28:38,075 - INFO - Boosted OOD loss: 0.0883
2025-09-05 02:28:41,341 - INFO - Boosted OOD loss: 0.0619
2025-09-05 02:28:52,701 - INFO - Boosted OOD loss: 0.0625
2025-09-05 02:28:58,122 - INFO - Boosted OOD loss: 0.0669
2025-09-05 02:29:00,840 - INFO - Boosted OOD loss: 0.0902
2025-09-05 02:29:01,942 - INFO - Boosted OOD loss: 0.0674
2025-09-05 02:29:02,509 - INFO - Boosted OOD loss: 0.0670
2025-09-05 02:29:09,007 - INFO - Boosted OOD loss: 0.0621
2025-09-05 02:29:13,346 - INFO - Boosted OOD loss: 0.0619
2025-09-05 02:29:16,598 - WARNING - No anomaly pixels (254) found in batch
2025-09-05 02:29:19,837 - INFO - Boosted OOD loss: 0.0962
2025-09-05 02:29:21,472 - INFO - Boosted OOD loss: 0.1086
2025-09-05 02:29:25,807 - INFO - Boosted OOD loss: 0.0977
2025-09-05 02:29:26,367 - INFO - Boosted OOD loss: 0.1165
2025-09-05 02:29:28,005 - INFO - Boosted OOD loss: 0.0910
2025-09-05 02:29:30,725 - INFO - Boosted OOD loss: 0.0386
2025-09-05 02:29:31,827 - INFO - Boosted OOD loss: 0.1003
2025-09-05 02:29:32,383 - INFO - Boosted OOD loss: 0.1133
2025-09-05 02:29:36,714 - INFO - Boosted OOD loss: 0.0825
2025-09-05 02:29:37,815 - INFO - Boosted OOD loss: 0.0784
2025-09-05 02:29:38,916 - INFO - Boosted OOD loss: 0.0633
2025-09-05 02:29:43,251 - INFO - Boosted OOD loss: 0.0972
2025-09-05 02:29:45,426 - INFO - Boosted OOD loss: 0.0664
2025-09-05 02:29:45,985 - INFO - Boosted OOD loss: 0.0877
2025-09-05 02:29:50,312 - INFO - Boosted OOD loss: 0.0889
2025-09-05 02:29:50,869 - INFO - Boosted OOD loss: 0.0978
2025-09-05 02:29:51,428 - INFO - Boosted OOD loss: 0.0850
2025-09-05 02:29:57,912 - INFO - Boosted OOD loss: 0.0980
2025-09-05 02:29:58,469 - INFO - Boosted OOD loss: 0.0980
2025-09-05 02:29:59,027 - INFO - Boosted OOD loss: 0.1038
2025-09-05 02:29:59,589 - INFO - Boosted OOD loss: 0.1006
2025-09-05 02:30:00,685 - INFO - Boosted OOD loss: 0.0931
2025-09-05 02:30:02,320 - INFO - Boosted OOD loss: 0.0956
2025-09-05 02:30:03,957 - INFO - Boosted OOD loss: 0.0757
2025-09-05 02:30:05,055 - INFO - Boosted OOD loss: 0.0946
2025-09-05 02:30:07,768 - INFO - Boosted OOD loss: 0.0871
2025-09-05 02:30:08,867 - INFO - Boosted OOD loss: 0.0758
2025-09-05 02:30:11,047 - INFO - Boosted OOD loss: 0.1006
2025-09-05 02:30:11,048 - INFO - Step 11100 Loss Debug:
2025-09-05 02:30:11,048 - INFO -  CE: 1.4163
2025-09-05 02:30:11,048 - INFO -  OOD: 0.1006
2025-09-05 02:30:11,048 - INFO -  β: 32.00
2025-09-05 02:30:11,048 - INFO -  ID: 7957, OOD(254): 19
2025-09-05 02:30:12,149 - INFO - Boosted OOD loss: 0.1044
2025-09-05 02:30:23,497 - INFO - Boosted OOD loss: 0.0769
2025-09-05 02:30:24,598 - INFO - Boosted OOD loss: 0.1022
2025-09-05 02:30:25,160 - INFO - Boosted OOD loss: 0.0475
2025-09-05 02:30:27,343 - INFO - Boosted OOD loss: 0.0912
2025-09-05 02:30:30,603 - INFO - Boosted OOD loss: 0.0599
2025-09-05 02:30:31,708 - INFO - Boosted OOD loss: 0.0965
2025-09-05 02:30:32,808 - INFO - Boosted OOD loss: 0.1059
2025-09-05 02:30:35,525 - INFO - Boosted OOD loss: 0.0984
2025-09-05 02:30:36,624 - INFO - Boosted OOD loss: 0.0869
2025-09-05 02:30:43,659 - INFO - Boosted OOD loss: 0.0901
2025-09-05 02:30:45,300 - INFO - Boosted OOD loss: 0.0916
2025-09-05 02:30:46,398 - INFO - Boosted OOD loss: 0.0868
2025-09-05 02:30:48,038 - INFO - Boosted OOD loss: 0.0989
2025-09-05 02:30:50,215 - INFO - Boosted OOD loss: 0.1057
2025-09-05 02:30:55,094 - INFO - Boosted OOD loss: 0.0826
2025-09-05 02:30:57,814 - INFO - Boosted OOD loss: 0.1110
2025-09-05 02:30:59,993 - INFO - Boosted OOD loss: 0.1059
2025-09-05 02:31:05,406 - WARNING - No anomaly pixels (254) found in batch
2025-09-05 02:31:11,896 - INFO - Boosted OOD loss: 0.0689
2025-09-05 02:31:12,462 - INFO - Boosted OOD loss: 0.0509
2025-09-05 02:31:14,108 - INFO - Boosted OOD loss: 0.1014
2025-09-05 02:31:23,857 - INFO - Boosted OOD loss: 0.0663
2025-09-05 02:31:26,046 - INFO - Boosted OOD loss: 0.0886
2025-09-05 02:31:29,315 - INFO - Boosted OOD loss: 0.0834
2025-09-05 02:31:32,577 - INFO - Boosted OOD loss: 0.1236
2025-09-05 02:31:32,577 - INFO - Step 11250 Loss Debug:
2025-09-05 02:31:32,577 - INFO -  CE: 1.5872
2025-09-05 02:31:32,577 - INFO -  OOD: 0.1236
2025-09-05 02:31:32,577 - INFO -  β: 32.00
2025-09-05 02:31:32,577 - INFO -  ID: 7781, OOD(254): 75
2025-09-05 02:31:35,294 - INFO - Boosted OOD loss: 0.0958
2025-09-05 02:31:35,855 - INFO - Boosted OOD loss: 0.1046
2025-09-05 02:31:36,959 - INFO - Boosted OOD loss: 0.1098
2025-09-05 02:31:41,840 - INFO - Boosted OOD loss: 0.1302
2025-09-05 02:31:42,400 - INFO - Boosted OOD loss: 0.0985
2025-09-05 02:31:44,582 - INFO - Boosted OOD loss: 0.1128
2025-09-05 02:31:46,223 - INFO - Boosted OOD loss: 0.0792
2025-09-05 02:31:49,479 - INFO - Boosted OOD loss: 0.0988
2025-09-05 02:31:51,659 - INFO - Boosted OOD loss: 0.0828
2025-09-05 02:31:52,218 - INFO - Boosted OOD loss: 0.1185
2025-09-05 02:31:56,011 - INFO - Boosted OOD loss: 0.0621
2025-09-05 02:31:59,269 - INFO - Boosted OOD loss: 0.0596
2025-09-05 02:31:59,823 - WARNING - No anomaly pixels (254) found in batch
2025-09-05 02:32:00,370 - INFO - Boosted OOD loss: 0.1139
2025-09-05 02:32:01,468 - INFO - Boosted OOD loss: 0.0911
2025-09-05 02:32:08,487 - INFO - Boosted OOD loss: 0.0674
2025-09-05 02:32:10,663 - INFO - Boosted OOD loss: 0.0876
2025-09-05 02:32:14,997 - INFO - Boosted OOD loss: 0.1124
2025-09-05 02:32:15,554 - INFO - Boosted OOD loss: 0.1017
2025-09-05 02:32:17,729 - INFO - Boosted OOD loss: 0.1045
2025-09-05 02:32:18,286 - INFO - Boosted OOD loss: 0.0886
2025-09-05 02:32:20,457 - INFO - Boosted OOD loss: 0.0854
2025-09-05 02:32:21,558 - INFO - Boosted OOD loss: 0.0985
2025-09-05 02:32:23,733 - INFO - Boosted OOD loss: 0.0812
2025-09-05 02:32:28,071 - INFO - Boosted OOD loss: 0.0772
2025-09-05 02:32:28,634 - INFO - Boosted OOD loss: 0.1015
2025-09-05 02:32:29,192 - INFO - Boosted OOD loss: 0.0874
2025-09-05 02:32:30,829 - INFO - Boosted OOD loss: 0.0842
2025-09-05 02:32:40,014 - INFO - Boosted OOD loss: 0.1069
2025-09-05 02:32:44,344 - INFO - Boosted OOD loss: 0.0883
2025-09-05 02:32:45,446 - INFO - Boosted OOD loss: 0.1038
2025-09-05 02:32:47,090 - INFO - Boosted OOD loss: 0.0735
2025-09-05 02:32:48,734 - INFO - Boosted OOD loss: 0.0995
2025-09-05 02:32:50,373 - INFO - Boosted OOD loss: 0.1057
2025-09-05 02:32:52,554 - INFO - Boosted OOD loss: 0.0786
2025-09-05 02:32:54,185 - WARNING - No anomaly pixels (254) found in batch
2025-09-05 02:32:54,735 - INFO - Boosted OOD loss: 0.0669
2025-09-05 02:33:00,698 - INFO - Boosted OOD loss: 0.0816
2025-09-05 02:33:01,260 - INFO - Boosted OOD loss: 0.0808
2025-09-05 02:33:12,076 - INFO - Boosted OOD loss: 0.0622
2025-09-05 02:33:14,802 - INFO - Boosted OOD loss: 0.0566
2025-09-05 02:33:15,364 - INFO - Boosted OOD loss: 0.0969
2025-09-05 02:33:17,007 - INFO - Boosted OOD loss: 0.0672
2025-09-05 02:33:19,183 - INFO - Boosted OOD loss: 0.0833
2025-09-05 02:33:20,823 - INFO - Boosted OOD loss: 0.0543
2025-09-05 02:33:25,706 - INFO - Boosted OOD loss: 0.0906
2025-09-05 02:33:26,809 - INFO - Boosted OOD loss: 0.0941
2025-09-05 02:33:27,371 - INFO - Boosted OOD loss: 0.0577
2025-09-05 02:33:28,475 - INFO - Boosted OOD loss: 0.0779
2025-09-05 02:33:29,577 - INFO - Boosted OOD loss: 0.0904
2025-09-05 02:33:31,221 - INFO - Boosted OOD loss: 0.0615
2025-09-05 02:33:31,791 - INFO - Boosted OOD loss: 0.1015
2025-09-05 02:33:32,357 - INFO - Boosted OOD loss: 0.1024
2025-09-05 02:33:37,243 - INFO - Boosted OOD loss: 0.0563
2025-09-05 02:33:38,348 - INFO - Boosted OOD loss: 0.1100
2025-09-05 02:33:40,528 - INFO - Boosted OOD loss: 0.0933
2025-09-05 02:33:41,629 - INFO - Boosted OOD loss: 0.0860
2025-09-05 02:33:43,266 - INFO - Boosted OOD loss: 0.1038
2025-09-05 02:33:44,368 - INFO - Boosted OOD loss: 0.0478
2025-09-05 02:33:46,011 - INFO - Boosted OOD loss: 0.1144
2025-09-05 02:33:47,111 - INFO - Boosted OOD loss: 0.1150
2025-09-05 02:33:48,743 - WARNING - No anomaly pixels (254) found in batch
2025-09-05 02:33:50,369 - INFO - Boosted OOD loss: 0.0749
2025-09-05 02:33:51,475 - INFO - Boosted OOD loss: 0.0507
2025-09-05 02:33:52,575 - INFO - Boosted OOD loss: 0.0909
2025-09-05 02:33:53,675 - INFO - Boosted OOD loss: 0.1115
2025-09-05 02:33:55,855 - INFO - Boosted OOD loss: 0.0929
2025-09-05 02:33:57,494 - INFO - Boosted OOD loss: 0.0816
2025-09-05 02:33:58,053 - INFO - Boosted OOD loss: 0.0941
2025-09-05 02:34:00,230 - INFO - Boosted OOD loss: 0.0857
2025-09-05 02:34:02,412 - INFO - Boosted OOD loss: 0.0834
2025-09-05 02:34:05,669 - INFO - Boosted OOD loss: 0.1056
2025-09-05 02:34:08,934 - INFO - Boosted OOD loss: 0.0775
2025-09-05 02:34:10,034 - INFO - Boosted OOD loss: 0.0662
2025-09-05 02:34:11,681 - INFO - Boosted OOD loss: 0.0765
2025-09-05 02:34:14,939 - INFO - Boosted OOD loss: 0.0822
2025-09-05 02:34:16,580 - INFO - Boosted OOD loss: 0.1522
2025-09-05 02:34:22,544 - INFO - Boosted OOD loss: 0.0828
2025-09-05 02:34:26,348 - INFO - Boosted OOD loss: 0.0741
2025-09-05 02:34:27,447 - INFO - Boosted OOD loss: 0.1091
2025-09-05 02:34:28,011 - INFO - Boosted OOD loss: 0.0670
2025-09-05 02:34:33,964 - INFO - Boosted OOD loss: 0.0792
2025-09-05 02:34:37,219 - INFO - Boosted OOD loss: 0.1044
2025-09-05 02:34:38,320 - INFO - Boosted OOD loss: 0.0770
2025-09-05 02:34:38,879 - INFO - Boosted OOD loss: 0.0732
2025-09-05 02:34:39,983 - INFO - Boosted OOD loss: 0.0718
2025-09-05 02:34:41,623 - INFO - Boosted OOD loss: 0.1097
2025-09-05 02:34:43,261 - INFO - Boosted OOD loss: 0.1062
2025-09-05 02:34:43,261 - INFO - Step 11600 Loss Debug:
2025-09-05 02:34:43,261 - INFO -  CE: 1.6193
2025-09-05 02:34:43,261 - INFO -  OOD: 0.1062
2025-09-05 02:34:43,261 - INFO -  β: 32.00
2025-09-05 02:34:43,261 - INFO -  ID: 6089, OOD(254): 83
2025-09-05 02:34:47,597 - INFO - Boosted OOD loss: 0.0518
2025-09-05 02:34:52,471 - INFO - Boosted OOD loss: 0.1022
2025-09-05 02:34:53,033 - INFO - Boosted OOD loss: 0.0497
2025-09-05 02:34:54,138 - INFO - Boosted OOD loss: 0.1071
2025-09-05 02:34:54,700 - INFO - Boosted OOD loss: 0.0440
2025-09-05 02:34:58,500 - INFO - Boosted OOD loss: 0.0454
2025-09-05 02:35:01,221 - INFO - Boosted OOD loss: 0.0963
2025-09-05 02:35:09,872 - INFO - Boosted OOD loss: 0.1121
2025-09-05 02:35:11,514 - INFO - Boosted OOD loss: 0.1056
2025-09-05 02:35:12,072 - INFO - Boosted OOD loss: 0.1205
2025-09-05 02:35:15,874 - INFO - Boosted OOD loss: 0.0486
2025-09-05 02:35:16,976 - INFO - Boosted OOD loss: 0.1137
2025-09-05 02:35:18,073 - INFO - Boosted OOD loss: 0.0859
2025-09-05 02:35:20,788 - INFO - Boosted OOD loss: 0.0925
2025-09-05 02:35:21,351 - INFO - Boosted OOD loss: 0.0685
2025-09-05 02:35:27,305 - INFO - Boosted OOD loss: 0.1014
2025-09-05 02:35:27,871 - INFO - Boosted OOD loss: 0.0897
2025-09-05 02:35:33,291 - INFO - Boosted OOD loss: 0.0841
2025-09-05 02:35:36,546 - INFO - Boosted OOD loss: 0.0980
2025-09-05 02:35:37,646 - INFO - Boosted OOD loss: 0.0506
2025-09-05 02:35:37,646 - INFO - Step 11700 Loss Debug:
2025-09-05 02:35:37,647 - INFO -  CE: 1.7361
2025-09-05 02:35:37,647 - INFO -  OOD: 0.0506
2025-09-05 02:35:37,647 - INFO -  β: 32.00
2025-09-05 02:35:37,647 - INFO -  ID: 4297, OOD(254): 791
2025-09-05 02:35:39,289 - INFO - Boosted OOD loss: 0.0541
2025-09-05 02:35:40,930 - INFO - Boosted OOD loss: 0.0867
2025-09-05 02:35:41,490 - INFO - Boosted OOD loss: 0.1184
2025-09-05 02:35:44,205 - INFO - Boosted OOD loss: 0.1159
2025-09-05 02:35:47,461 - INFO - Boosted OOD loss: 0.0667
2025-09-05 02:35:58,266 - INFO - Boosted OOD loss: 0.1073
2025-09-05 02:36:02,597 - INFO - Boosted OOD loss: 0.0952
2025-09-05 02:36:05,315 - INFO - Boosted OOD loss: 0.0767
2025-09-05 02:36:05,878 - INFO - Boosted OOD loss: 0.1090
2025-09-05 02:36:16,685 - INFO - Boosted OOD loss: 0.0997
2025-09-05 02:36:22,644 - INFO - Boosted OOD loss: 0.1088
2025-09-05 02:36:23,204 - INFO - Boosted OOD loss: 0.0966
2025-09-05 02:36:23,764 - INFO - Boosted OOD loss: 0.1012
2025-09-05 02:36:24,326 - INFO - Boosted OOD loss: 0.1118
2025-09-05 02:36:25,968 - INFO - Boosted OOD loss: 0.0354
2025-09-05 02:36:28,690 - INFO - Boosted OOD loss: 0.0727
2025-09-05 02:36:29,796 - INFO - Boosted OOD loss: 0.0748
2025-09-05 02:36:30,361 - INFO - Boosted OOD loss: 0.0254
2025-09-05 02:36:30,926 - INFO - Boosted OOD loss: 0.0849
2025-09-05 02:36:31,490 - INFO - Boosted OOD loss: 0.0703
2025-09-05 02:36:32,052 - INFO - Boosted OOD loss: 0.0923
2025-09-05 02:36:32,052 - INFO - Step 11800 Loss Debug:
2025-09-05 02:36:32,053 - INFO -  CE: 1.8598
2025-09-05 02:36:32,053 - INFO -  OOD: 0.0923
2025-09-05 02:36:32,053 - INFO -  β: 32.00
2025-09-05 02:36:32,053 - INFO -  ID: 6840, OOD(254): 193
2025-09-05 02:36:36,928 - INFO - Boosted OOD loss: 0.0787
2025-09-05 02:36:39,649 - INFO - Boosted OOD loss: 0.0934
2025-09-05 02:36:42,906 - INFO - Boosted OOD loss: 0.1046
2025-09-05 02:36:44,545 - INFO - Boosted OOD loss: 0.0993
2025-09-05 02:36:50,504 - INFO - Boosted OOD loss: 0.0642
2025-09-05 02:36:51,065 - INFO - Boosted OOD loss: 0.0963
2025-09-05 02:36:52,702 - INFO - Boosted OOD loss: 0.1011
2025-09-05 02:36:57,036 - INFO - Boosted OOD loss: 0.0898
2025-09-05 02:36:59,213 - INFO - Boosted OOD loss: 0.1100
2025-09-05 02:36:59,214 - INFO - Step 11850 Loss Debug:
2025-09-05 02:36:59,214 - INFO -  CE: 2.0313
2025-09-05 02:36:59,214 - INFO -  OOD: 0.1100
2025-09-05 02:36:59,214 - INFO -  β: 32.00
2025-09-05 02:36:59,214 - INFO -  ID: 8062, OOD(254): 56
2025-09-05 02:37:03,546 - INFO - Boosted OOD loss: 0.1055
2025-09-05 02:37:04,647 - INFO - Boosted OOD loss: 0.1302
2025-09-05 02:37:05,746 - INFO - Boosted OOD loss: 0.0452
2025-09-05 02:37:06,312 - INFO - Boosted OOD loss: 0.0771
2025-09-05 02:37:10,112 - INFO - Boosted OOD loss: 0.0804
2025-09-05 02:37:13,911 - INFO - Boosted OOD loss: 0.0404
2025-09-05 02:37:14,470 - INFO - Boosted OOD loss: 0.1138
2025-09-05 02:37:16,106 - INFO - Boosted OOD loss: 0.0894
2025-09-05 02:37:17,741 - INFO - Boosted OOD loss: 0.0881
2025-09-05 02:37:18,302 - INFO - Boosted OOD loss: 0.0902
2025-09-05 02:37:23,176 - INFO - Boosted OOD loss: 0.1202
2025-09-05 02:37:23,735 - INFO - Boosted OOD loss: 0.1116
2025-09-05 02:37:26,447 - WARNING - No anomaly pixels (254) found in batch
2025-09-05 02:37:31,316 - INFO - Boosted OOD loss: 0.0926
2025-09-05 02:37:32,418 - INFO - Boosted OOD loss: 0.0665
2025-09-05 02:37:34,067 - INFO - Boosted OOD loss: 0.0838
2025-09-05 02:37:34,629 - INFO - Boosted OOD loss: 0.0790
2025-09-05 02:37:39,515 - INFO - Boosted OOD loss: 0.0858
2025-09-05 02:37:44,399 - INFO - Boosted OOD loss: 0.0806
2025-09-05 02:37:46,038 - INFO - Boosted OOD loss: 0.0807
2025-09-05 02:37:48,216 - INFO - Boosted OOD loss: 0.0736
2025-09-05 02:37:49,320 - INFO - Boosted OOD loss: 0.0863
2025-09-05 02:37:53,655 - INFO - Boosted OOD loss: 0.0932
2025-09-05 02:37:53,656 - INFO - Step 11950 Loss Debug:
2025-09-05 02:37:53,656 - INFO -  CE: 1.8504
2025-09-05 02:37:53,656 - INFO -  OOD: 0.0932
2025-09-05 02:37:53,656 - INFO -  β: 32.00
2025-09-05 02:37:53,656 - INFO -  ID: 5003, OOD(254): 200
2025-09-05 02:37:54,759 - INFO - Boosted OOD loss: 0.0582
2025-09-05 02:37:56,400 - INFO - Boosted OOD loss: 0.1075
2025-09-05 02:37:59,661 - INFO - Boosted OOD loss: 0.1003
2025-09-05 02:38:02,917 - INFO - Boosted OOD loss: 0.0983
2025-09-05 02:38:07,264 - INFO - Boosted OOD loss: 0.0818
2025-09-05 02:38:15,398 - INFO - Boosted OOD loss: 0.0933
2025-09-05 02:38:18,123 - INFO - Boosted OOD loss: 0.0752
2025-09-05 02:38:20,848 - WARNING - No anomaly pixels (254) found in batch
2025-09-05 02:38:23,015 - INFO - Boosted OOD loss: 0.0960
2025-09-05 02:38:26,282 - INFO - Boosted OOD loss: 0.0966
2025-09-05 02:38:30,628 - INFO - Boosted OOD loss: 0.0456
2025-09-05 02:38:33,346 - INFO - Boosted OOD loss: 0.0937
2025-09-05 02:38:34,987 - INFO - Boosted OOD loss: 0.0622
2025-09-05 02:38:35,548 - INFO - Boosted OOD loss: 0.0718
2025-09-05 02:38:40,440 - INFO - Boosted OOD loss: 0.0895
2025-09-05 02:38:49,108 - INFO - Boosted OOD loss: 0.0796
2025-09-05 02:38:50,207 - INFO - Boosted OOD loss: 0.0938
2025-09-05 02:38:50,769 - INFO - Boosted OOD loss: 0.0838
2025-09-05 02:38:51,328 - INFO - Boosted OOD loss: 0.1036
2025-09-05 02:38:52,970 - INFO - Boosted OOD loss: 0.0837
2025-09-05 02:38:54,071 - INFO - Boosted OOD loss: 0.0810
2025-09-05 02:38:58,412 - INFO - Boosted OOD loss: 0.0802
2025-09-05 02:39:02,217 - INFO - Boosted OOD loss: 0.0466
2025-09-05 02:39:02,786 - INFO - Boosted OOD loss: 0.1005
2025-09-05 02:39:03,354 - INFO - Boosted OOD loss: 0.0594
2025-09-05 02:39:03,919 - INFO - Boosted OOD loss: 0.1170
2025-09-05 02:39:04,481 - INFO - Boosted OOD loss: 0.0665
2025-09-05 02:39:09,358 - INFO - Boosted OOD loss: 0.1226
2025-09-05 02:39:09,917 - INFO - Boosted OOD loss: 0.0953
2025-09-05 02:39:13,180 - INFO - Boosted OOD loss: 0.1094
2025-09-05 02:39:13,742 - INFO - Boosted OOD loss: 0.0511
2025-09-05 02:39:15,377 - WARNING - No anomaly pixels (254) found in batch
2025-09-05 02:39:18,083 - INFO - Boosted OOD loss: 0.0726
2025-09-05 02:39:19,182 - INFO - Boosted OOD loss: 0.0874
2025-09-05 02:39:21,903 - INFO - Boosted OOD loss: 0.0919
2025-09-05 02:39:22,460 - INFO - Boosted OOD loss: 0.1148
2025-09-05 02:39:24,639 - INFO - Boosted OOD loss: 0.0912
2025-09-05 02:39:25,738 - INFO - Boosted OOD loss: 0.0918
2025-09-05 02:39:28,459 - INFO - Boosted OOD loss: 0.0887
2025-09-05 02:39:29,017 - INFO - Boosted OOD loss: 0.0746
2025-09-05 02:39:30,118 - INFO - Boosted OOD loss: 0.0683
2025-09-05 02:39:35,546 - INFO - Boosted OOD loss: 0.0905
2025-09-05 02:39:37,730 - INFO - Boosted OOD loss: 0.0918
2025-09-05 02:39:42,612 - INFO - Boosted OOD loss: 0.0892
2025-09-05 02:39:42,612 - INFO - Step 12150 Loss Debug:
2025-09-05 02:39:42,613 - INFO -  CE: 1.8528
2025-09-05 02:39:42,613 - INFO -  OOD: 0.0892
2025-09-05 02:39:42,613 - INFO -  β: 32.00
2025-09-05 02:39:42,613 - INFO -  ID: 6077, OOD(254): 133
2025-09-05 02:39:44,254 - INFO - Boosted OOD loss: 0.0455
2025-09-05 02:39:47,519 - INFO - Boosted OOD loss: 0.0849
2025-09-05 02:39:48,623 - INFO - Boosted OOD loss: 0.1079
2025-09-05 02:39:50,803 - INFO - Boosted OOD loss: 0.1175
2025-09-05 02:39:56,759 - INFO - Boosted OOD loss: 0.0918
2025-09-05 02:39:57,861 - INFO - Boosted OOD loss: 0.1053
2025-09-05 02:39:58,963 - INFO - Boosted OOD loss: 0.1149
2025-09-05 02:40:02,224 - INFO - Boosted OOD loss: 0.1063
2025-09-05 02:40:04,941 - INFO - Boosted OOD loss: 0.0367
2025-09-05 02:40:07,125 - INFO - Boosted OOD loss: 0.1084
2025-09-05 02:40:08,763 - INFO - Boosted OOD loss: 0.0913
2025-09-05 02:40:09,856 - WARNING - No anomaly pixels (254) found in batch
2025-09-05 02:40:14,186 - INFO - Boosted OOD loss: 0.0752
2025-09-05 02:40:15,285 - INFO - Boosted OOD loss: 0.0798
2025-09-05 02:40:19,091 - INFO - Boosted OOD loss: 0.1005
2025-09-05 02:40:19,650 - INFO - Boosted OOD loss: 0.0887
2025-09-05 02:40:22,371 - INFO - Boosted OOD loss: 0.0725
2025-09-05 02:40:24,547 - INFO - Boosted OOD loss: 0.1032
2025-09-05 02:40:27,272 - INFO - Boosted OOD loss: 0.0603
2025-09-05 02:40:28,917 - INFO - Boosted OOD loss: 0.0920
2025-09-05 02:40:32,716 - INFO - Boosted OOD loss: 0.0562
2025-09-05 02:40:33,821 - INFO - Boosted OOD loss: 0.0878
2025-09-05 02:40:39,243 - INFO - Boosted OOD loss: 0.1157
2025-09-05 02:40:42,504 - INFO - Boosted OOD loss: 0.0878
2025-09-05 02:40:44,146 - INFO - Boosted OOD loss: 0.0904
2025-09-05 02:40:46,861 - INFO - Boosted OOD loss: 0.0865
2025-09-05 02:40:52,281 - INFO - Boosted OOD loss: 0.0806
2025-09-05 02:41:00,408 - INFO - Boosted OOD loss: 0.0791
2025-09-05 02:41:00,972 - INFO - Boosted OOD loss: 0.0481
2025-09-05 02:41:01,537 - INFO - Boosted OOD loss: 0.1012
2025-09-05 02:41:04,250 - WARNING - No anomaly pixels (254) found in batch
2025-09-05 02:41:04,798 - INFO - Boosted OOD loss: 0.0905
2025-09-05 02:41:06,442 - INFO - Boosted OOD loss: 0.0897
2025-09-05 02:41:08,626 - INFO - Boosted OOD loss: 0.0955
2025-09-05 02:41:11,888 - INFO - Boosted OOD loss: 0.1309
2025-09-05 02:41:12,994 - INFO - Boosted OOD loss: 0.1315
2025-09-05 02:41:14,093 - INFO - Boosted OOD loss: 0.0736
2025-09-05 02:41:15,734 - INFO - Boosted OOD loss: 0.1078
2025-09-05 02:41:16,295 - INFO - Boosted OOD loss: 0.0937
2025-09-05 02:41:19,016 - INFO - Boosted OOD loss: 0.0439
2025-09-05 02:41:22,819 - INFO - Boosted OOD loss: 0.1094
2025-09-05 02:41:26,626 - INFO - Boosted OOD loss: 0.0646
2025-09-05 02:41:28,811 - INFO - Boosted OOD loss: 0.1002
2025-09-05 02:41:30,990 - INFO - Boosted OOD loss: 0.1026
2025-09-05 02:41:31,555 - INFO - Boosted OOD loss: 0.0693
2025-09-05 02:41:31,555 - INFO - Step 12350 Loss Debug:
2025-09-05 02:41:31,555 - INFO -  CE: 1.4775
2025-09-05 02:41:31,555 - INFO -  OOD: 0.0693
2025-09-05 02:41:31,555 - INFO -  β: 32.00
2025-09-05 02:41:31,555 - INFO -  ID: 7436, OOD(254): 543
2025-09-05 02:41:34,276 - INFO - Boosted OOD loss: 0.0815
2025-09-05 02:41:35,377 - INFO - Boosted OOD loss: 0.0972
2025-09-05 02:41:35,936 - INFO - Boosted OOD loss: 0.1058
2025-09-05 02:41:38,118 - INFO - Boosted OOD loss: 0.0609
2025-09-05 02:41:44,083 - INFO - Boosted OOD loss: 0.0623
2025-09-05 02:41:46,802 - INFO - Boosted OOD loss: 0.0655
2025-09-05 02:41:47,903 - INFO - Boosted OOD loss: 0.0846
2025-09-05 02:41:58,724 - WARNING - No anomaly pixels (254) found in batch
2025-09-05 02:41:59,272 - INFO - Boosted OOD loss: 0.0822
2025-09-05 02:42:01,457 - INFO - Boosted OOD loss: 0.0657
2025-09-05 02:42:03,100 - INFO - Boosted OOD loss: 0.0753
2025-09-05 02:42:05,279 - INFO - Boosted OOD loss: 0.0751
2025-09-05 02:42:08,539 - INFO - Boosted OOD loss: 0.0978
2025-09-05 02:42:12,873 - INFO - Boosted OOD loss: 0.1111
2025-09-05 02:42:13,435 - INFO - Boosted OOD loss: 0.0770
2025-09-05 02:42:15,617 - INFO - Boosted OOD loss: 0.1070
2025-09-05 02:42:21,573 - INFO - Boosted OOD loss: 0.0503
2025-09-05 02:42:25,376 - INFO - Boosted OOD loss: 0.0771
2025-09-05 02:42:28,098 - INFO - Boosted OOD loss: 0.0634
2025-09-05 02:42:28,662 - INFO - Boosted OOD loss: 0.0777
2025-09-05 02:42:29,766 - INFO - Boosted OOD loss: 0.0966
2025-09-05 02:42:30,866 - INFO - Boosted OOD loss: 0.0767
2025-09-05 02:42:38,514 - INFO - Updated beta to 14.82 (exp decay)
2025-09-05 02:42:59,598 - WARNING - Negative mean energy—verify E_b formula/signs
2025-09-05 02:42:59,599 - INFO - Weights updated successfully
2025-09-05 02:42:59,599 - INFO - Advanced epoch 7 - Updated beta: 14.82
2025-09-05 02:42:59,600 - INFO - Epoch 7 - Avg CE: 1.8416, Avg OOD: 0.0179, β: 32
2025-09-05 02:42:59,710 - INFO - 
Starting Epoch 8/100
2025-09-05 02:42:59,710 - INFO - ============================================================
2025-09-05 02:42:59,711 - INFO - 
Updating Hopfield boosting weights at epoch 8...
2025-09-05 02:43:10,331 - WARNING - Negative mean energy—verify E_b formula/signs
2025-09-05 02:43:10,331 - INFO - Weights updated successfully
2025-09-05 02:43:10,331 - INFO - Weight Update Debug at Epoch 8: No high-weight OOD pixels found
2025-09-05 02:43:15,273 - INFO - Boosted OOD loss: 0.0878
2025-09-05 02:43:17,987 - INFO - Boosted OOD loss: 0.0839
2025-09-05 02:43:19,086 - INFO - Boosted OOD loss: 0.0876
2025-09-05 02:43:20,190 - INFO - Boosted OOD loss: 0.0553
2025-09-05 02:43:25,072 - INFO - Boosted OOD loss: 0.1037
2025-09-05 02:43:25,626 - WARNING - No anomaly pixels (254) found in batch
2025-09-05 02:43:26,714 - INFO - Boosted OOD loss: 0.0910
2025-09-05 02:43:28,357 - INFO - Boosted OOD loss: 0.0897
2025-09-05 02:43:30,541 - INFO - Boosted OOD loss: 0.0999
2025-09-05 02:43:33,272 - INFO - Boosted OOD loss: 0.0948
2025-09-05 02:43:39,274 - INFO - Boosted OOD loss: 0.0695
2025-09-05 02:43:42,014 - INFO - Boosted OOD loss: 0.1153
2025-09-05 02:43:44,204 - INFO - Boosted OOD loss: 0.0818
2025-09-05 02:43:44,766 - INFO - Boosted OOD loss: 0.0889
2025-09-05 02:43:46,968 - INFO - Boosted OOD loss: 0.0599
2025-09-05 02:43:49,165 - INFO - Boosted OOD loss: 0.0851
2025-09-05 02:43:49,726 - INFO - Boosted OOD loss: 0.0810
2025-09-05 02:43:53,008 - INFO - Boosted OOD loss: 0.0644
2025-09-05 02:43:53,009 - INFO - Step 12550 Loss Debug:
2025-09-05 02:43:53,009 - INFO -  CE: 1.6365
2025-09-05 02:43:53,009 - INFO -  OOD: 0.0644
2025-09-05 02:43:53,009 - INFO -  β: 32.00
2025-09-05 02:43:53,009 - INFO -  ID: 5725, OOD(254): 438
2025-09-05 02:43:53,577 - INFO - Boosted OOD loss: 0.0919
2025-09-05 02:43:57,419 - INFO - Boosted OOD loss: 0.0598
2025-09-05 02:43:58,527 - INFO - Boosted OOD loss: 0.0897
2025-09-05 02:44:00,175 - INFO - Boosted OOD loss: 0.0881
2025-09-05 02:44:02,371 - INFO - Boosted OOD loss: 0.0995
2025-09-05 02:44:07,826 - INFO - Boosted OOD loss: 0.1039
2025-09-05 02:44:10,561 - INFO - Boosted OOD loss: 0.0807
2025-09-05 02:44:11,128 - INFO - Boosted OOD loss: 0.0311
2025-09-05 02:44:11,697 - INFO - Boosted OOD loss: 0.0491
2025-09-05 02:44:12,804 - INFO - Boosted OOD loss: 0.0783
2025-09-05 02:44:17,706 - INFO - Boosted OOD loss: 0.0920
2025-09-05 02:44:18,268 - INFO - Boosted OOD loss: 0.0621
2025-09-05 02:44:19,914 - INFO - Boosted OOD loss: 0.0896
2025-09-05 02:44:20,480 - INFO - Boosted OOD loss: 0.0656
2025-09-05 02:44:20,480 - INFO - Step 12600 Loss Debug:
2025-09-05 02:44:20,481 - INFO -  CE: 2.1392
2025-09-05 02:44:20,481 - INFO -  OOD: 0.0656
2025-09-05 02:44:20,481 - INFO -  β: 32.00
2025-09-05 02:44:20,481 - INFO -  ID: 6172, OOD(254): 1083
2025-09-05 02:44:22,135 - INFO - Boosted OOD loss: 0.0632
2025-09-05 02:44:22,699 - INFO - Boosted OOD loss: 0.0825
2025-09-05 02:44:27,058 - INFO - Boosted OOD loss: 0.1013
2025-09-05 02:44:27,622 - INFO - Boosted OOD loss: 0.0496
2025-09-05 02:44:32,521 - INFO - Boosted OOD loss: 0.0938
2025-09-05 02:44:33,624 - INFO - Boosted OOD loss: 0.0798
2025-09-05 02:44:35,270 - INFO - Boosted OOD loss: 0.0733
2025-09-05 02:44:35,830 - INFO - Boosted OOD loss: 0.0830
2025-09-05 02:44:36,395 - INFO - Boosted OOD loss: 0.0753
2025-09-05 02:44:42,908 - INFO - Boosted OOD loss: 0.0854
2025-09-05 02:44:43,468 - INFO - Boosted OOD loss: 0.1122
2025-09-05 02:44:44,033 - INFO - Boosted OOD loss: 0.0740
2025-09-05 02:44:44,594 - INFO - Boosted OOD loss: 0.0825
2025-09-05 02:44:45,156 - INFO - Boosted OOD loss: 0.0868
2025-09-05 02:44:46,260 - INFO - Boosted OOD loss: 0.0415
2025-09-05 02:44:47,363 - INFO - Boosted OOD loss: 0.0883
2025-09-05 02:44:53,870 - INFO - Boosted OOD loss: 0.0920
2025-09-05 02:44:54,430 - INFO - Boosted OOD loss: 0.0849
2025-09-05 02:44:55,534 - INFO - Boosted OOD loss: 0.0756
2025-09-05 02:44:56,094 - INFO - Boosted OOD loss: 0.0602
2025-09-05 02:44:58,279 - INFO - Boosted OOD loss: 0.1011
2025-09-05 02:44:59,380 - INFO - Boosted OOD loss: 0.0914
2025-09-05 02:45:03,720 - INFO - Boosted OOD loss: 0.1005
2025-09-05 02:45:05,357 - INFO - Boosted OOD loss: 0.0837
2025-09-05 02:45:08,624 - INFO - Boosted OOD loss: 0.0975
2025-09-05 02:45:11,343 - INFO - Boosted OOD loss: 0.0603
2025-09-05 02:45:12,985 - INFO - Boosted OOD loss: 0.0695
2025-09-05 02:45:15,161 - WARNING - No anomaly pixels (254) found in batch
2025-09-05 02:45:21,111 - INFO - Boosted OOD loss: 0.0975
2025-09-05 02:45:28,154 - INFO - Boosted OOD loss: 0.0769
2025-09-05 02:45:31,952 - INFO - Boosted OOD loss: 0.0779
2025-09-05 02:45:35,213 - INFO - Boosted OOD loss: 0.0984
2025-09-05 02:45:39,015 - INFO - Boosted OOD loss: 0.1063
2025-09-05 02:45:40,121 - INFO - Boosted OOD loss: 0.1058
2025-09-05 02:45:40,682 - INFO - Boosted OOD loss: 0.0939
2025-09-05 02:45:43,405 - INFO - Boosted OOD loss: 0.0563
2025-09-05 02:45:44,507 - INFO - Boosted OOD loss: 0.1076
2025-09-05 02:45:46,693 - INFO - Boosted OOD loss: 0.1213
2025-09-05 02:45:49,411 - INFO - Boosted OOD loss: 0.0906
2025-09-05 02:45:50,515 - INFO - Boosted OOD loss: 0.0811
2025-09-05 02:45:55,934 - INFO - Boosted OOD loss: 0.0919
2025-09-05 02:45:58,653 - INFO - Boosted OOD loss: 0.1052
2025-09-05 02:46:09,469 - INFO - Boosted OOD loss: 0.0726
2025-09-05 02:46:09,470 - INFO - Step 12800 Loss Debug:
2025-09-05 02:46:09,470 - INFO -  CE: 1.8358
2025-09-05 02:46:09,470 - INFO -  OOD: 0.0726
2025-09-05 02:46:09,470 - INFO -  β: 32.00
2025-09-05 02:46:09,470 - INFO -  ID: 7495, OOD(254): 584
2025-09-05 02:46:17,049 - INFO - Boosted OOD loss: 0.0976
2025-09-05 02:46:22,464 - INFO - Boosted OOD loss: 0.0692
2025-09-05 02:46:27,887 - INFO - Boosted OOD loss: 0.1218
2025-09-05 02:46:30,603 - INFO - Boosted OOD loss: 0.0878
2025-09-05 02:46:38,170 - INFO - Boosted OOD loss: 0.0701
2025-09-05 02:46:39,271 - INFO - Boosted OOD loss: 0.0838
2025-09-05 02:46:40,371 - INFO - Boosted OOD loss: 0.1135
2025-09-05 02:46:41,473 - INFO - Boosted OOD loss: 0.0624
2025-09-05 02:46:43,660 - INFO - Boosted OOD loss: 0.0765
2025-09-05 02:46:50,706 - INFO - Boosted OOD loss: 0.0462
2025-09-05 02:46:51,265 - INFO - Boosted OOD loss: 0.0732
2025-09-05 02:46:53,987 - INFO - Boosted OOD loss: 0.0814
2025-09-05 02:46:54,546 - INFO - Boosted OOD loss: 0.0856
2025-09-05 02:46:56,731 - INFO - Boosted OOD loss: 0.0903
2025-09-05 02:46:57,298 - INFO - Boosted OOD loss: 0.0537
2025-09-05 02:46:58,411 - INFO - Boosted OOD loss: 0.0493
2025-09-05 02:46:58,974 - INFO - Boosted OOD loss: 0.0849
2025-09-05 02:46:59,532 - INFO - Boosted OOD loss: 0.0975
2025-09-05 02:47:00,092 - INFO - Boosted OOD loss: 0.0769
2025-09-05 02:47:00,650 - INFO - Boosted OOD loss: 0.1111
2025-09-05 02:47:01,208 - INFO - Boosted OOD loss: 0.0850
2025-09-05 02:47:03,391 - INFO - Boosted OOD loss: 0.0906
2025-09-05 02:47:03,950 - INFO - Boosted OOD loss: 0.0779
2025-09-05 02:47:03,951 - INFO - Step 12900 Loss Debug:
2025-09-05 02:47:03,951 - INFO -  CE: 1.5298
2025-09-05 02:47:03,951 - INFO -  OOD: 0.0779
2025-09-05 02:47:03,951 - INFO -  β: 32.00
2025-09-05 02:47:03,951 - INFO -  ID: 6667, OOD(254): 235
2025-09-05 02:47:05,051 - INFO - Boosted OOD loss: 0.1128
2025-09-05 02:47:08,315 - INFO - Boosted OOD loss: 0.0413
2025-09-05 02:47:11,037 - INFO - Boosted OOD loss: 0.0685
2025-09-05 02:47:13,216 - INFO - Boosted OOD loss: 0.1013
2025-09-05 02:47:14,318 - INFO - Boosted OOD loss: 0.0352
2025-09-05 02:47:24,067 - INFO - Boosted OOD loss: 0.0649
2025-09-05 02:47:26,792 - INFO - Boosted OOD loss: 0.1056
2025-09-05 02:47:27,896 - INFO - Boosted OOD loss: 0.1020
2025-09-05 02:47:30,075 - INFO - Boosted OOD loss: 0.0890
2025-09-05 02:47:33,338 - INFO - Boosted OOD loss: 0.0955
2025-09-05 02:47:34,442 - INFO - Boosted OOD loss: 0.1149
2025-09-05 02:47:36,618 - INFO - Boosted OOD loss: 0.0998
2025-09-05 02:47:47,443 - INFO - Boosted OOD loss: 0.0946
2025-09-05 02:47:49,083 - INFO - Boosted OOD loss: 0.1045
2025-09-05 02:47:53,419 - INFO - Boosted OOD loss: 0.0996
2025-09-05 02:47:58,303 - WARNING - No anomaly pixels (254) found in batch
2025-09-05 02:48:01,007 - INFO - Boosted OOD loss: 0.0835
2025-09-05 02:48:02,106 - INFO - Boosted OOD loss: 0.0829
2025-09-05 02:48:05,370 - INFO - Boosted OOD loss: 0.0718
2025-09-05 02:48:08,634 - INFO - Boosted OOD loss: 0.0901
2025-09-05 02:48:09,195 - INFO - Boosted OOD loss: 0.0908
2025-09-05 02:48:12,997 - INFO - Boosted OOD loss: 0.0959
2025-09-05 02:48:13,559 - INFO - Boosted OOD loss: 0.0670
2025-09-05 02:48:16,276 - INFO - Boosted OOD loss: 0.0742
2025-09-05 02:48:20,081 - INFO - Boosted OOD loss: 0.0459
2025-09-05 02:48:21,184 - INFO - Boosted OOD loss: 0.0926
2025-09-05 02:48:24,989 - INFO - Boosted OOD loss: 0.0508
2025-09-05 02:48:26,093 - INFO - Boosted OOD loss: 0.0635
2025-09-05 02:48:26,657 - INFO - Boosted OOD loss: 0.0883
2025-09-05 02:48:28,299 - INFO - Boosted OOD loss: 0.0618
2025-09-05 02:48:29,943 - INFO - Boosted OOD loss: 0.0470
2025-09-05 02:48:31,048 - INFO - Boosted OOD loss: 0.0679
2025-09-05 02:48:34,311 - INFO - Boosted OOD loss: 0.0762
2025-09-05 02:48:37,572 - INFO - Boosted OOD loss: 0.1235
2025-09-05 02:48:45,149 - INFO - Boosted OOD loss: 0.1110
2025-09-05 02:48:50,027 - INFO - Boosted OOD loss: 0.0748
2025-09-05 02:48:52,738 - WARNING - No anomaly pixels (254) found in batch
2025-09-05 02:48:58,678 - INFO - Boosted OOD loss: 0.0405
2025-09-05 02:49:06,242 - INFO - Boosted OOD loss: 0.0974
2025-09-05 02:49:09,504 - INFO - Boosted OOD loss: 0.0727
2025-09-05 02:49:10,066 - INFO - Boosted OOD loss: 0.0947
2025-09-05 02:49:12,237 - INFO - Boosted OOD loss: 0.0881
2025-09-05 02:49:12,796 - INFO - Boosted OOD loss: 0.0981
2025-09-05 02:49:16,046 - INFO - Boosted OOD loss: 0.1049
2025-09-05 02:49:17,685 - INFO - Boosted OOD loss: 0.0708
2025-09-05 02:49:20,934 - INFO - Boosted OOD loss: 0.0768
2025-09-05 02:49:22,035 - INFO - Boosted OOD loss: 0.0627
2025-09-05 02:49:26,911 - INFO - Boosted OOD loss: 0.0770
2025-09-05 02:49:29,088 - INFO - Boosted OOD loss: 0.0488
2025-09-05 02:49:29,654 - INFO - Boosted OOD loss: 0.0867
2025-09-05 02:49:31,291 - INFO - Boosted OOD loss: 0.0985
2025-09-05 02:49:39,391 - INFO - Boosted OOD loss: 0.0508
2025-09-05 02:49:42,114 - INFO - Boosted OOD loss: 0.0894
2025-09-05 02:49:42,670 - INFO - Boosted OOD loss: 0.0902
2025-09-05 02:49:44,846 - INFO - Boosted OOD loss: 0.0971
2025-09-05 02:49:45,946 - INFO - Boosted OOD loss: 0.0589
2025-09-05 02:49:46,510 - INFO - Boosted OOD loss: 0.0870
2025-09-05 02:49:47,062 - WARNING - No anomaly pixels (254) found in batch
2025-09-05 02:49:47,609 - INFO - Boosted OOD loss: 0.0762
2025-09-05 02:49:55,169 - INFO - Boosted OOD loss: 0.0933
2025-09-05 02:49:56,271 - INFO - Boosted OOD loss: 0.0682
2025-09-05 02:49:57,913 - INFO - Boosted OOD loss: 0.0912
2025-09-05 02:50:00,092 - INFO - Boosted OOD loss: 0.0470
2025-09-05 02:50:01,198 - INFO - Boosted OOD loss: 0.0524
2025-09-05 02:50:02,838 - INFO - Boosted OOD loss: 0.0869
2025-09-05 02:50:04,479 - INFO - Boosted OOD loss: 0.0491
2025-09-05 02:50:05,580 - INFO - Boosted OOD loss: 0.0862
2025-09-05 02:50:08,297 - INFO - Boosted OOD loss: 0.0666
2025-09-05 02:50:11,553 - INFO - Boosted OOD loss: 0.0896
2025-09-05 02:50:15,350 - INFO - Boosted OOD loss: 0.0828
2025-09-05 02:50:16,450 - INFO - Boosted OOD loss: 0.0824
2025-09-05 02:50:17,009 - INFO - Boosted OOD loss: 0.0884
2025-09-05 02:50:19,190 - INFO - Boosted OOD loss: 0.0843
2025-09-05 02:50:21,380 - INFO - Boosted OOD loss: 0.0654
2025-09-05 02:50:25,182 - INFO - Boosted OOD loss: 0.0903
2025-09-05 02:50:25,741 - INFO - Boosted OOD loss: 0.0674
2025-09-05 02:50:33,317 - INFO - Boosted OOD loss: 0.0841
2025-09-05 02:50:39,810 - INFO - Boosted OOD loss: 0.0883
2025-09-05 02:50:41,442 - WARNING - No anomaly pixels (254) found in batch
2025-09-05 02:50:50,089 - INFO - Boosted OOD loss: 0.0919
2025-09-05 02:50:51,193 - INFO - Boosted OOD loss: 0.0881
2025-09-05 02:50:52,296 - INFO - Boosted OOD loss: 0.0985
2025-09-05 02:50:55,553 - INFO - Boosted OOD loss: 0.1192
2025-09-05 02:50:56,110 - INFO - Boosted OOD loss: 0.0981
2025-09-05 02:50:58,287 - INFO - Boosted OOD loss: 0.1084
2025-09-05 02:51:01,547 - INFO - Boosted OOD loss: 0.0467
2025-09-05 02:51:02,651 - INFO - Boosted OOD loss: 0.0925
2025-09-05 02:51:04,292 - INFO - Boosted OOD loss: 0.0841
2025-09-05 02:51:05,392 - INFO - Boosted OOD loss: 0.0921
2025-09-05 02:51:05,955 - INFO - Boosted OOD loss: 0.0724
2025-09-05 02:51:07,597 - INFO - Boosted OOD loss: 0.0742
2025-09-05 02:51:13,554 - INFO - Boosted OOD loss: 0.0759
2025-09-05 02:51:14,116 - INFO - Boosted OOD loss: 0.0914
2025-09-05 02:51:14,677 - INFO - Boosted OOD loss: 0.0874
2025-09-05 02:51:18,478 - INFO - Boosted OOD loss: 0.0816
2025-09-05 02:51:21,197 - INFO - Boosted OOD loss: 0.0757
2025-09-05 02:51:23,382 - INFO - Boosted OOD loss: 0.0782
2025-09-05 02:51:25,557 - INFO - Boosted OOD loss: 0.0759
2025-09-05 02:51:32,056 - INFO - Boosted OOD loss: 0.0988
2025-09-05 02:51:34,231 - INFO - Boosted OOD loss: 0.1048
2025-09-05 02:51:34,788 - INFO - Boosted OOD loss: 0.0906
2025-09-05 02:51:35,887 - WARNING - No anomaly pixels (254) found in batch
2025-09-05 02:51:36,973 - INFO - Boosted OOD loss: 0.0701
2025-09-05 02:51:38,071 - INFO - Boosted OOD loss: 0.1026
2025-09-05 02:51:38,630 - INFO - Boosted OOD loss: 0.0623
2025-09-05 02:51:43,507 - INFO - Boosted OOD loss: 0.0864
2025-09-05 02:51:44,066 - INFO - Boosted OOD loss: 0.0972
2025-09-05 02:51:48,931 - INFO - Boosted OOD loss: 0.1018
2025-09-05 02:51:52,186 - INFO - Boosted OOD loss: 0.0821
2025-09-05 02:51:52,746 - INFO - Boosted OOD loss: 0.0828
2025-09-05 02:51:57,617 - INFO - Boosted OOD loss: 0.0910
2025-09-05 02:52:04,659 - INFO - Boosted OOD loss: 0.0896
2025-09-05 02:52:08,456 - INFO - Boosted OOD loss: 0.0781
2025-09-05 02:52:11,168 - INFO - Boosted OOD loss: 0.0873
2025-09-05 02:52:12,807 - INFO - Boosted OOD loss: 0.0627
2025-09-05 02:52:16,067 - INFO - Boosted OOD loss: 0.0838
2025-09-05 02:52:17,165 - INFO - Boosted OOD loss: 0.0858
2025-09-05 02:52:20,965 - INFO - Boosted OOD loss: 0.0517
2025-09-05 02:52:25,307 - INFO - Boosted OOD loss: 0.0871
2025-09-05 02:52:25,866 - INFO - Boosted OOD loss: 0.1036
2025-09-05 02:52:26,429 - INFO - Boosted OOD loss: 0.0468
2025-09-05 02:52:28,611 - INFO - Boosted OOD loss: 0.0864
2025-09-05 02:52:30,240 - WARNING - No anomaly pixels (254) found in batch
2025-09-05 02:52:35,631 - INFO - Boosted OOD loss: 0.0931
2025-09-05 02:52:39,427 - INFO - Boosted OOD loss: 0.0898
2025-09-05 02:52:41,609 - INFO - Boosted OOD loss: 0.0569
2025-09-05 02:52:45,947 - INFO - Boosted OOD loss: 0.0822
2025-09-05 02:52:50,819 - INFO - Boosted OOD loss: 0.0770
2025-09-05 02:52:51,915 - INFO - Boosted OOD loss: 0.0798
2025-09-05 02:52:52,475 - INFO - Boosted OOD loss: 0.0805
2025-09-05 02:52:56,267 - INFO - Boosted OOD loss: 0.1030
2025-09-05 02:52:57,365 - INFO - Boosted OOD loss: 0.0907
2025-09-05 02:52:57,366 - INFO - Step 13550 Loss Debug:
2025-09-05 02:52:57,366 - INFO -  CE: 1.7833
2025-09-05 02:52:57,366 - INFO -  OOD: 0.0907
2025-09-05 02:52:57,366 - INFO -  β: 32.00
2025-09-05 02:52:57,366 - INFO -  ID: 7221, OOD(254): 64
2025-09-05 02:52:58,460 - INFO - Boosted OOD loss: 0.0754
2025-09-05 02:53:00,097 - INFO - Boosted OOD loss: 0.0753
2025-09-05 02:53:00,655 - INFO - Boosted OOD loss: 0.0944
2025-09-05 02:53:02,287 - INFO - Boosted OOD loss: 0.1070
2025-09-05 02:53:10,386 - INFO - Boosted OOD loss: 0.0997
2025-09-05 02:53:14,179 - INFO - Boosted OOD loss: 0.0828
2025-09-05 02:53:19,054 - INFO - Boosted OOD loss: 0.0815
2025-09-05 02:53:21,773 - INFO - Boosted OOD loss: 0.0806
2025-09-05 02:53:23,411 - INFO - Boosted OOD loss: 0.0780
2025-09-05 02:53:24,505 - WARNING - No anomaly pixels (254) found in batch
2025-09-05 02:53:30,444 - INFO - Boosted OOD loss: 0.0920
2025-09-05 02:53:31,549 - INFO - Boosted OOD loss: 0.0514
2025-09-05 02:53:33,732 - INFO - Boosted OOD loss: 0.0656
2025-09-05 02:53:36,450 - INFO - Boosted OOD loss: 0.0925
2025-09-05 02:53:37,555 - INFO - Boosted OOD loss: 0.0449
2025-09-05 02:53:38,119 - INFO - Boosted OOD loss: 0.0738
2025-09-05 02:53:41,379 - INFO - Boosted OOD loss: 0.0628
2025-09-05 02:53:42,486 - INFO - Boosted OOD loss: 0.0579
2025-09-05 02:53:44,663 - INFO - Boosted OOD loss: 0.0958
2025-09-05 02:53:49,539 - INFO - Boosted OOD loss: 0.1027
2025-09-05 02:53:51,714 - INFO - Boosted OOD loss: 0.1136
2025-09-05 02:53:51,714 - INFO - Step 13650 Loss Debug:
2025-09-05 02:53:51,714 - INFO -  CE: 1.6853
2025-09-05 02:53:51,714 - INFO -  OOD: 0.1136
2025-09-05 02:53:51,714 - INFO -  β: 32.00
2025-09-05 02:53:51,714 - INFO -  ID: 4979, OOD(254): 21
2025-09-05 02:53:52,272 - INFO - Boosted OOD loss: 0.0835
2025-09-05 02:53:53,913 - INFO - Boosted OOD loss: 0.0661
2025-09-05 02:53:58,249 - INFO - Boosted OOD loss: 0.1006
2025-09-05 02:54:04,746 - INFO - Boosted OOD loss: 0.0579
2025-09-05 02:54:07,463 - INFO - Boosted OOD loss: 0.0673
2025-09-05 02:54:16,652 - INFO - Boosted OOD loss: 0.0890
2025-09-05 02:54:18,822 - WARNING - No anomaly pixels (254) found in batch
2025-09-05 02:54:22,069 - INFO - Boosted OOD loss: 0.0700
2025-09-05 02:54:24,250 - INFO - Boosted OOD loss: 0.1128
2025-09-05 02:54:24,807 - INFO - Boosted OOD loss: 0.1084
2025-09-05 02:54:26,985 - INFO - Boosted OOD loss: 0.0453
2025-09-05 02:54:27,548 - INFO - Boosted OOD loss: 0.0821
2025-09-05 02:54:32,421 - INFO - Boosted OOD loss: 0.0908
2025-09-05 02:54:37,294 - INFO - Boosted OOD loss: 0.0994
2025-09-05 02:54:37,853 - INFO - Boosted OOD loss: 0.0952
2025-09-05 02:54:43,810 - INFO - Boosted OOD loss: 0.0929
2025-09-05 02:54:45,450 - INFO - Boosted OOD loss: 0.0674
2025-09-05 02:54:46,551 - INFO - Boosted OOD loss: 0.0825
2025-09-05 02:54:47,650 - INFO - Boosted OOD loss: 0.0913
2025-09-05 02:54:49,285 - INFO - Boosted OOD loss: 0.0761
2025-09-05 02:54:49,845 - INFO - Boosted OOD loss: 0.0772
2025-09-05 02:55:02,835 - INFO - Boosted OOD loss: 0.0856
2025-09-05 02:55:07,723 - INFO - Boosted OOD loss: 0.0497
2025-09-05 02:55:12,067 - INFO - Boosted OOD loss: 0.0845
2025-09-05 02:55:12,628 - INFO - Boosted OOD loss: 0.0980
2025-09-05 02:55:13,182 - WARNING - No anomaly pixels (254) found in batch
2025-09-05 02:55:17,508 - INFO - Boosted OOD loss: 0.0893
2025-09-05 02:55:32,114 - INFO - Boosted OOD loss: 0.0844
2025-09-05 02:55:38,074 - INFO - Boosted OOD loss: 0.0912
2025-09-05 02:55:38,632 - INFO - Boosted OOD loss: 0.0884
2025-09-05 02:55:42,979 - INFO - Boosted OOD loss: 0.0785
2025-09-05 02:55:43,540 - INFO - Boosted OOD loss: 0.0851
2025-09-05 02:55:44,102 - INFO - Boosted OOD loss: 0.0768
2025-09-05 02:55:47,902 - INFO - Boosted OOD loss: 0.0813
2025-09-05 02:55:49,006 - INFO - Boosted OOD loss: 0.0728
2025-09-05 02:55:50,103 - INFO - Boosted OOD loss: 0.1020
2025-09-05 02:55:51,206 - INFO - Boosted OOD loss: 0.0896
2025-09-05 02:55:53,385 - INFO - Boosted OOD loss: 0.0859
2025-09-05 02:55:54,488 - INFO - Boosted OOD loss: 0.0441
2025-09-05 02:55:55,058 - INFO - Boosted OOD loss: 0.0666
2025-09-05 02:55:55,620 - INFO - Boosted OOD loss: 0.0934
2025-09-05 02:55:56,181 - INFO - Boosted OOD loss: 0.0925
2025-09-05 02:55:58,362 - INFO - Boosted OOD loss: 0.0608
2025-09-05 02:55:58,927 - INFO - Boosted OOD loss: 0.0881
2025-09-05 02:56:00,564 - INFO - Boosted OOD loss: 0.0867
2025-09-05 02:56:01,126 - INFO - Boosted OOD loss: 0.0509
2025-09-05 02:56:07,626 - WARNING - No anomaly pixels (254) found in batch
2025-09-05 02:56:10,878 - INFO - Boosted OOD loss: 0.0764
2025-09-05 02:56:15,761 - INFO - Boosted OOD loss: 0.1101
2025-09-05 02:56:16,864 - INFO - Boosted OOD loss: 0.0882
2025-09-05 02:56:26,610 - INFO - Boosted OOD loss: 0.0722
2025-09-05 02:56:27,174 - INFO - Boosted OOD loss: 0.0768
2025-09-05 02:56:28,819 - INFO - Boosted OOD loss: 0.0500
2025-09-05 02:56:30,463 - INFO - Boosted OOD loss: 0.0867
2025-09-05 02:56:35,341 - INFO - Boosted OOD loss: 0.0496
2025-09-05 02:56:36,990 - INFO - Boosted OOD loss: 0.0760
2025-09-05 02:56:40,252 - INFO - Boosted OOD loss: 0.0744
2025-09-05 02:56:40,820 - INFO - Boosted OOD loss: 0.0492
2025-09-05 02:56:41,925 - INFO - Boosted OOD loss: 0.0821
2025-09-05 02:56:45,190 - INFO - Boosted OOD loss: 0.0806
2025-09-05 02:56:46,291 - INFO - Boosted OOD loss: 0.0759
2025-09-05 02:56:47,393 - INFO - Boosted OOD loss: 0.0784
2025-09-05 02:56:54,431 - INFO - Boosted OOD loss: 0.0712
2025-09-05 02:57:00,928 - INFO - Boosted OOD loss: 0.0913
2025-09-05 02:57:02,019 - WARNING - No anomaly pixels (254) found in batch
2025-09-05 02:57:10,127 - INFO - Boosted OOD loss: 0.0705
2025-09-05 02:57:11,230 - INFO - Boosted OOD loss: 0.0967
2025-09-05 02:57:13,415 - INFO - Boosted OOD loss: 0.0951
2025-09-05 02:57:15,598 - INFO - Boosted OOD loss: 0.0613
2025-09-05 02:57:18,318 - INFO - Boosted OOD loss: 0.1124
2025-09-05 02:57:21,582 - INFO - Boosted OOD loss: 0.0990
2025-09-05 02:57:23,225 - INFO - Boosted OOD loss: 0.0645
2025-09-05 02:57:27,563 - INFO - Boosted OOD loss: 0.0868
2025-09-05 02:57:33,525 - INFO - Boosted OOD loss: 0.0452
2025-09-05 02:57:36,784 - INFO - Boosted OOD loss: 0.0689
2025-09-05 02:57:37,889 - INFO - Boosted OOD loss: 0.0565
2025-09-05 02:57:38,997 - INFO - Boosted OOD loss: 0.0483
2025-09-05 02:57:40,643 - INFO - Boosted OOD loss: 0.0482
2025-09-05 02:57:42,830 - INFO - Boosted OOD loss: 0.0696
2025-09-05 02:57:49,325 - INFO - Boosted OOD loss: 0.0895
2025-09-05 02:57:52,047 - INFO - Boosted OOD loss: 0.0555
2025-09-05 02:57:56,389 - INFO - Boosted OOD loss: 0.0949
2025-09-05 02:57:56,389 - INFO - Step 14100 Loss Debug:
2025-09-05 02:57:56,390 - INFO -  CE: 2.0757
2025-09-05 02:57:56,390 - INFO -  OOD: 0.0949
2025-09-05 02:57:56,390 - INFO -  β: 32.00
2025-09-05 02:57:56,390 - INFO -  ID: 5692, OOD(254): 98
2025-09-05 02:57:59,656 - INFO - Boosted OOD loss: 0.0558
2025-09-05 02:58:02,380 - INFO - Boosted OOD loss: 0.0782
2025-09-05 02:58:04,559 - INFO - Boosted OOD loss: 0.0569
2025-09-05 02:58:10,526 - INFO - Boosted OOD loss: 0.0904
2025-09-05 02:58:12,708 - INFO - Boosted OOD loss: 0.0581
2025-09-05 02:58:16,507 - INFO - Boosted OOD loss: 0.1020
2025-09-05 02:58:17,070 - INFO - Boosted OOD loss: 0.1057
2025-09-05 02:58:19,250 - INFO - Boosted OOD loss: 0.0751
2025-09-05 02:58:19,810 - INFO - Boosted OOD loss: 0.0961
2025-09-05 02:58:25,780 - INFO - Boosted OOD loss: 0.0621
2025-09-05 02:58:26,884 - INFO - Boosted OOD loss: 0.1248
2025-09-05 02:58:30,680 - INFO - Boosted OOD loss: 0.0908
2025-09-05 02:58:33,933 - INFO - Boosted OOD loss: 0.0735
2025-09-05 02:58:36,113 - INFO - Boosted OOD loss: 0.0894
2025-09-05 02:58:38,291 - INFO - Boosted OOD loss: 0.0829
2025-09-05 02:58:38,849 - INFO - Boosted OOD loss: 0.0911
2025-09-05 02:58:40,486 - INFO - Boosted OOD loss: 0.0981
2025-09-05 02:58:44,826 - INFO - Boosted OOD loss: 0.1036
2025-09-05 02:58:50,781 - INFO - Boosted OOD loss: 0.0862
2025-09-05 02:58:50,781 - INFO - Step 14200 Loss Debug:
2025-09-05 02:58:50,781 - INFO -  CE: 2.0777
2025-09-05 02:58:50,781 - INFO -  OOD: 0.0862
2025-09-05 02:58:50,781 - INFO -  β: 32.00
2025-09-05 02:58:50,782 - INFO -  ID: 6068, OOD(254): 68
2025-09-05 02:58:52,421 - INFO - Boosted OOD loss: 0.1067
2025-09-05 02:58:54,594 - INFO - Boosted OOD loss: 0.0773
2025-09-05 02:58:55,695 - INFO - Boosted OOD loss: 0.0730
2025-09-05 02:58:56,256 - INFO - Boosted OOD loss: 0.0763
2025-09-05 02:58:58,975 - INFO - Boosted OOD loss: 0.0756
2025-09-05 02:58:59,537 - INFO - Boosted OOD loss: 0.0799
2025-09-05 02:59:01,714 - INFO - Boosted OOD loss: 0.0648
2025-09-05 02:59:05,509 - INFO - Boosted OOD loss: 0.0752
2025-09-05 02:59:06,609 - INFO - Boosted OOD loss: 0.0513
2025-09-05 02:59:08,249 - INFO - Boosted OOD loss: 0.0682
2025-09-05 02:59:10,971 - INFO - Boosted OOD loss: 0.0841
2025-09-05 02:59:14,230 - INFO - Boosted OOD loss: 0.1005
2025-09-05 02:59:14,785 - INFO - Boosted OOD loss: 0.1026
2025-09-05 02:59:17,506 - INFO - Boosted OOD loss: 0.0407
2025-09-05 02:59:20,844 - INFO - Updated beta to 14.65 (exp decay)
2025-09-05 02:59:41,927 - WARNING - Negative mean energy—verify E_b formula/signs
2025-09-05 02:59:41,928 - INFO - Weights updated successfully
2025-09-05 02:59:41,928 - INFO - Advanced epoch 8 - Updated beta: 14.65
2025-09-05 02:59:41,928 - INFO - Epoch 8 - Avg CE: 1.8592, Avg OOD: 0.0161, β: 32
2025-09-05 02:59:42,036 - INFO - 
Starting Epoch 9/100
2025-09-05 02:59:42,036 - INFO - ============================================================
2025-09-05 02:59:42,038 - INFO - 
Updating Hopfield boosting weights at epoch 9...
2025-09-05 02:59:52,657 - WARNING - Negative mean energy—verify E_b formula/signs
2025-09-05 02:59:52,657 - INFO - Weights updated successfully
2025-09-05 02:59:52,658 - INFO - Weight Update Debug at Epoch 9: No high-weight OOD pixels found
2025-09-05 02:59:57,989 - INFO - Boosted OOD loss: 0.0849
2025-09-05 02:59:59,087 - INFO - Boosted OOD loss: 0.0776
2025-09-05 03:00:01,800 - INFO - Boosted OOD loss: 0.0685
2025-09-05 03:00:02,360 - INFO - Boosted OOD loss: 0.0873
2025-09-05 03:00:05,076 - INFO - Boosted OOD loss: 0.0895
2025-09-05 03:00:06,724 - INFO - Boosted OOD loss: 0.0702
2025-09-05 03:00:10,534 - INFO - Boosted OOD loss: 0.1071
2025-09-05 03:00:12,723 - INFO - Boosted OOD loss: 0.0726
2025-09-05 03:00:17,620 - WARNING - No anomaly pixels (254) found in batch
2025-09-05 03:00:21,954 - INFO - Boosted OOD loss: 0.0958
2025-09-05 03:00:22,518 - INFO - Boosted OOD loss: 0.0653
2025-09-05 03:00:25,246 - INFO - Boosted OOD loss: 0.0937
2025-09-05 03:00:26,349 - INFO - Boosted OOD loss: 0.0966
2025-09-05 03:00:27,455 - INFO - Boosted OOD loss: 0.0552
2025-09-05 03:00:28,015 - INFO - Boosted OOD loss: 0.0915
2025-09-05 03:00:43,224 - INFO - Boosted OOD loss: 0.0978
2025-09-05 03:00:46,497 - INFO - Boosted OOD loss: 0.0618
2025-09-05 03:00:47,610 - INFO - Boosted OOD loss: 0.0693
2025-09-05 03:00:50,343 - INFO - Boosted OOD loss: 0.0762
2025-09-05 03:00:53,071 - INFO - Boosted OOD loss: 0.0510
2025-09-05 03:00:54,716 - INFO - Boosted OOD loss: 0.1004
2025-09-05 03:00:57,985 - INFO - Boosted OOD loss: 0.0987
2025-09-05 03:00:58,547 - INFO - Boosted OOD loss: 0.0759
2025-09-05 03:01:09,381 - INFO - Boosted OOD loss: 0.0892
2025-09-05 03:01:09,941 - INFO - Boosted OOD loss: 0.0956
2025-09-05 03:01:11,582 - INFO - Boosted OOD loss: 0.0713
2025-09-05 03:01:12,135 - WARNING - No anomaly pixels (254) found in batch
2025-09-05 03:01:12,684 - INFO - Boosted OOD loss: 0.0619
2025-09-05 03:01:15,409 - INFO - Boosted OOD loss: 0.0524
2025-09-05 03:01:15,973 - INFO - Boosted OOD loss: 0.0864
2025-09-05 03:01:17,077 - INFO - Boosted OOD loss: 0.0804
2025-09-05 03:01:17,635 - INFO - Boosted OOD loss: 0.0960
2025-09-05 03:01:22,524 - INFO - Boosted OOD loss: 0.0512
2025-09-05 03:01:24,169 - INFO - Boosted OOD loss: 0.0866
2025-09-05 03:01:25,270 - INFO - Boosted OOD loss: 0.0633
2025-09-05 03:01:26,916 - INFO - Boosted OOD loss: 0.0868
2025-09-05 03:01:27,479 - INFO - Boosted OOD loss: 0.0567
2025-09-05 03:01:29,665 - INFO - Boosted OOD loss: 0.0845
2025-09-05 03:01:32,923 - INFO - Boosted OOD loss: 0.0785
2025-09-05 03:01:38,346 - INFO - Boosted OOD loss: 0.0824
2025-09-05 03:01:42,147 - INFO - Boosted OOD loss: 0.1300
2025-09-05 03:01:48,108 - INFO - Boosted OOD loss: 0.0928
2025-09-05 03:01:51,908 - INFO - Boosted OOD loss: 0.0807
2025-09-05 03:01:56,242 - INFO - Boosted OOD loss: 0.0787
2025-09-05 03:01:57,883 - INFO - Boosted OOD loss: 0.0567
2025-09-05 03:02:02,222 - INFO - Boosted OOD loss: 0.0935
2025-09-05 03:02:02,783 - INFO - Boosted OOD loss: 0.0909
2025-09-05 03:02:06,573 - WARNING - No anomaly pixels (254) found in batch
2025-09-05 03:02:08,201 - INFO - Boosted OOD loss: 0.1419
2025-09-05 03:02:08,764 - INFO - Boosted OOD loss: 0.0450
2025-09-05 03:02:09,869 - INFO - Boosted OOD loss: 0.0862
2025-09-05 03:02:10,429 - INFO - Boosted OOD loss: 0.1127
2025-09-05 03:02:12,603 - INFO - Boosted OOD loss: 0.0892
2025-09-05 03:02:15,318 - INFO - Boosted OOD loss: 0.1029
2025-09-05 03:02:15,881 - INFO - Boosted OOD loss: 0.0645
2025-09-05 03:02:18,598 - INFO - Boosted OOD loss: 0.0887
2025-09-05 03:02:19,161 - INFO - Boosted OOD loss: 0.1022
2025-09-05 03:02:19,723 - INFO - Boosted OOD loss: 0.0579
2025-09-05 03:02:25,147 - INFO - Boosted OOD loss: 0.0849
2025-09-05 03:02:26,252 - INFO - Boosted OOD loss: 0.0549
2025-09-05 03:02:29,526 - INFO - Boosted OOD loss: 0.0514
2025-09-05 03:02:30,633 - INFO - Boosted OOD loss: 0.0655
2025-09-05 03:02:33,897 - INFO - Boosted OOD loss: 0.0577
2025-09-05 03:02:33,898 - INFO - Step 14550 Loss Debug:
2025-09-05 03:02:33,898 - INFO -  CE: 1.5964
2025-09-05 03:02:33,898 - INFO -  OOD: 0.0577
2025-09-05 03:02:33,898 - INFO -  β: 32.00
2025-09-05 03:02:33,898 - INFO -  ID: 3682, OOD(254): 412
2025-09-05 03:02:34,458 - INFO - Boosted OOD loss: 0.0929
2025-09-05 03:02:35,021 - INFO - Boosted OOD loss: 0.0539
2025-09-05 03:02:36,667 - INFO - Boosted OOD loss: 0.0697
2025-09-05 03:02:46,942 - INFO - Boosted OOD loss: 0.0921
2025-09-05 03:02:54,512 - INFO - Boosted OOD loss: 0.1155
2025-09-05 03:03:00,456 - INFO - Boosted OOD loss: 0.1190
2025-09-05 03:03:01,006 - WARNING - No anomaly pixels (254) found in batch
2025-09-05 03:03:04,785 - INFO - Boosted OOD loss: 0.0956
2025-09-05 03:03:05,882 - INFO - Boosted OOD loss: 0.0954
2025-09-05 03:03:15,617 - INFO - Boosted OOD loss: 0.0557
2025-09-05 03:03:16,724 - INFO - Boosted OOD loss: 0.0721
2025-09-05 03:03:19,453 - INFO - Boosted OOD loss: 0.0457
2025-09-05 03:03:21,097 - INFO - Boosted OOD loss: 0.0977
2025-09-05 03:03:23,810 - INFO - Boosted OOD loss: 0.0915
2025-09-05 03:03:24,369 - INFO - Boosted OOD loss: 0.1116
2025-09-05 03:03:29,791 - INFO - Boosted OOD loss: 0.0882
2025-09-05 03:03:36,285 - INFO - Boosted OOD loss: 0.0790
2025-09-05 03:03:40,085 - INFO - Boosted OOD loss: 0.0768
2025-09-05 03:03:42,265 - INFO - Boosted OOD loss: 0.0597
2025-09-05 03:03:44,988 - INFO - Boosted OOD loss: 0.0365
2025-09-05 03:03:47,708 - INFO - Boosted OOD loss: 0.0764
2025-09-05 03:03:53,122 - INFO - Boosted OOD loss: 0.0898
2025-09-05 03:03:55,299 - WARNING - No anomaly pixels (254) found in batch
2025-09-05 03:03:56,381 - INFO - Boosted OOD loss: 0.1002
2025-09-05 03:03:58,021 - INFO - Boosted OOD loss: 0.0793
2025-09-05 03:03:59,664 - INFO - Boosted OOD loss: 0.0825
2025-09-05 03:04:00,768 - INFO - Boosted OOD loss: 0.0889
2025-09-05 03:04:01,326 - INFO - Boosted OOD loss: 0.0781
2025-09-05 03:04:04,043 - INFO - Boosted OOD loss: 0.0836
2025-09-05 03:04:05,144 - INFO - Boosted OOD loss: 0.1038
2025-09-05 03:04:08,943 - INFO - Boosted OOD loss: 0.0794
2025-09-05 03:04:09,500 - INFO - Boosted OOD loss: 0.0788
2025-09-05 03:04:13,304 - INFO - Boosted OOD loss: 0.0810
2025-09-05 03:04:16,564 - INFO - Boosted OOD loss: 0.0567
2025-09-05 03:04:21,978 - INFO - Boosted OOD loss: 0.0871
2025-09-05 03:04:22,543 - INFO - Boosted OOD loss: 0.0589
2025-09-05 03:04:22,543 - INFO - Step 14750 Loss Debug:
2025-09-05 03:04:22,544 - INFO -  CE: 1.7691
2025-09-05 03:04:22,544 - INFO -  OOD: 0.0589
2025-09-05 03:04:22,544 - INFO -  β: 32.00
2025-09-05 03:04:22,544 - INFO -  ID: 5699, OOD(254): 2184
2025-09-05 03:04:24,186 - INFO - Boosted OOD loss: 0.0926
2025-09-05 03:04:27,441 - INFO - Boosted OOD loss: 0.0496
2025-09-05 03:04:28,543 - INFO - Boosted OOD loss: 0.0889
2025-09-05 03:04:30,725 - INFO - Boosted OOD loss: 0.0634
2025-09-05 03:04:32,361 - INFO - Boosted OOD loss: 0.0457
2025-09-05 03:04:34,000 - INFO - Boosted OOD loss: 0.0901
2025-09-05 03:04:35,639 - INFO - Boosted OOD loss: 0.0782
2025-09-05 03:04:36,738 - INFO - Boosted OOD loss: 0.0664
2025-09-05 03:04:38,918 - INFO - Boosted OOD loss: 0.0358
2025-09-05 03:04:41,097 - INFO - Boosted OOD loss: 0.0771
2025-09-05 03:04:41,654 - INFO - Boosted OOD loss: 0.0650
2025-09-05 03:04:42,217 - INFO - Boosted OOD loss: 0.0931
2025-09-05 03:04:42,777 - INFO - Boosted OOD loss: 0.0784
2025-09-05 03:04:48,185 - INFO - Boosted OOD loss: 0.0924
2025-09-05 03:04:49,289 - INFO - Boosted OOD loss: 0.0460
2025-09-05 03:04:49,844 - WARNING - No anomaly pixels (254) found in batch
2025-09-05 03:04:50,930 - INFO - Boosted OOD loss: 0.0960
2025-09-05 03:04:52,571 - INFO - Boosted OOD loss: 0.1066
2025-09-05 03:04:53,672 - INFO - Boosted OOD loss: 0.0919
2025-09-05 03:04:55,309 - INFO - Boosted OOD loss: 0.0867
2025-09-05 03:04:55,864 - INFO - Boosted OOD loss: 0.1003
2025-09-05 03:04:58,040 - INFO - Boosted OOD loss: 0.0919
2025-09-05 03:04:58,598 - INFO - Boosted OOD loss: 0.0859
2025-09-05 03:04:59,697 - INFO - Boosted OOD loss: 0.0855
2025-09-05 03:05:04,028 - INFO - Boosted OOD loss: 0.0817
2025-09-05 03:05:05,672 - INFO - Boosted OOD loss: 0.0281
2025-09-05 03:05:06,236 - INFO - Boosted OOD loss: 0.0720
2025-09-05 03:05:07,335 - INFO - Boosted OOD loss: 0.0877
2025-09-05 03:05:08,975 - INFO - Boosted OOD loss: 0.0820
2025-09-05 03:05:14,922 - INFO - Boosted OOD loss: 0.0785
2025-09-05 03:05:19,256 - INFO - Boosted OOD loss: 0.1072
2025-09-05 03:05:20,355 - INFO - Boosted OOD loss: 0.0863
2025-09-05 03:05:20,920 - INFO - Boosted OOD loss: 0.0532
2025-09-05 03:05:28,488 - INFO - Boosted OOD loss: 0.0830
2025-09-05 03:05:29,589 - INFO - Boosted OOD loss: 0.0750
2025-09-05 03:05:30,146 - INFO - Boosted OOD loss: 0.0761
2025-09-05 03:05:32,325 - INFO - Boosted OOD loss: 0.1067
2025-09-05 03:05:35,045 - INFO - Boosted OOD loss: 0.0879
2025-09-05 03:05:38,299 - INFO - Boosted OOD loss: 0.0952
2025-09-05 03:05:38,857 - INFO - Boosted OOD loss: 0.0977
2025-09-05 03:05:44,258 - WARNING - No anomaly pixels (254) found in batch
2025-09-05 03:05:46,965 - INFO - Boosted OOD loss: 0.0737
2025-09-05 03:05:48,065 - INFO - Boosted OOD loss: 0.0773
2025-09-05 03:05:48,626 - INFO - Boosted OOD loss: 0.0831
2025-09-05 03:05:51,342 - INFO - Boosted OOD loss: 0.0802
2025-09-05 03:05:58,370 - INFO - Boosted OOD loss: 0.0925
2025-09-05 03:05:58,931 - INFO - Boosted OOD loss: 0.0291
2025-09-05 03:06:00,572 - INFO - Boosted OOD loss: 0.0736
2025-09-05 03:06:04,369 - INFO - Boosted OOD loss: 0.0841
2025-09-05 03:06:04,928 - INFO - Boosted OOD loss: 0.0732
2025-09-05 03:06:08,182 - INFO - Boosted OOD loss: 0.0814
2025-09-05 03:06:10,894 - INFO - Boosted OOD loss: 0.0633
2025-09-05 03:06:14,690 - INFO - Boosted OOD loss: 0.0971
2025-09-05 03:06:18,487 - INFO - Boosted OOD loss: 0.0996
2025-09-05 03:06:20,125 - INFO - Boosted OOD loss: 0.0466
2025-09-05 03:06:23,922 - INFO - Boosted OOD loss: 0.1098
2025-09-05 03:06:28,252 - INFO - Boosted OOD loss: 0.0839
2025-09-05 03:06:38,499 - WARNING - No anomaly pixels (254) found in batch
2025-09-05 03:06:41,744 - INFO - Boosted OOD loss: 0.0584
2025-09-05 03:06:46,082 - INFO - Boosted OOD loss: 0.0534
2025-09-05 03:06:47,183 - INFO - Boosted OOD loss: 0.0746
2025-09-05 03:06:47,743 - INFO - Boosted OOD loss: 0.0725
2025-09-05 03:06:48,304 - INFO - Boosted OOD loss: 0.0800
2025-09-05 03:06:49,401 - INFO - Boosted OOD loss: 0.0439
2025-09-05 03:06:53,734 - INFO - Boosted OOD loss: 0.0977
2025-09-05 03:06:55,911 - INFO - Boosted OOD loss: 0.0521
2025-09-05 03:07:00,247 - INFO - Boosted OOD loss: 0.0509
2025-09-05 03:07:03,505 - INFO - Boosted OOD loss: 0.0735
2025-09-05 03:07:06,766 - INFO - Boosted OOD loss: 0.0419
2025-09-05 03:07:13,262 - INFO - Boosted OOD loss: 0.0716
2025-09-05 03:07:14,904 - INFO - Boosted OOD loss: 0.0727
2025-09-05 03:07:26,264 - INFO - Boosted OOD loss: 0.0387
2025-09-05 03:07:26,828 - INFO - Boosted OOD loss: 0.1017
2025-09-05 03:07:29,540 - INFO - Boosted OOD loss: 0.0739
2025-09-05 03:07:31,719 - INFO - Boosted OOD loss: 0.0541
2025-09-05 03:07:32,815 - WARNING - No anomaly pixels (254) found in batch
2025-09-05 03:07:39,297 - INFO - Boosted OOD loss: 0.0997
2025-09-05 03:07:42,014 - INFO - Boosted OOD loss: 0.0753
2025-09-05 03:07:44,191 - INFO - Boosted OOD loss: 0.0658
2025-09-05 03:07:46,910 - INFO - Boosted OOD loss: 0.0841
2025-09-05 03:07:50,161 - INFO - Boosted OOD loss: 0.0866
2025-09-05 03:07:52,879 - INFO - Boosted OOD loss: 0.0940
2025-09-05 03:07:57,213 - INFO - Boosted OOD loss: 0.0852
2025-09-05 03:08:03,159 - INFO - Boosted OOD loss: 0.0843
2025-09-05 03:08:03,720 - INFO - Boosted OOD loss: 0.0831
2025-09-05 03:08:09,132 - INFO - Boosted OOD loss: 0.0836
2025-09-05 03:08:09,690 - INFO - Boosted OOD loss: 0.0837
2025-09-05 03:08:15,641 - INFO - Boosted OOD loss: 0.0776
2025-09-05 03:08:17,280 - INFO - Boosted OOD loss: 0.0601
2025-09-05 03:08:21,613 - INFO - Boosted OOD loss: 0.0824
2025-09-05 03:08:23,794 - INFO - Boosted OOD loss: 0.0562
2025-09-05 03:08:25,970 - INFO - Boosted OOD loss: 0.0779
2025-09-05 03:08:26,530 - INFO - Boosted OOD loss: 0.0252
2025-09-05 03:08:27,084 - WARNING - No anomaly pixels (254) found in batch
2025-09-05 03:08:33,014 - INFO - Boosted OOD loss: 0.0923
2025-09-05 03:08:37,351 - INFO - Boosted OOD loss: 0.0505
2025-09-05 03:08:42,764 - INFO - Boosted OOD loss: 0.0901
2025-09-05 03:08:43,866 - INFO - Boosted OOD loss: 0.0696
2025-09-05 03:08:47,660 - INFO - Boosted OOD loss: 0.0429
2025-09-05 03:08:50,377 - INFO - Boosted OOD loss: 0.1147
2025-09-05 03:08:52,016 - INFO - Boosted OOD loss: 0.0482
2025-09-05 03:08:53,652 - INFO - Boosted OOD loss: 0.0746
2025-09-05 03:08:54,216 - INFO - Boosted OOD loss: 0.0353
2025-09-05 03:08:54,216 - INFO - Step 15250 Loss Debug:
2025-09-05 03:08:54,216 - INFO -  CE: 1.9128
2025-09-05 03:08:54,217 - INFO -  OOD: 0.0353
2025-09-05 03:08:54,217 - INFO -  β: 32.00
2025-09-05 03:08:54,217 - INFO -  ID: 6289, OOD(254): 1069
2025-09-05 03:08:55,314 - INFO - Boosted OOD loss: 0.1049
2025-09-05 03:08:56,409 - INFO - Boosted OOD loss: 0.0656
2025-09-05 03:09:01,819 - INFO - Boosted OOD loss: 0.1005
2025-09-05 03:09:04,530 - INFO - Boosted OOD loss: 0.0888
2025-09-05 03:09:05,090 - INFO - Boosted OOD loss: 0.0758
2025-09-05 03:09:09,424 - INFO - Boosted OOD loss: 0.0907
2025-09-05 03:09:13,219 - INFO - Boosted OOD loss: 0.0606
2025-09-05 03:09:13,779 - INFO - Boosted OOD loss: 0.0546
2025-09-05 03:09:14,876 - INFO - Boosted OOD loss: 0.1140
2025-09-05 03:09:15,436 - INFO - Boosted OOD loss: 0.0557
2025-09-05 03:09:18,689 - INFO - Boosted OOD loss: 0.0964
2025-09-05 03:09:21,395 - WARNING - No anomaly pixels (254) found in batch
2025-09-05 03:09:27,334 - INFO - Boosted OOD loss: 0.0651
2025-09-05 03:09:35,441 - INFO - Boosted OOD loss: 0.0495
2025-09-05 03:09:38,699 - INFO - Boosted OOD loss: 0.0747
2025-09-05 03:09:42,496 - INFO - Boosted OOD loss: 0.0515
2025-09-05 03:09:46,834 - INFO - Boosted OOD loss: 0.0799
2025-09-05 03:09:47,394 - INFO - Boosted OOD loss: 0.0590
2025-09-05 03:09:55,504 - INFO - Boosted OOD loss: 0.0792
2025-09-05 03:10:06,304 - INFO - Boosted OOD loss: 0.0947
2025-09-05 03:10:09,023 - INFO - Boosted OOD loss: 0.0928
2025-09-05 03:10:13,902 - INFO - Boosted OOD loss: 0.0879
2025-09-05 03:10:15,534 - WARNING - No anomaly pixels (254) found in batch
2025-09-05 03:10:18,235 - INFO - Boosted OOD loss: 0.0865
2025-09-05 03:10:25,266 - INFO - Boosted OOD loss: 0.0970
2025-09-05 03:10:27,983 - INFO - Boosted OOD loss: 0.0716
2025-09-05 03:10:33,386 - INFO - Boosted OOD loss: 0.0945
2025-09-05 03:10:34,487 - INFO - Boosted OOD loss: 0.0949
2025-09-05 03:10:37,201 - INFO - Boosted OOD loss: 0.0871
2025-09-05 03:10:39,380 - INFO - Boosted OOD loss: 0.0581
2025-09-05 03:10:45,889 - INFO - Boosted OOD loss: 0.0384
2025-09-05 03:10:46,996 - INFO - Boosted OOD loss: 0.0566
2025-09-05 03:10:48,640 - INFO - Boosted OOD loss: 0.0809
2025-09-05 03:10:50,280 - INFO - Boosted OOD loss: 0.1059
2025-09-05 03:10:54,079 - INFO - Boosted OOD loss: 0.0587
2025-09-05 03:10:55,180 - INFO - Boosted OOD loss: 0.0922
2025-09-05 03:10:57,360 - INFO - Boosted OOD loss: 0.0939
2025-09-05 03:10:58,459 - INFO - Boosted OOD loss: 0.0699
2025-09-05 03:11:03,335 - INFO - Boosted OOD loss: 0.0974
2025-09-05 03:11:08,200 - INFO - Boosted OOD loss: 0.0991
2025-09-05 03:11:09,834 - WARNING - No anomaly pixels (254) found in batch
2025-09-05 03:11:16,863 - INFO - Boosted OOD loss: 0.0513
2025-09-05 03:11:18,504 - INFO - Boosted OOD loss: 0.0528
2025-09-05 03:11:22,304 - INFO - Boosted OOD loss: 0.0985
2025-09-05 03:11:23,403 - INFO - Boosted OOD loss: 0.0759
2025-09-05 03:11:23,966 - INFO - Boosted OOD loss: 0.0737
2025-09-05 03:11:25,067 - INFO - Boosted OOD loss: 0.0725
2025-09-05 03:11:26,704 - INFO - Boosted OOD loss: 0.1028
2025-09-05 03:11:27,798 - INFO - Boosted OOD loss: 0.0933
2025-09-05 03:11:28,357 - INFO - Boosted OOD loss: 0.0922
2025-09-05 03:11:28,918 - INFO - Boosted OOD loss: 0.0698
2025-09-05 03:11:29,479 - INFO - Boosted OOD loss: 0.0769
2025-09-05 03:11:32,192 - INFO - Boosted OOD loss: 0.0604
2025-09-05 03:11:32,750 - INFO - Boosted OOD loss: 0.0845
2025-09-05 03:11:34,926 - INFO - Boosted OOD loss: 0.1024
2025-09-05 03:11:36,562 - INFO - Boosted OOD loss: 0.0834
2025-09-05 03:11:39,820 - INFO - Boosted OOD loss: 0.0920
2025-09-05 03:11:40,922 - INFO - Boosted OOD loss: 0.0704
2025-09-05 03:11:41,484 - INFO - Boosted OOD loss: 0.0464
2025-09-05 03:11:52,297 - INFO - Boosted OOD loss: 0.0838
2025-09-05 03:11:52,852 - INFO - Boosted OOD loss: 0.0867
2025-09-05 03:11:58,807 - INFO - Boosted OOD loss: 0.1035
2025-09-05 03:12:02,601 - INFO - Boosted OOD loss: 0.0649
2025-09-05 03:12:04,236 - WARNING - No anomaly pixels (254) found in batch
2025-09-05 03:12:10,178 - INFO - Boosted OOD loss: 0.0603
2025-09-05 03:12:18,846 - INFO - Boosted OOD loss: 0.0366
2025-09-05 03:12:21,576 - INFO - Boosted OOD loss: 0.0902
2025-09-05 03:12:27,533 - INFO - Boosted OOD loss: 0.1055
2025-09-05 03:12:28,632 - INFO - Boosted OOD loss: 0.0771
2025-09-05 03:12:29,194 - INFO - Boosted OOD loss: 0.0702
2025-09-05 03:12:32,998 - INFO - Boosted OOD loss: 0.0937
2025-09-05 03:12:34,637 - INFO - Boosted OOD loss: 0.0820
2025-09-05 03:12:41,666 - INFO - Boosted OOD loss: 0.0846
2025-09-05 03:12:44,925 - INFO - Boosted OOD loss: 0.0594
2025-09-05 03:12:49,798 - INFO - Boosted OOD loss: 0.1060
2025-09-05 03:12:58,435 - WARNING - No anomaly pixels (254) found in batch
2025-09-05 03:13:03,286 - INFO - Boosted OOD loss: 0.0350
2025-09-05 03:13:04,930 - INFO - Boosted OOD loss: 0.0646
2025-09-05 03:13:06,564 - INFO - Boosted OOD loss: 0.1019
2025-09-05 03:13:09,813 - INFO - Boosted OOD loss: 0.0859
2025-09-05 03:13:13,067 - INFO - Boosted OOD loss: 0.0796
2025-09-05 03:13:17,396 - INFO - Boosted OOD loss: 0.0520
2025-09-05 03:13:19,575 - INFO - Boosted OOD loss: 0.0813
2025-09-05 03:13:21,748 - INFO - Boosted OOD loss: 0.0921
2025-09-05 03:13:22,843 - INFO - Boosted OOD loss: 0.1125
2025-09-05 03:13:28,789 - INFO - Boosted OOD loss: 0.0674
2025-09-05 03:13:29,354 - INFO - Boosted OOD loss: 0.0745
2025-09-05 03:13:32,617 - INFO - Boosted OOD loss: 0.0473
2025-09-05 03:13:35,883 - INFO - Boosted OOD loss: 0.0478
2025-09-05 03:13:36,985 - INFO - Boosted OOD loss: 0.0830
2025-09-05 03:13:38,083 - INFO - Boosted OOD loss: 0.1092
2025-09-05 03:13:40,258 - INFO - Boosted OOD loss: 0.0852
2025-09-05 03:13:40,818 - INFO - Boosted OOD loss: 0.1164
2025-09-05 03:13:46,760 - INFO - Boosted OOD loss: 0.0744
2025-09-05 03:13:50,017 - INFO - Boosted OOD loss: 0.0617
2025-09-05 03:13:52,198 - INFO - Boosted OOD loss: 0.0922
2025-09-05 03:13:52,758 - INFO - Boosted OOD loss: 0.0314
2025-09-05 03:13:52,758 - INFO - Step 15800 Loss Debug:
2025-09-05 03:13:52,758 - INFO -  CE: 1.8434
2025-09-05 03:13:52,759 - INFO -  OOD: 0.0314
2025-09-05 03:13:52,759 - INFO -  β: 32.00
2025-09-05 03:13:52,759 - INFO -  ID: 6292, OOD(254): 805
2025-09-05 03:13:53,320 - INFO - Boosted OOD loss: 0.0923
2025-09-05 03:13:54,960 - INFO - Boosted OOD loss: 0.0515
2025-09-05 03:13:56,603 - INFO - Boosted OOD loss: 0.0660
2025-09-05 03:13:57,707 - INFO - Boosted OOD loss: 0.0622
2025-09-05 03:14:03,667 - INFO - Boosted OOD loss: 0.0554
2025-09-05 03:14:07,473 - INFO - Boosted OOD loss: 0.0537
2025-09-05 03:14:08,580 - INFO - Boosted OOD loss: 0.0686
2025-09-05 03:14:10,226 - INFO - Boosted OOD loss: 0.0769
2025-09-05 03:14:10,785 - INFO - Boosted OOD loss: 0.1020
2025-09-05 03:14:12,430 - INFO - Boosted OOD loss: 0.0431
2025-09-05 03:14:15,154 - INFO - Boosted OOD loss: 0.0794
2025-09-05 03:14:16,796 - INFO - Boosted OOD loss: 0.0473
2025-09-05 03:14:20,596 - INFO - Boosted OOD loss: 0.0897
2025-09-05 03:14:21,697 - INFO - Boosted OOD loss: 0.0901
2025-09-05 03:14:22,259 - INFO - Boosted OOD loss: 0.0619
2025-09-05 03:14:23,363 - INFO - Boosted OOD loss: 0.0821
2025-09-05 03:14:26,089 - INFO - Boosted OOD loss: 0.0412
2025-09-05 03:14:31,518 - INFO - Boosted OOD loss: 0.0698
2025-09-05 03:14:32,080 - INFO - Boosted OOD loss: 0.0883
2025-09-05 03:14:33,183 - INFO - Boosted OOD loss: 0.0451
2025-09-05 03:14:34,288 - INFO - Boosted OOD loss: 0.0875
2025-09-05 03:14:36,468 - INFO - Boosted OOD loss: 0.0927
2025-09-05 03:14:38,108 - INFO - Boosted OOD loss: 0.0710
2025-09-05 03:14:40,832 - INFO - Boosted OOD loss: 0.0358
2025-09-05 03:14:41,934 - INFO - Boosted OOD loss: 0.0873
2025-09-05 03:14:43,569 - INFO - Boosted OOD loss: 0.1202
2025-09-05 03:14:45,207 - INFO - Boosted OOD loss: 0.0754
2025-09-05 03:14:47,382 - WARNING - No anomaly pixels (254) found in batch
2025-09-05 03:14:49,550 - INFO - Boosted OOD loss: 0.0889
2025-09-05 03:14:51,730 - INFO - Boosted OOD loss: 0.0780
2025-09-05 03:15:10,090 - INFO - Boosted OOD loss: 0.0894
2025-09-05 03:15:14,425 - INFO - Boosted OOD loss: 0.1235
2025-09-05 03:15:14,425 - INFO - Step 15950 Loss Debug:
2025-09-05 03:15:14,426 - INFO -  CE: 1.6728
2025-09-05 03:15:14,426 - INFO -  OOD: 0.1235
2025-09-05 03:15:14,426 - INFO -  β: 32.00
2025-09-05 03:15:14,426 - INFO -  ID: 4050, OOD(254): 25
2025-09-05 03:15:17,144 - INFO - Boosted OOD loss: 0.0509
2025-09-05 03:15:19,867 - INFO - Boosted OOD loss: 0.0828
2025-09-05 03:15:24,216 - INFO - Boosted OOD loss: 0.0553
2025-09-05 03:15:25,862 - INFO - Boosted OOD loss: 0.0404
2025-09-05 03:15:27,504 - INFO - Boosted OOD loss: 0.1034
2025-09-05 03:15:28,599 - INFO - Boosted OOD loss: 0.1032
2025-09-05 03:15:30,777 - INFO - Boosted OOD loss: 0.1120
2025-09-05 03:15:31,337 - INFO - Boosted OOD loss: 0.0797
2025-09-05 03:15:32,440 - INFO - Boosted OOD loss: 0.0793
2025-09-05 03:15:32,997 - INFO - Boosted OOD loss: 0.0792
2025-09-05 03:15:33,560 - INFO - Boosted OOD loss: 0.0985
2025-09-05 03:15:34,122 - INFO - Boosted OOD loss: 0.0671
2025-09-05 03:15:34,683 - INFO - Boosted OOD loss: 0.0973
2025-09-05 03:15:37,945 - INFO - Boosted OOD loss: 0.0921
2025-09-05 03:15:38,504 - INFO - Boosted OOD loss: 0.0851
2025-09-05 03:15:39,066 - INFO - Boosted OOD loss: 0.0716
2025-09-05 03:15:40,171 - INFO - Boosted OOD loss: 0.0734
2025-09-05 03:15:41,275 - INFO - Boosted OOD loss: 0.1192
2025-09-05 03:15:41,827 - WARNING - No anomaly pixels (254) found in batch
2025-09-05 03:15:45,622 - INFO - Boosted OOD loss: 0.0816
2025-09-05 03:15:48,890 - INFO - Boosted OOD loss: 0.0979
2025-09-05 03:15:49,993 - INFO - Boosted OOD loss: 0.0630
2025-09-05 03:15:53,799 - INFO - Boosted OOD loss: 0.0776
2025-09-05 03:15:58,140 - INFO - Boosted OOD loss: 0.0839
2025-09-05 03:16:00,862 - INFO - Boosted OOD loss: 0.0486
2025-09-05 03:16:02,045 - INFO - Updated beta to 14.49 (exp decay)
2025-09-05 03:16:23,132 - WARNING - Negative mean energy—verify E_b formula/signs
2025-09-05 03:16:23,133 - INFO - Weights updated successfully
2025-09-05 03:16:23,133 - INFO - Advanced epoch 9 - Updated beta: 14.49
2025-09-05 03:16:23,133 - INFO - Epoch 9 - Avg CE: 1.8369, Avg OOD: 0.0149, β: 32
2025-09-05 03:16:23,242 - INFO - 
Starting Epoch 10/100
2025-09-05 03:16:23,242 - INFO - ============================================================
2025-09-05 03:16:23,244 - INFO - 
Updating Hopfield boosting weights at epoch 10...
2025-09-05 03:16:33,859 - WARNING - Negative mean energy—verify E_b formula/signs
2025-09-05 03:16:33,860 - INFO - Weights updated successfully
2025-09-05 03:16:33,860 - INFO - Weight Update Debug at Epoch 10: No high-weight OOD pixels found
2025-09-05 03:16:35,994 - INFO - Boosted OOD loss: 0.0637
2025-09-05 03:16:37,626 - INFO - Boosted OOD loss: 0.0858
2025-09-05 03:16:43,040 - INFO - Boosted OOD loss: 0.0698
2025-09-05 03:16:46,842 - INFO - Boosted OOD loss: 0.0459
2025-09-05 03:16:47,403 - INFO - Boosted OOD loss: 0.0577
2025-09-05 03:16:50,126 - INFO - Boosted OOD loss: 0.1191
2025-09-05 03:16:52,853 - INFO - Boosted OOD loss: 0.0739
2025-09-05 03:16:55,047 - INFO - Boosted OOD loss: 0.0872
2025-09-05 03:16:59,415 - INFO - Boosted OOD loss: 0.0639
2025-09-05 03:17:03,240 - INFO - Boosted OOD loss: 0.0942
2025-09-05 03:17:05,432 - INFO - Boosted OOD loss: 0.1073
2025-09-05 03:17:06,540 - INFO - Boosted OOD loss: 0.0716
2025-09-05 03:17:08,733 - INFO - Boosted OOD loss: 0.0929
2025-09-05 03:17:08,733 - INFO - Step 16100 Loss Debug:
2025-09-05 03:17:08,734 - INFO -  CE: 1.6342
2025-09-05 03:17:08,734 - INFO -  OOD: 0.0929
2025-09-05 03:17:08,734 - INFO -  β: 32.00
2025-09-05 03:17:08,734 - INFO -  ID: 5688, OOD(254): 322
2025-09-05 03:17:15,262 - INFO - Boosted OOD loss: 0.0439
2025-09-05 03:17:16,913 - INFO - Boosted OOD loss: 0.0725
2025-09-05 03:17:26,703 - INFO - Boosted OOD loss: 0.0636
2025-09-05 03:17:37,558 - INFO - Boosted OOD loss: 0.0802
2025-09-05 03:17:38,663 - INFO - Boosted OOD loss: 0.0989
2025-09-05 03:17:40,311 - INFO - Boosted OOD loss: 0.0723
2025-09-05 03:17:43,578 - INFO - Boosted OOD loss: 0.0889
2025-09-05 03:17:45,223 - INFO - Boosted OOD loss: 0.0911
2025-09-05 03:17:46,868 - INFO - Boosted OOD loss: 0.0896
2025-09-05 03:17:47,429 - INFO - Boosted OOD loss: 0.0761
2025-09-05 03:17:49,073 - INFO - Boosted OOD loss: 0.1001
2025-09-05 03:17:49,636 - INFO - Boosted OOD loss: 0.1095
2025-09-05 03:17:50,736 - INFO - Boosted OOD loss: 0.0745
2025-09-05 03:17:54,546 - INFO - Boosted OOD loss: 0.0868
2025-09-05 03:17:59,981 - INFO - Boosted OOD loss: 0.0779
2025-09-05 03:18:03,239 - WARNING - No anomaly pixels (254) found in batch
2025-09-05 03:18:06,490 - INFO - Boosted OOD loss: 0.0480
2025-09-05 03:18:15,161 - INFO - Boosted OOD loss: 0.0519
2025-09-05 03:18:15,720 - INFO - Boosted OOD loss: 0.0721
2025-09-05 03:18:17,903 - INFO - Boosted OOD loss: 0.0916
2025-09-05 03:18:18,461 - INFO - Boosted OOD loss: 0.1176
2025-09-05 03:18:19,020 - INFO - Boosted OOD loss: 0.0920
2025-09-05 03:18:22,285 - INFO - Boosted OOD loss: 0.0875
2025-09-05 03:18:23,387 - INFO - Boosted OOD loss: 0.0644
2025-09-05 03:18:32,585 - INFO - Boosted OOD loss: 0.0668
2025-09-05 03:18:35,842 - INFO - Boosted OOD loss: 0.0748
2025-09-05 03:18:38,558 - INFO - Boosted OOD loss: 0.0783
2025-09-05 03:18:40,743 - INFO - Boosted OOD loss: 0.0996
2025-09-05 03:18:41,301 - INFO - Boosted OOD loss: 0.0740
2025-09-05 03:18:42,945 - INFO - Boosted OOD loss: 0.0531
2025-09-05 03:18:44,051 - INFO - Boosted OOD loss: 0.0717
2025-09-05 03:18:45,159 - INFO - Boosted OOD loss: 0.0769
2025-09-05 03:18:46,801 - INFO - Boosted OOD loss: 0.1106
2025-09-05 03:18:50,067 - INFO - Boosted OOD loss: 0.0657
2025-09-05 03:18:50,631 - INFO - Boosted OOD loss: 0.0594
2025-09-05 03:18:51,736 - INFO - Boosted OOD loss: 0.1026
2025-09-05 03:18:55,531 - INFO - Boosted OOD loss: 0.1058
2025-09-05 03:18:57,708 - INFO - Boosted OOD loss: 0.0673
2025-09-05 03:18:57,708 - INFO - Step 16300 Loss Debug:
2025-09-05 03:18:57,708 - INFO -  CE: 2.1890
2025-09-05 03:18:57,709 - INFO -  OOD: 0.0673
2025-09-05 03:18:57,709 - INFO -  β: 32.00
2025-09-05 03:18:57,709 - INFO -  ID: 5894, OOD(254): 262
2025-09-05 03:19:03,132 - INFO - Boosted OOD loss: 0.0420
2025-09-05 03:19:05,315 - INFO - Boosted OOD loss: 0.0643
2025-09-05 03:19:08,033 - INFO - Boosted OOD loss: 0.1000
2025-09-05 03:19:08,593 - INFO - Boosted OOD loss: 0.0726
2025-09-05 03:19:12,923 - INFO - Boosted OOD loss: 0.0866
2025-09-05 03:19:14,019 - INFO - Boosted OOD loss: 0.0868
2025-09-05 03:19:20,513 - INFO - Boosted OOD loss: 0.0645
2025-09-05 03:19:21,611 - INFO - Boosted OOD loss: 0.0894
2025-09-05 03:19:23,247 - INFO - Boosted OOD loss: 0.0727
2025-09-05 03:19:24,345 - INFO - Boosted OOD loss: 0.0686
2025-09-05 03:19:27,062 - INFO - Boosted OOD loss: 0.0892
2025-09-05 03:19:27,619 - INFO - Boosted OOD loss: 0.0458
2025-09-05 03:19:30,337 - INFO - Boosted OOD loss: 0.0830
2025-09-05 03:19:31,437 - INFO - Boosted OOD loss: 0.0704
2025-09-05 03:19:36,851 - INFO - Boosted OOD loss: 0.0516
2025-09-05 03:19:42,267 - INFO - Boosted OOD loss: 0.0600
2025-09-05 03:19:43,365 - INFO - Boosted OOD loss: 0.0927
2025-09-05 03:19:44,463 - INFO - Boosted OOD loss: 0.1026
2025-09-05 03:19:48,793 - INFO - Boosted OOD loss: 0.0862
2025-09-05 03:19:49,892 - INFO - Boosted OOD loss: 0.0709
2025-09-05 03:19:51,529 - INFO - Boosted OOD loss: 0.0686
2025-09-05 03:19:52,095 - INFO - Boosted OOD loss: 0.0486
2025-09-05 03:19:52,095 - INFO - Step 16400 Loss Debug:
2025-09-05 03:19:52,095 - INFO -  CE: 1.8454
2025-09-05 03:19:52,096 - INFO -  OOD: 0.0486
2025-09-05 03:19:52,096 - INFO -  β: 32.00
2025-09-05 03:19:52,096 - INFO -  ID: 6440, OOD(254): 850
2025-09-05 03:20:02,375 - INFO - Boosted OOD loss: 0.0815
2025-09-05 03:20:04,553 - INFO - Boosted OOD loss: 0.0612
2025-09-05 03:20:06,732 - INFO - Boosted OOD loss: 0.0652
2025-09-05 03:20:10,530 - INFO - Boosted OOD loss: 0.0705
2025-09-05 03:20:11,632 - INFO - Boosted OOD loss: 0.0840
2025-09-05 03:20:14,354 - INFO - Boosted OOD loss: 0.0927
2025-09-05 03:20:15,991 - INFO - Boosted OOD loss: 0.0829
2025-09-05 03:20:19,249 - INFO - Boosted OOD loss: 0.0808
2025-09-05 03:20:19,249 - INFO - Step 16450 Loss Debug:
2025-09-05 03:20:19,249 - INFO -  CE: 1.8438
2025-09-05 03:20:19,249 - INFO -  OOD: 0.0808
2025-09-05 03:20:19,250 - INFO -  β: 32.00
2025-09-05 03:20:19,250 - INFO -  ID: 5268, OOD(254): 77
2025-09-05 03:20:19,808 - INFO - Boosted OOD loss: 0.0821
2025-09-05 03:20:22,527 - INFO - Boosted OOD loss: 0.0738
2025-09-05 03:20:24,166 - INFO - Boosted OOD loss: 0.0482
2025-09-05 03:20:25,804 - INFO - Boosted OOD loss: 0.0828
2025-09-05 03:20:32,300 - INFO - Boosted OOD loss: 0.0828
2025-09-05 03:20:34,483 - INFO - Boosted OOD loss: 0.0824
2025-09-05 03:20:35,044 - INFO - Boosted OOD loss: 0.0718
2025-09-05 03:20:35,602 - INFO - Boosted OOD loss: 0.0427
2025-09-05 03:20:38,327 - INFO - Boosted OOD loss: 0.0745
2025-09-05 03:20:38,891 - INFO - Boosted OOD loss: 0.0785
2025-09-05 03:20:40,530 - INFO - Boosted OOD loss: 0.0708
2025-09-05 03:20:41,089 - INFO - Boosted OOD loss: 0.0844
2025-09-05 03:20:41,648 - INFO - Boosted OOD loss: 0.0806
2025-09-05 03:20:42,748 - INFO - Boosted OOD loss: 0.0817
2025-09-05 03:20:46,008 - INFO - Boosted OOD loss: 0.0491
2025-09-05 03:20:46,565 - WARNING - No anomaly pixels (254) found in batch
2025-09-05 03:20:47,650 - INFO - Boosted OOD loss: 0.0796
2025-09-05 03:20:53,063 - INFO - Boosted OOD loss: 0.1247
2025-09-05 03:20:54,166 - INFO - Boosted OOD loss: 0.0931
2025-09-05 03:20:54,726 - INFO - Boosted OOD loss: 0.0856
2025-09-05 03:20:59,606 - INFO - Boosted OOD loss: 0.0629
2025-09-05 03:21:01,250 - INFO - Boosted OOD loss: 0.0510
2025-09-05 03:21:08,832 - INFO - Boosted OOD loss: 0.0659
2025-09-05 03:21:09,392 - INFO - Boosted OOD loss: 0.0771
2025-09-05 03:21:12,117 - INFO - Boosted OOD loss: 0.0798
2025-09-05 03:21:14,302 - INFO - Boosted OOD loss: 0.0849
2025-09-05 03:21:17,569 - INFO - Boosted OOD loss: 0.0535
2025-09-05 03:21:18,130 - INFO - Boosted OOD loss: 0.0851
2025-09-05 03:21:18,688 - INFO - Boosted OOD loss: 0.0991
2025-09-05 03:21:21,949 - INFO - Boosted OOD loss: 0.0644
2025-09-05 03:21:34,380 - INFO - Boosted OOD loss: 0.0669
2025-09-05 03:21:37,647 - INFO - Boosted OOD loss: 0.0639
2025-09-05 03:21:40,901 - WARNING - No anomaly pixels (254) found in batch
2025-09-05 03:21:43,607 - INFO - Boosted OOD loss: 0.0746
2025-09-05 03:21:45,246 - INFO - Boosted OOD loss: 0.1035
2025-09-05 03:21:46,343 - INFO - Boosted OOD loss: 0.0951
2025-09-05 03:21:46,904 - INFO - Boosted OOD loss: 0.0793
2025-09-05 03:21:48,545 - INFO - Boosted OOD loss: 0.0924
2025-09-05 03:21:49,105 - INFO - Boosted OOD loss: 0.0461
2025-09-05 03:21:50,750 - INFO - Boosted OOD loss: 0.0770
2025-09-05 03:21:52,390 - INFO - Boosted OOD loss: 0.0666
2025-09-05 03:21:54,577 - INFO - Boosted OOD loss: 0.0498
2025-09-05 03:21:56,762 - INFO - Boosted OOD loss: 0.0982
2025-09-05 03:21:58,942 - INFO - Boosted OOD loss: 0.0803
2025-09-05 03:22:09,754 - INFO - Boosted OOD loss: 0.0406
2025-09-05 03:22:10,857 - INFO - Boosted OOD loss: 0.0917
2025-09-05 03:22:18,433 - INFO - Boosted OOD loss: 0.0397
2025-09-05 03:22:21,697 - INFO - Boosted OOD loss: 0.0826
2025-09-05 03:22:22,798 - INFO - Boosted OOD loss: 0.0796
2025-09-05 03:22:24,978 - INFO - Boosted OOD loss: 0.0929
2025-09-05 03:22:28,779 - INFO - Boosted OOD loss: 0.0541
2025-09-05 03:22:29,345 - INFO - Boosted OOD loss: 0.0590
2025-09-05 03:22:29,910 - INFO - Boosted OOD loss: 0.0730
2025-09-05 03:22:33,715 - INFO - Boosted OOD loss: 0.0609
2025-09-05 03:22:34,275 - INFO - Boosted OOD loss: 0.0566
2025-09-05 03:22:35,371 - WARNING - No anomaly pixels (254) found in batch
2025-09-05 03:22:37,001 - INFO - Boosted OOD loss: 0.0645
2025-09-05 03:22:38,109 - INFO - Boosted OOD loss: 0.0552
2025-09-05 03:22:39,213 - INFO - Boosted OOD loss: 0.0977
2025-09-05 03:22:44,094 - INFO - Boosted OOD loss: 0.0837
2025-09-05 03:22:47,357 - INFO - Boosted OOD loss: 0.0996
2025-09-05 03:22:50,079 - INFO - Boosted OOD loss: 0.0845
2025-09-05 03:22:51,725 - INFO - Boosted OOD loss: 0.0574
2025-09-05 03:23:04,182 - INFO - Boosted OOD loss: 0.0375
2025-09-05 03:23:05,286 - INFO - Boosted OOD loss: 0.0957
2025-09-05 03:23:11,784 - INFO - Boosted OOD loss: 0.0819
2025-09-05 03:23:12,346 - INFO - Boosted OOD loss: 0.0735
2025-09-05 03:23:14,530 - INFO - Boosted OOD loss: 0.0806
2025-09-05 03:23:16,169 - INFO - Boosted OOD loss: 0.0702
2025-09-05 03:23:16,734 - INFO - Boosted OOD loss: 0.0326
2025-09-05 03:23:18,917 - INFO - Boosted OOD loss: 0.0943
2025-09-05 03:23:22,721 - INFO - Boosted OOD loss: 0.0895
2025-09-05 03:23:23,824 - INFO - Boosted OOD loss: 0.0221
2025-09-05 03:23:24,928 - INFO - Boosted OOD loss: 0.0601
2025-09-05 03:23:25,492 - INFO - Boosted OOD loss: 0.0516
2025-09-05 03:23:27,136 - INFO - Boosted OOD loss: 0.0916
2025-09-05 03:23:29,321 - INFO - Boosted OOD loss: 0.0461
2025-09-05 03:23:29,876 - WARNING - No anomaly pixels (254) found in batch
2025-09-05 03:23:32,041 - INFO - Boosted OOD loss: 0.0774
2025-09-05 03:23:33,683 - INFO - Boosted OOD loss: 0.0651
2025-09-05 03:23:35,870 - INFO - Boosted OOD loss: 0.0679
2025-09-05 03:23:36,429 - INFO - Boosted OOD loss: 0.0732
2025-09-05 03:23:37,530 - INFO - Boosted OOD loss: 0.0859
2025-09-05 03:23:39,172 - INFO - Boosted OOD loss: 0.0746
2025-09-05 03:23:45,129 - INFO - Boosted OOD loss: 0.0961
2025-09-05 03:23:48,930 - INFO - Boosted OOD loss: 0.1074
2025-09-05 03:23:49,492 - INFO - Boosted OOD loss: 0.0674
2025-09-05 03:23:52,216 - INFO - Boosted OOD loss: 0.0557
2025-09-05 03:23:52,779 - INFO - Boosted OOD loss: 0.0690
2025-09-05 03:23:53,882 - INFO - Boosted OOD loss: 0.0615
2025-09-05 03:23:54,983 - INFO - Boosted OOD loss: 0.0795
2025-09-05 03:23:59,325 - INFO - Boosted OOD loss: 0.0501
2025-09-05 03:24:02,047 - INFO - Boosted OOD loss: 0.0852
2025-09-05 03:24:03,689 - INFO - Boosted OOD loss: 0.0980
2025-09-05 03:24:08,028 - INFO - Boosted OOD loss: 0.0565
2025-09-05 03:24:10,750 - INFO - Boosted OOD loss: 0.0790
2025-09-05 03:24:11,309 - INFO - Boosted OOD loss: 0.0881
2025-09-05 03:24:15,104 - INFO - Boosted OOD loss: 0.0765
2025-09-05 03:24:18,368 - INFO - Boosted OOD loss: 0.0455
2025-09-05 03:24:18,930 - INFO - Boosted OOD loss: 0.0869
2025-09-05 03:24:22,723 - INFO - Boosted OOD loss: 0.0674
2025-09-05 03:24:24,360 - WARNING - No anomaly pixels (254) found in batch
2025-09-05 03:24:24,909 - INFO - Boosted OOD loss: 0.0862
2025-09-05 03:24:25,468 - INFO - Boosted OOD loss: 0.0922
2025-09-05 03:24:27,107 - INFO - Boosted OOD loss: 0.0935
2025-09-05 03:24:28,209 - INFO - Boosted OOD loss: 0.1059
2025-09-05 03:24:29,854 - INFO - Boosted OOD loss: 0.0674
2025-09-05 03:24:30,414 - INFO - Boosted OOD loss: 0.0813
2025-09-05 03:24:32,602 - INFO - Boosted OOD loss: 0.0378
2025-09-05 03:24:35,331 - INFO - Boosted OOD loss: 0.0396
2025-09-05 03:24:36,974 - INFO - Boosted OOD loss: 0.0770
2025-09-05 03:24:46,180 - INFO - Boosted OOD loss: 0.0862
2025-09-05 03:24:48,360 - INFO - Boosted OOD loss: 0.1044
2025-09-05 03:24:49,462 - INFO - Boosted OOD loss: 0.0758
2025-09-05 03:24:58,135 - INFO - Boosted OOD loss: 0.0392
2025-09-05 03:25:15,993 - INFO - Boosted OOD loss: 0.0837
2025-09-05 03:25:18,710 - INFO - Boosted OOD loss: 0.0974
2025-09-05 03:25:18,710 - INFO - Step 17000 Loss Debug:
2025-09-05 03:25:18,710 - INFO -  CE: 1.5376
2025-09-05 03:25:18,710 - INFO -  OOD: 0.0974
2025-09-05 03:25:18,710 - INFO -  β: 32.00
2025-09-05 03:25:18,710 - INFO -  ID: 5723, OOD(254): 156
2025-09-05 03:25:19,274 - INFO - Boosted OOD loss: 0.0793
2025-09-05 03:25:20,914 - INFO - Boosted OOD loss: 0.0943
2025-09-05 03:25:24,717 - INFO - Boosted OOD loss: 0.0732
2025-09-05 03:25:26,899 - INFO - Boosted OOD loss: 0.0670
2025-09-05 03:25:30,158 - INFO - Boosted OOD loss: 0.0923
2025-09-05 03:25:34,494 - INFO - Boosted OOD loss: 0.0837
2025-09-05 03:25:35,053 - INFO - Boosted OOD loss: 0.1054
2025-09-05 03:25:36,151 - INFO - Boosted OOD loss: 0.0913
2025-09-05 03:25:42,634 - INFO - Boosted OOD loss: 0.0722
2025-09-05 03:25:45,890 - INFO - Boosted OOD loss: 0.0978
2025-09-05 03:25:45,890 - INFO - Step 17050 Loss Debug:
2025-09-05 03:25:45,890 - INFO -  CE: 1.9555
2025-09-05 03:25:45,890 - INFO -  OOD: 0.0978
2025-09-05 03:25:45,891 - INFO -  β: 32.00
2025-09-05 03:25:45,891 - INFO -  ID: 7880, OOD(254): 166
2025-09-05 03:25:49,145 - INFO - Boosted OOD loss: 0.0718
2025-09-05 03:25:52,399 - INFO - Boosted OOD loss: 0.0858
2025-09-05 03:25:56,201 - INFO - Boosted OOD loss: 0.0611
2025-09-05 03:25:56,767 - INFO - Boosted OOD loss: 0.0934
2025-09-05 03:25:58,402 - INFO - Boosted OOD loss: 0.0937
2025-09-05 03:26:01,119 - INFO - Boosted OOD loss: 0.0997
2025-09-05 03:26:02,220 - INFO - Boosted OOD loss: 0.0902
2025-09-05 03:26:03,319 - INFO - Boosted OOD loss: 0.0833
2025-09-05 03:26:06,039 - INFO - Boosted OOD loss: 0.0863
2025-09-05 03:26:06,600 - INFO - Boosted OOD loss: 0.0827
2025-09-05 03:26:12,558 - INFO - Boosted OOD loss: 0.0619
2025-09-05 03:26:13,118 - INFO - Boosted OOD loss: 0.0778
2025-09-05 03:26:13,118 - INFO - Step 17100 Loss Debug:
2025-09-05 03:26:13,118 - INFO -  CE: 1.8096
2025-09-05 03:26:13,118 - INFO -  OOD: 0.0778
2025-09-05 03:26:13,119 - INFO -  β: 32.00
2025-09-05 03:26:13,119 - INFO -  ID: 5610, OOD(254): 349
2025-09-05 03:26:15,835 - INFO - Boosted OOD loss: 0.0817
2025-09-05 03:26:16,393 - INFO - Boosted OOD loss: 0.0876
2025-09-05 03:26:18,569 - INFO - Boosted OOD loss: 0.1176
2025-09-05 03:26:26,671 - INFO - Boosted OOD loss: 0.0946
2025-09-05 03:26:27,768 - INFO - Boosted OOD loss: 0.0701
2025-09-05 03:26:33,716 - INFO - Boosted OOD loss: 0.0611
2025-09-05 03:26:35,893 - INFO - Boosted OOD loss: 0.0868
2025-09-05 03:26:37,528 - INFO - Boosted OOD loss: 0.0987
2025-09-05 03:26:39,701 - INFO - Boosted OOD loss: 0.0885
2025-09-05 03:26:42,963 - INFO - Boosted OOD loss: 0.1061
2025-09-05 03:26:45,682 - INFO - Boosted OOD loss: 0.0718
2025-09-05 03:26:50,555 - INFO - Boosted OOD loss: 0.0914
2025-09-05 03:26:55,965 - INFO - Boosted OOD loss: 0.0436
2025-09-05 03:26:57,605 - INFO - Boosted OOD loss: 0.0899
2025-09-05 03:27:01,398 - INFO - Boosted OOD loss: 0.1025
2025-09-05 03:27:01,954 - INFO - Boosted OOD loss: 0.0947
2025-09-05 03:27:04,131 - INFO - Boosted OOD loss: 0.0833
2025-09-05 03:27:04,693 - INFO - Boosted OOD loss: 0.0653
2025-09-05 03:27:05,251 - INFO - Boosted OOD loss: 0.0713
2025-09-05 03:27:07,419 - WARNING - No anomaly pixels (254) found in batch
2025-09-05 03:27:08,504 - INFO - Boosted OOD loss: 0.0511
2025-09-05 03:27:09,608 - INFO - Boosted OOD loss: 0.0698
2025-09-05 03:27:11,245 - INFO - Boosted OOD loss: 0.0664
2025-09-05 03:27:13,424 - INFO - Boosted OOD loss: 0.0692
2025-09-05 03:27:13,989 - INFO - Boosted OOD loss: 0.0480
2025-09-05 03:27:15,090 - INFO - Boosted OOD loss: 0.0888
2025-09-05 03:27:15,649 - INFO - Boosted OOD loss: 0.0620
2025-09-05 03:27:25,364 - INFO - Boosted OOD loss: 0.0318
2025-09-05 03:27:28,617 - INFO - Boosted OOD loss: 0.0872
2025-09-05 03:27:32,407 - INFO - Boosted OOD loss: 0.0623
2025-09-05 03:27:32,969 - INFO - Boosted OOD loss: 0.0883
2025-09-05 03:27:34,611 - INFO - Boosted OOD loss: 0.0492
2025-09-05 03:27:34,612 - INFO - Step 17250 Loss Debug:
2025-09-05 03:27:34,612 - INFO -  CE: 1.7671
2025-09-05 03:27:34,612 - INFO -  OOD: 0.0492
2025-09-05 03:27:34,612 - INFO -  β: 32.00
2025-09-05 03:27:34,612 - INFO -  ID: 7074, OOD(254): 415
2025-09-05 03:27:37,327 - INFO - Boosted OOD loss: 0.0700
2025-09-05 03:27:41,662 - INFO - Boosted OOD loss: 0.0733
2025-09-05 03:27:42,759 - INFO - Boosted OOD loss: 0.0639
2025-09-05 03:27:44,396 - INFO - Boosted OOD loss: 0.0788
2025-09-05 03:27:48,731 - INFO - Boosted OOD loss: 0.0817
2025-09-05 03:27:49,290 - INFO - Boosted OOD loss: 0.0649
2025-09-05 03:27:49,846 - INFO - Boosted OOD loss: 0.0922
2025-09-05 03:27:50,402 - INFO - Boosted OOD loss: 0.1099
2025-09-05 03:27:56,883 - INFO - Boosted OOD loss: 0.1047
2025-09-05 03:27:57,979 - INFO - Boosted OOD loss: 0.0811
2025-09-05 03:27:59,076 - INFO - Boosted OOD loss: 0.0883
2025-09-05 03:28:01,251 - INFO - Boosted OOD loss: 0.0805
2025-09-05 03:28:01,803 - WARNING - No anomaly pixels (254) found in batch
2025-09-05 03:28:05,047 - INFO - Boosted OOD loss: 0.0699
2025-09-05 03:28:06,688 - INFO - Boosted OOD loss: 0.0798
2025-09-05 03:28:08,863 - INFO - Boosted OOD loss: 0.0664
2025-09-05 03:28:11,581 - INFO - Boosted OOD loss: 0.0546
2025-09-05 03:28:12,684 - INFO - Boosted OOD loss: 0.0301
2025-09-05 03:28:18,100 - INFO - Boosted OOD loss: 0.1185
2025-09-05 03:28:18,663 - INFO - Boosted OOD loss: 0.0631
2025-09-05 03:28:19,765 - INFO - Boosted OOD loss: 0.0611
2025-09-05 03:28:25,180 - INFO - Boosted OOD loss: 0.1021
2025-09-05 03:28:26,281 - INFO - Boosted OOD loss: 0.1106
2025-09-05 03:28:29,002 - INFO - Boosted OOD loss: 0.0914
2025-09-05 03:28:29,003 - INFO - Step 17350 Loss Debug:
2025-09-05 03:28:29,003 - INFO -  CE: 2.0539
2025-09-05 03:28:29,003 - INFO -  OOD: 0.0914
2025-09-05 03:28:29,003 - INFO -  β: 32.00
2025-09-05 03:28:29,003 - INFO -  ID: 7697, OOD(254): 290
2025-09-05 03:28:29,565 - INFO - Boosted OOD loss: 0.0833
2025-09-05 03:28:31,203 - INFO - Boosted OOD loss: 0.0890
2025-09-05 03:28:32,301 - INFO - Boosted OOD loss: 0.0915
2025-09-05 03:28:33,400 - INFO - Boosted OOD loss: 0.1194
2025-09-05 03:28:35,039 - INFO - Boosted OOD loss: 0.0755
2025-09-05 03:28:37,221 - INFO - Boosted OOD loss: 0.0280
2025-09-05 03:28:39,405 - INFO - Boosted OOD loss: 0.0781
2025-09-05 03:28:39,963 - INFO - Boosted OOD loss: 0.0729
2025-09-05 03:28:40,523 - INFO - Boosted OOD loss: 0.0225
2025-09-05 03:28:43,239 - INFO - Boosted OOD loss: 0.0796
2025-09-05 03:28:43,802 - INFO - Boosted OOD loss: 0.0561
2025-09-05 03:28:45,982 - INFO - Boosted OOD loss: 0.0684
2025-09-05 03:28:49,249 - INFO - Boosted OOD loss: 0.0406
2025-09-05 03:28:55,211 - INFO - Boosted OOD loss: 0.0590
2025-09-05 03:28:56,309 - WARNING - No anomaly pixels (254) found in batch
2025-09-05 03:28:59,553 - INFO - Boosted OOD loss: 0.0360
2025-09-05 03:29:01,196 - INFO - Boosted OOD loss: 0.1007
2025-09-05 03:29:02,298 - INFO - Boosted OOD loss: 0.0717
2025-09-05 03:29:03,400 - INFO - Boosted OOD loss: 0.1013
2025-09-05 03:29:03,963 - INFO - Boosted OOD loss: 0.0693
2025-09-05 03:29:05,060 - INFO - Boosted OOD loss: 0.1100
2025-09-05 03:29:08,314 - INFO - Boosted OOD loss: 0.1029
2025-09-05 03:29:11,570 - INFO - Boosted OOD loss: 0.0797
2025-09-05 03:29:14,824 - INFO - Boosted OOD loss: 0.0881
2025-09-05 03:29:20,778 - INFO - Boosted OOD loss: 0.0491
2025-09-05 03:29:24,578 - INFO - Boosted OOD loss: 0.0985
2025-09-05 03:29:25,137 - INFO - Boosted OOD loss: 0.0833
2025-09-05 03:29:27,855 - INFO - Boosted OOD loss: 0.0461
2025-09-05 03:29:28,416 - INFO - Boosted OOD loss: 0.0536
2025-09-05 03:29:33,836 - INFO - Boosted OOD loss: 0.0532
2025-09-05 03:29:38,177 - INFO - Boosted OOD loss: 0.0769
2025-09-05 03:29:39,277 - INFO - Boosted OOD loss: 0.0818
2025-09-05 03:29:42,544 - INFO - Boosted OOD loss: 0.0429
2025-09-05 03:29:43,647 - INFO - Boosted OOD loss: 0.0750
2025-09-05 03:29:44,207 - INFO - Boosted OOD loss: 0.0970
2025-09-05 03:29:46,929 - INFO - Boosted OOD loss: 0.0845
2025-09-05 03:29:47,489 - INFO - Boosted OOD loss: 0.0831
2025-09-05 03:29:48,590 - INFO - Boosted OOD loss: 0.0802
2025-09-05 03:29:50,773 - INFO - Boosted OOD loss: 0.0942
2025-09-05 03:29:50,773 - INFO - Step 17500 Loss Debug:
2025-09-05 03:29:50,773 - INFO -  CE: 1.6850
2025-09-05 03:29:50,773 - INFO -  OOD: 0.0942
2025-09-05 03:29:50,773 - INFO -  β: 32.00
2025-09-05 03:29:50,773 - INFO -  ID: 5604, OOD(254): 254
2025-09-05 03:29:52,411 - INFO - Boosted OOD loss: 0.0779
2025-09-05 03:30:00,534 - INFO - Boosted OOD loss: 0.0254
2025-09-05 03:30:01,103 - INFO - Boosted OOD loss: 0.0228
2025-09-05 03:30:01,666 - INFO - Boosted OOD loss: 0.0981
2025-09-05 03:30:03,304 - INFO - Boosted OOD loss: 0.0879
2025-09-05 03:30:03,864 - INFO - Boosted OOD loss: 0.0228
2025-09-05 03:30:04,425 - INFO - Boosted OOD loss: 0.0677
2025-09-05 03:30:09,302 - INFO - Boosted OOD loss: 0.0780
2025-09-05 03:30:10,401 - INFO - Boosted OOD loss: 0.0806
2025-09-05 03:30:15,820 - INFO - Boosted OOD loss: 0.0538
2025-09-05 03:30:20,711 - INFO - Boosted OOD loss: 0.0575
2025-09-05 03:30:22,360 - INFO - Boosted OOD loss: 0.0783
2025-09-05 03:30:27,783 - INFO - Boosted OOD loss: 0.0918
2025-09-05 03:30:36,978 - INFO - Boosted OOD loss: 0.0913
2025-09-05 03:30:38,083 - INFO - Boosted OOD loss: 0.0520
2025-09-05 03:30:44,586 - INFO - Boosted OOD loss: 0.0655
2025-09-05 03:30:45,144 - WARNING - No anomaly pixels (254) found in batch
2025-09-05 03:30:46,229 - INFO - Boosted OOD loss: 0.0879
2025-09-05 03:30:50,568 - INFO - Boosted OOD loss: 0.0885
2025-09-05 03:30:52,206 - INFO - Boosted OOD loss: 0.0861
2025-09-05 03:30:52,765 - INFO - Boosted OOD loss: 0.0741
2025-09-05 03:30:56,027 - INFO - Boosted OOD loss: 0.0562
2025-09-05 03:30:58,206 - INFO - Boosted OOD loss: 0.0808
2025-09-05 03:31:00,925 - INFO - Boosted OOD loss: 0.1009
2025-09-05 03:31:02,561 - INFO - Boosted OOD loss: 0.0865
2025-09-05 03:31:03,661 - INFO - Boosted OOD loss: 0.0830
2025-09-05 03:31:04,760 - INFO - Boosted OOD loss: 0.0344
2025-09-05 03:31:06,401 - INFO - Boosted OOD loss: 0.0922
2025-09-05 03:31:22,056 - INFO - Boosted OOD loss: 0.0874
2025-09-05 03:31:24,235 - INFO - Boosted OOD loss: 0.0808
2025-09-05 03:31:25,335 - INFO - Boosted OOD loss: 0.0913
2025-09-05 03:31:27,516 - INFO - Boosted OOD loss: 0.0753
2025-09-05 03:31:29,694 - INFO - Boosted OOD loss: 0.0799
2025-09-05 03:31:32,952 - INFO - Boosted OOD loss: 0.0659
2025-09-05 03:31:38,364 - INFO - Boosted OOD loss: 0.0583
2025-09-05 03:31:39,458 - WARNING - No anomaly pixels (254) found in batch
2025-09-05 03:31:41,081 - INFO - Boosted OOD loss: 0.1011
2025-09-05 03:31:45,415 - INFO - Boosted OOD loss: 0.0768
2025-09-05 03:31:47,593 - INFO - Boosted OOD loss: 0.0670
2025-09-05 03:31:48,149 - INFO - Boosted OOD loss: 0.0802
2025-09-05 03:31:49,249 - INFO - Boosted OOD loss: 0.0767
2025-09-05 03:31:53,042 - INFO - Boosted OOD loss: 0.0969
2025-09-05 03:31:54,138 - INFO - Boosted OOD loss: 0.0869
2025-09-05 03:31:56,857 - INFO - Boosted OOD loss: 0.1065
2025-09-05 03:31:58,498 - INFO - Boosted OOD loss: 0.0773
2025-09-05 03:32:04,991 - INFO - Boosted OOD loss: 0.0858
2025-09-05 03:32:07,703 - INFO - Boosted OOD loss: 0.0716
2025-09-05 03:32:24,429 - INFO - Boosted OOD loss: 0.0692
2025-09-05 03:32:26,066 - INFO - Boosted OOD loss: 0.0865
2025-09-05 03:32:32,016 - INFO - Boosted OOD loss: 0.0871
2025-09-05 03:32:33,113 - INFO - Boosted OOD loss: 0.0625
2025-09-05 03:32:33,666 - WARNING - No anomaly pixels (254) found in batch
2025-09-05 03:32:35,297 - INFO - Boosted OOD loss: 0.0801
2025-09-05 03:32:38,007 - INFO - Boosted OOD loss: 0.0919
2025-09-05 03:32:41,804 - INFO - Boosted OOD loss: 0.1052
2025-09-05 03:32:44,065 - INFO - Updated beta to 14.34 (exp decay)
2025-09-05 03:33:05,144 - WARNING - Negative mean energy—verify E_b formula/signs
2025-09-05 03:33:05,145 - INFO - Weights updated successfully
2025-09-05 03:33:05,145 - INFO - Advanced epoch 10 - Updated beta: 14.34
2025-09-05 03:33:05,145 - INFO - Epoch 10 - Avg CE: 1.8446, Avg OOD: 0.0153, β: 32
2025-09-05 03:33:19,557 - INFO - Checkpoint saved for epoch 10 with β=32
2025-09-05 03:33:19,557 - INFO - 
Running evaluation with β=32...
2025-09-05 03:33:19,682 - INFO - 
Starting Epoch 11/100
2025-09-05 03:33:19,682 - INFO - ============================================================
2025-09-05 03:33:19,684 - INFO - 
Updating Hopfield boosting weights at epoch 11...
2025-09-05 03:33:30,229 - WARNING - Negative mean energy—verify E_b formula/signs
2025-09-05 03:33:30,229 - INFO - Weights updated successfully
2025-09-05 03:33:30,230 - INFO - Weight Update Debug at Epoch 11: No high-weight OOD pixels found
2025-09-05 03:33:36,738 - INFO - Boosted OOD loss: 0.1067
2025-09-05 03:33:37,289 - INFO - Boosted OOD loss: 0.0686
2025-09-05 03:33:37,841 - INFO - Boosted OOD loss: 0.0697
2025-09-05 03:33:46,883 - INFO - Boosted OOD loss: 0.0702
2025-09-05 03:33:48,502 - INFO - Boosted OOD loss: 0.0828
2025-09-05 03:33:52,802 - INFO - Boosted OOD loss: 0.0544
2025-09-05 03:33:53,896 - INFO - Boosted OOD loss: 0.0590
2025-09-05 03:33:55,521 - INFO - Boosted OOD loss: 0.0905
2025-09-05 03:33:56,076 - INFO - Boosted OOD loss: 0.0817
2025-09-05 03:33:57,166 - INFO - Boosted OOD loss: 0.0811
2025-09-05 03:33:59,331 - INFO - Boosted OOD loss: 0.1017
2025-09-05 03:34:00,425 - INFO - Boosted OOD loss: 0.0647
2025-09-05 03:34:00,984 - INFO - Boosted OOD loss: 0.0362
2025-09-05 03:34:05,846 - INFO - Boosted OOD loss: 0.0789
2025-09-05 03:34:07,482 - INFO - Boosted OOD loss: 0.0780
2025-09-05 03:34:14,540 - INFO - Boosted OOD loss: 0.0634
2025-09-05 03:34:14,541 - INFO - Step 17900 Loss Debug:
2025-09-05 03:34:14,541 - INFO -  CE: 2.7230
2025-09-05 03:34:14,541 - INFO -  OOD: 0.0634
2025-09-05 03:34:14,541 - INFO -  β: 32.00
2025-09-05 03:34:14,541 - INFO -  ID: 7552, OOD(254): 271
2025-09-05 03:34:21,113 - INFO - Boosted OOD loss: 0.1048
2025-09-05 03:34:21,682 - INFO - Boosted OOD loss: 0.0797
2025-09-05 03:34:22,799 - INFO - Boosted OOD loss: 0.0776
2025-09-05 03:34:23,909 - INFO - Boosted OOD loss: 0.0785
2025-09-05 03:34:28,885 - INFO - Boosted OOD loss: 0.1058
2025-09-05 03:34:32,766 - INFO - Boosted OOD loss: 0.0754
2025-09-05 03:34:34,442 - INFO - Boosted OOD loss: 0.0994
2025-09-05 03:34:35,570 - INFO - Boosted OOD loss: 0.0630
2025-09-05 03:34:38,909 - INFO - Boosted OOD loss: 0.0939
2025-09-05 03:34:46,137 - INFO - Boosted OOD loss: 0.0915
2025-09-05 03:34:46,710 - INFO - Boosted OOD loss: 0.0812
2025-09-05 03:34:48,951 - INFO - Boosted OOD loss: 0.0921
2025-09-05 03:34:56,180 - INFO - Boosted OOD loss: 0.0588
2025-09-05 03:34:58,968 - INFO - Boosted OOD loss: 0.0814
2025-09-05 03:35:01,212 - INFO - Boosted OOD loss: 0.0702
2025-09-05 03:35:01,790 - INFO - Boosted OOD loss: 0.0867
2025-09-05 03:35:02,925 - INFO - Boosted OOD loss: 0.0647
2025-09-05 03:35:03,500 - INFO - Boosted OOD loss: 0.0915
2025-09-05 03:35:04,080 - INFO - Boosted OOD loss: 0.0834
2025-09-05 03:35:10,218 - WARNING - No anomaly pixels (254) found in batch
2025-09-05 03:35:11,333 - INFO - Boosted OOD loss: 0.0665
2025-09-05 03:35:18,584 - INFO - Boosted OOD loss: 0.1112
2025-09-05 03:35:20,272 - INFO - Boosted OOD loss: 0.0895
2025-09-05 03:35:21,407 - INFO - Boosted OOD loss: 0.1062
2025-09-05 03:35:25,876 - INFO - Boosted OOD loss: 0.0726
2025-09-05 03:35:30,336 - INFO - Boosted OOD loss: 0.0682
2025-09-05 03:35:33,128 - INFO - Boosted OOD loss: 0.0807
2025-09-05 03:35:33,706 - INFO - Boosted OOD loss: 0.0946
2025-09-05 03:35:35,382 - INFO - Boosted OOD loss: 0.0739
2025-09-05 03:35:37,628 - INFO - Boosted OOD loss: 0.0691
2025-09-05 03:35:38,209 - INFO - Boosted OOD loss: 0.0648
2025-09-05 03:35:38,209 - INFO - Step 18050 Loss Debug:
2025-09-05 03:35:38,209 - INFO -  CE: 1.9619
2025-09-05 03:35:38,209 - INFO -  OOD: 0.0648
2025-09-05 03:35:38,209 - INFO -  β: 32.00
2025-09-05 03:35:38,209 - INFO -  ID: 5909, OOD(254): 269
2025-09-05 03:35:38,783 - INFO - Boosted OOD loss: 0.0963
2025-09-05 03:35:39,909 - INFO - Boosted OOD loss: 0.0856
2025-09-05 03:35:50,476 - INFO - Boosted OOD loss: 0.0242
2025-09-05 03:35:51,052 - INFO - Boosted OOD loss: 0.0771
2025-09-05 03:35:55,508 - INFO - Boosted OOD loss: 0.0900
2025-09-05 03:35:56,078 - INFO - Boosted OOD loss: 0.0670
2025-09-05 03:36:01,077 - INFO - Boosted OOD loss: 0.0593
2025-09-05 03:36:04,967 - INFO - Boosted OOD loss: 0.0783
2025-09-05 03:36:05,541 - INFO - Boosted OOD loss: 0.0788
2025-09-05 03:36:06,107 - WARNING - No anomaly pixels (254) found in batch
2025-09-05 03:36:09,973 - INFO - Boosted OOD loss: 0.0824
2025-09-05 03:36:10,548 - INFO - Boosted OOD loss: 0.0748
2025-09-05 03:36:12,216 - INFO - Boosted OOD loss: 0.0678
2025-09-05 03:36:15,541 - INFO - Boosted OOD loss: 0.0874
2025-09-05 03:36:17,210 - INFO - Boosted OOD loss: 0.0740
2025-09-05 03:36:17,780 - INFO - Boosted OOD loss: 0.0462
2025-09-05 03:36:22,739 - INFO - Boosted OOD loss: 0.0709
2025-09-05 03:36:24,404 - INFO - Boosted OOD loss: 0.0925
2025-09-05 03:36:24,974 - INFO - Boosted OOD loss: 0.0993
2025-09-05 03:36:29,377 - INFO - Boosted OOD loss: 0.0770
2025-09-05 03:36:38,131 - INFO - Boosted OOD loss: 0.0529
2025-09-05 03:36:47,426 - INFO - Boosted OOD loss: 0.0895
2025-09-05 03:36:49,076 - INFO - Boosted OOD loss: 0.0399
2025-09-05 03:36:50,190 - INFO - Boosted OOD loss: 0.0739
2025-09-05 03:36:52,380 - INFO - Boosted OOD loss: 0.0961
2025-09-05 03:36:54,024 - INFO - Boosted OOD loss: 0.0913
2025-09-05 03:36:55,133 - INFO - Boosted OOD loss: 0.0649
2025-09-05 03:36:56,786 - INFO - Boosted OOD loss: 0.0760
2025-09-05 03:36:59,524 - INFO - Boosted OOD loss: 0.0759
2025-09-05 03:37:01,166 - WARNING - No anomaly pixels (254) found in batch
2025-09-05 03:37:03,344 - INFO - Boosted OOD loss: 0.0408
2025-09-05 03:37:07,164 - INFO - Boosted OOD loss: 0.0418
2025-09-05 03:37:07,731 - INFO - Boosted OOD loss: 0.0848
2025-09-05 03:37:09,373 - INFO - Boosted OOD loss: 0.0735
2025-09-05 03:37:11,560 - INFO - Boosted OOD loss: 0.0496
2025-09-05 03:37:16,983 - INFO - Boosted OOD loss: 0.0706
2025-09-05 03:37:17,545 - INFO - Boosted OOD loss: 0.0833
2025-09-05 03:37:18,102 - INFO - Boosted OOD loss: 0.0656
2025-09-05 03:37:20,282 - INFO - Boosted OOD loss: 0.0710
2025-09-05 03:37:21,389 - INFO - Boosted OOD loss: 0.0379
2025-09-05 03:37:22,493 - INFO - Boosted OOD loss: 0.0555
2025-09-05 03:37:23,600 - INFO - Boosted OOD loss: 0.0624
2025-09-05 03:37:26,328 - INFO - Boosted OOD loss: 0.0812
2025-09-05 03:37:34,449 - INFO - Boosted OOD loss: 0.0833
2025-09-05 03:37:37,171 - INFO - Boosted OOD loss: 0.0383
2025-09-05 03:37:37,734 - INFO - Boosted OOD loss: 0.0659
2025-09-05 03:37:39,915 - INFO - Boosted OOD loss: 0.0866
2025-09-05 03:37:44,798 - INFO - Boosted OOD loss: 0.0426
2025-09-05 03:37:49,141 - INFO - Boosted OOD loss: 0.0393
2025-09-05 03:37:49,703 - INFO - Boosted OOD loss: 0.0807
2025-09-05 03:37:51,341 - INFO - Boosted OOD loss: 0.0864
2025-09-05 03:37:52,442 - INFO - Boosted OOD loss: 0.0578
2025-09-05 03:37:54,078 - INFO - Boosted OOD loss: 0.0535
2025-09-05 03:37:55,179 - INFO - Boosted OOD loss: 0.0462
2025-09-05 03:37:55,733 - WARNING - No anomaly pixels (254) found in batch
2025-09-05 03:37:56,281 - INFO - Boosted OOD loss: 0.0639
2025-09-05 03:37:57,383 - INFO - Boosted OOD loss: 0.0828
2025-09-05 03:37:58,484 - INFO - Boosted OOD loss: 0.0832
2025-09-05 03:38:02,282 - INFO - Boosted OOD loss: 0.1036
2025-09-05 03:38:03,918 - INFO - Boosted OOD loss: 0.0927
2025-09-05 03:38:05,556 - INFO - Boosted OOD loss: 0.0785
2025-09-05 03:38:08,814 - INFO - Boosted OOD loss: 0.0515
2025-09-05 03:38:09,376 - INFO - Boosted OOD loss: 0.0638
2025-09-05 03:38:11,015 - INFO - Boosted OOD loss: 0.0769
2025-09-05 03:38:19,672 - INFO - Boosted OOD loss: 0.0842
2025-09-05 03:38:21,309 - INFO - Boosted OOD loss: 0.0735
2025-09-05 03:38:21,870 - INFO - Boosted OOD loss: 0.0727
2025-09-05 03:38:27,283 - INFO - Boosted OOD loss: 0.0462
2025-09-05 03:38:27,842 - INFO - Boosted OOD loss: 0.0999
2025-09-05 03:38:37,016 - INFO - Boosted OOD loss: 0.0675
2025-09-05 03:38:39,196 - INFO - Boosted OOD loss: 0.0462
2025-09-05 03:38:44,065 - INFO - Boosted OOD loss: 0.0461
2025-09-05 03:38:46,243 - INFO - Boosted OOD loss: 0.0518
2025-09-05 03:38:46,803 - INFO - Boosted OOD loss: 0.0796
2025-09-05 03:38:48,438 - INFO - Boosted OOD loss: 0.0688
2025-09-05 03:38:50,066 - WARNING - No anomaly pixels (254) found in batch
2025-09-05 03:38:51,690 - INFO - Boosted OOD loss: 0.0352
2025-09-05 03:38:56,028 - INFO - Boosted OOD loss: 0.0851
2025-09-05 03:38:57,126 - INFO - Boosted OOD loss: 0.0802
2025-09-05 03:38:57,684 - INFO - Boosted OOD loss: 0.0904
2025-09-05 03:39:03,092 - INFO - Boosted OOD loss: 0.0758
2025-09-05 03:39:21,462 - INFO - Boosted OOD loss: 0.0954
2025-09-05 03:39:24,184 - INFO - Boosted OOD loss: 0.0742
2025-09-05 03:39:25,281 - INFO - Boosted OOD loss: 0.0752
2025-09-05 03:39:31,234 - INFO - Boosted OOD loss: 0.0856
2025-09-05 03:39:31,794 - INFO - Boosted OOD loss: 0.0744
2025-09-05 03:39:37,757 - INFO - Boosted OOD loss: 0.0564
2025-09-05 03:39:39,940 - INFO - Boosted OOD loss: 0.0970
2025-09-05 03:39:43,195 - INFO - Boosted OOD loss: 0.0833
2025-09-05 03:39:44,287 - WARNING - No anomaly pixels (254) found in batch
2025-09-05 03:39:45,374 - INFO - Boosted OOD loss: 0.0574
2025-09-05 03:39:49,173 - INFO - Boosted OOD loss: 0.0628
2025-09-05 03:39:50,272 - INFO - Boosted OOD loss: 0.0757
2025-09-05 03:39:52,453 - INFO - Boosted OOD loss: 0.0536
2025-09-05 03:39:53,014 - INFO - Boosted OOD loss: 0.1010
2025-09-05 03:39:54,116 - INFO - Boosted OOD loss: 0.0814
2025-09-05 03:39:57,917 - INFO - Boosted OOD loss: 0.0437
2025-09-05 03:40:10,880 - INFO - Boosted OOD loss: 0.0933
2025-09-05 03:40:14,675 - INFO - Boosted OOD loss: 0.0672
2025-09-05 03:40:16,316 - INFO - Boosted OOD loss: 0.1030
2025-09-05 03:40:16,878 - INFO - Boosted OOD loss: 0.0818
2025-09-05 03:40:17,983 - INFO - Boosted OOD loss: 0.0371
2025-09-05 03:40:20,705 - INFO - Boosted OOD loss: 0.0749
2025-09-05 03:40:22,886 - INFO - Boosted OOD loss: 0.0755
2025-09-05 03:40:23,982 - INFO - Boosted OOD loss: 0.0964
2025-09-05 03:40:25,616 - INFO - Boosted OOD loss: 0.0783
2025-09-05 03:40:27,254 - INFO - Boosted OOD loss: 0.0759
2025-09-05 03:40:28,889 - INFO - Boosted OOD loss: 0.0766
2025-09-05 03:40:30,529 - INFO - Boosted OOD loss: 0.0678
2025-09-05 03:40:33,790 - INFO - Boosted OOD loss: 0.0608
2025-09-05 03:40:35,433 - INFO - Boosted OOD loss: 0.0774
2025-09-05 03:40:38,689 - INFO - Boosted OOD loss: 0.0854
2025-09-05 03:40:38,689 - INFO - Step 18600 Loss Debug:
2025-09-05 03:40:38,690 - INFO -  CE: 1.7633
2025-09-05 03:40:38,690 - INFO -  OOD: 0.0854
2025-09-05 03:40:38,690 - INFO -  β: 32.00
2025-09-05 03:40:38,690 - INFO -  ID: 5407, OOD(254): 68
2025-09-05 03:40:41,412 - INFO - Boosted OOD loss: 0.1301
2025-09-05 03:40:46,290 - INFO - Boosted OOD loss: 0.0852
2025-09-05 03:40:51,701 - INFO - Boosted OOD loss: 0.0853
2025-09-05 03:40:54,422 - INFO - Boosted OOD loss: 0.0846
2025-09-05 03:40:56,066 - INFO - Boosted OOD loss: 0.0645
2025-09-05 03:41:01,478 - INFO - Boosted OOD loss: 0.0664
2025-09-05 03:41:02,575 - INFO - Boosted OOD loss: 0.0622
2025-09-05 03:41:04,752 - INFO - Boosted OOD loss: 0.0454
2025-09-05 03:41:05,312 - INFO - Boosted OOD loss: 0.0826
2025-09-05 03:41:07,495 - INFO - Boosted OOD loss: 0.0549
2025-09-05 03:41:12,376 - INFO - Boosted OOD loss: 0.0683
2025-09-05 03:41:12,938 - INFO - Boosted OOD loss: 0.0920
2025-09-05 03:41:13,495 - INFO - Boosted OOD loss: 0.0914
2025-09-05 03:41:23,217 - INFO - Boosted OOD loss: 0.1077
2025-09-05 03:41:23,775 - INFO - Boosted OOD loss: 0.1026
2025-09-05 03:41:25,953 - INFO - Boosted OOD loss: 0.1045
2025-09-05 03:41:27,053 - INFO - Boosted OOD loss: 0.0881
2025-09-05 03:41:27,612 - INFO - Boosted OOD loss: 0.0825
2025-09-05 03:41:29,792 - INFO - Boosted OOD loss: 0.0435
2025-09-05 03:41:33,044 - WARNING - No anomaly pixels (254) found in batch
2025-09-05 03:41:34,132 - INFO - Boosted OOD loss: 0.0761
2025-09-05 03:41:35,771 - INFO - Boosted OOD loss: 0.0907
2025-09-05 03:41:36,330 - INFO - Boosted OOD loss: 0.0942
2025-09-05 03:41:42,290 - INFO - Boosted OOD loss: 0.0811
2025-09-05 03:41:42,849 - INFO - Boosted OOD loss: 0.0631
2025-09-05 03:41:46,109 - INFO - Boosted OOD loss: 0.0671
2025-09-05 03:41:48,832 - INFO - Boosted OOD loss: 0.0391
2025-09-05 03:41:54,788 - INFO - Boosted OOD loss: 0.0779
2025-09-05 03:42:02,366 - INFO - Boosted OOD loss: 0.0686
2025-09-05 03:42:05,627 - INFO - Boosted OOD loss: 0.0442
2025-09-05 03:42:09,968 - INFO - Boosted OOD loss: 0.0920
2025-09-05 03:42:11,606 - INFO - Boosted OOD loss: 0.0773
2025-09-05 03:42:13,784 - INFO - Boosted OOD loss: 0.1002
2025-09-05 03:42:14,346 - INFO - Boosted OOD loss: 0.0566
2025-09-05 03:42:15,452 - INFO - Boosted OOD loss: 0.0555
2025-09-05 03:42:16,558 - INFO - Boosted OOD loss: 0.0743
2025-09-05 03:42:18,737 - INFO - Boosted OOD loss: 0.0507
2025-09-05 03:42:20,374 - INFO - Boosted OOD loss: 0.0826
2025-09-05 03:42:23,094 - INFO - Boosted OOD loss: 0.0862
2025-09-05 03:42:25,273 - INFO - Boosted OOD loss: 0.0424
2025-09-05 03:42:26,371 - INFO - Boosted OOD loss: 0.0933
2025-09-05 03:42:27,467 - WARNING - No anomaly pixels (254) found in batch
2025-09-05 03:42:30,709 - INFO - Boosted OOD loss: 0.1035
2025-09-05 03:42:31,271 - INFO - Boosted OOD loss: 0.0515
2025-09-05 03:42:36,692 - INFO - Boosted OOD loss: 0.0497
2025-09-05 03:42:41,020 - INFO - Boosted OOD loss: 0.0629
2025-09-05 03:42:42,122 - INFO - Boosted OOD loss: 0.0653
2025-09-05 03:42:44,307 - INFO - Boosted OOD loss: 0.0443
2025-09-05 03:42:46,490 - INFO - Boosted OOD loss: 0.0629
2025-09-05 03:42:47,050 - INFO - Boosted OOD loss: 0.0993
2025-09-05 03:42:49,764 - INFO - Boosted OOD loss: 0.0685
2025-09-05 03:42:52,485 - INFO - Boosted OOD loss: 0.0887
2025-09-05 03:42:54,666 - INFO - Boosted OOD loss: 0.0296
2025-09-05 03:42:54,666 - INFO - Step 18850 Loss Debug:
2025-09-05 03:42:54,667 - INFO -  CE: 1.8312
2025-09-05 03:42:54,667 - INFO -  OOD: 0.0296
2025-09-05 03:42:54,667 - INFO -  β: 32.00
2025-09-05 03:42:54,667 - INFO -  ID: 6789, OOD(254): 846
2025-09-05 03:42:56,308 - INFO - Boosted OOD loss: 0.0688
2025-09-05 03:43:00,106 - INFO - Boosted OOD loss: 0.0808
2025-09-05 03:43:02,285 - INFO - Boosted OOD loss: 0.0800
2025-09-05 03:43:03,382 - INFO - Boosted OOD loss: 0.0761
2025-09-05 03:43:06,106 - INFO - Boosted OOD loss: 0.0671
2025-09-05 03:43:07,750 - INFO - Boosted OOD loss: 0.0483
2025-09-05 03:43:10,472 - INFO - Boosted OOD loss: 0.0906
2025-09-05 03:43:11,580 - INFO - Boosted OOD loss: 0.0521
2025-09-05 03:43:17,000 - INFO - Boosted OOD loss: 0.0766
2025-09-05 03:43:20,788 - INFO - Boosted OOD loss: 0.0836
2025-09-05 03:43:21,880 - WARNING - No anomaly pixels (254) found in batch
2025-09-05 03:43:25,664 - INFO - Boosted OOD loss: 0.0543
2025-09-05 03:43:26,227 - INFO - Boosted OOD loss: 0.0646
2025-09-05 03:43:28,409 - INFO - Boosted OOD loss: 0.0993
2025-09-05 03:43:28,969 - INFO - Boosted OOD loss: 0.0656
2025-09-05 03:43:29,528 - INFO - Boosted OOD loss: 0.0975
2025-09-05 03:43:31,701 - INFO - Boosted OOD loss: 0.1102
2025-09-05 03:43:33,878 - INFO - Boosted OOD loss: 0.0278
2025-09-05 03:43:37,673 - INFO - Boosted OOD loss: 0.0881
2025-09-05 03:43:38,238 - INFO - Boosted OOD loss: 0.0437
2025-09-05 03:43:43,658 - INFO - Boosted OOD loss: 0.0534
2025-09-05 03:43:45,299 - INFO - Boosted OOD loss: 0.0775
2025-09-05 03:43:46,937 - INFO - Boosted OOD loss: 0.0579
2025-09-05 03:43:49,120 - INFO - Boosted OOD loss: 0.0495
2025-09-05 03:43:49,120 - INFO - Step 18950 Loss Debug:
2025-09-05 03:43:49,120 - INFO -  CE: 1.6693
2025-09-05 03:43:49,120 - INFO -  OOD: 0.0495
2025-09-05 03:43:49,120 - INFO -  β: 32.00
2025-09-05 03:43:49,120 - INFO -  ID: 6216, OOD(254): 762
2025-09-05 03:43:50,222 - INFO - Boosted OOD loss: 0.0796
2025-09-05 03:43:51,860 - INFO - Boosted OOD loss: 0.0681
2025-09-05 03:43:52,418 - INFO - Boosted OOD loss: 0.0795
2025-09-05 03:44:02,680 - INFO - Boosted OOD loss: 0.0433
2025-09-05 03:44:06,472 - INFO - Boosted OOD loss: 0.0528
2025-09-05 03:44:07,033 - INFO - Boosted OOD loss: 0.0689
2025-09-05 03:44:10,291 - INFO - Boosted OOD loss: 0.0779
2025-09-05 03:44:11,391 - INFO - Boosted OOD loss: 0.0554
2025-09-05 03:44:14,648 - INFO - Boosted OOD loss: 0.0865
2025-09-05 03:44:16,281 - WARNING - No anomaly pixels (254) found in batch
2025-09-05 03:44:27,614 - INFO - Boosted OOD loss: 0.0848
2025-09-05 03:44:29,785 - INFO - Boosted OOD loss: 0.0887
2025-09-05 03:44:33,043 - INFO - Boosted OOD loss: 0.0649
2025-09-05 03:44:34,142 - INFO - Boosted OOD loss: 0.0720
2025-09-05 03:44:41,708 - INFO - Boosted OOD loss: 0.0720
2025-09-05 03:44:45,514 - INFO - Boosted OOD loss: 0.0281
2025-09-05 03:44:53,625 - INFO - Boosted OOD loss: 0.0652
2025-09-05 03:44:54,185 - INFO - Boosted OOD loss: 0.0695
2025-09-05 03:44:54,745 - INFO - Boosted OOD loss: 0.0603
2025-09-05 03:44:55,304 - INFO - Boosted OOD loss: 0.0699
2025-09-05 03:44:56,406 - INFO - Boosted OOD loss: 0.0815
2025-09-05 03:44:58,048 - INFO - Boosted OOD loss: 0.0636
2025-09-05 03:44:59,148 - INFO - Boosted OOD loss: 0.1014
2025-09-05 03:45:02,404 - INFO - Boosted OOD loss: 0.0720
2025-09-05 03:45:05,656 - INFO - Boosted OOD loss: 0.0618
2025-09-05 03:45:08,369 - INFO - Boosted OOD loss: 0.0758
2025-09-05 03:45:10,547 - INFO - Boosted OOD loss: 0.0709
2025-09-05 03:45:10,547 - INFO - Step 19100 Loss Debug:
2025-09-05 03:45:10,547 - INFO -  CE: 1.7093
2025-09-05 03:45:10,548 - INFO -  OOD: 0.0709
2025-09-05 03:45:10,548 - INFO -  β: 32.00
2025-09-05 03:45:10,548 - INFO -  ID: 6260, OOD(254): 101
2025-09-05 03:45:12,183 - INFO - Boosted OOD loss: 0.0903
2025-09-05 03:45:18,671 - INFO - Boosted OOD loss: 0.0702
2025-09-05 03:45:30,545 - INFO - Boosted OOD loss: 0.0906
2025-09-05 03:45:32,180 - INFO - Boosted OOD loss: 0.0805
2025-09-05 03:45:33,819 - INFO - Boosted OOD loss: 0.0317
2025-09-05 03:45:39,772 - INFO - Boosted OOD loss: 0.0865
2025-09-05 03:45:40,330 - INFO - Boosted OOD loss: 0.0514
2025-09-05 03:45:45,207 - INFO - Boosted OOD loss: 0.0524
2025-09-05 03:45:46,848 - INFO - Boosted OOD loss: 0.0720
2025-09-05 03:45:50,646 - INFO - Boosted OOD loss: 0.1014
2025-09-05 03:45:51,207 - INFO - Boosted OOD loss: 0.0580
2025-09-05 03:45:52,845 - INFO - Boosted OOD loss: 0.0791
2025-09-05 03:45:53,948 - INFO - Boosted OOD loss: 0.0332
2025-09-05 03:45:54,510 - INFO - Boosted OOD loss: 0.0930
2025-09-05 03:45:56,150 - INFO - Boosted OOD loss: 0.0777
2025-09-05 03:46:00,484 - INFO - Boosted OOD loss: 0.0715
2025-09-05 03:46:01,046 - INFO - Boosted OOD loss: 0.0989
2025-09-05 03:46:04,837 - WARNING - No anomaly pixels (254) found in batch
2025-09-05 03:46:05,924 - INFO - Boosted OOD loss: 0.0685
2025-09-05 03:46:07,029 - INFO - Boosted OOD loss: 0.0629
2025-09-05 03:46:11,366 - INFO - Boosted OOD loss: 0.0931
2025-09-05 03:46:14,615 - INFO - Boosted OOD loss: 0.1116
2025-09-05 03:46:23,262 - INFO - Boosted OOD loss: 0.0861
2025-09-05 03:46:25,443 - INFO - Boosted OOD loss: 0.0603
2025-09-05 03:46:31,391 - INFO - Boosted OOD loss: 0.0744
2025-09-05 03:46:33,028 - INFO - Boosted OOD loss: 0.0593
2025-09-05 03:46:36,824 - INFO - Boosted OOD loss: 0.0537
2025-09-05 03:46:40,618 - INFO - Boosted OOD loss: 0.0399
2025-09-05 03:46:43,338 - INFO - Boosted OOD loss: 0.0624
2025-09-05 03:46:45,517 - INFO - Boosted OOD loss: 0.0754
2025-09-05 03:46:46,078 - INFO - Boosted OOD loss: 0.0931
2025-09-05 03:46:46,636 - INFO - Boosted OOD loss: 0.0627
2025-09-05 03:46:53,135 - INFO - Boosted OOD loss: 0.0584
2025-09-05 03:46:59,086 - WARNING - No anomaly pixels (254) found in batch
2025-09-05 03:47:01,251 - INFO - Boosted OOD loss: 0.0678
2025-09-05 03:47:05,586 - INFO - Boosted OOD loss: 0.0586
2025-09-05 03:47:06,148 - INFO - Boosted OOD loss: 0.0926
2025-09-05 03:47:07,245 - INFO - Boosted OOD loss: 0.0790
2025-09-05 03:47:08,345 - INFO - Boosted OOD loss: 0.0765
2025-09-05 03:47:10,520 - INFO - Boosted OOD loss: 0.0842
2025-09-05 03:47:16,466 - INFO - Boosted OOD loss: 0.0656
2025-09-05 03:47:17,566 - INFO - Boosted OOD loss: 0.0638
2025-09-05 03:47:18,124 - INFO - Boosted OOD loss: 0.0814
2025-09-05 03:47:18,685 - INFO - Boosted OOD loss: 0.0914
2025-09-05 03:47:19,247 - INFO - Boosted OOD loss: 0.0632
2025-09-05 03:47:28,441 - INFO - Boosted OOD loss: 0.0471
2025-09-05 03:47:31,162 - INFO - Boosted OOD loss: 0.0809
2025-09-05 03:47:33,342 - INFO - Boosted OOD loss: 0.0492
2025-09-05 03:47:34,983 - INFO - Boosted OOD loss: 0.0811
2025-09-05 03:47:36,083 - INFO - Boosted OOD loss: 0.0739
2025-09-05 03:47:37,180 - INFO - Boosted OOD loss: 0.0641
2025-09-05 03:47:38,282 - INFO - Boosted OOD loss: 0.0643
2025-09-05 03:47:44,763 - INFO - Boosted OOD loss: 0.0739
2025-09-05 03:47:45,322 - INFO - Boosted OOD loss: 0.0667
2025-09-05 03:47:47,498 - INFO - Boosted OOD loss: 0.0847
2025-09-05 03:47:48,057 - INFO - Boosted OOD loss: 0.0563
2025-09-05 03:47:52,400 - INFO - Boosted OOD loss: 0.1026
2025-09-05 03:47:53,502 - INFO - Boosted OOD loss: 0.0748
2025-09-05 03:47:53,503 - INFO - Step 19400 Loss Debug:
2025-09-05 03:47:53,503 - INFO -  CE: 1.6251
2025-09-05 03:47:53,503 - INFO -  OOD: 0.0748
2025-09-05 03:47:53,503 - INFO -  β: 32.00
2025-09-05 03:47:53,503 - INFO -  ID: 6420, OOD(254): 405
2025-09-05 03:47:57,299 - INFO - Boosted OOD loss: 0.0775
2025-09-05 03:47:58,939 - INFO - Boosted OOD loss: 0.0423
2025-09-05 03:48:01,121 - INFO - Boosted OOD loss: 0.0717
2025-09-05 03:48:05,445 - INFO - Boosted OOD loss: 0.0862
2025-09-05 03:48:11,402 - INFO - Boosted OOD loss: 0.0414
2025-09-05 03:48:13,046 - INFO - Boosted OOD loss: 0.0369
2025-09-05 03:48:14,685 - INFO - Boosted OOD loss: 0.0948
2025-09-05 03:48:15,245 - INFO - Boosted OOD loss: 0.0684
2025-09-05 03:48:16,344 - INFO - Boosted OOD loss: 0.1007
2025-09-05 03:48:20,678 - INFO - Boosted OOD loss: 0.0820
2025-09-05 03:48:20,679 - INFO - Step 19450 Loss Debug:
2025-09-05 03:48:20,679 - INFO -  CE: 1.9280
2025-09-05 03:48:20,679 - INFO -  OOD: 0.0820
2025-09-05 03:48:20,679 - INFO -  β: 32.00
2025-09-05 03:48:20,679 - INFO -  ID: 6555, OOD(254): 228
2025-09-05 03:48:23,931 - INFO - Boosted OOD loss: 0.1080
2025-09-05 03:48:34,750 - INFO - Boosted OOD loss: 0.0597
2025-09-05 03:48:43,937 - INFO - Boosted OOD loss: 0.0706
2025-09-05 03:48:44,498 - INFO - Boosted OOD loss: 0.0632
2025-09-05 03:48:47,749 - WARNING - No anomaly pixels (254) found in batch
2025-09-05 03:48:51,532 - INFO - Boosted OOD loss: 0.0542
2025-09-05 03:48:55,326 - INFO - Boosted OOD loss: 0.0684
2025-09-05 03:48:57,502 - INFO - Boosted OOD loss: 0.0809
2025-09-05 03:48:59,679 - INFO - Boosted OOD loss: 0.0645
2025-09-05 03:49:02,396 - INFO - Boosted OOD loss: 0.0606
2025-09-05 03:49:07,271 - INFO - Boosted OOD loss: 0.0500
2025-09-05 03:49:08,374 - INFO - Boosted OOD loss: 0.0490
2025-09-05 03:49:11,631 - INFO - Boosted OOD loss: 0.0720
2025-09-05 03:49:14,348 - INFO - Boosted OOD loss: 0.0796
2025-09-05 03:49:14,910 - INFO - Boosted OOD loss: 0.0931
2025-09-05 03:49:14,910 - INFO - Step 19550 Loss Debug:
2025-09-05 03:49:14,910 - INFO -  CE: 1.7451
2025-09-05 03:49:14,911 - INFO -  OOD: 0.0931
2025-09-05 03:49:14,911 - INFO -  β: 32.00
2025-09-05 03:49:14,911 - INFO -  ID: 6776, OOD(254): 50
2025-09-05 03:49:16,547 - INFO - Boosted OOD loss: 0.0594
2025-09-05 03:49:23,047 - INFO - Boosted OOD loss: 0.0656
2025-09-05 03:49:23,608 - INFO - Boosted OOD loss: 0.0421
2025-09-05 03:49:24,167 - INFO - Boosted OOD loss: 0.0911
2025-09-05 03:49:26,341 - INFO - Boosted OOD loss: 0.0813
2025-09-05 03:49:30,131 - INFO - Boosted OOD loss: 0.0757
2025-09-05 03:49:31,770 - INFO - Boosted OOD loss: 0.0970
2025-09-05 03:49:32,332 - INFO - Boosted OOD loss: 0.0876
2025-09-05 03:49:32,891 - INFO - Boosted OOD loss: 0.0846
2025-09-05 03:49:33,451 - INFO - Boosted OOD loss: 0.0760
2025-09-05 03:49:37,243 - INFO - Boosted OOD loss: 0.0951
2025-09-05 03:49:37,800 - INFO - Boosted OOD loss: 0.0800
2025-09-05 03:49:38,363 - INFO - Boosted OOD loss: 0.0345
2025-09-05 03:49:38,925 - INFO - Boosted OOD loss: 0.0910
2025-09-05 03:49:39,485 - INFO - Boosted OOD loss: 0.0523
2025-09-05 03:49:42,200 - WARNING - No anomaly pixels (254) found in batch
2025-09-05 03:49:42,821 - INFO - Updated beta to 14.18 (exp decay)
2025-09-05 03:50:03,896 - WARNING - Negative mean energy—verify E_b formula/signs
2025-09-05 03:50:03,896 - INFO - Weights updated successfully
2025-09-05 03:50:03,896 - INFO - Advanced epoch 11 - Updated beta: 14.18
2025-09-05 03:50:03,897 - INFO - Epoch 11 - Avg CE: 1.8478, Avg OOD: 0.0142, β: 32
2025-09-05 03:50:04,004 - INFO - 
Starting Epoch 12/100
2025-09-05 03:50:04,005 - INFO - ============================================================
2025-09-05 03:50:04,006 - INFO - 
Updating Hopfield boosting weights at epoch 12...
2025-09-05 03:50:14,616 - WARNING - Negative mean energy—verify E_b formula/signs
2025-09-05 03:50:14,616 - INFO - Weights updated successfully
2025-09-05 03:50:14,617 - INFO - Weight Update Debug at Epoch 12: No high-weight OOD pixels found
2025-09-05 03:50:16,118 - INFO - Boosted OOD loss: 0.0591
2025-09-05 03:50:17,219 - INFO - Boosted OOD loss: 0.0474
2025-09-05 03:50:17,783 - INFO - Boosted OOD loss: 0.0391
2025-09-05 03:50:22,118 - INFO - Boosted OOD loss: 0.0686
2025-09-05 03:50:24,835 - INFO - Boosted OOD loss: 0.0567
2025-09-05 03:50:25,940 - INFO - Boosted OOD loss: 0.0355
2025-09-05 03:50:30,835 - INFO - Boosted OOD loss: 0.0583
2025-09-05 03:50:34,103 - INFO - Boosted OOD loss: 0.0423
2025-09-05 03:50:36,834 - INFO - Boosted OOD loss: 0.0777
2025-09-05 03:50:37,397 - INFO - Boosted OOD loss: 0.0937
2025-09-05 03:50:39,583 - INFO - Boosted OOD loss: 0.0938
2025-09-05 03:50:41,230 - INFO - Boosted OOD loss: 0.0389
2025-09-05 03:50:42,338 - INFO - Boosted OOD loss: 0.0854
2025-09-05 03:50:45,069 - INFO - Boosted OOD loss: 0.0774
2025-09-05 03:50:46,170 - INFO - Boosted OOD loss: 0.0876
2025-09-05 03:50:49,996 - INFO - Boosted OOD loss: 0.0547
2025-09-05 03:50:52,188 - INFO - Boosted OOD loss: 0.0918
2025-09-05 03:50:56,549 - INFO - Boosted OOD loss: 0.0638
2025-09-05 03:51:03,086 - INFO - Boosted OOD loss: 0.0663
2025-09-05 03:51:09,071 - WARNING - No anomaly pixels (254) found in batch
2025-09-05 03:51:11,788 - INFO - Boosted OOD loss: 0.0657
2025-09-05 03:51:14,522 - INFO - Boosted OOD loss: 0.0767
2025-09-05 03:51:16,169 - INFO - Boosted OOD loss: 0.0939
2025-09-05 03:51:16,730 - INFO - Boosted OOD loss: 0.0938
2025-09-05 03:51:18,920 - INFO - Boosted OOD loss: 0.0348
2025-09-05 03:51:20,027 - INFO - Boosted OOD loss: 0.0785
2025-09-05 03:51:23,293 - INFO - Boosted OOD loss: 0.0806
2025-09-05 03:51:30,349 - INFO - Boosted OOD loss: 0.0609
2025-09-05 03:51:32,539 - INFO - Boosted OOD loss: 0.0666
2025-09-05 03:51:33,640 - INFO - Boosted OOD loss: 0.0923
2025-09-05 03:51:38,529 - INFO - Boosted OOD loss: 0.0617
2025-09-05 03:51:46,119 - INFO - Boosted OOD loss: 0.0700
2025-09-05 03:51:50,459 - INFO - Boosted OOD loss: 0.0491
2025-09-05 03:51:52,106 - INFO - Boosted OOD loss: 0.0751
2025-09-05 03:51:55,915 - INFO - Boosted OOD loss: 0.0402
2025-09-05 03:51:57,559 - INFO - Boosted OOD loss: 0.0781
2025-09-05 03:52:00,279 - INFO - Boosted OOD loss: 0.0926
2025-09-05 03:52:01,913 - INFO - Boosted OOD loss: 0.0740
2025-09-05 03:52:03,546 - WARNING - No anomaly pixels (254) found in batch
2025-09-05 03:52:04,092 - INFO - Boosted OOD loss: 0.0812
2025-09-05 03:52:04,649 - INFO - Boosted OOD loss: 0.0796
2025-09-05 03:52:06,831 - INFO - Boosted OOD loss: 0.0520
2025-09-05 03:52:07,934 - INFO - Boosted OOD loss: 0.0557
2025-09-05 03:52:08,498 - INFO - Boosted OOD loss: 0.0497
2025-09-05 03:52:11,221 - INFO - Boosted OOD loss: 0.0696
2025-09-05 03:52:12,323 - INFO - Boosted OOD loss: 0.0739
2025-09-05 03:52:18,814 - INFO - Boosted OOD loss: 0.0701
2025-09-05 03:52:19,373 - INFO - Boosted OOD loss: 0.0873
2025-09-05 03:52:25,325 - INFO - Boosted OOD loss: 0.1123
2025-09-05 03:52:28,578 - INFO - Boosted OOD loss: 0.0760
2025-09-05 03:52:30,755 - INFO - Boosted OOD loss: 0.0765
2025-09-05 03:52:30,755 - INFO - Step 19850 Loss Debug:
2025-09-05 03:52:30,755 - INFO -  CE: 1.7416
2025-09-05 03:52:30,755 - INFO -  OOD: 0.0765
2025-09-05 03:52:30,755 - INFO -  β: 32.00
2025-09-05 03:52:30,756 - INFO -  ID: 8003, OOD(254): 15
2025-09-05 03:52:31,855 - INFO - Boosted OOD loss: 0.0507
2025-09-05 03:52:38,878 - INFO - Boosted OOD loss: 0.0383
2025-09-05 03:52:39,442 - INFO - Boosted OOD loss: 0.0780
2025-09-05 03:52:40,543 - INFO - Boosted OOD loss: 0.0839
2025-09-05 03:52:43,798 - INFO - Boosted OOD loss: 0.0619
2025-09-05 03:52:49,209 - INFO - Boosted OOD loss: 0.0576
2025-09-05 03:52:49,768 - INFO - Boosted OOD loss: 0.0550
2025-09-05 03:52:53,560 - INFO - Boosted OOD loss: 0.0804
2025-09-05 03:52:54,121 - INFO - Boosted OOD loss: 0.0494
2025-09-05 03:52:56,300 - INFO - Boosted OOD loss: 0.0612
2025-09-05 03:52:57,929 - WARNING - No anomaly pixels (254) found in batch
2025-09-05 03:53:00,094 - INFO - Boosted OOD loss: 0.0434
2025-09-05 03:53:04,967 - INFO - Boosted OOD loss: 0.0392
2025-09-05 03:53:06,609 - INFO - Boosted OOD loss: 0.0623
2025-09-05 03:53:09,326 - INFO - Boosted OOD loss: 0.0897
2025-09-05 03:53:13,118 - INFO - Boosted OOD loss: 0.0723
2025-09-05 03:53:17,445 - INFO - Boosted OOD loss: 0.0203
2025-09-05 03:53:18,006 - INFO - Boosted OOD loss: 0.0363
2025-09-05 03:53:18,567 - INFO - Boosted OOD loss: 0.0601
2025-09-05 03:53:20,207 - INFO - Boosted OOD loss: 0.0434
2025-09-05 03:53:25,085 - INFO - Boosted OOD loss: 0.0797
2025-09-05 03:53:25,085 - INFO - Step 19950 Loss Debug:
2025-09-05 03:53:25,085 - INFO -  CE: 1.7591
2025-09-05 03:53:25,085 - INFO -  OOD: 0.0797
2025-09-05 03:53:25,086 - INFO -  β: 32.00
2025-09-05 03:53:25,086 - INFO -  ID: 4815, OOD(254): 49
2025-09-05 03:53:27,805 - INFO - Boosted OOD loss: 0.0458
2025-09-05 03:53:29,444 - INFO - Boosted OOD loss: 0.0814
2025-09-05 03:53:32,157 - INFO - Boosted OOD loss: 0.0778
2025-09-05 03:53:33,795 - INFO - Boosted OOD loss: 0.0549
2025-09-05 03:53:34,353 - INFO - Boosted OOD loss: 0.0818
2025-09-05 03:53:35,990 - INFO - Boosted OOD loss: 0.0820
2025-09-05 03:53:37,090 - INFO - Boosted OOD loss: 0.0742
2025-09-05 03:53:38,727 - INFO - Boosted OOD loss: 0.0626
2025-09-05 03:53:40,362 - INFO - Boosted OOD loss: 0.0725
2025-09-05 03:53:42,545 - INFO - Boosted OOD loss: 0.0340
2025-09-05 03:53:45,799 - INFO - Boosted OOD loss: 0.0685
2025-09-05 03:53:49,050 - INFO - Boosted OOD loss: 0.0969
2025-09-05 03:53:50,145 - INFO - Boosted OOD loss: 0.0676
2025-09-05 03:53:52,314 - WARNING - No anomaly pixels (254) found in batch
2025-09-05 03:53:57,715 - INFO - Boosted OOD loss: 0.0679
2025-09-05 03:54:06,366 - INFO - Boosted OOD loss: 0.0610
2025-09-05 03:54:08,007 - INFO - Boosted OOD loss: 0.0612
2025-09-05 03:54:08,567 - INFO - Boosted OOD loss: 0.0604
2025-09-05 03:54:11,824 - INFO - Boosted OOD loss: 0.0709
2025-09-05 03:54:14,537 - INFO - Boosted OOD loss: 0.0949
2025-09-05 03:54:17,254 - INFO - Boosted OOD loss: 0.0532
2025-09-05 03:54:21,053 - INFO - Boosted OOD loss: 0.0871
2025-09-05 03:54:23,768 - INFO - Boosted OOD loss: 0.0565
2025-09-05 03:54:32,961 - INFO - Boosted OOD loss: 0.0660
2025-09-05 03:54:37,837 - INFO - Boosted OOD loss: 0.0743
2025-09-05 03:54:38,398 - INFO - Boosted OOD loss: 0.0415
2025-09-05 03:54:40,037 - INFO - Boosted OOD loss: 0.0399
2025-09-05 03:54:41,144 - INFO - Boosted OOD loss: 0.0347
2025-09-05 03:54:42,250 - INFO - Boosted OOD loss: 0.0488
2025-09-05 03:54:43,891 - INFO - Boosted OOD loss: 0.1258
2025-09-05 03:54:46,599 - WARNING - No anomaly pixels (254) found in batch
2025-09-05 03:54:47,685 - INFO - Boosted OOD loss: 0.0486
2025-09-05 03:54:48,786 - INFO - Boosted OOD loss: 0.0726
2025-09-05 03:54:52,046 - INFO - Boosted OOD loss: 0.0938
2025-09-05 03:54:53,144 - INFO - Boosted OOD loss: 0.0926
2025-09-05 03:54:54,240 - INFO - Boosted OOD loss: 0.0840
2025-09-05 03:54:58,579 - INFO - Boosted OOD loss: 0.0601
2025-09-05 03:54:59,682 - INFO - Boosted OOD loss: 0.0764
2025-09-05 03:55:04,560 - INFO - Boosted OOD loss: 0.0994
2025-09-05 03:55:05,664 - INFO - Boosted OOD loss: 0.0457
2025-09-05 03:55:11,082 - INFO - Boosted OOD loss: 0.0564
2025-09-05 03:55:20,286 - INFO - Boosted OOD loss: 0.0241
2025-09-05 03:55:24,085 - INFO - Boosted OOD loss: 0.0827
2025-09-05 03:55:25,723 - INFO - Boosted OOD loss: 0.0830
2025-09-05 03:55:33,843 - INFO - Boosted OOD loss: 0.0363
2025-09-05 03:55:40,344 - INFO - Boosted OOD loss: 0.0436
2025-09-05 03:55:40,900 - WARNING - No anomaly pixels (254) found in batch
2025-09-05 03:55:41,986 - INFO - Boosted OOD loss: 0.0963
2025-09-05 03:55:43,622 - INFO - Boosted OOD loss: 0.1121
2025-09-05 03:55:50,649 - INFO - Boosted OOD loss: 0.0851
2025-09-05 03:55:52,285 - INFO - Boosted OOD loss: 0.0965
2025-09-05 03:55:53,383 - INFO - Boosted OOD loss: 0.0531
2025-09-05 03:55:56,101 - INFO - Boosted OOD loss: 0.0845
2025-09-05 03:56:03,668 - INFO - Boosted OOD loss: 0.0818
2025-09-05 03:56:08,543 - INFO - Boosted OOD loss: 0.0311
2025-09-05 03:56:10,725 - INFO - Boosted OOD loss: 0.0644
2025-09-05 03:56:18,300 - INFO - Boosted OOD loss: 0.0469
2025-09-05 03:56:19,943 - INFO - Boosted OOD loss: 0.0694
2025-09-05 03:56:22,664 - INFO - Boosted OOD loss: 0.0817
2025-09-05 03:56:23,224 - INFO - Boosted OOD loss: 0.0834
2025-09-05 03:56:24,326 - INFO - Boosted OOD loss: 0.0788
2025-09-05 03:56:26,508 - INFO - Boosted OOD loss: 0.0734
2025-09-05 03:56:30,843 - INFO - Boosted OOD loss: 0.0757
2025-09-05 03:56:35,178 - INFO - Boosted OOD loss: 0.0856
2025-09-05 03:56:35,178 - INFO - Step 20300 Loss Debug:
2025-09-05 03:56:35,178 - INFO -  CE: 1.7082
2025-09-05 03:56:35,178 - INFO -  OOD: 0.0856
2025-09-05 03:56:35,179 - INFO -  β: 32.00
2025-09-05 03:56:35,179 - INFO -  ID: 6003, OOD(254): 81
2025-09-05 03:56:37,358 - INFO - Boosted OOD loss: 0.0831
2025-09-05 03:56:40,615 - INFO - Boosted OOD loss: 0.0810
2025-09-05 03:56:42,796 - INFO - Boosted OOD loss: 0.0464
2025-09-05 03:56:46,050 - INFO - Boosted OOD loss: 0.0680
2025-09-05 03:56:46,612 - INFO - Boosted OOD loss: 0.0867
2025-09-05 03:56:48,789 - INFO - Boosted OOD loss: 0.0701
2025-09-05 03:56:51,510 - INFO - Boosted OOD loss: 0.0472
2025-09-05 03:56:56,384 - INFO - Boosted OOD loss: 0.1016
2025-09-05 03:57:03,412 - INFO - Boosted OOD loss: 0.0927
2025-09-05 03:57:05,587 - INFO - Boosted OOD loss: 0.0401
2025-09-05 03:57:13,167 - INFO - Boosted OOD loss: 0.0342
2025-09-05 03:57:15,348 - INFO - Boosted OOD loss: 0.0300
2025-09-05 03:57:26,158 - INFO - Boosted OOD loss: 0.0889
2025-09-05 03:57:29,407 - WARNING - No anomaly pixels (254) found in batch
2025-09-05 03:57:39,681 - INFO - Boosted OOD loss: 0.0294
2025-09-05 03:57:41,864 - INFO - Boosted OOD loss: 0.0733
2025-09-05 03:57:46,201 - INFO - Boosted OOD loss: 0.0572
2025-09-05 03:57:54,850 - INFO - Boosted OOD loss: 0.0836
2025-09-05 03:57:57,032 - INFO - Boosted OOD loss: 0.0725
2025-09-05 03:57:57,597 - INFO - Boosted OOD loss: 0.0407
2025-09-05 03:57:59,240 - INFO - Boosted OOD loss: 0.0602
2025-09-05 03:57:59,798 - INFO - Boosted OOD loss: 0.0975
2025-09-05 03:58:01,431 - INFO - Boosted OOD loss: 0.1123
2025-09-05 03:58:03,608 - INFO - Boosted OOD loss: 0.0392
2025-09-05 03:58:06,327 - INFO - Boosted OOD loss: 0.0729
2025-09-05 03:58:06,887 - INFO - Boosted OOD loss: 0.0755
2025-09-05 03:58:07,451 - INFO - Boosted OOD loss: 0.0437
2025-09-05 03:58:11,249 - INFO - Boosted OOD loss: 0.0940
2025-09-05 03:58:13,428 - INFO - Boosted OOD loss: 0.0367
2025-09-05 03:58:15,073 - INFO - Boosted OOD loss: 0.0469
2025-09-05 03:58:16,177 - INFO - Boosted OOD loss: 0.0739
2025-09-05 03:58:18,894 - INFO - Boosted OOD loss: 0.0592
2025-09-05 03:58:23,765 - WARNING - No anomaly pixels (254) found in batch
2025-09-05 03:58:29,715 - INFO - Boosted OOD loss: 0.0313
2025-09-05 03:58:30,278 - INFO - Boosted OOD loss: 0.0618
2025-09-05 03:58:31,382 - INFO - Boosted OOD loss: 0.0892
2025-09-05 03:58:33,560 - INFO - Boosted OOD loss: 0.0525
2025-09-05 03:58:38,426 - INFO - Boosted OOD loss: 0.0520
2025-09-05 03:58:42,227 - INFO - Boosted OOD loss: 0.0809
2025-09-05 03:58:42,785 - INFO - Boosted OOD loss: 0.0725
2025-09-05 03:58:49,822 - INFO - Boosted OOD loss: 0.0605
2025-09-05 03:58:50,924 - INFO - Boosted OOD loss: 0.0969
2025-09-05 03:58:50,924 - INFO - Step 20550 Loss Debug:
2025-09-05 03:58:50,925 - INFO -  CE: 1.7762
2025-09-05 03:58:50,925 - INFO -  OOD: 0.0969
2025-09-05 03:58:50,925 - INFO -  β: 32.00
2025-09-05 03:58:50,925 - INFO -  ID: 7690, OOD(254): 15
2025-09-05 03:58:52,020 - INFO - Boosted OOD loss: 0.0686
2025-09-05 03:58:53,123 - INFO - Boosted OOD loss: 0.0511
2025-09-05 03:58:54,763 - INFO - Boosted OOD loss: 0.1195
2025-09-05 03:58:55,862 - INFO - Boosted OOD loss: 0.0763
2025-09-05 03:58:56,964 - INFO - Boosted OOD loss: 0.0470
2025-09-05 03:59:00,227 - INFO - Boosted OOD loss: 0.0718
2025-09-05 03:59:01,866 - INFO - Boosted OOD loss: 0.0453
2025-09-05 03:59:02,426 - INFO - Boosted OOD loss: 0.0647
2025-09-05 03:59:02,983 - INFO - Boosted OOD loss: 0.0878
2025-09-05 03:59:03,543 - INFO - Boosted OOD loss: 0.0480
2025-09-05 03:59:04,648 - INFO - Boosted OOD loss: 0.0712
2025-09-05 03:59:10,062 - INFO - Boosted OOD loss: 0.0723
2025-09-05 03:59:11,704 - INFO - Boosted OOD loss: 0.0177
2025-09-05 03:59:12,806 - INFO - Boosted OOD loss: 0.0761
2025-09-05 03:59:15,520 - INFO - Boosted OOD loss: 0.0673
2025-09-05 03:59:18,233 - INFO - Boosted OOD loss: 0.0755
2025-09-05 03:59:18,234 - INFO - Step 20600 Loss Debug:
2025-09-05 03:59:18,234 - INFO -  CE: 1.8452
2025-09-05 03:59:18,234 - INFO -  OOD: 0.0755
2025-09-05 03:59:18,234 - INFO -  β: 32.00
2025-09-05 03:59:18,234 - INFO -  ID: 4132, OOD(254): 179
2025-09-05 03:59:23,117 - INFO - Boosted OOD loss: 0.0344
2025-09-05 03:59:23,685 - INFO - Boosted OOD loss: 0.0518
2025-09-05 03:59:25,330 - INFO - Boosted OOD loss: 0.1023
2025-09-05 03:59:28,049 - INFO - Boosted OOD loss: 0.0689
2025-09-05 03:59:29,152 - INFO - Boosted OOD loss: 0.0785
2025-09-05 03:59:31,335 - INFO - Boosted OOD loss: 0.0750
2025-09-05 03:59:32,438 - INFO - Boosted OOD loss: 0.0508
2025-09-05 03:59:33,544 - INFO - Boosted OOD loss: 0.0606
2025-09-05 03:59:34,105 - INFO - Boosted OOD loss: 0.0808
2025-09-05 03:59:35,745 - INFO - Boosted OOD loss: 0.0563
2025-09-05 03:59:41,702 - INFO - Boosted OOD loss: 0.0609
2025-09-05 03:59:49,281 - INFO - Boosted OOD loss: 0.0716
2025-09-05 03:59:50,928 - INFO - Boosted OOD loss: 0.0524
2025-09-05 03:59:51,489 - INFO - Boosted OOD loss: 0.0820
2025-09-05 03:59:52,586 - INFO - Boosted OOD loss: 0.0593
2025-09-05 03:59:55,843 - INFO - Boosted OOD loss: 0.0506
2025-09-05 03:59:56,407 - INFO - Boosted OOD loss: 0.0672
2025-09-05 04:00:02,911 - INFO - Boosted OOD loss: 0.0269
2025-09-05 04:00:06,172 - INFO - Boosted OOD loss: 0.0662
2025-09-05 04:00:07,269 - INFO - Boosted OOD loss: 0.0843
2025-09-05 04:00:10,528 - INFO - Boosted OOD loss: 0.0379
2025-09-05 04:00:12,701 - WARNING - No anomaly pixels (254) found in batch
2025-09-05 04:00:18,097 - INFO - Boosted OOD loss: 0.0725
2025-09-05 04:00:20,277 - INFO - Boosted OOD loss: 0.0860
2025-09-05 04:00:21,920 - INFO - Boosted OOD loss: 0.0512
2025-09-05 04:00:25,177 - INFO - Boosted OOD loss: 0.0760
2025-09-05 04:00:26,277 - INFO - Boosted OOD loss: 0.0868
2025-09-05 04:00:26,833 - INFO - Boosted OOD loss: 0.0800
2025-09-05 04:00:30,088 - INFO - Boosted OOD loss: 0.1024
2025-09-05 04:00:30,650 - INFO - Boosted OOD loss: 0.0752
2025-09-05 04:00:31,209 - INFO - Boosted OOD loss: 0.0634
2025-09-05 04:00:35,539 - INFO - Boosted OOD loss: 0.0868
2025-09-05 04:00:38,798 - INFO - Boosted OOD loss: 0.0721
2025-09-05 04:00:44,210 - INFO - Boosted OOD loss: 0.0581
2025-09-05 04:00:50,699 - INFO - Boosted OOD loss: 0.0575
2025-09-05 04:00:51,799 - INFO - Boosted OOD loss: 0.0533
2025-09-05 04:00:56,132 - INFO - Boosted OOD loss: 0.1016
2025-09-05 04:00:57,771 - INFO - Boosted OOD loss: 0.0656
2025-09-05 04:00:58,335 - INFO - Boosted OOD loss: 0.0629
2025-09-05 04:00:59,439 - INFO - Boosted OOD loss: 0.0720
2025-09-05 04:01:01,618 - INFO - Boosted OOD loss: 0.0645
2025-09-05 04:01:04,338 - INFO - Boosted OOD loss: 0.0314
2025-09-05 04:01:04,901 - INFO - Boosted OOD loss: 0.0932
2025-09-05 04:01:07,076 - INFO - Boosted OOD loss: 0.0885
2025-09-05 04:01:07,077 - INFO - Step 20800 Loss Debug:
2025-09-05 04:01:07,077 - INFO -  CE: 1.3530
2025-09-05 04:01:07,077 - INFO -  OOD: 0.0885
2025-09-05 04:01:07,077 - INFO -  β: 32.00
2025-09-05 04:01:07,077 - INFO -  ID: 5458, OOD(254): 65
2025-09-05 04:01:12,490 - INFO - Boosted OOD loss: 0.0727
2025-09-05 04:01:13,049 - INFO - Boosted OOD loss: 0.0651
2025-09-05 04:01:13,610 - INFO - Boosted OOD loss: 0.0757
2025-09-05 04:01:14,170 - INFO - Boosted OOD loss: 0.0905
2025-09-05 04:01:20,122 - INFO - Boosted OOD loss: 0.0678
2025-09-05 04:01:21,222 - INFO - Boosted OOD loss: 0.0649
2025-09-05 04:01:23,406 - INFO - Boosted OOD loss: 0.0687
2025-09-05 04:01:25,048 - INFO - Boosted OOD loss: 0.0759
2025-09-05 04:01:26,147 - INFO - Boosted OOD loss: 0.0926
2025-09-05 04:01:27,782 - INFO - Boosted OOD loss: 0.0858
2025-09-05 04:01:28,342 - INFO - Boosted OOD loss: 0.0707
2025-09-05 04:01:35,377 - INFO - Boosted OOD loss: 0.1058
2025-09-05 04:01:38,094 - INFO - Boosted OOD loss: 0.0473
2025-09-05 04:01:44,591 - INFO - Boosted OOD loss: 0.0704
2025-09-05 04:01:50,541 - INFO - Boosted OOD loss: 0.0919
2025-09-05 04:01:52,720 - INFO - Boosted OOD loss: 0.0829
2025-09-05 04:01:53,819 - INFO - Boosted OOD loss: 0.0594
2025-09-05 04:01:54,915 - INFO - Boosted OOD loss: 0.0906
2025-09-05 04:01:56,554 - INFO - Boosted OOD loss: 0.0628
2025-09-05 04:01:59,807 - INFO - Boosted OOD loss: 0.0729
2025-09-05 04:02:01,440 - WARNING - No anomaly pixels (254) found in batch
2025-09-05 04:02:08,448 - INFO - Boosted OOD loss: 0.0680
2025-09-05 04:02:14,930 - INFO - Boosted OOD loss: 0.0865
2025-09-05 04:02:16,031 - INFO - Boosted OOD loss: 0.0815
2025-09-05 04:02:20,365 - INFO - Boosted OOD loss: 0.0417
2025-09-05 04:02:22,549 - INFO - Boosted OOD loss: 0.0837
2025-09-05 04:02:25,803 - INFO - Boosted OOD loss: 0.0555
2025-09-05 04:02:26,904 - INFO - Boosted OOD loss: 0.0802
2025-09-05 04:02:28,009 - INFO - Boosted OOD loss: 0.0645
2025-09-05 04:02:29,112 - INFO - Boosted OOD loss: 0.0689
2025-09-05 04:02:30,212 - INFO - Boosted OOD loss: 0.0699
2025-09-05 04:02:36,168 - INFO - Boosted OOD loss: 0.0738
2025-09-05 04:02:42,123 - INFO - Boosted OOD loss: 0.0583
2025-09-05 04:02:42,680 - INFO - Boosted OOD loss: 0.0824
2025-09-05 04:02:43,238 - INFO - Boosted OOD loss: 0.0548
2025-09-05 04:02:44,341 - INFO - Boosted OOD loss: 0.0370
2025-09-05 04:02:45,984 - INFO - Boosted OOD loss: 0.0499
2025-09-05 04:02:48,706 - INFO - Boosted OOD loss: 0.0649
2025-09-05 04:02:51,972 - INFO - Boosted OOD loss: 0.0621
2025-09-05 04:02:52,536 - INFO - Boosted OOD loss: 0.0307
2025-09-05 04:02:53,637 - INFO - Boosted OOD loss: 0.0791
2025-09-05 04:02:55,817 - INFO - Boosted OOD loss: 0.0410
2025-09-05 04:02:55,817 - INFO - Step 21000 Loss Debug:
2025-09-05 04:02:55,817 - INFO -  CE: 1.8477
2025-09-05 04:02:55,817 - INFO -  OOD: 0.0410
2025-09-05 04:02:55,817 - INFO -  β: 32.00
2025-09-05 04:02:55,818 - INFO -  ID: 7019, OOD(254): 951
2025-09-05 04:02:56,381 - INFO - Boosted OOD loss: 0.0843
2025-09-05 04:02:56,940 - INFO - Boosted OOD loss: 0.0699
2025-09-05 04:03:01,270 - INFO - Boosted OOD loss: 0.0641
2025-09-05 04:03:01,830 - INFO - Boosted OOD loss: 0.0415
2025-09-05 04:03:02,933 - INFO - Boosted OOD loss: 0.0747
2025-09-05 04:03:03,489 - INFO - Boosted OOD loss: 0.0733
2025-09-05 04:03:04,587 - INFO - Boosted OOD loss: 0.0801
2025-09-05 04:03:05,684 - INFO - Boosted OOD loss: 0.0723
2025-09-05 04:03:17,026 - INFO - Boosted OOD loss: 0.0879
2025-09-05 04:03:17,587 - INFO - Boosted OOD loss: 0.1720
2025-09-05 04:03:21,389 - INFO - Boosted OOD loss: 0.0701
2025-09-05 04:03:21,950 - INFO - Boosted OOD loss: 0.0911
2025-09-05 04:03:23,588 - INFO - Boosted OOD loss: 0.0861
2025-09-05 04:03:25,222 - INFO - Boosted OOD loss: 0.0996
2025-09-05 04:03:26,321 - INFO - Boosted OOD loss: 0.0502
2025-09-05 04:03:29,581 - INFO - Boosted OOD loss: 0.0718
2025-09-05 04:03:30,143 - INFO - Boosted OOD loss: 0.0372
2025-09-05 04:03:34,482 - INFO - Boosted OOD loss: 0.0570
2025-09-05 04:03:35,047 - INFO - Boosted OOD loss: 0.0481
2025-09-05 04:03:35,609 - INFO - Boosted OOD loss: 0.0709
2025-09-05 04:03:37,248 - INFO - Boosted OOD loss: 0.0766
2025-09-05 04:03:42,667 - INFO - Boosted OOD loss: 0.0476
2025-09-05 04:03:45,922 - INFO - Boosted OOD loss: 0.0915
2025-09-05 04:03:47,025 - INFO - Boosted OOD loss: 0.0491
2025-09-05 04:03:50,283 - INFO - Boosted OOD loss: 0.0763
2025-09-05 04:03:50,284 - INFO - Step 21100 Loss Debug:
2025-09-05 04:03:50,284 - INFO -  CE: 1.7655
2025-09-05 04:03:50,284 - INFO -  OOD: 0.0763
2025-09-05 04:03:50,284 - INFO -  β: 32.00
2025-09-05 04:03:50,284 - INFO -  ID: 5844, OOD(254): 237
2025-09-05 04:03:50,846 - INFO - Boosted OOD loss: 0.0632
2025-09-05 04:03:51,406 - INFO - Boosted OOD loss: 0.0352
2025-09-05 04:03:55,750 - INFO - Boosted OOD loss: 0.0359
2025-09-05 04:03:57,391 - INFO - Boosted OOD loss: 0.0714
2025-09-05 04:03:58,488 - INFO - Boosted OOD loss: 0.0740
2025-09-05 04:04:08,213 - INFO - Boosted OOD loss: 0.0581
2025-09-05 04:04:08,778 - INFO - Boosted OOD loss: 0.0377
2025-09-05 04:04:13,120 - INFO - Boosted OOD loss: 0.0331
2025-09-05 04:04:21,785 - INFO - Boosted OOD loss: 0.0786
2025-09-05 04:04:22,888 - INFO - Boosted OOD loss: 0.0457
2025-09-05 04:04:27,764 - INFO - Boosted OOD loss: 0.0499
2025-09-05 04:04:29,947 - INFO - Boosted OOD loss: 0.0684
2025-09-05 04:04:30,510 - INFO - Boosted OOD loss: 0.0751
2025-09-05 04:04:31,609 - INFO - Boosted OOD loss: 0.0499
2025-09-05 04:04:33,251 - INFO - Boosted OOD loss: 0.0685
2025-09-05 04:04:35,969 - INFO - Boosted OOD loss: 0.0721
2025-09-05 04:04:39,232 - INFO - Boosted OOD loss: 0.0402
2025-09-05 04:04:41,954 - INFO - Boosted OOD loss: 0.0678
2025-09-05 04:04:44,666 - WARNING - No anomaly pixels (254) found in batch
2025-09-05 04:04:46,830 - INFO - Boosted OOD loss: 0.0785
2025-09-05 04:04:48,471 - INFO - Boosted OOD loss: 0.0542
2025-09-05 04:04:49,574 - INFO - Boosted OOD loss: 0.0660
2025-09-05 04:04:50,675 - INFO - Boosted OOD loss: 0.0675
2025-09-05 04:04:51,232 - INFO - Boosted OOD loss: 0.0863
2025-09-05 04:04:52,864 - INFO - Boosted OOD loss: 0.0683
2025-09-05 04:04:55,037 - INFO - Boosted OOD loss: 0.0934
2025-09-05 04:04:58,297 - INFO - Boosted OOD loss: 0.0660
2025-09-05 04:05:04,251 - INFO - Boosted OOD loss: 0.0861
2025-09-05 04:05:10,740 - INFO - Boosted OOD loss: 0.0662
2025-09-05 04:05:11,835 - INFO - Boosted OOD loss: 0.0639
2025-09-05 04:05:11,835 - INFO - Step 21250 Loss Debug:
2025-09-05 04:05:11,835 - INFO -  CE: 2.0090
2025-09-05 04:05:11,835 - INFO -  OOD: 0.0639
2025-09-05 04:05:11,835 - INFO -  β: 32.00
2025-09-05 04:05:11,835 - INFO -  ID: 6003, OOD(254): 1
2025-09-05 04:05:13,472 - INFO - Boosted OOD loss: 0.0629
2025-09-05 04:05:15,654 - INFO - Boosted OOD loss: 0.0613
2025-09-05 04:05:16,754 - INFO - Boosted OOD loss: 0.0931
2025-09-05 04:05:17,311 - INFO - Boosted OOD loss: 0.0834
2025-09-05 04:05:20,026 - INFO - Boosted OOD loss: 0.0830
2025-09-05 04:05:20,589 - INFO - Boosted OOD loss: 0.0660
2025-09-05 04:05:22,232 - INFO - Boosted OOD loss: 0.0380
2025-09-05 04:05:35,745 - INFO - Boosted OOD loss: 0.0748
2025-09-05 04:05:36,304 - INFO - Boosted OOD loss: 0.0900
2025-09-05 04:05:39,015 - WARNING - No anomaly pixels (254) found in batch
2025-09-05 04:05:41,181 - INFO - Boosted OOD loss: 0.0563
2025-09-05 04:05:42,823 - INFO - Boosted OOD loss: 0.0590
2025-09-05 04:05:44,464 - INFO - Boosted OOD loss: 0.0888
2025-09-05 04:05:49,344 - INFO - Boosted OOD loss: 0.0623
2025-09-05 04:05:50,988 - INFO - Boosted OOD loss: 0.0516
2025-09-05 04:05:52,097 - INFO - Boosted OOD loss: 0.0944
2025-09-05 04:05:52,657 - INFO - Boosted OOD loss: 0.0778
2025-09-05 04:05:54,293 - INFO - Boosted OOD loss: 0.1038
2025-09-05 04:05:59,700 - INFO - Boosted OOD loss: 0.0555
2025-09-05 04:06:00,804 - INFO - Boosted OOD loss: 0.0332
2025-09-05 04:06:04,066 - INFO - Boosted OOD loss: 0.0375
2025-09-05 04:06:09,481 - INFO - Boosted OOD loss: 0.0846
2025-09-05 04:06:10,580 - INFO - Boosted OOD loss: 0.0854
2025-09-05 04:06:12,221 - INFO - Boosted OOD loss: 0.0978
2025-09-05 04:06:15,479 - INFO - Boosted OOD loss: 0.0843
2025-09-05 04:06:19,278 - INFO - Boosted OOD loss: 0.0484
2025-09-05 04:06:21,464 - INFO - Boosted OOD loss: 0.0237
2025-09-05 04:06:24,272 - INFO - Updated beta to 14.02 (exp decay)
2025-09-05 04:06:45,348 - WARNING - Negative mean energy—verify E_b formula/signs
2025-09-05 04:06:45,348 - INFO - Weights updated successfully
2025-09-05 04:06:45,348 - INFO - Advanced epoch 12 - Updated beta: 14.02
2025-09-05 04:06:45,349 - INFO - Epoch 12 - Avg CE: 1.8440, Avg OOD: 0.0133, β: 32
2025-09-05 04:06:45,457 - INFO - 
Starting Epoch 13/100
2025-09-05 04:06:45,457 - INFO - ============================================================
2025-09-05 04:06:45,458 - INFO - 
Updating Hopfield boosting weights at epoch 13...
2025-09-05 04:06:56,070 - WARNING - Negative mean energy—verify E_b formula/signs
2025-09-05 04:06:56,071 - INFO - Weights updated successfully
2025-09-05 04:06:56,071 - INFO - Weight Update Debug at Epoch 13: No high-weight OOD pixels found
2025-09-05 04:06:58,286 - INFO - Boosted OOD loss: 0.0798
2025-09-05 04:07:02,066 - INFO - Boosted OOD loss: 0.0731
2025-09-05 04:07:03,700 - INFO - Boosted OOD loss: 0.0623
2025-09-05 04:07:05,876 - INFO - Boosted OOD loss: 0.1267
2025-09-05 04:07:05,876 - INFO - Step 21400 Loss Debug:
2025-09-05 04:07:05,877 - INFO -  CE: 2.0160
2025-09-05 04:07:05,877 - INFO -  OOD: 0.1267
2025-09-05 04:07:05,877 - INFO -  β: 32.00
2025-09-05 04:07:05,877 - INFO -  ID: 6556, OOD(254): 100
2025-09-05 04:07:07,515 - INFO - Boosted OOD loss: 0.0378
2025-09-05 04:07:09,159 - INFO - Boosted OOD loss: 0.1022
2025-09-05 04:07:11,345 - INFO - Boosted OOD loss: 0.0439
2025-09-05 04:07:11,912 - INFO - Boosted OOD loss: 0.0568
2025-09-05 04:07:13,555 - INFO - Boosted OOD loss: 0.0648
2025-09-05 04:07:15,747 - INFO - Boosted OOD loss: 0.0516
2025-09-05 04:07:21,185 - INFO - Boosted OOD loss: 0.0652
2025-09-05 04:07:24,458 - INFO - Boosted OOD loss: 0.0496
2025-09-05 04:07:25,563 - INFO - Boosted OOD loss: 0.0862
2025-09-05 04:07:28,293 - INFO - Boosted OOD loss: 0.0904
2025-09-05 04:07:31,034 - INFO - Boosted OOD loss: 0.0529
2025-09-05 04:07:32,146 - INFO - Boosted OOD loss: 0.0484
2025-09-05 04:07:36,517 - INFO - Boosted OOD loss: 0.0738
2025-09-05 04:07:37,080 - INFO - Boosted OOD loss: 0.0908
2025-09-05 04:07:38,730 - INFO - Boosted OOD loss: 0.0557
2025-09-05 04:07:40,382 - INFO - Boosted OOD loss: 0.0726
2025-09-05 04:07:40,946 - INFO - Boosted OOD loss: 0.1000
2025-09-05 04:07:41,509 - INFO - Boosted OOD loss: 0.0458
2025-09-05 04:07:42,619 - INFO - Boosted OOD loss: 0.0471
2025-09-05 04:07:44,271 - INFO - Boosted OOD loss: 0.0323
2025-09-05 04:07:47,015 - INFO - Boosted OOD loss: 0.0807
2025-09-05 04:07:48,664 - INFO - Boosted OOD loss: 0.0750
2025-09-05 04:07:52,479 - INFO - Boosted OOD loss: 0.0634
2025-09-05 04:07:58,459 - INFO - Boosted OOD loss: 0.0615
2025-09-05 04:08:00,099 - INFO - Boosted OOD loss: 0.0784
2025-09-05 04:08:00,652 - WARNING - No anomaly pixels (254) found in batch
2025-09-05 04:08:01,200 - INFO - Boosted OOD loss: 0.0723
2025-09-05 04:08:01,760 - INFO - Boosted OOD loss: 0.0624
2025-09-05 04:08:05,570 - INFO - Boosted OOD loss: 0.0584
2025-09-05 04:08:09,376 - INFO - Boosted OOD loss: 0.0740
2025-09-05 04:08:14,267 - INFO - Boosted OOD loss: 0.0792
2025-09-05 04:08:18,614 - INFO - Boosted OOD loss: 0.0736
2025-09-05 04:08:19,173 - INFO - Boosted OOD loss: 0.0637
2025-09-05 04:08:19,735 - INFO - Boosted OOD loss: 0.0695
2025-09-05 04:08:22,459 - INFO - Boosted OOD loss: 0.0282
2025-09-05 04:08:23,568 - INFO - Boosted OOD loss: 0.0399
2025-09-05 04:08:25,217 - INFO - Boosted OOD loss: 0.0737
2025-09-05 04:08:32,261 - INFO - Boosted OOD loss: 0.0449
2025-09-05 04:08:35,527 - INFO - Boosted OOD loss: 0.0724
2025-09-05 04:08:36,084 - INFO - Boosted OOD loss: 0.1100
2025-09-05 04:08:37,726 - INFO - Boosted OOD loss: 0.0739
2025-09-05 04:08:45,305 - INFO - Boosted OOD loss: 0.0628
2025-09-05 04:08:45,866 - INFO - Boosted OOD loss: 0.0563
2025-09-05 04:08:49,127 - INFO - Boosted OOD loss: 0.0954
2025-09-05 04:08:52,926 - INFO - Boosted OOD loss: 0.0984
2025-09-05 04:08:53,485 - INFO - Boosted OOD loss: 0.0513
2025-09-05 04:08:54,045 - INFO - Boosted OOD loss: 0.0491
2025-09-05 04:08:55,137 - WARNING - No anomaly pixels (254) found in batch
2025-09-05 04:08:57,303 - INFO - Boosted OOD loss: 0.0885
2025-09-05 04:08:58,402 - INFO - Boosted OOD loss: 0.0621
2025-09-05 04:09:00,580 - INFO - Boosted OOD loss: 0.0491
2025-09-05 04:09:03,300 - INFO - Boosted OOD loss: 0.0589
2025-09-05 04:09:03,865 - INFO - Boosted OOD loss: 0.0700
2025-09-05 04:09:15,752 - INFO - Boosted OOD loss: 0.0693
2025-09-05 04:09:16,307 - INFO - Boosted OOD loss: 0.0796
2025-09-05 04:09:18,482 - INFO - Boosted OOD loss: 0.0574
2025-09-05 04:09:20,660 - INFO - Boosted OOD loss: 0.0576
2025-09-05 04:09:24,456 - INFO - Boosted OOD loss: 0.0828
2025-09-05 04:09:29,321 - INFO - Boosted OOD loss: 0.0769
2025-09-05 04:09:30,422 - INFO - Boosted OOD loss: 0.0689
2025-09-05 04:09:33,135 - INFO - Boosted OOD loss: 0.0733
2025-09-05 04:09:33,692 - INFO - Boosted OOD loss: 0.0667
2025-09-05 04:09:34,788 - INFO - Boosted OOD loss: 0.0835
2025-09-05 04:09:35,345 - INFO - Boosted OOD loss: 0.0783
2025-09-05 04:09:42,913 - INFO - Boosted OOD loss: 0.0813
2025-09-05 04:09:44,015 - INFO - Boosted OOD loss: 0.0608
2025-09-05 04:09:44,574 - INFO - Boosted OOD loss: 0.0566
2025-09-05 04:09:48,372 - INFO - Boosted OOD loss: 0.0754
2025-09-05 04:09:48,938 - INFO - Boosted OOD loss: 0.0214
2025-09-05 04:09:49,495 - WARNING - No anomaly pixels (254) found in batch
2025-09-05 04:09:56,504 - INFO - Boosted OOD loss: 0.0493
2025-09-05 04:09:59,761 - INFO - Boosted OOD loss: 0.0750
2025-09-05 04:10:00,326 - INFO - Boosted OOD loss: 0.0304
2025-09-05 04:10:03,050 - INFO - Boosted OOD loss: 0.0915
2025-09-05 04:10:04,149 - INFO - Boosted OOD loss: 0.0244
2025-09-05 04:10:09,028 - INFO - Boosted OOD loss: 0.0700
2025-09-05 04:10:10,128 - INFO - Boosted OOD loss: 0.0764
2025-09-05 04:10:18,779 - INFO - Boosted OOD loss: 0.0443
2025-09-05 04:10:19,345 - INFO - Boosted OOD loss: 0.0558
2025-09-05 04:10:19,908 - INFO - Boosted OOD loss: 0.0627
2025-09-05 04:10:20,473 - INFO - Boosted OOD loss: 0.0638
2025-09-05 04:10:22,107 - INFO - Boosted OOD loss: 0.0823
2025-09-05 04:10:27,528 - INFO - Boosted OOD loss: 0.0429
2025-09-05 04:10:29,168 - INFO - Boosted OOD loss: 0.0603
2025-09-05 04:10:33,509 - INFO - Boosted OOD loss: 0.0569
2025-09-05 04:10:37,837 - INFO - Boosted OOD loss: 0.1085
2025-09-05 04:10:40,017 - INFO - Boosted OOD loss: 0.0651
2025-09-05 04:10:40,576 - INFO - Boosted OOD loss: 0.0740
2025-09-05 04:10:42,213 - INFO - Boosted OOD loss: 0.0838
2025-09-05 04:10:43,851 - INFO - Boosted OOD loss: 0.0735
2025-09-05 04:10:43,851 - INFO - Step 21800 Loss Debug:
2025-09-05 04:10:43,851 - INFO -  CE: 1.8487
2025-09-05 04:10:43,851 - INFO -  OOD: 0.0735
2025-09-05 04:10:43,851 - INFO -  β: 32.00
2025-09-05 04:10:43,851 - INFO -  ID: 5119, OOD(254): 162
2025-09-05 04:10:44,409 - INFO - Boosted OOD loss: 0.0435
2025-09-05 04:10:47,662 - INFO - Boosted OOD loss: 0.0614
2025-09-05 04:10:51,454 - INFO - Boosted OOD loss: 0.0724
2025-09-05 04:10:53,094 - INFO - Boosted OOD loss: 0.0598
2025-09-05 04:10:53,653 - INFO - Boosted OOD loss: 0.0377
2025-09-05 04:10:54,209 - INFO - Boosted OOD loss: 0.0826
2025-09-05 04:10:55,308 - INFO - Boosted OOD loss: 0.0678
2025-09-05 04:10:55,867 - INFO - Boosted OOD loss: 0.0860
2025-09-05 04:10:58,045 - INFO - Boosted OOD loss: 0.0812
2025-09-05 04:11:07,775 - INFO - Boosted OOD loss: 0.0759
2025-09-05 04:11:09,954 - INFO - Boosted OOD loss: 0.0814
2025-09-05 04:11:17,533 - INFO - Boosted OOD loss: 0.0249
2025-09-05 04:11:24,566 - INFO - Boosted OOD loss: 0.0390
2025-09-05 04:11:25,667 - INFO - Boosted OOD loss: 0.0631
2025-09-05 04:11:26,227 - INFO - Boosted OOD loss: 0.0930
2025-09-05 04:11:28,947 - INFO - Boosted OOD loss: 0.0635
2025-09-05 04:11:31,665 - INFO - Boosted OOD loss: 0.0680
2025-09-05 04:11:32,769 - INFO - Boosted OOD loss: 0.0512
2025-09-05 04:11:35,490 - INFO - Boosted OOD loss: 0.0756
2025-09-05 04:11:38,201 - WARNING - No anomaly pixels (254) found in batch
2025-09-05 04:11:39,825 - INFO - Boosted OOD loss: 0.0475
2025-09-05 04:11:42,544 - INFO - Boosted OOD loss: 0.0231
2025-09-05 04:11:47,418 - INFO - Boosted OOD loss: 0.0589
2025-09-05 04:11:47,976 - INFO - Boosted OOD loss: 0.0593
2025-09-05 04:11:51,228 - INFO - Boosted OOD loss: 0.0344
2025-09-05 04:11:53,944 - INFO - Boosted OOD loss: 0.0557
2025-09-05 04:11:54,506 - INFO - Boosted OOD loss: 0.0509
2025-09-05 04:11:55,606 - INFO - Boosted OOD loss: 0.0832
2025-09-05 04:11:56,166 - INFO - Boosted OOD loss: 0.0474
2025-09-05 04:11:57,265 - INFO - Boosted OOD loss: 0.0797
2025-09-05 04:12:01,061 - INFO - Boosted OOD loss: 0.0588
2025-09-05 04:12:01,622 - INFO - Boosted OOD loss: 0.0690
2025-09-05 04:12:02,723 - INFO - Boosted OOD loss: 0.0728
2025-09-05 04:12:04,361 - INFO - Boosted OOD loss: 0.0721
2025-09-05 04:12:06,001 - INFO - Boosted OOD loss: 0.0712
2025-09-05 04:12:06,566 - INFO - Boosted OOD loss: 0.0931
2025-09-05 04:12:08,746 - INFO - Boosted OOD loss: 0.0694
2025-09-05 04:12:15,771 - INFO - Boosted OOD loss: 0.0739
2025-09-05 04:12:16,869 - INFO - Boosted OOD loss: 0.0516
2025-09-05 04:12:17,967 - INFO - Boosted OOD loss: 0.0614
2025-09-05 04:12:18,527 - INFO - Boosted OOD loss: 0.0506
2025-09-05 04:12:26,099 - INFO - Boosted OOD loss: 0.0404
2025-09-05 04:12:29,902 - INFO - Boosted OOD loss: 0.0602
2025-09-05 04:12:32,615 - WARNING - No anomaly pixels (254) found in batch
2025-09-05 04:12:35,862 - INFO - Boosted OOD loss: 0.0411
2025-09-05 04:12:38,584 - INFO - Boosted OOD loss: 0.0819
2025-09-05 04:12:41,301 - INFO - Boosted OOD loss: 0.0750
2025-09-05 04:12:41,865 - INFO - Boosted OOD loss: 0.0280
2025-09-05 04:12:42,964 - INFO - Boosted OOD loss: 0.0613
2025-09-05 04:12:45,143 - INFO - Boosted OOD loss: 0.0579
2025-09-05 04:12:48,399 - INFO - Boosted OOD loss: 0.0839
2025-09-05 04:12:48,958 - INFO - Boosted OOD loss: 0.0573
2025-09-05 04:12:51,132 - INFO - Boosted OOD loss: 0.0290
2025-09-05 04:12:52,772 - INFO - Boosted OOD loss: 0.0267
2025-09-05 04:12:55,495 - INFO - Boosted OOD loss: 0.0773
2025-09-05 04:13:01,983 - INFO - Boosted OOD loss: 0.0643
2025-09-05 04:13:03,620 - INFO - Boosted OOD loss: 0.0526
2025-09-05 04:13:04,717 - INFO - Boosted OOD loss: 0.0683
2025-09-05 04:13:05,816 - INFO - Boosted OOD loss: 0.0410
2025-09-05 04:13:06,377 - INFO - Boosted OOD loss: 0.0545
2025-09-05 04:13:12,866 - INFO - Boosted OOD loss: 0.0950
2025-09-05 04:13:15,040 - INFO - Boosted OOD loss: 0.0675
2025-09-05 04:13:17,217 - INFO - Boosted OOD loss: 0.0724
2025-09-05 04:13:17,778 - INFO - Boosted OOD loss: 0.0478
2025-09-05 04:13:18,345 - INFO - Boosted OOD loss: 0.0287
2025-09-05 04:13:18,908 - INFO - Boosted OOD loss: 0.0672
2025-09-05 04:13:21,085 - INFO - Boosted OOD loss: 0.0637
2025-09-05 04:13:23,796 - INFO - Boosted OOD loss: 0.0734
2025-09-05 04:13:27,038 - WARNING - No anomaly pixels (254) found in batch
2025-09-05 04:13:27,582 - INFO - Boosted OOD loss: 0.0926
2025-09-05 04:13:28,140 - INFO - Boosted OOD loss: 0.0847
2025-09-05 04:13:29,237 - INFO - Boosted OOD loss: 0.0909
2025-09-05 04:13:36,800 - INFO - Boosted OOD loss: 0.0957
2025-09-05 04:13:37,362 - INFO - Boosted OOD loss: 0.0676
2025-09-05 04:13:39,003 - INFO - Boosted OOD loss: 0.0603
2025-09-05 04:13:41,727 - INFO - Boosted OOD loss: 0.0429
2025-09-05 04:13:46,605 - INFO - Boosted OOD loss: 0.0891
2025-09-05 04:13:47,163 - INFO - Boosted OOD loss: 0.0501
2025-09-05 04:13:50,952 - INFO - Boosted OOD loss: 0.0307
2025-09-05 04:14:02,286 - INFO - Boosted OOD loss: 0.0502
2025-09-05 04:14:07,158 - INFO - Boosted OOD loss: 0.0376
2025-09-05 04:14:08,795 - INFO - Boosted OOD loss: 0.0674
2025-09-05 04:14:10,975 - INFO - Boosted OOD loss: 0.0945
2025-09-05 04:14:11,538 - INFO - Boosted OOD loss: 0.0783
2025-09-05 04:14:15,866 - INFO - Boosted OOD loss: 0.0708
2025-09-05 04:14:20,193 - INFO - Boosted OOD loss: 0.0742
2025-09-05 04:14:21,280 - WARNING - No anomaly pixels (254) found in batch
2025-09-05 04:14:21,828 - INFO - Boosted OOD loss: 0.0609
2025-09-05 04:14:24,547 - INFO - Boosted OOD loss: 0.0480
2025-09-05 04:14:29,959 - INFO - Boosted OOD loss: 0.0835
2025-09-05 04:14:30,518 - INFO - Boosted OOD loss: 0.0881
2025-09-05 04:14:32,158 - INFO - Boosted OOD loss: 0.0797
2025-09-05 04:14:34,337 - INFO - Boosted OOD loss: 0.0621
2025-09-05 04:14:34,896 - INFO - Boosted OOD loss: 0.0612
2025-09-05 04:14:35,996 - INFO - Boosted OOD loss: 0.0491
2025-09-05 04:14:38,172 - INFO - Boosted OOD loss: 0.0793
2025-09-05 04:14:41,963 - INFO - Boosted OOD loss: 0.0825
2025-09-05 04:14:44,674 - INFO - Boosted OOD loss: 0.0753
2025-09-05 04:14:46,849 - INFO - Boosted OOD loss: 0.0670
2025-09-05 04:14:47,405 - INFO - Boosted OOD loss: 0.0807
2025-09-05 04:14:49,044 - INFO - Boosted OOD loss: 0.0775
2025-09-05 04:14:50,678 - INFO - Boosted OOD loss: 0.0196
2025-09-05 04:14:51,236 - INFO - Boosted OOD loss: 0.0769
2025-09-05 04:14:58,803 - INFO - Boosted OOD loss: 0.0720
2025-09-05 04:15:02,059 - INFO - Boosted OOD loss: 0.0537
2025-09-05 04:15:12,325 - INFO - Boosted OOD loss: 0.0588
2025-09-05 04:15:15,576 - WARNING - No anomaly pixels (254) found in batch
2025-09-05 04:15:19,360 - INFO - Boosted OOD loss: 0.0884
2025-09-05 04:15:19,920 - INFO - Boosted OOD loss: 0.0726
2025-09-05 04:15:22,636 - INFO - Boosted OOD loss: 0.0342
2025-09-05 04:15:23,740 - INFO - Boosted OOD loss: 0.0881
2025-09-05 04:15:24,840 - INFO - Boosted OOD loss: 0.0704
2025-09-05 04:15:25,404 - INFO - Boosted OOD loss: 0.0555
2025-09-05 04:15:28,118 - INFO - Boosted OOD loss: 0.0714
2025-09-05 04:15:30,296 - INFO - Boosted OOD loss: 0.0638
2025-09-05 04:15:32,478 - INFO - Boosted OOD loss: 0.0895
2025-09-05 04:15:35,193 - INFO - Boosted OOD loss: 0.0870
2025-09-05 04:15:37,916 - INFO - Boosted OOD loss: 0.0654
2025-09-05 04:15:44,943 - INFO - Boosted OOD loss: 0.0903
2025-09-05 04:15:46,043 - INFO - Boosted OOD loss: 0.0851
2025-09-05 04:15:49,842 - INFO - Boosted OOD loss: 0.0704
2025-09-05 04:15:52,017 - INFO - Boosted OOD loss: 0.0735
2025-09-05 04:15:53,114 - INFO - Boosted OOD loss: 0.0548
2025-09-05 04:15:58,529 - INFO - Boosted OOD loss: 0.0581
2025-09-05 04:16:03,941 - INFO - Boosted OOD loss: 0.0532
2025-09-05 04:16:07,736 - INFO - Boosted OOD loss: 0.0378
2025-09-05 04:16:09,906 - WARNING - No anomaly pixels (254) found in batch
2025-09-05 04:16:11,530 - INFO - Boosted OOD loss: 0.0604
2025-09-05 04:16:23,402 - INFO - Boosted OOD loss: 0.0664
2025-09-05 04:16:25,039 - INFO - Boosted OOD loss: 0.0578
2025-09-05 04:16:27,757 - INFO - Boosted OOD loss: 0.0588
2025-09-05 04:16:29,938 - INFO - Boosted OOD loss: 0.0537
2025-09-05 04:16:31,575 - INFO - Boosted OOD loss: 0.0887
2025-09-05 04:16:33,216 - INFO - Boosted OOD loss: 0.0446
2025-09-05 04:16:33,777 - INFO - Boosted OOD loss: 0.0892
2025-09-05 04:16:35,955 - INFO - Boosted OOD loss: 0.0524
2025-09-05 04:16:40,819 - INFO - Boosted OOD loss: 0.0643
2025-09-05 04:16:41,921 - INFO - Boosted OOD loss: 0.0629
2025-09-05 04:16:42,483 - INFO - Boosted OOD loss: 0.0606
2025-09-05 04:16:43,043 - INFO - Boosted OOD loss: 0.0871
2025-09-05 04:16:44,142 - INFO - Boosted OOD loss: 0.0517
2025-09-05 04:16:47,395 - INFO - Boosted OOD loss: 0.0406
2025-09-05 04:16:49,037 - INFO - Boosted OOD loss: 0.0686
2025-09-05 04:16:51,749 - INFO - Boosted OOD loss: 0.0573
2025-09-05 04:16:52,845 - INFO - Boosted OOD loss: 0.0947
2025-09-05 04:16:53,947 - INFO - Boosted OOD loss: 0.0187
2025-09-05 04:16:55,584 - INFO - Boosted OOD loss: 0.0924
2025-09-05 04:17:04,225 - WARNING - No anomaly pixels (254) found in batch
2025-09-05 04:17:05,308 - INFO - Boosted OOD loss: 0.0764
2025-09-05 04:17:09,100 - INFO - Boosted OOD loss: 0.0693
2025-09-05 04:17:10,206 - INFO - Boosted OOD loss: 0.0432
2025-09-05 04:17:20,476 - INFO - Boosted OOD loss: 0.0517
2025-09-05 04:17:21,038 - INFO - Boosted OOD loss: 0.0666
2025-09-05 04:17:24,832 - INFO - Boosted OOD loss: 0.0465
2025-09-05 04:17:27,010 - INFO - Boosted OOD loss: 0.0676
2025-09-05 04:17:27,574 - INFO - Boosted OOD loss: 0.0323
2025-09-05 04:17:40,528 - INFO - Boosted OOD loss: 0.0726
2025-09-05 04:17:41,088 - INFO - Boosted OOD loss: 0.0663
2025-09-05 04:17:42,185 - INFO - Boosted OOD loss: 0.0586
2025-09-05 04:17:42,745 - INFO - Boosted OOD loss: 0.0592
2025-09-05 04:17:43,305 - INFO - Boosted OOD loss: 0.0563
2025-09-05 04:17:45,478 - INFO - Boosted OOD loss: 0.0359
2025-09-05 04:17:47,119 - INFO - Boosted OOD loss: 0.0611
2025-09-05 04:17:47,681 - INFO - Boosted OOD loss: 0.0756
2025-09-05 04:17:48,239 - INFO - Boosted OOD loss: 0.0356
2025-09-05 04:17:54,718 - INFO - Boosted OOD loss: 0.0675
2025-09-05 04:17:55,279 - INFO - Boosted OOD loss: 0.0355
2025-09-05 04:17:58,528 - WARNING - No anomaly pixels (254) found in batch
2025-09-05 04:18:07,688 - INFO - Boosted OOD loss: 0.0779
2025-09-05 04:18:08,246 - INFO - Boosted OOD loss: 0.0706
2025-09-05 04:18:09,888 - INFO - Boosted OOD loss: 0.0209
2025-09-05 04:18:10,451 - INFO - Boosted OOD loss: 0.0339
2025-09-05 04:18:13,165 - INFO - Boosted OOD loss: 0.0602
2025-09-05 04:18:20,727 - INFO - Boosted OOD loss: 0.0645
2025-09-05 04:18:26,138 - INFO - Boosted OOD loss: 0.0579
2025-09-05 04:18:27,780 - INFO - Boosted OOD loss: 0.0681
2025-09-05 04:18:31,036 - INFO - Boosted OOD loss: 0.0947
2025-09-05 04:18:32,673 - INFO - Boosted OOD loss: 0.0775
2025-09-05 04:18:35,387 - INFO - Boosted OOD loss: 0.0874
2025-09-05 04:18:39,715 - INFO - Boosted OOD loss: 0.0672
2025-09-05 04:18:46,201 - INFO - Boosted OOD loss: 0.0549
2025-09-05 04:18:47,297 - INFO - Boosted OOD loss: 0.0770
2025-09-05 04:18:48,934 - INFO - Boosted OOD loss: 0.0596
2025-09-05 04:18:51,649 - INFO - Boosted OOD loss: 0.0816
2025-09-05 04:18:52,741 - WARNING - No anomaly pixels (254) found in batch
2025-09-05 04:18:53,285 - INFO - Boosted OOD loss: 0.0652
2025-09-05 04:18:53,848 - INFO - Boosted OOD loss: 0.0233
2025-09-05 04:18:55,489 - INFO - Boosted OOD loss: 0.0573
2025-09-05 04:18:58,751 - INFO - Boosted OOD loss: 0.0810
2025-09-05 04:19:01,470 - INFO - Boosted OOD loss: 0.0656
2025-09-05 04:19:04,188 - INFO - Boosted OOD loss: 0.0702
2025-09-05 04:19:06,367 - INFO - Boosted OOD loss: 0.0693
2025-09-05 04:19:06,930 - INFO - Boosted OOD loss: 0.0893
2025-09-05 04:19:14,511 - INFO - Boosted OOD loss: 0.0540
2025-09-05 04:19:17,233 - INFO - Boosted OOD loss: 0.0700
2025-09-05 04:19:18,873 - INFO - Boosted OOD loss: 0.0728
2025-09-05 04:19:24,825 - INFO - Boosted OOD loss: 0.0520
2025-09-05 04:19:28,078 - INFO - Boosted OOD loss: 0.0440
2025-09-05 04:19:35,112 - INFO - Boosted OOD loss: 0.0799
2025-09-05 04:19:36,213 - INFO - Boosted OOD loss: 0.0921
2025-09-05 04:19:47,009 - WARNING - No anomaly pixels (254) found in batch
2025-09-05 04:19:47,556 - INFO - Boosted OOD loss: 0.0727
2025-09-05 04:19:49,195 - INFO - Boosted OOD loss: 0.0499
2025-09-05 04:19:49,759 - INFO - Boosted OOD loss: 0.0654
2025-09-05 04:19:55,714 - INFO - Boosted OOD loss: 0.0358
2025-09-05 04:19:58,981 - INFO - Boosted OOD loss: 0.0460
2025-09-05 04:19:59,541 - INFO - Boosted OOD loss: 0.0757
2025-09-05 04:20:01,179 - INFO - Boosted OOD loss: 0.1090
2025-09-05 04:20:03,891 - INFO - Boosted OOD loss: 0.0795
2025-09-05 04:20:07,149 - INFO - Boosted OOD loss: 0.0787
2025-09-05 04:20:19,564 - INFO - Boosted OOD loss: 0.0625
2025-09-05 04:20:22,817 - INFO - Boosted OOD loss: 0.0696
2025-09-05 04:20:23,923 - INFO - Boosted OOD loss: 0.0622
2025-09-05 04:20:27,722 - INFO - Boosted OOD loss: 0.1025
2025-09-05 04:20:28,279 - INFO - Boosted OOD loss: 0.0772
2025-09-05 04:20:30,995 - INFO - Boosted OOD loss: 0.0753
2025-09-05 04:20:32,097 - INFO - Boosted OOD loss: 0.0175
2025-09-05 04:20:32,657 - INFO - Boosted OOD loss: 0.1075
2025-09-05 04:20:33,218 - INFO - Boosted OOD loss: 0.0575
2025-09-05 04:20:35,394 - INFO - Boosted OOD loss: 0.0785
2025-09-05 04:20:41,333 - WARNING - No anomaly pixels (254) found in batch
2025-09-05 04:20:44,037 - INFO - Boosted OOD loss: 0.0330
2025-09-05 04:20:44,603 - INFO - Boosted OOD loss: 0.0692
2025-09-05 04:20:46,772 - INFO - Boosted OOD loss: 0.0924
2025-09-05 04:20:47,331 - INFO - Boosted OOD loss: 0.0517
2025-09-05 04:20:53,272 - INFO - Boosted OOD loss: 0.0313
2025-09-05 04:20:54,914 - INFO - Boosted OOD loss: 0.0470
2025-09-05 04:20:55,481 - INFO - Boosted OOD loss: 0.0741
2025-09-05 04:21:04,655 - INFO - Boosted OOD loss: 0.0682
2025-09-05 04:21:05,212 - INFO - Boosted OOD loss: 0.0752
2025-09-05 04:21:06,849 - INFO - Boosted OOD loss: 0.0562
2025-09-05 04:21:11,717 - INFO - Boosted OOD loss: 0.0620
2025-09-05 04:21:12,816 - INFO - Boosted OOD loss: 0.0704
2025-09-05 04:21:14,993 - INFO - Boosted OOD loss: 0.0772
2025-09-05 04:21:15,549 - INFO - Boosted OOD loss: 0.0631
2025-09-05 04:21:22,570 - INFO - Boosted OOD loss: 0.0563
2025-09-05 04:21:26,369 - INFO - Boosted OOD loss: 0.1816
2025-09-05 04:21:29,088 - INFO - Boosted OOD loss: 0.0984
2025-09-05 04:21:32,878 - INFO - Boosted OOD loss: 0.0877
2025-09-05 04:21:33,438 - INFO - Boosted OOD loss: 0.0612
2025-09-05 04:21:35,610 - WARNING - No anomaly pixels (254) found in batch
2025-09-05 04:21:36,155 - INFO - Boosted OOD loss: 0.0736
2025-09-05 04:21:37,252 - INFO - Boosted OOD loss: 0.0755
2025-09-05 04:21:38,892 - INFO - Boosted OOD loss: 0.0700
2025-09-05 04:21:47,004 - INFO - Boosted OOD loss: 0.0579
2025-09-05 04:21:48,106 - INFO - Boosted OOD loss: 0.0658
2025-09-05 04:21:48,666 - INFO - Boosted OOD loss: 0.0261
2025-09-05 04:21:51,384 - INFO - Boosted OOD loss: 0.0677
2025-09-05 04:21:51,940 - INFO - Boosted OOD loss: 0.0535
2025-09-05 04:21:53,578 - INFO - Boosted OOD loss: 0.0503
2025-09-05 04:21:54,677 - INFO - Boosted OOD loss: 0.0673
2025-09-05 04:21:55,772 - INFO - Boosted OOD loss: 0.0949
2025-09-05 04:21:59,561 - INFO - Boosted OOD loss: 0.0922
2025-09-05 04:22:04,427 - INFO - Boosted OOD loss: 0.1024
2025-09-05 04:22:04,989 - INFO - Boosted OOD loss: 0.0376
2025-09-05 04:22:06,094 - INFO - Boosted OOD loss: 0.0245
2025-09-05 04:22:08,271 - INFO - Boosted OOD loss: 0.0683
2025-09-05 04:22:12,066 - INFO - Boosted OOD loss: 0.0550
2025-09-05 04:22:13,167 - INFO - Boosted OOD loss: 0.0567
2025-09-05 04:22:14,800 - INFO - Boosted OOD loss: 0.0655
2025-09-05 04:22:15,358 - INFO - Boosted OOD loss: 0.0755
2025-09-05 04:22:15,916 - INFO - Boosted OOD loss: 0.0823
2025-09-05 04:22:18,092 - INFO - Boosted OOD loss: 0.0843
2025-09-05 04:22:21,351 - INFO - Boosted OOD loss: 0.0680
2025-09-05 04:22:23,525 - INFO - Boosted OOD loss: 0.0822
2025-09-05 04:22:29,999 - WARNING - No anomaly pixels (254) found in batch
2025-09-05 04:22:30,546 - INFO - Boosted OOD loss: 0.0501
2025-09-05 04:22:34,336 - INFO - Boosted OOD loss: 0.0756
2025-09-05 04:22:35,435 - INFO - Boosted OOD loss: 0.0765
2025-09-05 04:22:37,070 - INFO - Boosted OOD loss: 0.0862
2025-09-05 04:22:39,247 - INFO - Boosted OOD loss: 0.0352
2025-09-05 04:22:40,887 - INFO - Boosted OOD loss: 0.0617
2025-09-05 04:22:45,220 - INFO - Boosted OOD loss: 0.0763
2025-09-05 04:22:45,782 - INFO - Boosted OOD loss: 0.0569
2025-09-05 04:22:46,342 - INFO - Boosted OOD loss: 0.0586
2025-09-05 04:22:47,984 - INFO - Boosted OOD loss: 0.0678
2025-09-05 04:22:49,086 - INFO - Boosted OOD loss: 0.0816
2025-09-05 04:22:50,726 - INFO - Boosted OOD loss: 0.0757
2025-09-05 04:22:51,284 - INFO - Boosted OOD loss: 0.0738
2025-09-05 04:22:53,460 - INFO - Boosted OOD loss: 0.0632
2025-09-05 04:22:54,018 - INFO - Boosted OOD loss: 0.0731
2025-09-05 04:22:56,197 - INFO - Boosted OOD loss: 0.0717
2025-09-05 04:23:05,459 - INFO - Updated beta to 13.87 (exp decay)
2025-09-05 04:23:26,540 - WARNING - Negative mean energy—verify E_b formula/signs
2025-09-05 04:23:26,540 - INFO - Weights updated successfully
2025-09-05 04:23:26,540 - INFO - Advanced epoch 13 - Updated beta: 13.87
2025-09-05 04:23:26,541 - INFO - Epoch 13 - Avg CE: 1.8299, Avg OOD: 0.0133, β: 32
2025-09-05 04:23:26,648 - INFO - 
Starting Epoch 14/100
2025-09-05 04:23:26,649 - INFO - ============================================================
2025-09-05 04:23:26,650 - INFO - 
Updating Hopfield boosting weights at epoch 14...
2025-09-05 04:23:37,265 - WARNING - Negative mean energy—verify E_b formula/signs
2025-09-05 04:23:37,266 - INFO - Weights updated successfully
2025-09-05 04:23:37,266 - INFO - Weight Update Debug at Epoch 14: No high-weight OOD pixels found
2025-09-05 04:23:40,304 - INFO - Boosted OOD loss: 0.0665
2025-09-05 04:23:47,330 - INFO - Boosted OOD loss: 0.0546
2025-09-05 04:23:47,894 - INFO - Boosted OOD loss: 0.0530
2025-09-05 04:23:51,158 - INFO - Boosted OOD loss: 0.0590
2025-09-05 04:23:53,884 - INFO - Boosted OOD loss: 0.0826
2025-09-05 04:23:54,451 - INFO - Boosted OOD loss: 0.0757
2025-09-05 04:23:56,639 - WARNING - No anomaly pixels (254) found in batch
2025-09-05 04:23:57,731 - INFO - Boosted OOD loss: 0.0789
2025-09-05 04:23:58,291 - INFO - Boosted OOD loss: 0.0786
2025-09-05 04:24:08,082 - INFO - Boosted OOD loss: 0.0740
2025-09-05 04:24:10,276 - INFO - Boosted OOD loss: 0.0719
2025-09-05 04:24:11,928 - INFO - Boosted OOD loss: 0.0605
2025-09-05 04:24:19,006 - INFO - Boosted OOD loss: 0.0833
2025-09-05 04:24:20,654 - INFO - Boosted OOD loss: 0.0759
2025-09-05 04:24:23,926 - INFO - Boosted OOD loss: 0.0701
2025-09-05 04:24:23,926 - INFO - Step 23250 Loss Debug:
2025-09-05 04:24:23,927 - INFO -  CE: 1.2531
2025-09-05 04:24:23,927 - INFO -  OOD: 0.0701
2025-09-05 04:24:23,927 - INFO -  β: 32.00
2025-09-05 04:24:23,927 - INFO -  ID: 5189, OOD(254): 25
2025-09-05 04:24:25,032 - INFO - Boosted OOD loss: 0.0682
2025-09-05 04:24:29,928 - INFO - Boosted OOD loss: 0.0792
2025-09-05 04:24:31,575 - INFO - Boosted OOD loss: 0.0562
2025-09-05 04:24:35,924 - INFO - Boosted OOD loss: 0.0916
2025-09-05 04:24:36,485 - INFO - Boosted OOD loss: 0.0725
2025-09-05 04:24:48,939 - INFO - Boosted OOD loss: 0.0647
2025-09-05 04:24:49,497 - INFO - Boosted OOD loss: 0.0862
2025-09-05 04:24:50,064 - INFO - Boosted OOD loss: 0.0430
2025-09-05 04:24:51,161 - WARNING - No anomaly pixels (254) found in batch
2025-09-05 04:24:54,408 - INFO - Boosted OOD loss: 0.0851
2025-09-05 04:24:56,051 - INFO - Boosted OOD loss: 0.0494
2025-09-05 04:24:56,613 - INFO - Boosted OOD loss: 0.0686
2025-09-05 04:24:59,328 - INFO - Boosted OOD loss: 0.0253
2025-09-05 04:25:00,967 - INFO - Boosted OOD loss: 0.0430
2025-09-05 04:25:03,688 - INFO - Boosted OOD loss: 0.0463
2025-09-05 04:25:09,106 - INFO - Boosted OOD loss: 0.0494
2025-09-05 04:25:10,747 - INFO - Boosted OOD loss: 0.0445
2025-09-05 04:25:12,923 - INFO - Boosted OOD loss: 0.0531
2025-09-05 04:25:13,484 - INFO - Boosted OOD loss: 0.0582
2025-09-05 04:25:14,043 - INFO - Boosted OOD loss: 0.0655
2025-09-05 04:25:14,605 - INFO - Boosted OOD loss: 0.0503
2025-09-05 04:25:28,656 - INFO - Boosted OOD loss: 0.0698
2025-09-05 04:25:40,542 - INFO - Boosted OOD loss: 0.0687
2025-09-05 04:25:45,406 - WARNING - No anomaly pixels (254) found in batch
2025-09-05 04:25:47,030 - INFO - Boosted OOD loss: 0.0737
2025-09-05 04:25:47,589 - INFO - Boosted OOD loss: 0.0585
2025-09-05 04:25:55,154 - INFO - Boosted OOD loss: 0.0501
2025-09-05 04:26:03,257 - INFO - Boosted OOD loss: 0.0543
2025-09-05 04:26:11,361 - INFO - Boosted OOD loss: 0.0335
2025-09-05 04:26:11,928 - INFO - Boosted OOD loss: 0.0555
2025-09-05 04:26:12,493 - INFO - Boosted OOD loss: 0.0465
2025-09-05 04:26:12,493 - INFO - Step 23450 Loss Debug:
2025-09-05 04:26:12,493 - INFO -  CE: 1.9574
2025-09-05 04:26:12,493 - INFO -  OOD: 0.0465
2025-09-05 04:26:12,493 - INFO -  β: 32.00
2025-09-05 04:26:12,494 - INFO -  ID: 6931, OOD(254): 3
2025-09-05 04:26:17,363 - INFO - Boosted OOD loss: 0.0804
2025-09-05 04:26:21,151 - INFO - Boosted OOD loss: 0.0502
2025-09-05 04:26:21,708 - INFO - Boosted OOD loss: 0.0873
2025-09-05 04:26:23,884 - INFO - Boosted OOD loss: 0.0709
2025-09-05 04:26:29,294 - INFO - Boosted OOD loss: 0.0577
2025-09-05 04:26:29,853 - INFO - Boosted OOD loss: 0.0741
2025-09-05 04:26:30,955 - INFO - Boosted OOD loss: 0.0637
2025-09-05 04:26:33,136 - INFO - Boosted OOD loss: 0.0521
2025-09-05 04:26:35,850 - INFO - Boosted OOD loss: 0.0944
2025-09-05 04:26:36,942 - INFO - Boosted OOD loss: 0.0846
2025-09-05 04:26:38,040 - INFO - Boosted OOD loss: 0.0713
2025-09-05 04:26:39,670 - WARNING - No anomaly pixels (254) found in batch
2025-09-05 04:26:43,455 - INFO - Boosted OOD loss: 0.0581
2025-09-05 04:26:45,637 - INFO - Boosted OOD loss: 0.0559
2025-09-05 04:26:46,201 - INFO - Boosted OOD loss: 0.0606
2025-09-05 04:26:51,613 - INFO - Boosted OOD loss: 0.0723
2025-09-05 04:26:53,792 - INFO - Boosted OOD loss: 0.0329
2025-09-05 04:26:55,973 - INFO - Boosted OOD loss: 0.0545
2025-09-05 04:26:57,612 - INFO - Boosted OOD loss: 0.0751
2025-09-05 04:26:58,176 - INFO - Boosted OOD loss: 0.0384
2025-09-05 04:26:58,737 - INFO - Boosted OOD loss: 0.0714
2025-09-05 04:27:01,453 - INFO - Boosted OOD loss: 0.0922
2025-09-05 04:27:03,632 - INFO - Boosted OOD loss: 0.0758
2025-09-05 04:27:13,354 - INFO - Boosted OOD loss: 0.0641
2025-09-05 04:27:16,075 - INFO - Boosted OOD loss: 0.0802
2025-09-05 04:27:21,489 - INFO - Boosted OOD loss: 0.0433
2025-09-05 04:27:22,597 - INFO - Boosted OOD loss: 0.0534
2025-09-05 04:27:24,234 - INFO - Boosted OOD loss: 0.0742
2025-09-05 04:27:24,796 - INFO - Boosted OOD loss: 0.0316
2025-09-05 04:27:26,432 - INFO - Boosted OOD loss: 0.0771
2025-09-05 04:27:30,226 - INFO - Boosted OOD loss: 0.0416
2025-09-05 04:27:30,785 - INFO - Boosted OOD loss: 0.0762
2025-09-05 04:27:34,037 - INFO - Boosted OOD loss: 0.0625
2025-09-05 04:27:34,037 - INFO - Step 23600 Loss Debug:
2025-09-05 04:27:34,037 - INFO -  CE: 1.5680
2025-09-05 04:27:34,037 - INFO -  OOD: 0.0625
2025-09-05 04:27:34,037 - INFO -  β: 32.00
2025-09-05 04:27:34,037 - INFO -  ID: 6398, OOD(254): 370
2025-09-05 04:27:35,138 - INFO - Boosted OOD loss: 0.0675
2025-09-05 04:27:36,773 - INFO - Boosted OOD loss: 0.0695
2025-09-05 04:27:46,495 - INFO - Boosted OOD loss: 0.0572
2025-09-05 04:27:47,591 - INFO - Boosted OOD loss: 0.0747
2025-09-05 04:27:48,149 - INFO - Boosted OOD loss: 0.0619
2025-09-05 04:27:49,784 - INFO - Boosted OOD loss: 0.0872
2025-09-05 04:27:50,342 - INFO - Boosted OOD loss: 0.0694
2025-09-05 04:27:50,903 - INFO - Boosted OOD loss: 0.0440
2025-09-05 04:27:51,461 - INFO - Boosted OOD loss: 0.0746
2025-09-05 04:27:53,104 - INFO - Boosted OOD loss: 0.0599
2025-09-05 04:27:53,669 - INFO - Boosted OOD loss: 0.0571
2025-09-05 04:27:56,383 - INFO - Boosted OOD loss: 0.0791
2025-09-05 04:27:56,941 - INFO - Boosted OOD loss: 0.0831
2025-09-05 04:27:58,035 - INFO - Boosted OOD loss: 0.0659
2025-09-05 04:28:00,215 - INFO - Boosted OOD loss: 0.0361
2025-09-05 04:28:04,557 - INFO - Boosted OOD loss: 0.0486
2025-09-05 04:28:08,899 - INFO - Boosted OOD loss: 0.0276
2025-09-05 04:28:10,540 - INFO - Boosted OOD loss: 0.0694
2025-09-05 04:28:16,489 - INFO - Boosted OOD loss: 0.0526
2025-09-05 04:28:17,592 - INFO - Boosted OOD loss: 0.0592
2025-09-05 04:28:24,614 - INFO - Boosted OOD loss: 0.0607
2025-09-05 04:28:28,403 - WARNING - No anomaly pixels (254) found in batch
2025-09-05 04:28:31,109 - INFO - Boosted OOD loss: 0.0466
2025-09-05 04:28:32,210 - INFO - Boosted OOD loss: 0.0500
2025-09-05 04:28:33,848 - INFO - Boosted OOD loss: 0.0653
2025-09-05 04:28:34,411 - INFO - Boosted OOD loss: 0.0384
2025-09-05 04:28:34,974 - INFO - Boosted OOD loss: 0.0403
2025-09-05 04:28:37,157 - INFO - Boosted OOD loss: 0.0347
2025-09-05 04:28:38,800 - INFO - Boosted OOD loss: 0.0719
2025-09-05 04:28:39,359 - INFO - Boosted OOD loss: 0.0510
2025-09-05 04:28:39,920 - INFO - Boosted OOD loss: 0.0254
2025-09-05 04:28:40,485 - INFO - Boosted OOD loss: 0.0535
2025-09-05 04:28:41,045 - INFO - Boosted OOD loss: 0.0732
2025-09-05 04:28:42,142 - INFO - Boosted OOD loss: 0.0608
2025-09-05 04:28:43,244 - INFO - Boosted OOD loss: 0.0330
2025-09-05 04:28:44,891 - INFO - Boosted OOD loss: 0.0306
2025-09-05 04:28:52,462 - INFO - Boosted OOD loss: 0.0486
2025-09-05 04:28:53,025 - INFO - Boosted OOD loss: 0.0468
2025-09-05 04:28:56,281 - INFO - Boosted OOD loss: 0.0588
2025-09-05 04:28:59,001 - INFO - Boosted OOD loss: 0.0807
2025-09-05 04:29:03,334 - INFO - Boosted OOD loss: 0.0462
2025-09-05 04:29:06,594 - INFO - Boosted OOD loss: 0.0753
2025-09-05 04:29:07,689 - INFO - Boosted OOD loss: 0.0683
2025-09-05 04:29:08,788 - INFO - Boosted OOD loss: 0.0261
2025-09-05 04:29:13,668 - INFO - Boosted OOD loss: 0.0281
2025-09-05 04:29:14,771 - INFO - Boosted OOD loss: 0.0718
2025-09-05 04:29:15,327 - INFO - Boosted OOD loss: 0.0702
2025-09-05 04:29:15,886 - INFO - Boosted OOD loss: 0.0610
2025-09-05 04:29:17,525 - INFO - Boosted OOD loss: 0.0802
2025-09-05 04:29:19,160 - INFO - Boosted OOD loss: 0.0550
2025-09-05 04:29:22,413 - INFO - Boosted OOD loss: 0.0763
2025-09-05 04:29:22,966 - WARNING - No anomaly pixels (254) found in batch
2025-09-05 04:29:26,210 - INFO - Boosted OOD loss: 0.0505
2025-09-05 04:29:29,473 - INFO - Boosted OOD loss: 0.0598
2025-09-05 04:29:33,274 - INFO - Boosted OOD loss: 0.0482
2025-09-05 04:29:36,530 - INFO - Boosted OOD loss: 0.0583
2025-09-05 04:29:38,711 - INFO - Boosted OOD loss: 0.0557
2025-09-05 04:29:39,275 - INFO - Boosted OOD loss: 0.0773
2025-09-05 04:29:39,833 - INFO - Boosted OOD loss: 0.0628
2025-09-05 04:29:41,469 - INFO - Boosted OOD loss: 0.0642
2025-09-05 04:29:44,185 - INFO - Boosted OOD loss: 0.0616
2025-09-05 04:29:48,526 - INFO - Boosted OOD loss: 0.0637
2025-09-05 04:29:49,088 - INFO - Boosted OOD loss: 0.0306
2025-09-05 04:29:53,965 - INFO - Boosted OOD loss: 0.0578
2025-09-05 04:29:54,530 - INFO - Boosted OOD loss: 0.0371
2025-09-05 04:29:57,248 - INFO - Boosted OOD loss: 0.0737
2025-09-05 04:29:57,808 - INFO - Boosted OOD loss: 0.0533
2025-09-05 04:29:58,368 - INFO - Boosted OOD loss: 0.0773
2025-09-05 04:30:02,712 - INFO - Boosted OOD loss: 0.0521
2025-09-05 04:30:07,599 - INFO - Boosted OOD loss: 0.0664
2025-09-05 04:30:09,783 - INFO - Boosted OOD loss: 0.0362
2025-09-05 04:30:15,745 - INFO - Boosted OOD loss: 0.0668
2025-09-05 04:30:16,306 - INFO - Boosted OOD loss: 0.0658
2025-09-05 04:30:17,399 - WARNING - No anomaly pixels (254) found in batch
2025-09-05 04:30:27,667 - INFO - Boosted OOD loss: 0.0268
2025-09-05 04:30:28,231 - INFO - Boosted OOD loss: 0.0710
2025-09-05 04:30:29,870 - INFO - Boosted OOD loss: 0.0712
2025-09-05 04:30:35,301 - INFO - Boosted OOD loss: 0.0377
2025-09-05 04:30:37,490 - INFO - Boosted OOD loss: 0.0786
2025-09-05 04:30:42,919 - INFO - Boosted OOD loss: 0.0403
2025-09-05 04:30:44,023 - INFO - Boosted OOD loss: 0.0645
2025-09-05 04:30:44,582 - INFO - Boosted OOD loss: 0.0828
2025-09-05 04:30:44,582 - INFO - Step 23950 Loss Debug:
2025-09-05 04:30:44,582 - INFO -  CE: 2.0339
2025-09-05 04:30:44,583 - INFO -  OOD: 0.0828
2025-09-05 04:30:44,583 - INFO -  β: 32.00
2025-09-05 04:30:44,583 - INFO -  ID: 7085, OOD(254): 84
2025-09-05 04:30:52,707 - INFO - Boosted OOD loss: 0.0280
2025-09-05 04:30:53,275 - INFO - Boosted OOD loss: 0.0428
2025-09-05 04:30:54,378 - INFO - Boosted OOD loss: 0.0217
2025-09-05 04:30:58,723 - INFO - Boosted OOD loss: 0.0858
2025-09-05 04:31:03,597 - INFO - Boosted OOD loss: 0.0738
2025-09-05 04:31:07,401 - INFO - Boosted OOD loss: 0.0744
2025-09-05 04:31:07,961 - INFO - Boosted OOD loss: 0.0382
2025-09-05 04:31:09,602 - INFO - Boosted OOD loss: 0.0389
2025-09-05 04:31:10,165 - INFO - Boosted OOD loss: 0.0446
2025-09-05 04:31:11,268 - INFO - Boosted OOD loss: 0.0853
2025-09-05 04:31:11,822 - WARNING - No anomaly pixels (254) found in batch
2025-09-05 04:31:12,908 - INFO - Boosted OOD loss: 0.0443
2025-09-05 04:31:18,329 - INFO - Boosted OOD loss: 0.0492
2025-09-05 04:31:19,428 - INFO - Boosted OOD loss: 0.0822
2025-09-05 04:31:20,531 - INFO - Boosted OOD loss: 0.0600
2025-09-05 04:31:21,092 - INFO - Boosted OOD loss: 0.0697
2025-09-05 04:31:25,436 - INFO - Boosted OOD loss: 0.0292
2025-09-05 04:31:34,633 - INFO - Boosted OOD loss: 0.0158
2025-09-05 04:31:36,275 - INFO - Boosted OOD loss: 0.0846
2025-09-05 04:31:38,991 - INFO - Boosted OOD loss: 0.0572
2025-09-05 04:31:38,991 - INFO - Step 24050 Loss Debug:
2025-09-05 04:31:38,992 - INFO -  CE: 2.1248
2025-09-05 04:31:38,992 - INFO -  OOD: 0.0572
2025-09-05 04:31:38,992 - INFO -  β: 32.00
2025-09-05 04:31:38,992 - INFO -  ID: 5787, OOD(254): 29
2025-09-05 04:31:41,709 - INFO - Boosted OOD loss: 0.0742
2025-09-05 04:31:44,432 - INFO - Boosted OOD loss: 0.0653
2025-09-05 04:31:47,694 - INFO - Boosted OOD loss: 0.0796
2025-09-05 04:31:50,414 - INFO - Boosted OOD loss: 0.0906
2025-09-05 04:31:51,514 - INFO - Boosted OOD loss: 0.0447
2025-09-05 04:31:54,237 - INFO - Boosted OOD loss: 0.0768
2025-09-05 04:31:54,799 - INFO - Boosted OOD loss: 0.0661
2025-09-05 04:31:59,677 - INFO - Boosted OOD loss: 0.0672
2025-09-05 04:32:01,321 - INFO - Boosted OOD loss: 0.0515
2025-09-05 04:32:02,962 - INFO - Boosted OOD loss: 0.0847
2025-09-05 04:32:06,217 - WARNING - No anomaly pixels (254) found in batch
2025-09-05 04:32:14,328 - INFO - Boosted OOD loss: 0.0396
2025-09-05 04:32:14,892 - INFO - Boosted OOD loss: 0.0776
2025-09-05 04:32:17,070 - INFO - Boosted OOD loss: 0.0669
2025-09-05 04:32:20,871 - INFO - Boosted OOD loss: 0.0665
2025-09-05 04:32:21,974 - INFO - Boosted OOD loss: 0.0416
2025-09-05 04:32:24,697 - INFO - Boosted OOD loss: 0.0752
2025-09-05 04:32:30,116 - INFO - Boosted OOD loss: 0.0664
2025-09-05 04:32:40,930 - INFO - Boosted OOD loss: 0.0614
2025-09-05 04:32:44,185 - INFO - Boosted OOD loss: 0.0500
2025-09-05 04:32:44,749 - INFO - Boosted OOD loss: 0.0377
2025-09-05 04:32:45,855 - INFO - Boosted OOD loss: 0.0407
2025-09-05 04:32:46,959 - INFO - Boosted OOD loss: 0.0607
2025-09-05 04:32:48,602 - INFO - Boosted OOD loss: 0.0417
2025-09-05 04:32:49,169 - INFO - Boosted OOD loss: 0.0456
2025-09-05 04:32:50,270 - INFO - Boosted OOD loss: 0.0868
2025-09-05 04:32:55,684 - INFO - Boosted OOD loss: 0.0583
2025-09-05 04:32:58,399 - INFO - Boosted OOD loss: 0.0614
2025-09-05 04:33:00,580 - INFO - Boosted OOD loss: 0.0796
2025-09-05 04:33:00,580 - INFO - Step 24200 Loss Debug:
2025-09-05 04:33:00,580 - INFO -  CE: 1.7763
2025-09-05 04:33:00,580 - INFO -  OOD: 0.0796
2025-09-05 04:33:00,581 - INFO -  β: 32.00
2025-09-05 04:33:00,581 - INFO -  ID: 5903, OOD(254): 77
2025-09-05 04:33:01,140 - INFO - Boosted OOD loss: 0.0697
2025-09-05 04:33:02,772 - INFO - Boosted OOD loss: 0.0675
2025-09-05 04:33:05,489 - INFO - Boosted OOD loss: 0.0286
2025-09-05 04:33:06,051 - INFO - Boosted OOD loss: 0.0815
2025-09-05 04:33:07,148 - INFO - Boosted OOD loss: 0.0562
2025-09-05 04:33:12,021 - INFO - Boosted OOD loss: 0.0488
2025-09-05 04:33:14,196 - INFO - Boosted OOD loss: 0.0489
2025-09-05 04:33:17,457 - INFO - Boosted OOD loss: 0.0442
2025-09-05 04:33:18,020 - INFO - Boosted OOD loss: 0.0664
2025-09-05 04:33:21,815 - INFO - Boosted OOD loss: 0.0754
2025-09-05 04:33:25,074 - INFO - Boosted OOD loss: 0.0510
2025-09-05 04:33:31,031 - INFO - Boosted OOD loss: 0.0670
2025-09-05 04:33:31,592 - INFO - Boosted OOD loss: 0.0504
2025-09-05 04:33:34,317 - INFO - Boosted OOD loss: 0.0864
2025-09-05 04:33:38,654 - INFO - Boosted OOD loss: 0.0700
2025-09-05 04:33:39,753 - INFO - Boosted OOD loss: 0.0654
2025-09-05 04:33:42,470 - INFO - Boosted OOD loss: 0.0738
2025-09-05 04:33:43,573 - INFO - Boosted OOD loss: 0.0492
2025-09-05 04:33:44,135 - INFO - Boosted OOD loss: 0.0868
2025-09-05 04:33:46,860 - INFO - Boosted OOD loss: 0.0702
2025-09-05 04:33:49,041 - INFO - Boosted OOD loss: 0.0647
2025-09-05 04:33:50,683 - INFO - Boosted OOD loss: 0.0697
2025-09-05 04:33:55,013 - WARNING - No anomaly pixels (254) found in batch
2025-09-05 04:33:59,338 - INFO - Boosted OOD loss: 0.0760
2025-09-05 04:34:01,516 - INFO - Boosted OOD loss: 0.0699
2025-09-05 04:34:08,565 - INFO - Boosted OOD loss: 0.0692
2025-09-05 04:34:13,991 - INFO - Boosted OOD loss: 0.0549
2025-09-05 04:34:22,110 - INFO - Boosted OOD loss: 0.0725
2025-09-05 04:34:22,110 - INFO - Step 24350 Loss Debug:
2025-09-05 04:34:22,110 - INFO -  CE: 2.0932
2025-09-05 04:34:22,111 - INFO -  OOD: 0.0725
2025-09-05 04:34:22,111 - INFO -  β: 32.00
2025-09-05 04:34:22,111 - INFO -  ID: 5548, OOD(254): 70
2025-09-05 04:34:23,209 - INFO - Boosted OOD loss: 0.0711
2025-09-05 04:34:24,313 - INFO - Boosted OOD loss: 0.0403
2025-09-05 04:34:27,573 - INFO - Boosted OOD loss: 0.0531
2025-09-05 04:34:28,132 - INFO - Boosted OOD loss: 0.0645
2025-09-05 04:34:29,231 - INFO - Boosted OOD loss: 0.0756
2025-09-05 04:34:34,116 - INFO - Boosted OOD loss: 0.0330
2025-09-05 04:34:38,458 - INFO - Boosted OOD loss: 0.0623
2025-09-05 04:34:39,557 - INFO - Boosted OOD loss: 0.0701
2025-09-05 04:34:41,734 - INFO - Boosted OOD loss: 0.0663
2025-09-05 04:34:43,371 - INFO - Boosted OOD loss: 0.0507
2025-09-05 04:34:47,173 - INFO - Boosted OOD loss: 0.0181
2025-09-05 04:34:49,351 - WARNING - No anomaly pixels (254) found in batch
2025-09-05 04:34:54,212 - INFO - Boosted OOD loss: 0.0751
2025-09-05 04:34:58,007 - INFO - Boosted OOD loss: 0.0511
2025-09-05 04:34:58,566 - INFO - Boosted OOD loss: 0.0411
2025-09-05 04:34:59,130 - INFO - Boosted OOD loss: 0.0701
2025-09-05 04:35:00,771 - INFO - Boosted OOD loss: 0.0735
2025-09-05 04:35:01,335 - INFO - Boosted OOD loss: 0.0805
2025-09-05 04:35:05,140 - INFO - Boosted OOD loss: 0.0661
2025-09-05 04:35:06,247 - INFO - Boosted OOD loss: 0.0639
2025-09-05 04:35:07,890 - INFO - Boosted OOD loss: 0.0499
2025-09-05 04:35:09,533 - INFO - Boosted OOD loss: 0.0535
2025-09-05 04:35:10,096 - INFO - Boosted OOD loss: 0.0537
2025-09-05 04:35:11,196 - INFO - Boosted OOD loss: 0.0657
2025-09-05 04:35:11,754 - INFO - Boosted OOD loss: 0.0674
2025-09-05 04:35:13,393 - INFO - Boosted OOD loss: 0.0692
2025-09-05 04:35:15,036 - INFO - Boosted OOD loss: 0.0916
2025-09-05 04:35:21,527 - INFO - Boosted OOD loss: 0.0926
2025-09-05 04:35:22,083 - INFO - Boosted OOD loss: 0.0583
2025-09-05 04:35:22,642 - INFO - Boosted OOD loss: 0.0610
2025-09-05 04:35:23,743 - INFO - Boosted OOD loss: 0.0556
2025-09-05 04:35:24,304 - INFO - Boosted OOD loss: 0.0608
2025-09-05 04:35:27,571 - INFO - Boosted OOD loss: 0.0329
2025-09-05 04:35:36,234 - INFO - Boosted OOD loss: 0.0408
2025-09-05 04:35:37,874 - INFO - Boosted OOD loss: 0.0698
2025-09-05 04:35:43,819 - WARNING - No anomaly pixels (254) found in batch
2025-09-05 04:35:48,145 - INFO - Boosted OOD loss: 0.0526
2025-09-05 04:35:49,784 - INFO - Boosted OOD loss: 0.0395
2025-09-05 04:35:50,885 - INFO - Boosted OOD loss: 0.0542
2025-09-05 04:35:53,613 - INFO - Boosted OOD loss: 0.0296
2025-09-05 04:35:59,029 - INFO - Boosted OOD loss: 0.0924
2025-09-05 04:36:01,744 - INFO - Boosted OOD loss: 0.0548
2025-09-05 04:36:03,387 - INFO - Boosted OOD loss: 0.0357
2025-09-05 04:36:03,951 - INFO - Boosted OOD loss: 0.0619
2025-09-05 04:36:05,046 - INFO - Boosted OOD loss: 0.0840
2025-09-05 04:36:05,605 - INFO - Boosted OOD loss: 0.0745
2025-09-05 04:36:08,327 - INFO - Boosted OOD loss: 0.0355
2025-09-05 04:36:13,745 - INFO - Boosted OOD loss: 0.0676
2025-09-05 04:36:15,920 - INFO - Boosted OOD loss: 0.0776
2025-09-05 04:36:17,560 - INFO - Boosted OOD loss: 0.0325
2025-09-05 04:36:21,355 - INFO - Boosted OOD loss: 0.0563
2025-09-05 04:36:26,230 - INFO - Boosted OOD loss: 0.0724
2025-09-05 04:36:26,789 - INFO - Boosted OOD loss: 0.0588
2025-09-05 04:36:31,667 - INFO - Boosted OOD loss: 0.0696
2025-09-05 04:36:32,233 - INFO - Boosted OOD loss: 0.0464
2025-09-05 04:36:32,798 - INFO - Boosted OOD loss: 0.0575
2025-09-05 04:36:33,900 - INFO - Boosted OOD loss: 0.0601
2025-09-05 04:36:36,622 - INFO - Boosted OOD loss: 0.0543
2025-09-05 04:36:38,256 - WARNING - No anomaly pixels (254) found in batch
2025-09-05 04:36:39,341 - INFO - Boosted OOD loss: 0.0520
2025-09-05 04:36:44,218 - INFO - Boosted OOD loss: 0.0538
2025-09-05 04:36:44,782 - INFO - Boosted OOD loss: 0.0623
2025-09-05 04:36:46,962 - INFO - Boosted OOD loss: 0.0678
2025-09-05 04:36:49,678 - INFO - Boosted OOD loss: 0.0605
2025-09-05 04:36:51,320 - INFO - Boosted OOD loss: 0.0619
2025-09-05 04:36:56,197 - INFO - Boosted OOD loss: 0.0781
2025-09-05 04:36:57,837 - INFO - Boosted OOD loss: 0.0541
2025-09-05 04:36:58,936 - INFO - Boosted OOD loss: 0.0620
2025-09-05 04:36:59,499 - INFO - Boosted OOD loss: 0.0608
2025-09-05 04:37:00,602 - INFO - Boosted OOD loss: 0.0798
2025-09-05 04:37:02,241 - INFO - Boosted OOD loss: 0.0499
2025-09-05 04:37:03,886 - INFO - Boosted OOD loss: 0.0673
2025-09-05 04:37:07,149 - INFO - Boosted OOD loss: 0.0797
2025-09-05 04:37:09,869 - INFO - Boosted OOD loss: 0.0720
2025-09-05 04:37:16,907 - INFO - Boosted OOD loss: 0.0737
2025-09-05 04:37:20,165 - INFO - Boosted OOD loss: 0.0632
2025-09-05 04:37:27,208 - INFO - Boosted OOD loss: 0.0578
2025-09-05 04:37:29,926 - INFO - Boosted OOD loss: 0.0788
2025-09-05 04:37:32,108 - INFO - Boosted OOD loss: 0.0921
2025-09-05 04:37:32,667 - INFO - Boosted OOD loss: 0.0734
2025-09-05 04:37:32,668 - INFO - Step 24700 Loss Debug:
2025-09-05 04:37:32,668 - INFO -  CE: 1.7620
2025-09-05 04:37:32,668 - INFO -  OOD: 0.0734
2025-09-05 04:37:32,668 - INFO -  β: 32.00
2025-09-05 04:37:32,668 - INFO -  ID: 4187, OOD(254): 64
2025-09-05 04:37:35,390 - INFO - Boosted OOD loss: 0.0678
2025-09-05 04:37:35,948 - INFO - Boosted OOD loss: 0.0565
2025-09-05 04:37:38,131 - INFO - Boosted OOD loss: 0.0718
2025-09-05 04:37:41,386 - INFO - Boosted OOD loss: 0.0800
2025-09-05 04:37:42,484 - INFO - Boosted OOD loss: 0.0873
2025-09-05 04:37:43,584 - INFO - Boosted OOD loss: 0.0636
2025-09-05 04:37:44,146 - INFO - Boosted OOD loss: 0.0429
2025-09-05 04:37:45,792 - INFO - Boosted OOD loss: 0.0772
2025-09-05 04:37:49,056 - INFO - Boosted OOD loss: 0.0529
2025-09-05 04:38:01,488 - INFO - Boosted OOD loss: 0.0789
2025-09-05 04:38:03,128 - INFO - Boosted OOD loss: 0.0877
2025-09-05 04:38:10,699 - INFO - Boosted OOD loss: 0.0660
2025-09-05 04:38:14,493 - INFO - Boosted OOD loss: 0.0602
2025-09-05 04:38:20,450 - INFO - Boosted OOD loss: 0.0382
2025-09-05 04:38:23,704 - INFO - Boosted OOD loss: 0.0596
2025-09-05 04:38:24,266 - INFO - Boosted OOD loss: 0.0498
2025-09-05 04:38:25,370 - INFO - Boosted OOD loss: 0.0453
2025-09-05 04:38:25,933 - INFO - Boosted OOD loss: 0.0624
2025-09-05 04:38:27,025 - WARNING - No anomaly pixels (254) found in batch
2025-09-05 04:38:28,656 - INFO - Boosted OOD loss: 0.0404
2025-09-05 04:38:31,918 - INFO - Boosted OOD loss: 0.0338
2025-09-05 04:38:33,556 - INFO - Boosted OOD loss: 0.0716
2025-09-05 04:38:36,811 - INFO - Boosted OOD loss: 0.0810
2025-09-05 04:38:37,908 - INFO - Boosted OOD loss: 0.0609
2025-09-05 04:38:40,625 - INFO - Boosted OOD loss: 0.0788
2025-09-05 04:38:41,722 - INFO - Boosted OOD loss: 0.0178
2025-09-05 04:38:44,987 - INFO - Boosted OOD loss: 0.0705
2025-09-05 04:38:50,405 - INFO - Boosted OOD loss: 0.0446
2025-09-05 04:38:52,044 - INFO - Boosted OOD loss: 0.0601
2025-09-05 04:38:54,767 - INFO - Boosted OOD loss: 0.0516
2025-09-05 04:38:55,326 - INFO - Boosted OOD loss: 0.0839
2025-09-05 04:38:57,500 - INFO - Boosted OOD loss: 0.0855
2025-09-05 04:38:58,060 - INFO - Boosted OOD loss: 0.0461
2025-09-05 04:39:10,496 - INFO - Boosted OOD loss: 0.0416
2025-09-05 04:39:13,215 - INFO - Boosted OOD loss: 0.0832
2025-09-05 04:39:15,936 - INFO - Boosted OOD loss: 0.0430
2025-09-05 04:39:16,500 - INFO - Boosted OOD loss: 0.0494
2025-09-05 04:39:20,303 - INFO - Boosted OOD loss: 0.0358
2025-09-05 04:39:21,395 - WARNING - No anomaly pixels (254) found in batch
2025-09-05 04:39:22,484 - INFO - Boosted OOD loss: 0.0351
2025-09-05 04:39:24,124 - INFO - Boosted OOD loss: 0.0643
2025-09-05 04:39:29,001 - INFO - Boosted OOD loss: 0.0879
2025-09-05 04:39:30,643 - INFO - Boosted OOD loss: 0.0407
2025-09-05 04:39:31,746 - INFO - Boosted OOD loss: 0.0718
2025-09-05 04:39:34,472 - INFO - Boosted OOD loss: 0.0630
2025-09-05 04:39:36,114 - INFO - Boosted OOD loss: 0.0548
2025-09-05 04:39:39,915 - INFO - Boosted OOD loss: 0.0566
2025-09-05 04:39:40,480 - INFO - Boosted OOD loss: 0.0376
2025-09-05 04:39:43,208 - INFO - Boosted OOD loss: 0.0290
2025-09-05 04:39:47,094 - INFO - Updated beta to 13.72 (exp decay)
2025-09-05 04:40:08,177 - WARNING - Negative mean energy—verify E_b formula/signs
2025-09-05 04:40:08,178 - INFO - Weights updated successfully
2025-09-05 04:40:08,178 - INFO - Advanced epoch 14 - Updated beta: 13.72
2025-09-05 04:40:08,179 - INFO - Epoch 14 - Avg CE: 1.8368, Avg OOD: 0.0120, β: 32
2025-09-05 04:40:08,288 - INFO - 
Starting Epoch 15/100
2025-09-05 04:40:08,288 - INFO - ============================================================
2025-09-05 04:40:08,289 - INFO - 
Updating Hopfield boosting weights at epoch 15...
2025-09-05 04:40:18,905 - WARNING - Negative mean energy—verify E_b formula/signs
2025-09-05 04:40:18,906 - INFO - Weights updated successfully
2025-09-05 04:40:18,906 - INFO - Weight Update Debug at Epoch 15: No high-weight OOD pixels found
2025-09-05 04:40:24,288 - INFO - Boosted OOD loss: 0.0659
2025-09-05 04:40:25,391 - INFO - Boosted OOD loss: 0.0660
2025-09-05 04:40:25,952 - INFO - Boosted OOD loss: 0.0832
2025-09-05 04:40:26,514 - INFO - Boosted OOD loss: 0.0142
2025-09-05 04:40:29,775 - INFO - Boosted OOD loss: 0.0383
2025-09-05 04:40:31,416 - INFO - Boosted OOD loss: 0.0513
2025-09-05 04:40:36,840 - INFO - Boosted OOD loss: 0.0744
2025-09-05 04:40:38,483 - INFO - Boosted OOD loss: 0.0381
2025-09-05 04:40:39,049 - INFO - Boosted OOD loss: 0.0346
2025-09-05 04:40:40,694 - INFO - Boosted OOD loss: 0.0723
2025-09-05 04:40:42,885 - INFO - Boosted OOD loss: 0.0315
2025-09-05 04:40:43,448 - INFO - Boosted OOD loss: 0.0529
2025-09-05 04:40:44,549 - INFO - Boosted OOD loss: 0.0577
2025-09-05 04:40:45,117 - INFO - Boosted OOD loss: 0.0289
2025-09-05 04:40:48,385 - WARNING - No anomaly pixels (254) found in batch
2025-09-05 04:40:51,638 - INFO - Boosted OOD loss: 0.0802
2025-09-05 04:40:58,166 - INFO - Boosted OOD loss: 0.0850
2025-09-05 04:40:59,271 - INFO - Boosted OOD loss: 0.0811
2025-09-05 04:41:00,920 - INFO - Boosted OOD loss: 0.0653
2025-09-05 04:41:05,269 - INFO - Boosted OOD loss: 0.0545
2025-09-05 04:41:16,671 - INFO - Boosted OOD loss: 0.0648
2025-09-05 04:41:21,028 - INFO - Boosted OOD loss: 0.0631
2025-09-05 04:41:23,220 - INFO - Boosted OOD loss: 0.0298
2025-09-05 04:41:25,412 - INFO - Boosted OOD loss: 0.0559
2025-09-05 04:41:25,973 - INFO - Boosted OOD loss: 0.0882
2025-09-05 04:41:27,075 - INFO - Boosted OOD loss: 0.0375
2025-09-05 04:41:27,640 - INFO - Boosted OOD loss: 0.0587
2025-09-05 04:41:28,202 - INFO - Boosted OOD loss: 0.0396
2025-09-05 04:41:29,848 - INFO - Boosted OOD loss: 0.0409
2025-09-05 04:41:30,956 - INFO - Boosted OOD loss: 0.0522
2025-09-05 04:41:33,140 - INFO - Boosted OOD loss: 0.0529
2025-09-05 04:41:36,947 - INFO - Boosted OOD loss: 0.0204
2025-09-05 04:41:40,215 - INFO - Boosted OOD loss: 0.0749
2025-09-05 04:41:42,938 - INFO - Boosted OOD loss: 0.0702
2025-09-05 04:41:42,939 - INFO - Step 25100 Loss Debug:
2025-09-05 04:41:42,939 - INFO -  CE: 2.1615
2025-09-05 04:41:42,939 - INFO -  OOD: 0.0702
2025-09-05 04:41:42,939 - INFO -  β: 32.00
2025-09-05 04:41:42,939 - INFO -  ID: 7580, OOD(254): 72
2025-09-05 04:41:44,581 - INFO - Boosted OOD loss: 0.0590
2025-09-05 04:41:46,224 - INFO - Boosted OOD loss: 0.0613
2025-09-05 04:41:48,944 - INFO - Boosted OOD loss: 0.0597
2025-09-05 04:41:51,126 - INFO - Boosted OOD loss: 0.0324
2025-09-05 04:41:52,228 - INFO - Boosted OOD loss: 0.0672
2025-09-05 04:41:53,876 - INFO - Boosted OOD loss: 0.0332
2025-09-05 04:41:55,523 - INFO - Boosted OOD loss: 0.0529
2025-09-05 04:41:57,166 - INFO - Boosted OOD loss: 0.0191
2025-09-05 04:42:00,978 - INFO - Boosted OOD loss: 0.0658
2025-09-05 04:42:04,238 - INFO - Boosted OOD loss: 0.0421
2025-09-05 04:42:04,799 - INFO - Boosted OOD loss: 0.0779
2025-09-05 04:42:05,899 - INFO - Boosted OOD loss: 0.0770
2025-09-05 04:42:10,240 - INFO - Boosted OOD loss: 0.0552
2025-09-05 04:42:10,241 - INFO - Step 25150 Loss Debug:
2025-09-05 04:42:10,241 - INFO -  CE: 1.8904
2025-09-05 04:42:10,241 - INFO -  OOD: 0.0552
2025-09-05 04:42:10,241 - INFO -  β: 32.00
2025-09-05 04:42:10,241 - INFO -  ID: 7200, OOD(254): 283
2025-09-05 04:42:16,736 - INFO - Boosted OOD loss: 0.0658
2025-09-05 04:42:18,914 - INFO - Boosted OOD loss: 0.0660
2025-09-05 04:42:27,017 - INFO - Boosted OOD loss: 0.0964
2025-09-05 04:42:29,194 - INFO - Boosted OOD loss: 0.0686
2025-09-05 04:42:30,292 - INFO - Boosted OOD loss: 0.0654
2025-09-05 04:42:30,847 - INFO - Boosted OOD loss: 0.0642
2025-09-05 04:42:33,024 - INFO - Boosted OOD loss: 0.0344
2025-09-05 04:42:33,585 - INFO - Boosted OOD loss: 0.0483
2025-09-05 04:42:35,762 - INFO - Boosted OOD loss: 0.0247
2025-09-05 04:42:37,395 - WARNING - No anomaly pixels (254) found in batch
2025-09-05 04:42:42,256 - INFO - Boosted OOD loss: 0.0598
2025-09-05 04:42:46,601 - INFO - Boosted OOD loss: 0.0603
2025-09-05 04:42:48,780 - INFO - Boosted OOD loss: 0.0605
2025-09-05 04:42:49,340 - INFO - Boosted OOD loss: 0.0516
2025-09-05 04:42:52,054 - INFO - Boosted OOD loss: 0.0805
2025-09-05 04:42:54,228 - INFO - Boosted OOD loss: 0.0584
2025-09-05 04:42:56,402 - INFO - Boosted OOD loss: 0.0822
2025-09-05 04:42:58,042 - INFO - Boosted OOD loss: 0.0138
2025-09-05 04:42:59,143 - INFO - Boosted OOD loss: 0.0904
2025-09-05 04:43:00,774 - INFO - Boosted OOD loss: 0.0877
2025-09-05 04:43:02,413 - INFO - Boosted OOD loss: 0.0571
2025-09-05 04:43:14,289 - INFO - Boosted OOD loss: 0.0367
2025-09-05 04:43:21,857 - INFO - Boosted OOD loss: 0.0978
2025-09-05 04:43:29,427 - INFO - Boosted OOD loss: 0.0203
2025-09-05 04:43:31,070 - INFO - Boosted OOD loss: 0.0785
2025-09-05 04:43:31,624 - WARNING - No anomaly pixels (254) found in batch
2025-09-05 04:43:33,794 - INFO - Boosted OOD loss: 0.0682
2025-09-05 04:43:35,965 - INFO - Boosted OOD loss: 0.0622
2025-09-05 04:43:37,606 - INFO - Boosted OOD loss: 0.0290
2025-09-05 04:43:41,943 - INFO - Boosted OOD loss: 0.0567
2025-09-05 04:43:42,506 - INFO - Boosted OOD loss: 0.0677
2025-09-05 04:43:43,602 - INFO - Boosted OOD loss: 0.0522
2025-09-05 04:43:44,697 - INFO - Boosted OOD loss: 0.0691
2025-09-05 04:43:47,953 - INFO - Boosted OOD loss: 0.0555
2025-09-05 04:43:51,208 - INFO - Boosted OOD loss: 0.0531
2025-09-05 04:43:53,386 - INFO - Boosted OOD loss: 0.0553
2025-09-05 04:43:57,188 - INFO - Boosted OOD loss: 0.0184
2025-09-05 04:44:03,143 - INFO - Boosted OOD loss: 0.0735
2025-09-05 04:44:09,642 - INFO - Boosted OOD loss: 0.0706
2025-09-05 04:44:11,280 - INFO - Boosted OOD loss: 0.0725
2025-09-05 04:44:12,922 - INFO - Boosted OOD loss: 0.1101
2025-09-05 04:44:14,028 - INFO - Boosted OOD loss: 0.0558
2025-09-05 04:44:17,834 - INFO - Boosted OOD loss: 0.0307
2025-09-05 04:44:21,094 - INFO - Boosted OOD loss: 0.0560
2025-09-05 04:44:22,195 - INFO - Boosted OOD loss: 0.0700
2025-09-05 04:44:23,833 - INFO - Boosted OOD loss: 0.0708
2025-09-05 04:44:26,005 - WARNING - No anomaly pixels (254) found in batch
2025-09-05 04:44:29,248 - INFO - Boosted OOD loss: 0.0595
2025-09-05 04:44:32,504 - INFO - Boosted OOD loss: 0.0811
2025-09-05 04:44:34,682 - INFO - Boosted OOD loss: 0.0509
2025-09-05 04:44:36,318 - INFO - Boosted OOD loss: 0.0777
2025-09-05 04:44:36,880 - INFO - Boosted OOD loss: 0.0800
2025-09-05 04:44:37,984 - INFO - Boosted OOD loss: 0.0768
2025-09-05 04:44:39,621 - INFO - Boosted OOD loss: 0.0781
2025-09-05 04:44:40,180 - INFO - Boosted OOD loss: 0.0657
2025-09-05 04:44:48,839 - INFO - Boosted OOD loss: 0.0457
2025-09-05 04:44:49,940 - INFO - Boosted OOD loss: 0.0513
2025-09-05 04:44:59,135 - INFO - Boosted OOD loss: 0.0697
2025-09-05 04:45:03,479 - INFO - Boosted OOD loss: 0.0316
2025-09-05 04:45:04,583 - INFO - Boosted OOD loss: 0.0925
2025-09-05 04:45:06,223 - INFO - Boosted OOD loss: 0.0749
2025-09-05 04:45:06,781 - INFO - Boosted OOD loss: 0.0726
2025-09-05 04:45:13,822 - INFO - Boosted OOD loss: 0.0513
2025-09-05 04:45:14,383 - INFO - Boosted OOD loss: 0.0393
2025-09-05 04:45:14,944 - INFO - Boosted OOD loss: 0.0453
2025-09-05 04:45:20,370 - WARNING - No anomaly pixels (254) found in batch
2025-09-05 04:45:24,697 - INFO - Boosted OOD loss: 0.0276
2025-09-05 04:45:25,263 - INFO - Boosted OOD loss: 0.0371
2025-09-05 04:45:27,449 - INFO - Boosted OOD loss: 0.1006
2025-09-05 04:45:29,090 - INFO - Boosted OOD loss: 0.0657
2025-09-05 04:45:29,652 - INFO - Boosted OOD loss: 0.0828
2025-09-05 04:45:31,292 - INFO - Boosted OOD loss: 0.0592
2025-09-05 04:45:32,395 - INFO - Boosted OOD loss: 0.0404
2025-09-05 04:45:34,581 - INFO - Boosted OOD loss: 0.0601
2025-09-05 04:45:37,299 - INFO - Boosted OOD loss: 0.0800
2025-09-05 04:45:38,943 - INFO - Boosted OOD loss: 0.0404
2025-09-05 04:45:39,507 - INFO - Boosted OOD loss: 0.0644
2025-09-05 04:45:41,689 - INFO - Boosted OOD loss: 0.0713
2025-09-05 04:45:43,328 - INFO - Boosted OOD loss: 0.0696
2025-09-05 04:45:43,884 - INFO - Boosted OOD loss: 0.0687
2025-09-05 04:45:44,984 - INFO - Boosted OOD loss: 0.0548
2025-09-05 04:45:47,164 - INFO - Boosted OOD loss: 0.0683
2025-09-05 04:45:49,346 - INFO - Boosted OOD loss: 0.0376
2025-09-05 04:45:50,988 - INFO - Boosted OOD loss: 0.0305
2025-09-05 04:45:51,548 - INFO - Boosted OOD loss: 0.0272
2025-09-05 04:45:53,726 - INFO - Boosted OOD loss: 0.0608
2025-09-05 04:45:55,366 - INFO - Boosted OOD loss: 0.0492
2025-09-05 04:46:04,039 - INFO - Boosted OOD loss: 0.0417
2025-09-05 04:46:04,603 - INFO - Boosted OOD loss: 0.0581
2025-09-05 04:46:05,164 - INFO - Boosted OOD loss: 0.0243
2025-09-05 04:46:06,806 - INFO - Boosted OOD loss: 0.0509
2025-09-05 04:46:14,396 - INFO - Boosted OOD loss: 0.0487
2025-09-05 04:46:14,948 - WARNING - No anomaly pixels (254) found in batch
2025-09-05 04:46:15,498 - INFO - Boosted OOD loss: 0.0810
2025-09-05 04:46:21,459 - INFO - Boosted OOD loss: 0.0598
2025-09-05 04:46:26,346 - INFO - Boosted OOD loss: 0.0875
2025-09-05 04:46:29,608 - INFO - Boosted OOD loss: 0.0963
2025-09-05 04:46:30,703 - INFO - Boosted OOD loss: 0.0675
2025-09-05 04:46:35,052 - INFO - Boosted OOD loss: 0.0361
2025-09-05 04:46:44,802 - INFO - Boosted OOD loss: 0.0577
2025-09-05 04:46:45,901 - INFO - Boosted OOD loss: 0.0674
2025-09-05 04:46:48,623 - INFO - Boosted OOD loss: 0.0570
2025-09-05 04:46:50,808 - INFO - Boosted OOD loss: 0.0355
2025-09-05 04:46:51,373 - INFO - Boosted OOD loss: 0.0643
2025-09-05 04:46:51,939 - INFO - Boosted OOD loss: 0.0336
2025-09-05 04:46:53,041 - INFO - Boosted OOD loss: 0.0684
2025-09-05 04:46:53,603 - INFO - Boosted OOD loss: 0.0396
2025-09-05 04:46:54,163 - INFO - Boosted OOD loss: 0.0780
2025-09-05 04:46:56,340 - INFO - Boosted OOD loss: 0.0489
2025-09-05 04:47:07,157 - INFO - Boosted OOD loss: 0.0478
2025-09-05 04:47:09,336 - WARNING - No anomaly pixels (254) found in batch
2025-09-05 04:47:10,423 - INFO - Boosted OOD loss: 0.0866
2025-09-05 04:47:19,085 - INFO - Boosted OOD loss: 0.0595
2025-09-05 04:47:22,348 - INFO - Boosted OOD loss: 0.0360
2025-09-05 04:47:23,453 - INFO - Boosted OOD loss: 0.0931
2025-09-05 04:47:25,094 - INFO - Boosted OOD loss: 0.0783
2025-09-05 04:47:26,732 - INFO - Boosted OOD loss: 0.0571
2025-09-05 04:47:28,369 - INFO - Boosted OOD loss: 0.0570
2025-09-05 04:47:34,859 - INFO - Boosted OOD loss: 0.0512
2025-09-05 04:47:36,501 - INFO - Boosted OOD loss: 0.0645
2025-09-05 04:47:36,501 - INFO - Step 25750 Loss Debug:
2025-09-05 04:47:36,502 - INFO -  CE: 1.4979
2025-09-05 04:47:36,502 - INFO -  OOD: 0.0645
2025-09-05 04:47:36,502 - INFO -  β: 32.00
2025-09-05 04:47:36,502 - INFO -  ID: 5600, OOD(254): 239
2025-09-05 04:47:39,767 - INFO - Boosted OOD loss: 0.0706
2025-09-05 04:47:40,867 - INFO - Boosted OOD loss: 0.0594
2025-09-05 04:47:42,510 - INFO - Boosted OOD loss: 0.0480
2025-09-05 04:47:43,608 - INFO - Boosted OOD loss: 0.0799
2025-09-05 04:47:44,170 - INFO - Boosted OOD loss: 0.0620
2025-09-05 04:47:44,736 - INFO - Boosted OOD loss: 0.0555
2025-09-05 04:47:45,836 - INFO - Boosted OOD loss: 0.0769
2025-09-05 04:47:46,404 - INFO - Boosted OOD loss: 0.0585
2025-09-05 04:47:47,506 - INFO - Boosted OOD loss: 0.0837
2025-09-05 04:47:49,687 - INFO - Boosted OOD loss: 0.0563
2025-09-05 04:47:56,187 - INFO - Boosted OOD loss: 0.0620
2025-09-05 04:47:56,747 - INFO - Boosted OOD loss: 0.0757
2025-09-05 04:47:58,392 - INFO - Boosted OOD loss: 0.0424
2025-09-05 04:48:03,287 - INFO - Boosted OOD loss: 0.0368
2025-09-05 04:48:03,844 - WARNING - No anomaly pixels (254) found in batch
2025-09-05 04:48:04,934 - INFO - Boosted OOD loss: 0.1060
2025-09-05 04:48:07,117 - INFO - Boosted OOD loss: 0.0580
2025-09-05 04:48:08,221 - INFO - Boosted OOD loss: 0.0359
2025-09-05 04:48:10,946 - INFO - Boosted OOD loss: 0.0712
2025-09-05 04:48:14,748 - INFO - Boosted OOD loss: 0.0227
2025-09-05 04:48:15,312 - INFO - Boosted OOD loss: 0.0998
2025-09-05 04:48:18,032 - INFO - Boosted OOD loss: 0.0980
2025-09-05 04:48:18,594 - INFO - Boosted OOD loss: 0.0732
2025-09-05 04:48:19,695 - INFO - Boosted OOD loss: 0.0595
2025-09-05 04:48:20,798 - INFO - Boosted OOD loss: 0.0366
2025-09-05 04:48:24,602 - INFO - Boosted OOD loss: 0.0608
2025-09-05 04:48:26,242 - INFO - Boosted OOD loss: 0.0562
2025-09-05 04:48:28,963 - INFO - Boosted OOD loss: 0.0621
2025-09-05 04:48:29,526 - INFO - Boosted OOD loss: 0.0630
2025-09-05 04:48:31,168 - INFO - Boosted OOD loss: 0.0559
2025-09-05 04:48:31,168 - INFO - Step 25850 Loss Debug:
2025-09-05 04:48:31,169 - INFO -  CE: 1.3870
2025-09-05 04:48:31,169 - INFO -  OOD: 0.0559
2025-09-05 04:48:31,169 - INFO -  β: 32.00
2025-09-05 04:48:31,169 - INFO -  ID: 6104, OOD(254): 4
2025-09-05 04:48:36,589 - INFO - Boosted OOD loss: 0.0636
2025-09-05 04:48:41,467 - INFO - Boosted OOD loss: 0.0509
2025-09-05 04:48:45,265 - INFO - Boosted OOD loss: 0.0583
2025-09-05 04:48:46,365 - INFO - Boosted OOD loss: 0.0854
2025-09-05 04:48:49,085 - INFO - Boosted OOD loss: 0.0614
2025-09-05 04:48:51,269 - INFO - Boosted OOD loss: 0.0433
2025-09-05 04:48:51,834 - INFO - Boosted OOD loss: 0.0532
2025-09-05 04:48:55,100 - INFO - Boosted OOD loss: 0.0435
2025-09-05 04:48:57,280 - INFO - Boosted OOD loss: 0.0613
2025-09-05 04:48:57,840 - INFO - Boosted OOD loss: 0.1028
2025-09-05 04:48:58,398 - WARNING - No anomaly pixels (254) found in batch
2025-09-05 04:49:00,562 - INFO - Boosted OOD loss: 0.0524
2025-09-05 04:49:02,737 - INFO - Boosted OOD loss: 0.0851
2025-09-05 04:49:03,837 - INFO - Boosted OOD loss: 0.0812
2025-09-05 04:49:11,406 - INFO - Boosted OOD loss: 0.0651
2025-09-05 04:49:13,049 - INFO - Boosted OOD loss: 0.0522
2025-09-05 04:49:14,151 - INFO - Boosted OOD loss: 0.0668
2025-09-05 04:49:16,335 - INFO - Boosted OOD loss: 0.0333
2025-09-05 04:49:22,306 - INFO - Boosted OOD loss: 0.0087
2025-09-05 04:49:24,493 - INFO - Boosted OOD loss: 0.0628
2025-09-05 04:49:29,375 - INFO - Boosted OOD loss: 0.0633
2025-09-05 04:49:31,553 - INFO - Boosted OOD loss: 0.0450
2025-09-05 04:49:34,274 - INFO - Boosted OOD loss: 0.0457
2025-09-05 04:49:35,915 - INFO - Boosted OOD loss: 0.0476
2025-09-05 04:49:38,098 - INFO - Boosted OOD loss: 0.0681
2025-09-05 04:49:40,275 - INFO - Boosted OOD loss: 0.0506
2025-09-05 04:49:40,837 - INFO - Boosted OOD loss: 0.0319
2025-09-05 04:49:45,722 - INFO - Boosted OOD loss: 0.0672
2025-09-05 04:49:47,364 - INFO - Boosted OOD loss: 0.0715
2025-09-05 04:49:51,708 - INFO - Boosted OOD loss: 0.0303
2025-09-05 04:49:52,809 - INFO - Boosted OOD loss: 0.0861
2025-09-05 04:49:52,810 - INFO - Step 26000 Loss Debug:
2025-09-05 04:49:52,810 - INFO -  CE: 3.2109
2025-09-05 04:49:52,810 - INFO -  OOD: 0.0861
2025-09-05 04:49:52,810 - INFO -  β: 32.00
2025-09-05 04:49:52,810 - INFO -  ID: 7261, OOD(254): 38
2025-09-05 04:49:54,449 - INFO - Boosted OOD loss: 0.0739
2025-09-05 04:49:57,171 - INFO - Boosted OOD loss: 0.0475
2025-09-05 04:49:59,351 - INFO - Boosted OOD loss: 0.0665
2025-09-05 04:49:59,909 - INFO - Boosted OOD loss: 0.0635
2025-09-05 04:50:02,624 - INFO - Boosted OOD loss: 0.0611
2025-09-05 04:50:04,805 - INFO - Boosted OOD loss: 0.0329
2025-09-05 04:50:05,366 - INFO - Boosted OOD loss: 0.0530
2025-09-05 04:50:05,926 - INFO - Boosted OOD loss: 0.0641
2025-09-05 04:50:09,186 - INFO - Boosted OOD loss: 0.0581
2025-09-05 04:50:13,514 - INFO - Boosted OOD loss: 0.0652
2025-09-05 04:50:17,310 - INFO - Boosted OOD loss: 0.0647
2025-09-05 04:50:18,408 - INFO - Boosted OOD loss: 0.0599
2025-09-05 04:50:23,289 - INFO - Boosted OOD loss: 0.0407
2025-09-05 04:50:28,175 - INFO - Boosted OOD loss: 0.0680
2025-09-05 04:50:28,738 - INFO - Boosted OOD loss: 0.0653
2025-09-05 04:50:31,997 - INFO - Boosted OOD loss: 0.0669
2025-09-05 04:50:32,560 - INFO - Boosted OOD loss: 0.0404
2025-09-05 04:50:35,282 - INFO - Boosted OOD loss: 0.0628
2025-09-05 04:50:35,845 - INFO - Boosted OOD loss: 0.0564
2025-09-05 04:50:41,264 - INFO - Boosted OOD loss: 0.0688
2025-09-05 04:50:41,827 - INFO - Boosted OOD loss: 0.0297
2025-09-05 04:50:44,007 - INFO - Boosted OOD loss: 0.0897
2025-09-05 04:50:44,570 - INFO - Boosted OOD loss: 0.0490
2025-09-05 04:50:47,288 - INFO - Boosted OOD loss: 0.0617
2025-09-05 04:50:47,288 - INFO - Step 26100 Loss Debug:
2025-09-05 04:50:47,288 - INFO -  CE: 2.0636
2025-09-05 04:50:47,288 - INFO -  OOD: 0.0617
2025-09-05 04:50:47,289 - INFO -  β: 32.00
2025-09-05 04:50:47,289 - INFO -  ID: 5475, OOD(254): 784
2025-09-05 04:50:48,394 - INFO - Boosted OOD loss: 0.0693
2025-09-05 04:50:51,655 - INFO - Boosted OOD loss: 0.0648
2025-09-05 04:50:54,921 - INFO - Boosted OOD loss: 0.0726
2025-09-05 04:50:58,182 - INFO - Boosted OOD loss: 0.0540
2025-09-05 04:50:59,821 - INFO - Boosted OOD loss: 0.0712
2025-09-05 04:51:01,464 - INFO - Boosted OOD loss: 0.0390
2025-09-05 04:51:05,268 - INFO - Boosted OOD loss: 0.0660
2025-09-05 04:51:05,829 - INFO - Boosted OOD loss: 0.0678
2025-09-05 04:51:09,092 - INFO - Boosted OOD loss: 0.0547
2025-09-05 04:51:11,819 - INFO - Boosted OOD loss: 0.0327
2025-09-05 04:51:12,381 - INFO - Boosted OOD loss: 0.0161
2025-09-05 04:51:14,020 - INFO - Boosted OOD loss: 0.0819
2025-09-05 04:51:14,581 - INFO - Boosted OOD loss: 0.0410
2025-09-05 04:51:14,581 - INFO - Step 26150 Loss Debug:
2025-09-05 04:51:14,582 - INFO -  CE: 1.4582
2025-09-05 04:51:14,582 - INFO -  OOD: 0.0410
2025-09-05 04:51:14,582 - INFO -  β: 32.00
2025-09-05 04:51:14,582 - INFO -  ID: 7949, OOD(254): 192
2025-09-05 04:51:15,143 - INFO - Boosted OOD loss: 0.0488
2025-09-05 04:51:17,861 - INFO - Boosted OOD loss: 0.0841
2025-09-05 04:51:20,044 - INFO - Boosted OOD loss: 0.0572
2025-09-05 04:51:21,142 - INFO - Boosted OOD loss: 0.0547
2025-09-05 04:51:26,021 - INFO - Boosted OOD loss: 0.0743
2025-09-05 04:51:27,659 - INFO - Boosted OOD loss: 0.0394
2025-09-05 04:51:28,222 - INFO - Boosted OOD loss: 0.0883
2025-09-05 04:51:32,554 - INFO - Boosted OOD loss: 0.0603
2025-09-05 04:51:34,193 - INFO - Boosted OOD loss: 0.0617
2025-09-05 04:51:37,455 - INFO - Boosted OOD loss: 0.0433
2025-09-05 04:51:39,096 - INFO - Boosted OOD loss: 0.0637
2025-09-05 04:51:41,809 - WARNING - No anomaly pixels (254) found in batch
2025-09-05 04:51:45,054 - INFO - Boosted OOD loss: 0.0593
2025-09-05 04:51:49,393 - INFO - Boosted OOD loss: 0.0541
2025-09-05 04:51:50,487 - INFO - Boosted OOD loss: 0.0541
2025-09-05 04:51:51,046 - INFO - Boosted OOD loss: 0.0584
2025-09-05 04:51:54,852 - INFO - Boosted OOD loss: 0.0657
2025-09-05 04:52:03,515 - INFO - Boosted OOD loss: 0.0666
2025-09-05 04:52:07,311 - INFO - Boosted OOD loss: 0.0387
2025-09-05 04:52:08,412 - INFO - Boosted OOD loss: 0.0680
2025-09-05 04:52:08,972 - INFO - Boosted OOD loss: 0.0707
2025-09-05 04:52:08,972 - INFO - Step 26250 Loss Debug:
2025-09-05 04:52:08,972 - INFO -  CE: 1.7784
2025-09-05 04:52:08,972 - INFO -  OOD: 0.0707
2025-09-05 04:52:08,972 - INFO -  β: 32.00
2025-09-05 04:52:08,973 - INFO -  ID: 3900, OOD(254): 332
2025-09-05 04:52:09,532 - INFO - Boosted OOD loss: 0.0684
2025-09-05 04:52:16,021 - INFO - Boosted OOD loss: 0.0752
2025-09-05 04:52:16,580 - INFO - Boosted OOD loss: 0.0714
2025-09-05 04:52:17,679 - INFO - Boosted OOD loss: 0.0851
2025-09-05 04:52:25,248 - INFO - Boosted OOD loss: 0.0562
2025-09-05 04:52:30,122 - INFO - Boosted OOD loss: 0.0695
2025-09-05 04:52:32,305 - INFO - Boosted OOD loss: 0.0463
2025-09-05 04:52:36,092 - WARNING - No anomaly pixels (254) found in batch
2025-09-05 04:52:38,257 - INFO - Boosted OOD loss: 0.0313
2025-09-05 04:52:39,898 - INFO - Boosted OOD loss: 0.0675
2025-09-05 04:52:40,458 - INFO - Boosted OOD loss: 0.0123
2025-09-05 04:52:51,837 - INFO - Boosted OOD loss: 0.0512
2025-09-05 04:52:53,482 - INFO - Boosted OOD loss: 0.0826
2025-09-05 04:52:55,127 - INFO - Boosted OOD loss: 0.0726
2025-09-05 04:52:55,686 - INFO - Boosted OOD loss: 0.0693
2025-09-05 04:52:56,247 - INFO - Boosted OOD loss: 0.0677
2025-09-05 04:52:57,348 - INFO - Boosted OOD loss: 0.0812
2025-09-05 04:53:04,386 - INFO - Boosted OOD loss: 0.0572
2025-09-05 04:53:04,949 - INFO - Boosted OOD loss: 0.0590
2025-09-05 04:53:08,743 - INFO - Boosted OOD loss: 0.0585
2025-09-05 04:53:10,382 - INFO - Boosted OOD loss: 0.0587
2025-09-05 04:53:11,479 - INFO - Boosted OOD loss: 0.0571
2025-09-05 04:53:13,116 - INFO - Boosted OOD loss: 0.0595
2025-09-05 04:53:13,676 - INFO - Boosted OOD loss: 0.0630
2025-09-05 04:53:16,935 - INFO - Boosted OOD loss: 0.0584
2025-09-05 04:53:17,495 - INFO - Boosted OOD loss: 0.0743
2025-09-05 04:53:25,602 - INFO - Boosted OOD loss: 0.0745
2025-09-05 04:53:30,469 - WARNING - No anomaly pixels (254) found in batch
2025-09-05 04:53:32,631 - INFO - Boosted OOD loss: 0.0678
2025-09-05 04:53:34,801 - INFO - Boosted OOD loss: 0.0519
2025-09-05 04:53:40,751 - INFO - Boosted OOD loss: 0.0800
2025-09-05 04:53:44,002 - INFO - Boosted OOD loss: 0.0756
2025-09-05 04:53:44,561 - INFO - Boosted OOD loss: 0.0652
2025-09-05 04:53:45,122 - INFO - Boosted OOD loss: 0.0349
2025-09-05 04:53:49,456 - INFO - Boosted OOD loss: 0.0681
2025-09-05 04:53:50,557 - INFO - Boosted OOD loss: 0.0520
2025-09-05 04:53:51,120 - INFO - Boosted OOD loss: 0.0489
2025-09-05 04:53:53,294 - INFO - Boosted OOD loss: 0.0657
2025-09-05 04:53:56,013 - INFO - Boosted OOD loss: 0.0721
2025-09-05 04:53:57,113 - INFO - Boosted OOD loss: 0.0741
2025-09-05 04:54:02,533 - INFO - Boosted OOD loss: 0.0699
2025-09-05 04:54:08,489 - INFO - Boosted OOD loss: 0.0606
2025-09-05 04:54:15,525 - INFO - Boosted OOD loss: 0.0358
2025-09-05 04:54:16,626 - INFO - Boosted OOD loss: 0.0281
2025-09-05 04:54:24,724 - WARNING - No anomaly pixels (254) found in batch
2025-09-05 04:54:29,588 - INFO - Boosted OOD loss: 0.0225
2025-09-05 04:54:31,233 - INFO - Boosted OOD loss: 0.0485
2025-09-05 04:54:32,332 - INFO - Boosted OOD loss: 0.0864
2025-09-05 04:54:33,432 - INFO - Boosted OOD loss: 0.0491
2025-09-05 04:54:36,153 - INFO - Boosted OOD loss: 0.0457
2025-09-05 04:54:39,953 - INFO - Boosted OOD loss: 0.0751
2025-09-05 04:54:40,512 - INFO - Boosted OOD loss: 0.0683
2025-09-05 04:54:41,608 - INFO - Boosted OOD loss: 0.0692
2025-09-05 04:54:42,166 - INFO - Boosted OOD loss: 0.0715
2025-09-05 04:54:45,417 - INFO - Boosted OOD loss: 0.0781
2025-09-05 04:54:46,516 - INFO - Boosted OOD loss: 0.0372
2025-09-05 04:54:47,079 - INFO - Boosted OOD loss: 0.0783
2025-09-05 04:54:49,255 - INFO - Boosted OOD loss: 0.0360
2025-09-05 04:54:49,821 - INFO - Boosted OOD loss: 0.0862
2025-09-05 04:54:53,614 - INFO - Boosted OOD loss: 0.0487
2025-09-05 04:55:00,109 - INFO - Boosted OOD loss: 0.0308
2025-09-05 04:55:02,829 - INFO - Boosted OOD loss: 0.0550
2025-09-05 04:55:04,467 - INFO - Boosted OOD loss: 0.0853
2025-09-05 04:55:09,881 - INFO - Boosted OOD loss: 0.0329
2025-09-05 04:55:15,303 - INFO - Boosted OOD loss: 0.0676
2025-09-05 04:55:19,100 - WARNING - No anomaly pixels (254) found in batch
2025-09-05 04:55:21,261 - INFO - Boosted OOD loss: 0.0597
2025-09-05 04:55:24,523 - INFO - Boosted OOD loss: 0.0327
2025-09-05 04:55:26,709 - INFO - Boosted OOD loss: 0.0658
2025-09-05 04:55:27,272 - INFO - Boosted OOD loss: 0.0586
2025-09-05 04:55:29,446 - INFO - Boosted OOD loss: 0.0867
2025-09-05 04:55:32,164 - INFO - Boosted OOD loss: 0.0873
2025-09-05 04:55:33,265 - INFO - Boosted OOD loss: 0.0512
2025-09-05 04:55:43,534 - INFO - Boosted OOD loss: 0.0555
2025-09-05 04:55:44,635 - INFO - Boosted OOD loss: 0.0517
2025-09-05 04:55:45,733 - INFO - Boosted OOD loss: 0.0548
2025-09-05 04:55:52,767 - INFO - Boosted OOD loss: 0.0558
2025-09-05 04:56:02,498 - INFO - Boosted OOD loss: 0.0502
2025-09-05 04:56:07,904 - INFO - Boosted OOD loss: 0.0793
2025-09-05 04:56:10,624 - INFO - Boosted OOD loss: 0.0699
2025-09-05 04:56:13,332 - WARNING - No anomaly pixels (254) found in batch
2025-09-05 04:56:17,113 - INFO - Boosted OOD loss: 0.0678
2025-09-05 04:56:24,696 - INFO - Boosted OOD loss: 0.0519
2025-09-05 04:56:25,260 - INFO - Boosted OOD loss: 0.0586
2025-09-05 04:56:29,149 - INFO - Updated beta to 13.57 (exp decay)
2025-09-05 04:56:50,230 - WARNING - Negative mean energy—verify E_b formula/signs
2025-09-05 04:56:50,231 - INFO - Weights updated successfully
2025-09-05 04:56:50,231 - INFO - Advanced epoch 15 - Updated beta: 13.57
2025-09-05 04:56:50,232 - INFO - Epoch 15 - Avg CE: 1.8358, Avg OOD: 0.0118, β: 32
2025-09-05 04:56:50,232 - INFO - 
Running evaluation with β=32...
2025-09-05 04:56:50,344 - INFO - 
Starting Epoch 16/100
2025-09-05 04:56:50,345 - INFO - ============================================================
2025-09-05 04:56:50,346 - INFO - 
Updating Hopfield boosting weights at epoch 16...
2025-09-05 04:57:00,962 - WARNING - Negative mean energy—verify E_b formula/signs
2025-09-05 04:57:00,962 - INFO - Weights updated successfully
2025-09-05 04:57:00,963 - INFO - Weight Update Debug at Epoch 16: No high-weight OOD pixels found
2025-09-05 04:57:04,337 - INFO - Boosted OOD loss: 0.0292
2025-09-05 04:57:04,898 - INFO - Boosted OOD loss: 0.0407
2025-09-05 04:57:10,841 - INFO - Boosted OOD loss: 0.0520
2025-09-05 04:57:11,402 - INFO - Boosted OOD loss: 0.0609
2025-09-05 04:57:16,289 - INFO - Boosted OOD loss: 0.0313
2025-09-05 04:57:17,938 - INFO - Boosted OOD loss: 0.0358
2025-09-05 04:57:22,287 - INFO - Boosted OOD loss: 0.0598
2025-09-05 04:57:22,850 - INFO - Boosted OOD loss: 0.0269
2025-09-05 04:57:23,415 - INFO - Boosted OOD loss: 0.0449
2025-09-05 04:57:28,308 - INFO - Boosted OOD loss: 0.0501
2025-09-05 04:57:31,037 - INFO - Boosted OOD loss: 0.0682
2025-09-05 04:57:31,600 - INFO - Boosted OOD loss: 0.0693
2025-09-05 04:57:34,335 - INFO - Boosted OOD loss: 0.0286
2025-09-05 04:57:34,902 - INFO - Boosted OOD loss: 0.0455
2025-09-05 04:57:36,553 - INFO - Boosted OOD loss: 0.0656
2025-09-05 04:57:37,659 - INFO - Boosted OOD loss: 0.0229
2025-09-05 04:57:38,221 - INFO - Boosted OOD loss: 0.0562
2025-09-05 04:57:38,787 - INFO - Boosted OOD loss: 0.0192
2025-09-05 04:57:40,430 - WARNING - No anomaly pixels (254) found in batch
2025-09-05 04:57:43,694 - INFO - Boosted OOD loss: 0.0444
2025-09-05 04:57:45,885 - INFO - Boosted OOD loss: 0.0651
2025-09-05 04:57:53,498 - INFO - Boosted OOD loss: 0.0333
2025-09-05 04:57:54,068 - INFO - Boosted OOD loss: 0.0364
2025-09-05 04:57:54,628 - INFO - Boosted OOD loss: 0.0540
2025-09-05 04:57:55,729 - INFO - Boosted OOD loss: 0.0629
2025-09-05 04:57:57,377 - INFO - Boosted OOD loss: 0.0247
2025-09-05 04:57:59,027 - INFO - Boosted OOD loss: 0.0806
2025-09-05 04:57:59,589 - INFO - Boosted OOD loss: 0.0379
2025-09-05 04:58:04,484 - INFO - Boosted OOD loss: 0.0763
2025-09-05 04:58:08,838 - INFO - Boosted OOD loss: 0.0332
2025-09-05 04:58:09,403 - INFO - Boosted OOD loss: 0.0805
2025-09-05 04:58:11,044 - INFO - Boosted OOD loss: 0.0819
2025-09-05 04:58:12,145 - INFO - Boosted OOD loss: 0.0685
2025-09-05 04:58:13,247 - INFO - Boosted OOD loss: 0.0483
2025-09-05 04:58:20,294 - INFO - Boosted OOD loss: 0.0713
2025-09-05 04:58:27,337 - INFO - Boosted OOD loss: 0.0427
2025-09-05 04:58:31,139 - INFO - Boosted OOD loss: 0.0505
2025-09-05 04:58:34,933 - WARNING - No anomaly pixels (254) found in batch
2025-09-05 04:58:36,559 - INFO - Boosted OOD loss: 0.0642
2025-09-05 04:58:37,120 - INFO - Boosted OOD loss: 0.0715
2025-09-05 04:58:45,239 - INFO - Boosted OOD loss: 0.0606
2025-09-05 04:58:47,958 - INFO - Boosted OOD loss: 0.0554
2025-09-05 04:58:49,058 - INFO - Boosted OOD loss: 0.0703
2025-09-05 04:58:51,782 - INFO - Boosted OOD loss: 0.1166
2025-09-05 04:58:54,504 - INFO - Boosted OOD loss: 0.0453
2025-09-05 04:58:55,609 - INFO - Boosted OOD loss: 0.0409
2025-09-05 04:58:56,710 - INFO - Boosted OOD loss: 0.0533
2025-09-05 04:58:58,888 - INFO - Boosted OOD loss: 0.0547
2025-09-05 04:58:59,989 - INFO - Boosted OOD loss: 0.0631
2025-09-05 04:59:02,707 - INFO - Boosted OOD loss: 0.0546
2025-09-05 04:59:05,431 - INFO - Boosted OOD loss: 0.0632
2025-09-05 04:59:07,069 - INFO - Boosted OOD loss: 0.0588
2025-09-05 04:59:08,703 - INFO - Boosted OOD loss: 0.0610
2025-09-05 04:59:10,880 - INFO - Boosted OOD loss: 0.0713
2025-09-05 04:59:15,217 - INFO - Boosted OOD loss: 0.0443
2025-09-05 04:59:19,562 - INFO - Boosted OOD loss: 0.0636
2025-09-05 04:59:22,274 - INFO - Boosted OOD loss: 0.0476
2025-09-05 04:59:23,915 - INFO - Boosted OOD loss: 0.0459
2025-09-05 04:59:27,708 - INFO - Boosted OOD loss: 0.0248
2025-09-05 04:59:28,272 - INFO - Boosted OOD loss: 0.0492
2025-09-05 04:59:29,374 - INFO - Boosted OOD loss: 0.0576
2025-09-05 04:59:29,375 - INFO - Step 27000 Loss Debug:
2025-09-05 04:59:29,375 - INFO -  CE: 2.5446
2025-09-05 04:59:29,375 - INFO -  OOD: 0.0576
2025-09-05 04:59:29,375 - INFO -  β: 32.00
2025-09-05 04:59:29,375 - INFO -  ID: 5655, OOD(254): 19
2025-09-05 04:59:30,474 - INFO - Boosted OOD loss: 0.0725
2025-09-05 04:59:35,885 - INFO - Boosted OOD loss: 0.0622
2025-09-05 04:59:39,141 - INFO - Boosted OOD loss: 0.0601
2025-09-05 04:59:39,701 - INFO - Boosted OOD loss: 0.0432
2025-09-05 04:59:46,722 - INFO - Boosted OOD loss: 0.0617
2025-09-05 04:59:50,513 - INFO - Boosted OOD loss: 0.0850
2025-09-05 04:59:57,008 - INFO - Boosted OOD loss: 0.0438
2025-09-05 04:59:59,728 - INFO - Boosted OOD loss: 0.0279
2025-09-05 05:00:02,989 - INFO - Boosted OOD loss: 0.0321
2025-09-05 05:00:04,096 - INFO - Boosted OOD loss: 0.0541
2025-09-05 05:00:06,272 - INFO - Boosted OOD loss: 0.0643
2025-09-05 05:00:08,455 - INFO - Boosted OOD loss: 0.0533
2025-09-05 05:00:09,024 - INFO - Boosted OOD loss: 0.0415
2025-09-05 05:00:14,977 - INFO - Boosted OOD loss: 0.0366
2025-09-05 05:00:15,540 - INFO - Boosted OOD loss: 0.0646
2025-09-05 05:00:18,801 - INFO - Boosted OOD loss: 0.0531
2025-09-05 05:00:19,900 - INFO - Boosted OOD loss: 0.0684
2025-09-05 05:00:20,999 - INFO - Boosted OOD loss: 0.0496
2025-09-05 05:00:23,179 - INFO - Boosted OOD loss: 0.0373
2025-09-05 05:00:23,734 - WARNING - No anomaly pixels (254) found in batch
2025-09-05 05:00:26,977 - INFO - Boosted OOD loss: 0.0429
2025-09-05 05:00:35,624 - INFO - Boosted OOD loss: 0.0713
2025-09-05 05:00:37,805 - INFO - Boosted OOD loss: 0.1048
2025-09-05 05:00:44,297 - INFO - Boosted OOD loss: 0.0766
2025-09-05 05:00:49,711 - INFO - Boosted OOD loss: 0.0415
2025-09-05 05:00:50,810 - INFO - Boosted OOD loss: 0.0697
2025-09-05 05:00:50,810 - INFO - Step 27150 Loss Debug:
2025-09-05 05:00:50,810 - INFO -  CE: 1.5845
2025-09-05 05:00:50,810 - INFO -  OOD: 0.0697
2025-09-05 05:00:50,810 - INFO -  β: 32.00
2025-09-05 05:00:50,811 - INFO -  ID: 7770, OOD(254): 410
2025-09-05 05:00:53,530 - INFO - Boosted OOD loss: 0.0677
2025-09-05 05:01:01,642 - INFO - Boosted OOD loss: 0.0689
2025-09-05 05:01:02,741 - INFO - Boosted OOD loss: 0.0220
2025-09-05 05:01:03,301 - INFO - Boosted OOD loss: 0.0578
2025-09-05 05:01:08,717 - INFO - Boosted OOD loss: 0.0641
2025-09-05 05:01:09,277 - INFO - Boosted OOD loss: 0.0676
2025-09-05 05:01:14,694 - INFO - Boosted OOD loss: 0.0647
2025-09-05 05:01:17,950 - WARNING - No anomaly pixels (254) found in batch
2025-09-05 05:01:23,895 - INFO - Boosted OOD loss: 0.0537
2025-09-05 05:01:24,996 - INFO - Boosted OOD loss: 0.0685
2025-09-05 05:01:27,720 - INFO - Boosted OOD loss: 0.0634
2025-09-05 05:01:30,979 - INFO - Boosted OOD loss: 0.0515
2025-09-05 05:01:32,077 - INFO - Boosted OOD loss: 0.0681
2025-09-05 05:01:32,634 - INFO - Boosted OOD loss: 0.0611
2025-09-05 05:01:33,196 - INFO - Boosted OOD loss: 0.0823
2025-09-05 05:01:35,389 - INFO - Boosted OOD loss: 0.0319
2025-09-05 05:01:38,654 - INFO - Boosted OOD loss: 0.0606
2025-09-05 05:01:39,756 - INFO - Boosted OOD loss: 0.0558
2025-09-05 05:01:40,858 - INFO - Boosted OOD loss: 0.0639
2025-09-05 05:01:41,422 - INFO - Boosted OOD loss: 0.0415
2025-09-05 05:01:46,845 - INFO - Boosted OOD loss: 0.0689
2025-09-05 05:01:47,407 - INFO - Boosted OOD loss: 0.0446
2025-09-05 05:01:47,971 - INFO - Boosted OOD loss: 0.0320
2025-09-05 05:01:48,535 - INFO - Boosted OOD loss: 0.0550
2025-09-05 05:01:51,256 - INFO - Boosted OOD loss: 0.0633
2025-09-05 05:01:59,913 - INFO - Boosted OOD loss: 0.0519
2025-09-05 05:02:01,015 - INFO - Boosted OOD loss: 0.0351
2025-09-05 05:02:02,658 - INFO - Boosted OOD loss: 0.0623
2025-09-05 05:02:04,305 - INFO - Boosted OOD loss: 0.0251
2025-09-05 05:02:04,873 - INFO - Boosted OOD loss: 0.0312
2025-09-05 05:02:05,981 - INFO - Boosted OOD loss: 0.0437
2025-09-05 05:02:08,707 - INFO - Boosted OOD loss: 0.0471
2025-09-05 05:02:12,505 - WARNING - No anomaly pixels (254) found in batch
2025-09-05 05:02:13,592 - INFO - Boosted OOD loss: 0.0939
2025-09-05 05:02:14,696 - INFO - Boosted OOD loss: 0.0337
2025-09-05 05:02:15,262 - INFO - Boosted OOD loss: 0.0587
2025-09-05 05:02:15,824 - INFO - Boosted OOD loss: 0.0756
2025-09-05 05:02:21,252 - INFO - Boosted OOD loss: 0.0720
2025-09-05 05:02:22,354 - INFO - Boosted OOD loss: 0.0499
2025-09-05 05:02:24,538 - INFO - Boosted OOD loss: 0.0513
2025-09-05 05:02:26,715 - INFO - Boosted OOD loss: 0.0717
2025-09-05 05:02:27,815 - INFO - Boosted OOD loss: 0.0304
2025-09-05 05:02:28,914 - INFO - Boosted OOD loss: 0.0756
2025-09-05 05:02:31,094 - INFO - Boosted OOD loss: 0.0486
2025-09-05 05:02:33,816 - INFO - Boosted OOD loss: 0.0174
2025-09-05 05:02:36,002 - INFO - Boosted OOD loss: 0.0220
2025-09-05 05:02:38,180 - INFO - Boosted OOD loss: 0.0594
2025-09-05 05:02:40,365 - INFO - Boosted OOD loss: 0.0518
2025-09-05 05:02:45,783 - INFO - Boosted OOD loss: 0.0914
2025-09-05 05:02:49,042 - INFO - Boosted OOD loss: 0.0394
2025-09-05 05:02:49,605 - INFO - Boosted OOD loss: 0.0438
2025-09-05 05:02:53,404 - INFO - Boosted OOD loss: 0.0640
2025-09-05 05:02:58,276 - INFO - Boosted OOD loss: 0.0918
2025-09-05 05:03:00,998 - INFO - Boosted OOD loss: 0.0504
2025-09-05 05:03:03,720 - INFO - Boosted OOD loss: 0.0862
2025-09-05 05:03:04,821 - INFO - Boosted OOD loss: 0.0841
2025-09-05 05:03:06,992 - WARNING - No anomaly pixels (254) found in batch
2025-09-05 05:03:09,156 - INFO - Boosted OOD loss: 0.0515
2025-09-05 05:03:11,339 - INFO - Boosted OOD loss: 0.0482
2025-09-05 05:03:12,439 - INFO - Boosted OOD loss: 0.0454
2025-09-05 05:03:14,081 - INFO - Boosted OOD loss: 0.0590
2025-09-05 05:03:15,184 - INFO - Boosted OOD loss: 0.0417
2025-09-05 05:03:21,679 - INFO - Boosted OOD loss: 0.0810
2025-09-05 05:03:22,776 - INFO - Boosted OOD loss: 0.0428
2025-09-05 05:03:23,872 - INFO - Boosted OOD loss: 0.0547
2025-09-05 05:03:26,054 - INFO - Boosted OOD loss: 0.0251
2025-09-05 05:03:26,614 - INFO - Boosted OOD loss: 0.0417
2025-09-05 05:03:32,040 - INFO - Boosted OOD loss: 0.0384
2025-09-05 05:03:35,304 - INFO - Boosted OOD loss: 0.0847
2025-09-05 05:03:37,481 - INFO - Boosted OOD loss: 0.0493
2025-09-05 05:03:43,988 - INFO - Boosted OOD loss: 0.0604
2025-09-05 05:03:48,325 - INFO - Boosted OOD loss: 0.0850
2025-09-05 05:03:48,885 - INFO - Boosted OOD loss: 0.0665
2025-09-05 05:03:51,069 - INFO - Boosted OOD loss: 0.0576
2025-09-05 05:03:51,631 - INFO - Boosted OOD loss: 0.0323
2025-09-05 05:03:57,599 - INFO - Boosted OOD loss: 0.0519
2025-09-05 05:04:01,389 - WARNING - No anomaly pixels (254) found in batch
2025-09-05 05:04:01,939 - INFO - Boosted OOD loss: 0.0475
2025-09-05 05:04:04,126 - INFO - Boosted OOD loss: 0.0266
2025-09-05 05:04:06,306 - INFO - Boosted OOD loss: 0.0645
2025-09-05 05:04:16,043 - INFO - Boosted OOD loss: 0.0586
2025-09-05 05:04:17,146 - INFO - Boosted OOD loss: 0.0648
2025-09-05 05:04:22,025 - INFO - Boosted OOD loss: 0.0310
2025-09-05 05:04:23,125 - INFO - Boosted OOD loss: 0.0700
2025-09-05 05:04:23,687 - INFO - Boosted OOD loss: 0.0812
2025-09-05 05:04:25,328 - INFO - Boosted OOD loss: 0.0626
2025-09-05 05:04:25,886 - INFO - Boosted OOD loss: 0.0629
2025-09-05 05:04:28,069 - INFO - Boosted OOD loss: 0.0523
2025-09-05 05:04:39,431 - INFO - Boosted OOD loss: 0.0601
2025-09-05 05:04:44,309 - INFO - Boosted OOD loss: 0.0545
2025-09-05 05:04:44,871 - INFO - Boosted OOD loss: 0.1052
2025-09-05 05:04:46,510 - INFO - Boosted OOD loss: 0.0299
2025-09-05 05:04:49,238 - INFO - Boosted OOD loss: 0.0280
2025-09-05 05:04:52,501 - INFO - Boosted OOD loss: 0.0855
2025-09-05 05:04:54,684 - INFO - Boosted OOD loss: 0.0849
2025-09-05 05:04:55,776 - WARNING - No anomaly pixels (254) found in batch
2025-09-05 05:04:57,944 - INFO - Boosted OOD loss: 0.0726
2025-09-05 05:04:59,043 - INFO - Boosted OOD loss: 0.0956
2025-09-05 05:04:59,603 - INFO - Boosted OOD loss: 0.0793
2025-09-05 05:05:03,936 - INFO - Boosted OOD loss: 0.0525
2025-09-05 05:05:05,037 - INFO - Boosted OOD loss: 0.0683
2025-09-05 05:05:10,459 - INFO - Boosted OOD loss: 0.0677
2025-09-05 05:05:11,561 - INFO - Boosted OOD loss: 0.0363
2025-09-05 05:05:15,363 - INFO - Boosted OOD loss: 0.0597
2025-09-05 05:05:18,620 - INFO - Boosted OOD loss: 0.0464
2025-09-05 05:05:20,257 - INFO - Boosted OOD loss: 0.0816
2025-09-05 05:05:22,435 - INFO - Boosted OOD loss: 0.0337
2025-09-05 05:05:26,229 - INFO - Boosted OOD loss: 0.0411
2025-09-05 05:05:27,329 - INFO - Boosted OOD loss: 0.0719
2025-09-05 05:05:33,283 - INFO - Boosted OOD loss: 0.0413
2025-09-05 05:05:34,924 - INFO - Boosted OOD loss: 0.0543
2025-09-05 05:05:35,485 - INFO - Boosted OOD loss: 0.0488
2025-09-05 05:05:44,145 - INFO - Boosted OOD loss: 0.0592
2025-09-05 05:05:50,088 - WARNING - No anomaly pixels (254) found in batch
2025-09-05 05:05:55,493 - INFO - Boosted OOD loss: 0.0630
2025-09-05 05:06:01,991 - INFO - Boosted OOD loss: 0.0596
2025-09-05 05:06:02,551 - INFO - Boosted OOD loss: 0.0449
2025-09-05 05:06:04,188 - INFO - Boosted OOD loss: 0.0428
2025-09-05 05:06:04,752 - INFO - Boosted OOD loss: 0.0384
2025-09-05 05:06:05,856 - INFO - Boosted OOD loss: 0.0294
2025-09-05 05:06:09,117 - INFO - Boosted OOD loss: 0.0301
2025-09-05 05:06:11,841 - INFO - Boosted OOD loss: 0.0485
2025-09-05 05:06:12,401 - INFO - Boosted OOD loss: 0.0777
2025-09-05 05:06:12,960 - INFO - Boosted OOD loss: 0.0839
2025-09-05 05:06:14,596 - INFO - Boosted OOD loss: 0.0749
2025-09-05 05:06:16,240 - INFO - Boosted OOD loss: 0.0690
2025-09-05 05:06:21,657 - INFO - Boosted OOD loss: 0.0614
2025-09-05 05:06:25,988 - INFO - Boosted OOD loss: 0.0338
2025-09-05 05:06:27,627 - INFO - Boosted OOD loss: 0.0521
2025-09-05 05:06:29,813 - INFO - Boosted OOD loss: 0.0479
2025-09-05 05:06:30,374 - INFO - Boosted OOD loss: 0.0241
2025-09-05 05:06:35,798 - INFO - Boosted OOD loss: 0.0622
2025-09-05 05:06:37,976 - INFO - Boosted OOD loss: 0.0622
2025-09-05 05:06:38,541 - INFO - Boosted OOD loss: 0.0611
2025-09-05 05:06:44,494 - WARNING - No anomaly pixels (254) found in batch
2025-09-05 05:06:47,196 - INFO - Boosted OOD loss: 0.0528
2025-09-05 05:06:47,757 - INFO - Boosted OOD loss: 0.0528
2025-09-05 05:06:55,876 - INFO - Boosted OOD loss: 0.0484
2025-09-05 05:06:57,518 - INFO - Boosted OOD loss: 0.0675
2025-09-05 05:07:01,859 - INFO - Boosted OOD loss: 0.0725
2025-09-05 05:07:02,962 - INFO - Boosted OOD loss: 0.0641
2025-09-05 05:07:05,682 - INFO - Boosted OOD loss: 0.0601
2025-09-05 05:07:07,320 - INFO - Boosted OOD loss: 0.0674
2025-09-05 05:07:11,125 - INFO - Boosted OOD loss: 0.0579
2025-09-05 05:07:12,224 - INFO - Boosted OOD loss: 0.0657
2025-09-05 05:07:14,407 - INFO - Boosted OOD loss: 0.0654
2025-09-05 05:07:16,590 - INFO - Boosted OOD loss: 0.0219
2025-09-05 05:07:17,689 - INFO - Boosted OOD loss: 0.0595
2025-09-05 05:07:24,729 - INFO - Boosted OOD loss: 0.0623
2025-09-05 05:07:25,830 - INFO - Boosted OOD loss: 0.0544
2025-09-05 05:07:26,930 - INFO - Boosted OOD loss: 0.0541
2025-09-05 05:07:28,031 - INFO - Boosted OOD loss: 0.0668
2025-09-05 05:07:29,132 - INFO - Boosted OOD loss: 0.0636
2025-09-05 05:07:30,234 - INFO - Boosted OOD loss: 0.0561
2025-09-05 05:07:32,418 - INFO - Boosted OOD loss: 0.0470
2025-09-05 05:07:34,596 - INFO - Boosted OOD loss: 0.0461
2025-09-05 05:07:35,157 - INFO - Boosted OOD loss: 0.1007
2025-09-05 05:07:37,341 - INFO - Boosted OOD loss: 0.0487
2025-09-05 05:07:38,979 - WARNING - No anomaly pixels (254) found in batch
2025-09-05 05:07:39,525 - INFO - Boosted OOD loss: 0.0699
2025-09-05 05:07:42,248 - INFO - Boosted OOD loss: 0.0484
2025-09-05 05:07:43,888 - INFO - Boosted OOD loss: 0.0952
2025-09-05 05:07:46,603 - INFO - Boosted OOD loss: 0.0768
2025-09-05 05:07:53,103 - INFO - Boosted OOD loss: 0.0640
2025-09-05 05:07:54,204 - INFO - Boosted OOD loss: 0.0402
2025-09-05 05:07:54,765 - INFO - Boosted OOD loss: 0.0960
2025-09-05 05:07:55,867 - INFO - Boosted OOD loss: 0.0350
2025-09-05 05:08:00,207 - INFO - Boosted OOD loss: 0.0624
2025-09-05 05:08:00,769 - INFO - Boosted OOD loss: 0.0541
2025-09-05 05:08:01,330 - INFO - Boosted OOD loss: 0.0542
2025-09-05 05:08:02,431 - INFO - Boosted OOD loss: 0.0625
2025-09-05 05:08:05,153 - INFO - Boosted OOD loss: 0.0506
2025-09-05 05:08:07,335 - INFO - Boosted OOD loss: 0.0500
2025-09-05 05:08:10,597 - INFO - Boosted OOD loss: 0.0800
2025-09-05 05:08:11,155 - INFO - Boosted OOD loss: 0.0568
2025-09-05 05:08:13,332 - INFO - Boosted OOD loss: 0.0483
2025-09-05 05:08:17,128 - INFO - Boosted OOD loss: 0.0556
2025-09-05 05:08:17,690 - INFO - Boosted OOD loss: 0.0575
2025-09-05 05:08:18,249 - INFO - Boosted OOD loss: 0.0542
2025-09-05 05:08:21,500 - INFO - Boosted OOD loss: 0.0576
2025-09-05 05:08:22,059 - INFO - Boosted OOD loss: 0.0539
2025-09-05 05:08:24,239 - INFO - Boosted OOD loss: 0.0386
2025-09-05 05:08:28,043 - INFO - Boosted OOD loss: 0.0540
2025-09-05 05:08:31,842 - INFO - Boosted OOD loss: 0.0383
2025-09-05 05:08:32,407 - INFO - Boosted OOD loss: 0.0616
2025-09-05 05:08:32,969 - INFO - Boosted OOD loss: 0.0469
2025-09-05 05:08:33,527 - WARNING - No anomaly pixels (254) found in batch
2025-09-05 05:08:34,072 - INFO - Boosted OOD loss: 0.0594
2025-09-05 05:08:35,168 - INFO - Boosted OOD loss: 0.0820
2025-09-05 05:08:42,202 - INFO - Boosted OOD loss: 0.0799
2025-09-05 05:08:44,919 - INFO - Boosted OOD loss: 0.0272
2025-09-05 05:08:46,021 - INFO - Boosted OOD loss: 0.0404
2025-09-05 05:08:46,579 - INFO - Boosted OOD loss: 0.0705
2025-09-05 05:08:47,683 - INFO - Boosted OOD loss: 0.0316
2025-09-05 05:08:53,099 - INFO - Boosted OOD loss: 0.0626
2025-09-05 05:08:54,742 - INFO - Boosted OOD loss: 0.0285
2025-09-05 05:08:58,539 - INFO - Boosted OOD loss: 0.0691
2025-09-05 05:09:01,805 - INFO - Boosted OOD loss: 0.0481
2025-09-05 05:09:04,525 - INFO - Boosted OOD loss: 0.0459
2025-09-05 05:09:06,702 - INFO - Boosted OOD loss: 0.0557
2025-09-05 05:09:07,263 - INFO - Boosted OOD loss: 0.0726
2025-09-05 05:09:07,825 - INFO - Boosted OOD loss: 0.0571
2025-09-05 05:09:17,566 - INFO - Boosted OOD loss: 0.0436
2025-09-05 05:09:20,827 - INFO - Boosted OOD loss: 0.0341
2025-09-05 05:09:25,713 - INFO - Boosted OOD loss: 0.0477
2025-09-05 05:09:27,888 - WARNING - No anomaly pixels (254) found in batch
2025-09-05 05:09:31,673 - INFO - Boosted OOD loss: 0.0414
2025-09-05 05:09:32,768 - INFO - Boosted OOD loss: 0.0815
2025-09-05 05:09:35,488 - INFO - Boosted OOD loss: 0.0554
2025-09-05 05:09:42,515 - INFO - Boosted OOD loss: 0.0950
2025-09-05 05:09:44,689 - INFO - Boosted OOD loss: 0.0628
2025-09-05 05:09:45,247 - INFO - Boosted OOD loss: 0.0808
2025-09-05 05:09:47,420 - INFO - Boosted OOD loss: 0.0535
2025-09-05 05:09:49,600 - INFO - Boosted OOD loss: 0.0350
2025-09-05 05:09:51,246 - INFO - Boosted OOD loss: 0.0525
2025-09-05 05:09:51,811 - INFO - Boosted OOD loss: 0.0666
2025-09-05 05:09:53,988 - INFO - Boosted OOD loss: 0.0554
2025-09-05 05:09:55,087 - INFO - Boosted OOD loss: 0.0882
2025-09-05 05:09:55,088 - INFO - Step 28150 Loss Debug:
2025-09-05 05:09:55,088 - INFO -  CE: 1.6188
2025-09-05 05:09:55,088 - INFO -  OOD: 0.0882
2025-09-05 05:09:55,088 - INFO -  β: 32.00
2025-09-05 05:09:55,088 - INFO -  ID: 7938, OOD(254): 253
2025-09-05 05:09:57,265 - INFO - Boosted OOD loss: 0.0676
2025-09-05 05:10:04,306 - INFO - Boosted OOD loss: 0.0509
2025-09-05 05:10:05,945 - INFO - Boosted OOD loss: 0.0455
2025-09-05 05:10:07,046 - INFO - Boosted OOD loss: 0.0524
2025-09-05 05:10:08,146 - INFO - Boosted OOD loss: 0.0654
2025-09-05 05:10:10,326 - INFO - Boosted OOD loss: 0.0573
2025-09-05 05:10:14,132 - INFO - Boosted OOD loss: 0.0284
2025-09-05 05:10:15,778 - INFO - Boosted OOD loss: 0.0523
2025-09-05 05:10:16,879 - INFO - Boosted OOD loss: 0.0505
2025-09-05 05:10:17,980 - INFO - Boosted OOD loss: 0.0680
2025-09-05 05:10:20,699 - INFO - Boosted OOD loss: 0.0571
2025-09-05 05:10:22,330 - WARNING - No anomaly pixels (254) found in batch
2025-09-05 05:10:25,035 - INFO - Boosted OOD loss: 0.0420
2025-09-05 05:10:25,594 - INFO - Boosted OOD loss: 0.0748
2025-09-05 05:10:33,168 - INFO - Boosted OOD loss: 0.0515
2025-09-05 05:10:35,352 - INFO - Boosted OOD loss: 0.0414
2025-09-05 05:10:38,076 - INFO - Boosted OOD loss: 0.0712
2025-09-05 05:10:39,720 - INFO - Boosted OOD loss: 0.0925
2025-09-05 05:10:40,283 - INFO - Boosted OOD loss: 0.0499
2025-09-05 05:10:42,464 - INFO - Boosted OOD loss: 0.0522
2025-09-05 05:10:48,965 - INFO - Boosted OOD loss: 0.0551
2025-09-05 05:10:53,297 - INFO - Boosted OOD loss: 0.0590
2025-09-05 05:11:00,873 - INFO - Boosted OOD loss: 0.0641
2025-09-05 05:11:01,972 - INFO - Boosted OOD loss: 0.0564
2025-09-05 05:11:04,152 - INFO - Boosted OOD loss: 0.0293
2025-09-05 05:11:04,713 - INFO - Boosted OOD loss: 0.0520
2025-09-05 05:11:06,354 - INFO - Boosted OOD loss: 0.0582
2025-09-05 05:11:10,144 - INFO - Boosted OOD loss: 0.0614
2025-09-05 05:11:16,627 - WARNING - No anomaly pixels (254) found in batch
2025-09-05 05:11:17,713 - INFO - Boosted OOD loss: 0.0531
2025-09-05 05:11:20,972 - INFO - Boosted OOD loss: 0.0773
2025-09-05 05:11:28,007 - INFO - Boosted OOD loss: 0.0514
2025-09-05 05:11:28,567 - INFO - Boosted OOD loss: 0.0569
2025-09-05 05:11:31,290 - INFO - Boosted OOD loss: 0.0693
2025-09-05 05:11:32,932 - INFO - Boosted OOD loss: 0.0502
2025-09-05 05:11:35,115 - INFO - Boosted OOD loss: 0.0520
2025-09-05 05:11:37,291 - INFO - Boosted OOD loss: 0.0689
2025-09-05 05:11:41,621 - INFO - Boosted OOD loss: 0.0844
2025-09-05 05:11:48,110 - INFO - Boosted OOD loss: 0.0442
2025-09-05 05:11:52,439 - INFO - Boosted OOD loss: 0.0611
2025-09-05 05:11:53,539 - INFO - Boosted OOD loss: 0.0648
2025-09-05 05:11:55,715 - INFO - Boosted OOD loss: 0.0669
2025-09-05 05:11:56,276 - INFO - Boosted OOD loss: 0.0514
2025-09-05 05:11:57,910 - INFO - Boosted OOD loss: 0.0586
2025-09-05 05:12:02,245 - INFO - Boosted OOD loss: 0.0531
2025-09-05 05:12:03,890 - INFO - Boosted OOD loss: 0.0684
2025-09-05 05:12:05,533 - INFO - Boosted OOD loss: 0.0645
2025-09-05 05:12:10,945 - INFO - Boosted OOD loss: 0.0435
2025-09-05 05:12:10,945 - INFO - Step 28400 Loss Debug:
2025-09-05 05:12:10,946 - INFO -  CE: 1.7528
2025-09-05 05:12:10,946 - INFO -  OOD: 0.0435
2025-09-05 05:12:10,946 - INFO -  β: 32.00
2025-09-05 05:12:10,946 - INFO -  ID: 4887, OOD(254): 2274
2025-09-05 05:12:11,508 - INFO - Boosted OOD loss: 0.0436
2025-09-05 05:12:13,688 - INFO - Boosted OOD loss: 0.0699
2025-09-05 05:12:15,867 - INFO - Boosted OOD loss: 0.0328
2025-09-05 05:12:16,970 - INFO - Boosted OOD loss: 0.0252
2025-09-05 05:12:17,536 - INFO - Boosted OOD loss: 0.0381
2025-09-05 05:12:21,330 - INFO - Boosted OOD loss: 0.0235
2025-09-05 05:12:21,894 - INFO - Boosted OOD loss: 0.0280
2025-09-05 05:12:24,611 - INFO - Boosted OOD loss: 0.0471
2025-09-05 05:12:26,785 - INFO - Boosted OOD loss: 0.0375
2025-09-05 05:12:28,428 - INFO - Boosted OOD loss: 0.0370
2025-09-05 05:12:30,066 - INFO - Boosted OOD loss: 0.0747
2025-09-05 05:12:30,625 - INFO - Boosted OOD loss: 0.0654
2025-09-05 05:12:35,498 - INFO - Boosted OOD loss: 0.0508
2025-09-05 05:12:36,591 - INFO - Boosted OOD loss: 0.0609
2025-09-05 05:12:37,152 - INFO - Boosted OOD loss: 0.0502
2025-09-05 05:12:39,867 - INFO - Boosted OOD loss: 0.0777
2025-09-05 05:12:40,968 - INFO - Boosted OOD loss: 0.0382
2025-09-05 05:12:44,232 - INFO - Boosted OOD loss: 0.0625
2025-09-05 05:12:44,794 - INFO - Boosted OOD loss: 0.0404
2025-09-05 05:12:50,214 - INFO - Boosted OOD loss: 0.0361
2025-09-05 05:12:59,945 - INFO - Boosted OOD loss: 0.0347
2025-09-05 05:13:00,505 - INFO - Boosted OOD loss: 0.0590
2025-09-05 05:13:03,762 - INFO - Boosted OOD loss: 0.0877
2025-09-05 05:13:04,320 - INFO - Boosted OOD loss: 0.0497
2025-09-05 05:13:05,415 - WARNING - No anomaly pixels (254) found in batch
2025-09-05 05:13:09,198 - INFO - Boosted OOD loss: 0.0448
2025-09-05 05:13:11,374 - INFO - Boosted OOD loss: 0.0636
2025-09-05 05:13:11,473 - INFO - Updated beta to 13.42 (exp decay)
2025-09-05 05:13:32,555 - WARNING - Negative mean energy—verify E_b formula/signs
2025-09-05 05:13:32,556 - INFO - Weights updated successfully
2025-09-05 05:13:32,556 - INFO - Advanced epoch 16 - Updated beta: 13.42
2025-09-05 05:13:32,556 - INFO - Epoch 16 - Avg CE: 1.8422, Avg OOD: 0.0114, β: 32
2025-09-05 05:13:32,665 - INFO - 
Starting Epoch 17/100
2025-09-05 05:13:32,665 - INFO - ============================================================
2025-09-05 05:13:32,667 - INFO - 
Updating Hopfield boosting weights at epoch 17...
2025-09-05 05:13:43,287 - WARNING - Negative mean energy—verify E_b formula/signs
2025-09-05 05:13:43,287 - INFO - Weights updated successfully
2025-09-05 05:13:43,288 - INFO - Weight Update Debug at Epoch 17: No high-weight OOD pixels found
2025-09-05 05:13:44,964 - INFO - Boosted OOD loss: 0.0449
2025-09-05 05:13:46,596 - INFO - Boosted OOD loss: 0.0397
2025-09-05 05:13:48,233 - INFO - Boosted OOD loss: 0.0395
2025-09-05 05:13:54,728 - INFO - Boosted OOD loss: 0.0857
2025-09-05 05:13:57,454 - INFO - Boosted OOD loss: 0.0591
2025-09-05 05:14:00,717 - INFO - Boosted OOD loss: 0.0311
2025-09-05 05:14:04,529 - INFO - Boosted OOD loss: 0.0905
2025-09-05 05:14:12,129 - INFO - Boosted OOD loss: 0.0570
2025-09-05 05:14:12,694 - INFO - Boosted OOD loss: 0.0365
2025-09-05 05:14:15,972 - INFO - Boosted OOD loss: 0.0513
2025-09-05 05:14:19,245 - INFO - Boosted OOD loss: 0.0613
2025-09-05 05:14:23,063 - INFO - Boosted OOD loss: 0.0236
2025-09-05 05:14:24,172 - INFO - Boosted OOD loss: 0.0545
2025-09-05 05:14:29,073 - INFO - Boosted OOD loss: 0.0500
2025-09-05 05:14:31,804 - INFO - Boosted OOD loss: 0.0444
2025-09-05 05:14:32,363 - WARNING - No anomaly pixels (254) found in batch
2025-09-05 05:14:32,912 - INFO - Boosted OOD loss: 0.0369
2025-09-05 05:14:34,018 - INFO - Boosted OOD loss: 0.0463
2025-09-05 05:14:36,210 - INFO - Boosted OOD loss: 0.0453
2025-09-05 05:14:47,071 - INFO - Boosted OOD loss: 0.0678
2025-09-05 05:14:47,632 - INFO - Boosted OOD loss: 0.0435
2025-09-05 05:14:49,815 - INFO - Boosted OOD loss: 0.0560
2025-09-05 05:14:51,459 - INFO - Boosted OOD loss: 0.0563
2025-09-05 05:14:57,976 - INFO - Boosted OOD loss: 0.0375
2025-09-05 05:15:00,710 - INFO - Boosted OOD loss: 0.0356
2025-09-05 05:15:01,815 - INFO - Boosted OOD loss: 0.0713
2025-09-05 05:15:02,919 - INFO - Boosted OOD loss: 0.0867
2025-09-05 05:15:04,567 - INFO - Boosted OOD loss: 0.0505
2025-09-05 05:15:05,131 - INFO - Boosted OOD loss: 0.0560
2025-09-05 05:15:05,697 - INFO - Boosted OOD loss: 0.0639
2025-09-05 05:15:06,796 - INFO - Boosted OOD loss: 0.0490
2025-09-05 05:15:08,980 - INFO - Boosted OOD loss: 0.0307
2025-09-05 05:15:10,083 - INFO - Boosted OOD loss: 0.0506
2025-09-05 05:15:11,723 - INFO - Boosted OOD loss: 0.0692
2025-09-05 05:15:12,285 - INFO - Boosted OOD loss: 0.0261
2025-09-05 05:15:13,929 - INFO - Boosted OOD loss: 0.0874
2025-09-05 05:15:16,654 - INFO - Boosted OOD loss: 0.0212
2025-09-05 05:15:23,700 - INFO - Boosted OOD loss: 0.0632
2025-09-05 05:15:24,263 - INFO - Boosted OOD loss: 0.0430
2025-09-05 05:15:25,906 - INFO - Boosted OOD loss: 0.0440
2025-09-05 05:15:27,000 - WARNING - No anomaly pixels (254) found in batch
2025-09-05 05:15:31,860 - INFO - Boosted OOD loss: 0.0451
2025-09-05 05:15:34,042 - INFO - Boosted OOD loss: 0.0162
2025-09-05 05:15:36,761 - INFO - Boosted OOD loss: 0.0558
2025-09-05 05:15:38,940 - INFO - Boosted OOD loss: 0.0642
2025-09-05 05:15:43,816 - INFO - Boosted OOD loss: 0.0710
2025-09-05 05:15:44,913 - INFO - Boosted OOD loss: 0.0352
2025-09-05 05:15:46,014 - INFO - Boosted OOD loss: 0.0408
2025-09-05 05:15:47,660 - INFO - Boosted OOD loss: 0.0584
2025-09-05 05:15:52,539 - INFO - Boosted OOD loss: 0.0558
2025-09-05 05:15:54,177 - INFO - Boosted OOD loss: 0.0705
2025-09-05 05:15:54,178 - INFO - Step 28750 Loss Debug:
2025-09-05 05:15:54,178 - INFO -  CE: 1.7677
2025-09-05 05:15:54,178 - INFO -  OOD: 0.0705
2025-09-05 05:15:54,178 - INFO -  β: 32.00
2025-09-05 05:15:54,178 - INFO -  ID: 7649, OOD(254): 33
2025-09-05 05:15:55,817 - INFO - Boosted OOD loss: 0.0285
2025-09-05 05:15:57,459 - INFO - Boosted OOD loss: 0.0417
2025-09-05 05:15:58,024 - INFO - Boosted OOD loss: 0.0632
2025-09-05 05:15:59,664 - INFO - Boosted OOD loss: 0.0556
2025-09-05 05:16:00,221 - INFO - Boosted OOD loss: 0.0521
2025-09-05 05:16:02,941 - INFO - Boosted OOD loss: 0.0501
2025-09-05 05:16:04,046 - INFO - Boosted OOD loss: 0.0289
2025-09-05 05:16:06,229 - INFO - Boosted OOD loss: 0.0584
2025-09-05 05:16:10,563 - INFO - Boosted OOD loss: 0.0869
2025-09-05 05:16:12,201 - INFO - Boosted OOD loss: 0.0279
2025-09-05 05:16:13,841 - INFO - Boosted OOD loss: 0.0426
2025-09-05 05:16:14,942 - INFO - Boosted OOD loss: 0.0558
2025-09-05 05:16:21,421 - WARNING - No anomaly pixels (254) found in batch
2025-09-05 05:16:28,973 - INFO - Boosted OOD loss: 0.0308
2025-09-05 05:16:32,228 - INFO - Boosted OOD loss: 0.0679
2025-09-05 05:16:32,789 - INFO - Boosted OOD loss: 0.0586
2025-09-05 05:16:39,280 - INFO - Boosted OOD loss: 0.0391
2025-09-05 05:16:39,840 - INFO - Boosted OOD loss: 0.0816
2025-09-05 05:16:43,631 - INFO - Boosted OOD loss: 0.0610
2025-09-05 05:16:45,809 - INFO - Boosted OOD loss: 0.0187
2025-09-05 05:16:48,531 - INFO - Boosted OOD loss: 0.0636
2025-09-05 05:16:48,532 - INFO - Step 28850 Loss Debug:
2025-09-05 05:16:48,532 - INFO -  CE: 1.6213
2025-09-05 05:16:48,532 - INFO -  OOD: 0.0636
2025-09-05 05:16:48,532 - INFO -  β: 32.00
2025-09-05 05:16:48,532 - INFO -  ID: 5304, OOD(254): 905
2025-09-05 05:16:51,249 - INFO - Boosted OOD loss: 0.0531
2025-09-05 05:16:51,808 - INFO - Boosted OOD loss: 0.0473
2025-09-05 05:16:52,910 - INFO - Boosted OOD loss: 0.0428
2025-09-05 05:16:54,011 - INFO - Boosted OOD loss: 0.0502
2025-09-05 05:16:57,807 - INFO - Boosted OOD loss: 0.0704
2025-09-05 05:17:00,525 - INFO - Boosted OOD loss: 0.0223
2025-09-05 05:17:01,624 - INFO - Boosted OOD loss: 0.0469
2025-09-05 05:17:03,259 - INFO - Boosted OOD loss: 0.0531
2025-09-05 05:17:04,355 - INFO - Boosted OOD loss: 0.0825
2025-09-05 05:17:05,457 - INFO - Boosted OOD loss: 0.0320
2025-09-05 05:17:06,559 - INFO - Boosted OOD loss: 0.0663
2025-09-05 05:17:08,738 - INFO - Boosted OOD loss: 0.0843
2025-09-05 05:17:10,375 - INFO - Boosted OOD loss: 0.0395
2025-09-05 05:17:15,778 - WARNING - No anomaly pixels (254) found in batch
2025-09-05 05:17:17,406 - INFO - Boosted OOD loss: 0.0326
2025-09-05 05:17:23,368 - INFO - Boosted OOD loss: 0.0238
2025-09-05 05:17:23,930 - INFO - Boosted OOD loss: 0.0474
2025-09-05 05:17:30,421 - INFO - Boosted OOD loss: 0.0285
2025-09-05 05:17:30,981 - INFO - Boosted OOD loss: 0.0712
2025-09-05 05:17:39,626 - INFO - Boosted OOD loss: 0.0340
2025-09-05 05:17:41,809 - INFO - Boosted OOD loss: 0.0657
2025-09-05 05:17:43,990 - INFO - Boosted OOD loss: 0.0571
2025-09-05 05:17:50,495 - INFO - Boosted OOD loss: 0.0268
2025-09-05 05:17:53,218 - INFO - Boosted OOD loss: 0.0597
2025-09-05 05:17:56,475 - INFO - Boosted OOD loss: 0.0310
2025-09-05 05:17:57,042 - INFO - Boosted OOD loss: 0.0357
2025-09-05 05:17:59,765 - INFO - Boosted OOD loss: 0.0336
2025-09-05 05:18:01,406 - INFO - Boosted OOD loss: 0.0587
2025-09-05 05:18:01,968 - INFO - Boosted OOD loss: 0.0526
2025-09-05 05:18:04,145 - INFO - Boosted OOD loss: 0.0462
2025-09-05 05:18:04,705 - INFO - Boosted OOD loss: 0.0607
2025-09-05 05:18:06,340 - INFO - Boosted OOD loss: 0.0667
2025-09-05 05:18:09,054 - INFO - Boosted OOD loss: 0.0565
2025-09-05 05:18:10,151 - INFO - Boosted OOD loss: 0.0620
2025-09-05 05:18:10,151 - INFO - Step 29000 Loss Debug:
2025-09-05 05:18:10,152 - INFO -  CE: 1.7989
2025-09-05 05:18:10,152 - INFO -  OOD: 0.0620
2025-09-05 05:18:10,153 - INFO -  β: 32.00
2025-09-05 05:18:10,153 - INFO -  ID: 5396, OOD(254): 70
2025-09-05 05:18:15,562 - INFO - Boosted OOD loss: 0.0429
2025-09-05 05:18:19,354 - INFO - Boosted OOD loss: 0.0451
2025-09-05 05:18:20,992 - INFO - Boosted OOD loss: 0.0708
2025-09-05 05:18:29,632 - INFO - Boosted OOD loss: 0.0630
2025-09-05 05:18:30,731 - INFO - Boosted OOD loss: 0.0559
2025-09-05 05:18:33,449 - INFO - Boosted OOD loss: 0.0614
2025-09-05 05:18:35,629 - INFO - Boosted OOD loss: 0.0495
2025-09-05 05:18:36,729 - INFO - Boosted OOD loss: 0.0709
2025-09-05 05:18:37,832 - INFO - Boosted OOD loss: 0.0278
2025-09-05 05:18:41,089 - INFO - Boosted OOD loss: 0.0546
2025-09-05 05:18:41,649 - INFO - Boosted OOD loss: 0.0870
2025-09-05 05:18:42,206 - INFO - Boosted OOD loss: 0.0597
2025-09-05 05:18:42,765 - INFO - Boosted OOD loss: 0.0336
2025-09-05 05:18:43,863 - INFO - Boosted OOD loss: 0.0439
2025-09-05 05:18:45,501 - INFO - Boosted OOD loss: 0.0352
2025-09-05 05:18:48,763 - INFO - Boosted OOD loss: 0.0446
2025-09-05 05:18:49,326 - INFO - Boosted OOD loss: 0.0582
2025-09-05 05:18:52,042 - INFO - Boosted OOD loss: 0.0369
2025-09-05 05:18:55,841 - INFO - Boosted OOD loss: 0.0507
2025-09-05 05:19:04,482 - WARNING - No anomaly pixels (254) found in batch
2025-09-05 05:19:06,109 - INFO - Boosted OOD loss: 0.0562
2025-09-05 05:19:06,670 - INFO - Boosted OOD loss: 0.0353
2025-09-05 05:19:08,847 - INFO - Boosted OOD loss: 0.0495
2025-09-05 05:19:11,022 - INFO - Boosted OOD loss: 0.0669
2025-09-05 05:19:13,743 - INFO - Boosted OOD loss: 0.0610
2025-09-05 05:19:15,381 - INFO - Boosted OOD loss: 0.0556
2025-09-05 05:19:15,941 - INFO - Boosted OOD loss: 0.0455
2025-09-05 05:19:17,043 - INFO - Boosted OOD loss: 0.0417
2025-09-05 05:19:19,764 - INFO - Boosted OOD loss: 0.0566
2025-09-05 05:19:20,863 - INFO - Boosted OOD loss: 0.0540
2025-09-05 05:19:23,047 - INFO - Boosted OOD loss: 0.0492
2025-09-05 05:19:24,146 - INFO - Boosted OOD loss: 0.0424
2025-09-05 05:19:29,025 - INFO - Boosted OOD loss: 0.0507
2025-09-05 05:19:30,124 - INFO - Boosted OOD loss: 0.0415
2025-09-05 05:19:32,305 - INFO - Boosted OOD loss: 0.0644
2025-09-05 05:19:39,344 - INFO - Boosted OOD loss: 0.0563
2025-09-05 05:19:40,445 - INFO - Boosted OOD loss: 0.0744
2025-09-05 05:19:41,006 - INFO - Boosted OOD loss: 0.0418
2025-09-05 05:19:42,113 - INFO - Boosted OOD loss: 0.0604
2025-09-05 05:19:45,918 - INFO - Boosted OOD loss: 0.0345
2025-09-05 05:19:50,259 - INFO - Boosted OOD loss: 0.0559
2025-09-05 05:19:56,223 - INFO - Boosted OOD loss: 0.0317
2025-09-05 05:19:58,945 - WARNING - No anomaly pixels (254) found in batch
2025-09-05 05:19:59,497 - INFO - Boosted OOD loss: 0.0698
2025-09-05 05:20:01,682 - INFO - Boosted OOD loss: 0.0676
2025-09-05 05:20:02,243 - INFO - Boosted OOD loss: 0.0489
2025-09-05 05:20:10,902 - INFO - Boosted OOD loss: 0.0588
2025-09-05 05:20:11,464 - INFO - Boosted OOD loss: 0.0562
2025-09-05 05:20:12,024 - INFO - Boosted OOD loss: 0.0553
2025-09-05 05:20:12,586 - INFO - Boosted OOD loss: 0.0354
2025-09-05 05:20:14,233 - INFO - Boosted OOD loss: 0.0159
2025-09-05 05:20:15,880 - INFO - Boosted OOD loss: 0.0450
2025-09-05 05:20:16,437 - INFO - Boosted OOD loss: 0.0667
2025-09-05 05:20:18,615 - INFO - Boosted OOD loss: 0.0486
2025-09-05 05:20:19,176 - INFO - Boosted OOD loss: 0.0509
2025-09-05 05:20:20,821 - INFO - Boosted OOD loss: 0.0671
2025-09-05 05:20:22,460 - INFO - Boosted OOD loss: 0.0767
2025-09-05 05:20:24,643 - INFO - Boosted OOD loss: 0.0361
2025-09-05 05:20:25,205 - INFO - Boosted OOD loss: 0.0672
2025-09-05 05:20:25,769 - INFO - Boosted OOD loss: 0.0169
2025-09-05 05:20:29,037 - INFO - Boosted OOD loss: 0.0737
2025-09-05 05:20:31,764 - INFO - Boosted OOD loss: 0.0707
2025-09-05 05:20:32,324 - INFO - Boosted OOD loss: 0.0663
2025-09-05 05:20:37,206 - INFO - Boosted OOD loss: 0.0494
2025-09-05 05:20:41,547 - INFO - Boosted OOD loss: 0.0703
2025-09-05 05:20:42,650 - INFO - Boosted OOD loss: 0.0306
2025-09-05 05:20:43,217 - INFO - Boosted OOD loss: 0.0316
2025-09-05 05:20:43,780 - INFO - Boosted OOD loss: 0.0272
2025-09-05 05:20:44,343 - INFO - Boosted OOD loss: 0.0724
2025-09-05 05:20:48,137 - INFO - Boosted OOD loss: 0.0577
2025-09-05 05:20:51,394 - INFO - Boosted OOD loss: 0.0109
2025-09-05 05:20:53,568 - WARNING - No anomaly pixels (254) found in batch
2025-09-05 05:20:54,653 - INFO - Boosted OOD loss: 0.0545
2025-09-05 05:21:00,607 - INFO - Boosted OOD loss: 0.0323
2025-09-05 05:21:03,865 - INFO - Boosted OOD loss: 0.0215
2025-09-05 05:21:06,583 - INFO - Boosted OOD loss: 0.0496
2025-09-05 05:21:10,911 - INFO - Boosted OOD loss: 0.0508
2025-09-05 05:21:21,725 - INFO - Boosted OOD loss: 0.0625
2025-09-05 05:21:24,444 - INFO - Boosted OOD loss: 0.0521
2025-09-05 05:21:26,081 - INFO - Boosted OOD loss: 0.0398
2025-09-05 05:21:28,797 - INFO - Boosted OOD loss: 0.0422
2025-09-05 05:21:30,977 - INFO - Boosted OOD loss: 0.0456
2025-09-05 05:21:32,617 - INFO - Boosted OOD loss: 0.0592
2025-09-05 05:21:34,253 - INFO - Boosted OOD loss: 0.0516
2025-09-05 05:21:36,429 - INFO - Boosted OOD loss: 0.0552
2025-09-05 05:21:36,992 - INFO - Boosted OOD loss: 0.0516
2025-09-05 05:21:38,631 - INFO - Boosted OOD loss: 0.0728
2025-09-05 05:21:43,506 - INFO - Boosted OOD loss: 0.0507
2025-09-05 05:21:47,847 - INFO - Boosted OOD loss: 0.0161
2025-09-05 05:21:47,847 - INFO - Step 29400 Loss Debug:
2025-09-05 05:21:47,847 - INFO -  CE: 2.0233
2025-09-05 05:21:47,847 - INFO -  OOD: 0.0161
2025-09-05 05:21:47,847 - INFO -  β: 32.00
2025-09-05 05:21:47,847 - INFO -  ID: 6243, OOD(254): 1396
2025-09-05 05:21:48,410 - INFO - Boosted OOD loss: 0.0688
2025-09-05 05:21:49,508 - INFO - Boosted OOD loss: 0.0167
2025-09-05 05:21:50,607 - INFO - Boosted OOD loss: 0.0635
2025-09-05 05:21:51,170 - INFO - Boosted OOD loss: 0.0475
2025-09-05 05:21:57,128 - INFO - Boosted OOD loss: 0.0878
2025-09-05 05:21:58,228 - INFO - Boosted OOD loss: 0.0580
2025-09-05 05:21:58,788 - INFO - Boosted OOD loss: 0.0472
2025-09-05 05:22:00,426 - INFO - Boosted OOD loss: 0.0273
2025-09-05 05:22:00,987 - INFO - Boosted OOD loss: 0.0496
2025-09-05 05:22:07,486 - INFO - Boosted OOD loss: 0.0582
2025-09-05 05:22:08,587 - INFO - Boosted OOD loss: 0.0575
2025-09-05 05:22:13,461 - INFO - Boosted OOD loss: 0.0449
2025-09-05 05:22:19,966 - INFO - Boosted OOD loss: 0.0752
2025-09-05 05:22:28,094 - INFO - Boosted OOD loss: 0.0364
2025-09-05 05:22:31,362 - INFO - Boosted OOD loss: 0.0723
2025-09-05 05:22:31,922 - INFO - Boosted OOD loss: 0.0504
2025-09-05 05:22:41,130 - INFO - Boosted OOD loss: 0.0318
2025-09-05 05:22:42,225 - WARNING - No anomaly pixels (254) found in batch
2025-09-05 05:22:44,390 - INFO - Boosted OOD loss: 0.0373
2025-09-05 05:22:45,493 - INFO - Boosted OOD loss: 0.0547
2025-09-05 05:22:46,053 - INFO - Boosted OOD loss: 0.0290
2025-09-05 05:22:54,714 - INFO - Boosted OOD loss: 0.0627
2025-09-05 05:22:57,427 - INFO - Boosted OOD loss: 0.0510
2025-09-05 05:23:00,692 - INFO - Boosted OOD loss: 0.0264
2025-09-05 05:23:05,035 - INFO - Boosted OOD loss: 0.0740
2025-09-05 05:23:07,220 - INFO - Boosted OOD loss: 0.0520
2025-09-05 05:23:12,102 - INFO - Boosted OOD loss: 0.0564
2025-09-05 05:23:14,278 - INFO - Boosted OOD loss: 0.0439
2025-09-05 05:23:16,993 - INFO - Boosted OOD loss: 0.0600
2025-09-05 05:23:18,098 - INFO - Boosted OOD loss: 0.0092
2025-09-05 05:23:20,820 - INFO - Boosted OOD loss: 0.0579
2025-09-05 05:23:21,918 - INFO - Boosted OOD loss: 0.0365
2025-09-05 05:23:25,720 - INFO - Boosted OOD loss: 0.0677
2025-09-05 05:23:28,442 - INFO - Boosted OOD loss: 0.0341
2025-09-05 05:23:29,005 - INFO - Boosted OOD loss: 0.0569
2025-09-05 05:23:34,966 - INFO - Boosted OOD loss: 0.0725
2025-09-05 05:23:36,600 - WARNING - No anomaly pixels (254) found in batch
2025-09-05 05:23:40,382 - INFO - Boosted OOD loss: 0.0673
2025-09-05 05:23:40,943 - INFO - Boosted OOD loss: 0.0511
2025-09-05 05:23:41,504 - INFO - Boosted OOD loss: 0.0749
2025-09-05 05:23:43,146 - INFO - Boosted OOD loss: 0.0508
2025-09-05 05:23:46,408 - INFO - Boosted OOD loss: 0.0351
2025-09-05 05:23:48,587 - INFO - Boosted OOD loss: 0.0564
2025-09-05 05:23:50,763 - INFO - Boosted OOD loss: 0.0373
2025-09-05 05:23:51,326 - INFO - Boosted OOD loss: 0.0328
2025-09-05 05:23:51,884 - INFO - Boosted OOD loss: 0.0457
2025-09-05 05:23:52,987 - INFO - Boosted OOD loss: 0.0567
2025-09-05 05:23:58,944 - INFO - Boosted OOD loss: 0.0455
2025-09-05 05:24:02,202 - INFO - Boosted OOD loss: 0.0578
2025-09-05 05:24:03,301 - INFO - Boosted OOD loss: 0.0605
2025-09-05 05:24:04,938 - INFO - Boosted OOD loss: 0.0358
2025-09-05 05:24:06,039 - INFO - Boosted OOD loss: 0.0506
2025-09-05 05:24:06,599 - INFO - Boosted OOD loss: 0.0270
2025-09-05 05:24:10,399 - INFO - Boosted OOD loss: 0.0636
2025-09-05 05:24:11,504 - INFO - Boosted OOD loss: 0.0725
2025-09-05 05:24:17,999 - INFO - Boosted OOD loss: 0.0705
2025-09-05 05:24:18,559 - INFO - Boosted OOD loss: 0.0477
2025-09-05 05:24:22,890 - INFO - Boosted OOD loss: 0.0591
2025-09-05 05:24:30,990 - WARNING - No anomaly pixels (254) found in batch
2025-09-05 05:24:32,614 - INFO - Boosted OOD loss: 0.0797
2025-09-05 05:24:33,177 - INFO - Boosted OOD loss: 0.0677
2025-09-05 05:24:34,817 - INFO - Boosted OOD loss: 0.0448
2025-09-05 05:24:38,618 - INFO - Boosted OOD loss: 0.0279
2025-09-05 05:24:39,181 - INFO - Boosted OOD loss: 0.0384
2025-09-05 05:24:42,980 - INFO - Boosted OOD loss: 0.0289
2025-09-05 05:24:45,698 - INFO - Boosted OOD loss: 0.0596
2025-09-05 05:24:47,879 - INFO - Boosted OOD loss: 0.0586
2025-09-05 05:24:53,290 - INFO - Boosted OOD loss: 0.0384
2025-09-05 05:24:59,779 - INFO - Boosted OOD loss: 0.0734
2025-09-05 05:25:00,880 - INFO - Boosted OOD loss: 0.0334
2025-09-05 05:25:07,913 - INFO - Boosted OOD loss: 0.0417
2025-09-05 05:25:08,473 - INFO - Boosted OOD loss: 0.0510
2025-09-05 05:25:12,272 - INFO - Boosted OOD loss: 0.0734
2025-09-05 05:25:12,836 - INFO - Boosted OOD loss: 0.0361
2025-09-05 05:25:13,935 - INFO - Boosted OOD loss: 0.0456
2025-09-05 05:25:14,496 - INFO - Boosted OOD loss: 0.0462
2025-09-05 05:25:15,057 - INFO - Boosted OOD loss: 0.0679
2025-09-05 05:25:18,854 - INFO - Boosted OOD loss: 0.0311
2025-09-05 05:25:23,199 - INFO - Boosted OOD loss: 0.0537
2025-09-05 05:25:24,297 - INFO - Boosted OOD loss: 0.0498
2025-09-05 05:25:24,855 - INFO - Boosted OOD loss: 0.0766
2025-09-05 05:25:25,410 - WARNING - No anomaly pixels (254) found in batch
2025-09-05 05:25:27,036 - INFO - Boosted OOD loss: 0.0422
2025-09-05 05:25:27,603 - INFO - Boosted OOD loss: 0.0184
2025-09-05 05:25:28,165 - INFO - Boosted OOD loss: 0.0718
2025-09-05 05:25:36,262 - INFO - Boosted OOD loss: 0.0857
2025-09-05 05:25:37,897 - INFO - Boosted OOD loss: 0.0294
2025-09-05 05:25:48,157 - INFO - Boosted OOD loss: 0.0623
2025-09-05 05:25:49,262 - INFO - Boosted OOD loss: 0.0308
2025-09-05 05:25:50,364 - INFO - Boosted OOD loss: 0.0569
2025-09-05 05:25:55,233 - INFO - Boosted OOD loss: 0.0890
2025-09-05 05:25:59,028 - INFO - Boosted OOD loss: 0.0432
2025-09-05 05:26:00,130 - INFO - Boosted OOD loss: 0.0383
2025-09-05 05:26:03,384 - INFO - Boosted OOD loss: 0.0460
2025-09-05 05:26:05,558 - INFO - Boosted OOD loss: 0.0575
2025-09-05 05:26:09,346 - INFO - Boosted OOD loss: 0.0846
2025-09-05 05:26:13,141 - INFO - Boosted OOD loss: 0.0284
2025-09-05 05:26:14,779 - INFO - Boosted OOD loss: 0.0654
2025-09-05 05:26:16,416 - INFO - Boosted OOD loss: 0.0513
2025-09-05 05:26:19,663 - WARNING - No anomaly pixels (254) found in batch
2025-09-05 05:26:22,905 - INFO - Boosted OOD loss: 0.0591
2025-09-05 05:26:34,769 - INFO - Boosted OOD loss: 0.0644
2025-09-05 05:26:38,018 - INFO - Boosted OOD loss: 0.0706
2025-09-05 05:26:42,887 - INFO - Boosted OOD loss: 0.0599
2025-09-05 05:26:43,987 - INFO - Boosted OOD loss: 0.0667
2025-09-05 05:26:45,086 - INFO - Boosted OOD loss: 0.0546
2025-09-05 05:26:51,031 - INFO - Boosted OOD loss: 0.0364
2025-09-05 05:26:51,595 - INFO - Boosted OOD loss: 0.0446
2025-09-05 05:26:52,162 - INFO - Boosted OOD loss: 0.0560
2025-09-05 05:26:52,720 - INFO - Boosted OOD loss: 0.0707
2025-09-05 05:26:53,280 - INFO - Boosted OOD loss: 0.0634
2025-09-05 05:26:54,380 - INFO - Boosted OOD loss: 0.0486
2025-09-05 05:27:00,332 - INFO - Boosted OOD loss: 0.0321
2025-09-05 05:27:03,052 - INFO - Boosted OOD loss: 0.0368
2025-09-05 05:27:05,770 - INFO - Boosted OOD loss: 0.0573
2025-09-05 05:27:08,493 - INFO - Boosted OOD loss: 0.0317
2025-09-05 05:27:10,677 - INFO - Boosted OOD loss: 0.0754
2025-09-05 05:27:12,852 - INFO - Boosted OOD loss: 0.0661
2025-09-05 05:27:13,941 - WARNING - No anomaly pixels (254) found in batch
2025-09-05 05:27:15,566 - INFO - Boosted OOD loss: 0.0618
2025-09-05 05:27:18,288 - INFO - Boosted OOD loss: 0.0674
2025-09-05 05:27:21,001 - INFO - Boosted OOD loss: 0.0540
2025-09-05 05:27:22,100 - INFO - Boosted OOD loss: 0.0191
2025-09-05 05:27:28,597 - INFO - Boosted OOD loss: 0.0226
2025-09-05 05:27:35,097 - INFO - Boosted OOD loss: 0.0515
2025-09-05 05:27:36,196 - INFO - Boosted OOD loss: 0.0601
2025-09-05 05:27:36,754 - INFO - Boosted OOD loss: 0.0400
2025-09-05 05:27:38,393 - INFO - Boosted OOD loss: 0.0577
2025-09-05 05:27:48,126 - INFO - Boosted OOD loss: 0.0458
2025-09-05 05:27:48,686 - INFO - Boosted OOD loss: 0.0494
2025-09-05 05:27:49,247 - INFO - Boosted OOD loss: 0.0662
2025-09-05 05:27:51,426 - INFO - Boosted OOD loss: 0.0512
2025-09-05 05:27:54,682 - INFO - Boosted OOD loss: 0.0529
2025-09-05 05:27:59,016 - INFO - Boosted OOD loss: 0.0553
2025-09-05 05:28:01,198 - INFO - Boosted OOD loss: 0.0494
2025-09-05 05:28:03,915 - INFO - Boosted OOD loss: 0.0665
2025-09-05 05:28:06,632 - INFO - Boosted OOD loss: 0.0344
2025-09-05 05:28:08,268 - WARNING - No anomaly pixels (254) found in batch
2025-09-05 05:28:08,813 - INFO - Boosted OOD loss: 0.0547
2025-09-05 05:28:13,154 - INFO - Boosted OOD loss: 0.0533
2025-09-05 05:28:16,410 - INFO - Boosted OOD loss: 0.0590
2025-09-05 05:28:25,060 - INFO - Boosted OOD loss: 0.0684
2025-09-05 05:28:26,699 - INFO - Boosted OOD loss: 0.0300
2025-09-05 05:28:27,264 - INFO - Boosted OOD loss: 0.0440
2025-09-05 05:28:31,067 - INFO - Boosted OOD loss: 0.0613
2025-09-05 05:28:37,558 - INFO - Boosted OOD loss: 0.0665
2025-09-05 05:28:38,116 - INFO - Boosted OOD loss: 0.0458
2025-09-05 05:28:39,215 - INFO - Boosted OOD loss: 0.0544
2025-09-05 05:28:39,775 - INFO - Boosted OOD loss: 0.0437
2025-09-05 05:28:47,886 - INFO - Boosted OOD loss: 0.0568
2025-09-05 05:28:48,442 - INFO - Boosted OOD loss: 0.0428
2025-09-05 05:28:51,163 - INFO - Boosted OOD loss: 0.0704
2025-09-05 05:28:54,958 - INFO - Boosted OOD loss: 0.0570
2025-09-05 05:28:56,058 - INFO - Boosted OOD loss: 0.0631
2025-09-05 05:28:56,619 - INFO - Boosted OOD loss: 0.0468
2025-09-05 05:28:59,337 - INFO - Boosted OOD loss: 0.0548
2025-09-05 05:29:02,585 - WARNING - No anomaly pixels (254) found in batch
2025-09-05 05:29:03,138 - INFO - Boosted OOD loss: 0.0326
2025-09-05 05:29:05,859 - INFO - Boosted OOD loss: 0.0389
2025-09-05 05:29:06,418 - INFO - Boosted OOD loss: 0.0471
2025-09-05 05:29:07,513 - INFO - Boosted OOD loss: 0.0572
2025-09-05 05:29:08,613 - INFO - Boosted OOD loss: 0.0221
2025-09-05 05:29:09,174 - INFO - Boosted OOD loss: 0.0226
2025-09-05 05:29:10,814 - INFO - Boosted OOD loss: 0.0347
2025-09-05 05:29:18,380 - INFO - Boosted OOD loss: 0.0571
2025-09-05 05:29:25,934 - INFO - Boosted OOD loss: 0.0483
2025-09-05 05:29:28,113 - INFO - Boosted OOD loss: 0.0613
2025-09-05 05:29:31,365 - INFO - Boosted OOD loss: 0.0518
2025-09-05 05:29:32,463 - INFO - Boosted OOD loss: 0.0710
2025-09-05 05:29:33,561 - INFO - Boosted OOD loss: 0.0183
2025-09-05 05:29:36,276 - INFO - Boosted OOD loss: 0.0469
2025-09-05 05:29:36,839 - INFO - Boosted OOD loss: 0.0585
2025-09-05 05:29:41,713 - INFO - Boosted OOD loss: 0.0310
2025-09-05 05:29:45,508 - INFO - Boosted OOD loss: 0.0634
2025-09-05 05:29:49,297 - INFO - Boosted OOD loss: 0.0377
2025-09-05 05:29:49,859 - INFO - Boosted OOD loss: 0.0472
2025-09-05 05:29:50,418 - INFO - Boosted OOD loss: 0.0310
2025-09-05 05:29:53,204 - INFO - Updated beta to 13.27 (exp decay)
2025-09-05 05:30:14,285 - WARNING - Negative mean energy—verify E_b formula/signs
2025-09-05 05:30:14,285 - INFO - Weights updated successfully
2025-09-05 05:30:14,286 - INFO - Advanced epoch 17 - Updated beta: 13.27
2025-09-05 05:30:14,286 - INFO - Epoch 17 - Avg CE: 1.8263, Avg OOD: 0.0102, β: 32
2025-09-05 05:30:14,395 - INFO - 
Starting Epoch 18/100
2025-09-05 05:30:14,395 - INFO - ============================================================
2025-09-05 05:30:14,396 - INFO - 
Updating Hopfield boosting weights at epoch 18...
2025-09-05 05:30:25,008 - WARNING - Negative mean energy—verify E_b formula/signs
2025-09-05 05:30:25,008 - INFO - Weights updated successfully
2025-09-05 05:30:25,009 - INFO - Weight Update Debug at Epoch 18: No high-weight OOD pixels found
2025-09-05 05:30:27,760 - INFO - Boosted OOD loss: 0.0507
2025-09-05 05:30:28,857 - INFO - Boosted OOD loss: 0.0420
2025-09-05 05:30:29,406 - WARNING - No anomaly pixels (254) found in batch
2025-09-05 05:30:30,490 - INFO - Boosted OOD loss: 0.0609
2025-09-05 05:30:32,126 - INFO - Boosted OOD loss: 0.0266
2025-09-05 05:30:33,224 - INFO - Boosted OOD loss: 0.0682
2025-09-05 05:30:33,784 - INFO - Boosted OOD loss: 0.0545
2025-09-05 05:30:35,424 - INFO - Boosted OOD loss: 0.0680
2025-09-05 05:30:37,602 - INFO - Boosted OOD loss: 0.0606
2025-09-05 05:30:39,235 - INFO - Boosted OOD loss: 0.0588
2025-09-05 05:30:44,660 - INFO - Boosted OOD loss: 0.0440
2025-09-05 05:30:45,224 - INFO - Boosted OOD loss: 0.0684
2025-09-05 05:30:46,325 - INFO - Boosted OOD loss: 0.0317
2025-09-05 05:30:58,810 - INFO - Boosted OOD loss: 0.0489
2025-09-05 05:31:01,001 - INFO - Boosted OOD loss: 0.0663
2025-09-05 05:31:09,174 - INFO - Boosted OOD loss: 0.0541
2025-09-05 05:31:09,735 - INFO - Boosted OOD loss: 0.0399
2025-09-05 05:31:14,101 - INFO - Boosted OOD loss: 0.0395
2025-09-05 05:31:14,661 - INFO - Boosted OOD loss: 0.0567
2025-09-05 05:31:15,232 - INFO - Boosted OOD loss: 0.0291
2025-09-05 05:31:17,436 - INFO - Boosted OOD loss: 0.0543
2025-09-05 05:31:19,088 - INFO - Boosted OOD loss: 0.0564
2025-09-05 05:31:20,192 - INFO - Boosted OOD loss: 0.0639
2025-09-05 05:31:22,923 - INFO - Boosted OOD loss: 0.0628
2025-09-05 05:31:23,483 - INFO - Boosted OOD loss: 0.0651
2025-09-05 05:31:24,040 - WARNING - No anomaly pixels (254) found in batch
2025-09-05 05:31:28,920 - INFO - Boosted OOD loss: 0.0336
2025-09-05 05:31:33,804 - INFO - Boosted OOD loss: 0.0280
2025-09-05 05:31:34,369 - INFO - Boosted OOD loss: 0.0566
2025-09-05 05:31:43,042 - INFO - Boosted OOD loss: 0.0633
2025-09-05 05:31:43,604 - INFO - Boosted OOD loss: 0.0674
2025-09-05 05:31:44,702 - INFO - Boosted OOD loss: 0.0550
2025-09-05 05:31:46,879 - INFO - Boosted OOD loss: 0.0815
2025-09-05 05:31:48,520 - INFO - Boosted OOD loss: 0.0494
2025-09-05 05:31:50,703 - INFO - Boosted OOD loss: 0.0303
2025-09-05 05:31:54,497 - INFO - Boosted OOD loss: 0.0532
2025-09-05 05:31:58,834 - INFO - Boosted OOD loss: 0.0380
2025-09-05 05:32:01,019 - INFO - Boosted OOD loss: 0.0685
2025-09-05 05:32:01,579 - INFO - Boosted OOD loss: 0.0663
2025-09-05 05:32:02,677 - INFO - Boosted OOD loss: 0.0664
2025-09-05 05:32:07,011 - INFO - Boosted OOD loss: 0.0315
2025-09-05 05:32:15,126 - INFO - Boosted OOD loss: 0.0498
2025-09-05 05:32:15,683 - INFO - Boosted OOD loss: 0.0609
2025-09-05 05:32:17,321 - INFO - Boosted OOD loss: 0.0346
2025-09-05 05:32:18,414 - WARNING - No anomaly pixels (254) found in batch
2025-09-05 05:32:22,193 - INFO - Boosted OOD loss: 0.0461
2025-09-05 05:32:22,755 - INFO - Boosted OOD loss: 0.0332
2025-09-05 05:32:24,933 - INFO - Boosted OOD loss: 0.0649
2025-09-05 05:32:27,645 - INFO - Boosted OOD loss: 0.0370
2025-09-05 05:32:28,739 - INFO - Boosted OOD loss: 0.0641
2025-09-05 05:32:37,922 - INFO - Boosted OOD loss: 0.0576
2025-09-05 05:32:38,484 - INFO - Boosted OOD loss: 0.0657
2025-09-05 05:32:41,739 - INFO - Boosted OOD loss: 0.0431
2025-09-05 05:32:42,298 - INFO - Boosted OOD loss: 0.0495
2025-09-05 05:32:42,856 - INFO - Boosted OOD loss: 0.0651
2025-09-05 05:32:47,186 - INFO - Boosted OOD loss: 0.0540
2025-09-05 05:32:47,746 - INFO - Boosted OOD loss: 0.0369
2025-09-05 05:32:50,463 - INFO - Boosted OOD loss: 0.0362
2025-09-05 05:32:53,721 - INFO - Boosted OOD loss: 0.0409
2025-09-05 05:32:59,677 - INFO - Boosted OOD loss: 0.0534
2025-09-05 05:33:00,774 - INFO - Boosted OOD loss: 0.0493
2025-09-05 05:33:01,334 - INFO - Boosted OOD loss: 0.0579
2025-09-05 05:33:04,594 - INFO - Boosted OOD loss: 0.0776
2025-09-05 05:33:05,157 - INFO - Boosted OOD loss: 0.0455
2025-09-05 05:33:07,337 - INFO - Boosted OOD loss: 0.0442
2025-09-05 05:33:10,052 - INFO - Boosted OOD loss: 0.0576
2025-09-05 05:33:12,771 - INFO - Boosted OOD loss: 0.0551
2025-09-05 05:33:12,771 - INFO - Step 30600 Loss Debug:
2025-09-05 05:33:12,772 - INFO -  CE: 2.2855
2025-09-05 05:33:12,772 - INFO -  OOD: 0.0551
2025-09-05 05:33:12,772 - INFO -  β: 32.00
2025-09-05 05:33:12,772 - INFO -  ID: 5431, OOD(254): 424
2025-09-05 05:33:14,408 - INFO - Boosted OOD loss: 0.0752
2025-09-05 05:33:14,969 - INFO - Boosted OOD loss: 0.0558
2025-09-05 05:33:17,146 - INFO - Boosted OOD loss: 0.0755
2025-09-05 05:33:24,712 - INFO - Boosted OOD loss: 0.0626
2025-09-05 05:33:25,272 - INFO - Boosted OOD loss: 0.0620
2025-09-05 05:33:25,830 - INFO - Boosted OOD loss: 0.0491
2025-09-05 05:33:33,945 - INFO - Boosted OOD loss: 0.0371
2025-09-05 05:33:39,895 - INFO - Boosted OOD loss: 0.0568
2025-09-05 05:33:39,895 - INFO - Step 30650 Loss Debug:
2025-09-05 05:33:39,895 - INFO -  CE: 1.7776
2025-09-05 05:33:39,896 - INFO -  OOD: 0.0568
2025-09-05 05:33:39,896 - INFO -  β: 32.00
2025-09-05 05:33:39,896 - INFO -  ID: 7030, OOD(254): 19
2025-09-05 05:33:40,992 - INFO - Boosted OOD loss: 0.0238
2025-09-05 05:33:44,254 - INFO - Boosted OOD loss: 0.0573
2025-09-05 05:33:44,815 - INFO - Boosted OOD loss: 0.0468
2025-09-05 05:33:50,760 - INFO - Boosted OOD loss: 0.0550
2025-09-05 05:33:54,012 - INFO - Boosted OOD loss: 0.0566
2025-09-05 05:33:54,570 - INFO - Boosted OOD loss: 0.0457
2025-09-05 05:33:55,130 - INFO - Boosted OOD loss: 0.0622
2025-09-05 05:33:59,479 - INFO - Boosted OOD loss: 0.0609
2025-09-05 05:34:01,665 - INFO - Boosted OOD loss: 0.0299
2025-09-05 05:34:07,080 - WARNING - No anomaly pixels (254) found in batch
2025-09-05 05:34:09,246 - INFO - Boosted OOD loss: 0.0424
2025-09-05 05:34:09,806 - INFO - Boosted OOD loss: 0.0295
2025-09-05 05:34:11,983 - INFO - Boosted OOD loss: 0.0583
2025-09-05 05:34:13,083 - INFO - Boosted OOD loss: 0.0717
2025-09-05 05:34:17,414 - INFO - Boosted OOD loss: 0.0626
2025-09-05 05:34:21,211 - INFO - Boosted OOD loss: 0.0386
2025-09-05 05:34:27,694 - INFO - Boosted OOD loss: 0.0424
2025-09-05 05:34:28,795 - INFO - Boosted OOD loss: 0.0561
2025-09-05 05:34:29,357 - INFO - Boosted OOD loss: 0.0289
2025-09-05 05:34:32,615 - INFO - Boosted OOD loss: 0.0483
2025-09-05 05:34:39,101 - INFO - Boosted OOD loss: 0.0322
2025-09-05 05:34:45,059 - INFO - Boosted OOD loss: 0.0671
2025-09-05 05:34:47,233 - INFO - Boosted OOD loss: 0.0333
2025-09-05 05:34:47,794 - INFO - Boosted OOD loss: 0.0293
2025-09-05 05:34:54,291 - INFO - Boosted OOD loss: 0.0237
2025-09-05 05:34:56,474 - INFO - Boosted OOD loss: 0.0349
2025-09-05 05:35:01,339 - WARNING - No anomaly pixels (254) found in batch
2025-09-05 05:35:06,738 - INFO - Boosted OOD loss: 0.0453
2025-09-05 05:35:07,301 - INFO - Boosted OOD loss: 0.0341
2025-09-05 05:35:11,095 - INFO - Boosted OOD loss: 0.0462
2025-09-05 05:35:12,194 - INFO - Boosted OOD loss: 0.0474
2025-09-05 05:35:13,831 - INFO - Boosted OOD loss: 0.0374
2025-09-05 05:35:14,391 - INFO - Boosted OOD loss: 0.0455
2025-09-05 05:35:17,115 - INFO - Boosted OOD loss: 0.0547
2025-09-05 05:35:21,453 - INFO - Boosted OOD loss: 0.0549
2025-09-05 05:35:22,014 - INFO - Boosted OOD loss: 0.0456
2025-09-05 05:35:29,040 - INFO - Boosted OOD loss: 0.0567
2025-09-05 05:35:36,790 - INFO - Boosted OOD loss: 0.0648
2025-09-05 05:35:40,577 - INFO - Boosted OOD loss: 0.0328
2025-09-05 05:35:45,443 - INFO - Boosted OOD loss: 0.0502
2025-09-05 05:35:50,313 - INFO - Boosted OOD loss: 0.0414
2025-09-05 05:35:52,492 - INFO - Boosted OOD loss: 0.0405
2025-09-05 05:35:53,054 - INFO - Boosted OOD loss: 0.0561
2025-09-05 05:35:54,693 - INFO - Boosted OOD loss: 0.0611
2025-09-05 05:35:56,324 - WARNING - No anomaly pixels (254) found in batch
2025-09-05 05:35:59,575 - INFO - Boosted OOD loss: 0.0247
2025-09-05 05:36:02,833 - INFO - Boosted OOD loss: 0.0664
2025-09-05 05:36:03,926 - INFO - Boosted OOD loss: 0.0523
2025-09-05 05:36:06,103 - INFO - Boosted OOD loss: 0.0372
2025-09-05 05:36:07,204 - INFO - Boosted OOD loss: 0.0497
2025-09-05 05:36:09,381 - INFO - Boosted OOD loss: 0.0678
2025-09-05 05:36:10,479 - INFO - Boosted OOD loss: 0.0536
2025-09-05 05:36:11,037 - INFO - Boosted OOD loss: 0.0650
2025-09-05 05:36:11,596 - INFO - Boosted OOD loss: 0.0581
2025-09-05 05:36:14,315 - INFO - Boosted OOD loss: 0.0421
2025-09-05 05:36:15,955 - INFO - Boosted OOD loss: 0.0344
2025-09-05 05:36:16,516 - INFO - Boosted OOD loss: 0.0599
2025-09-05 05:36:20,315 - INFO - Boosted OOD loss: 0.0584
2025-09-05 05:36:25,191 - INFO - Boosted OOD loss: 0.0215
2025-09-05 05:36:26,291 - INFO - Boosted OOD loss: 0.0115
2025-09-05 05:36:27,926 - INFO - Boosted OOD loss: 0.0343
2025-09-05 05:36:30,101 - INFO - Boosted OOD loss: 0.0597
2025-09-05 05:36:30,663 - INFO - Boosted OOD loss: 0.0459
2025-09-05 05:36:32,307 - INFO - Boosted OOD loss: 0.0148
2025-09-05 05:36:36,652 - INFO - Boosted OOD loss: 0.0273
2025-09-05 05:36:38,290 - INFO - Boosted OOD loss: 0.0556
2025-09-05 05:36:39,392 - INFO - Boosted OOD loss: 0.0495
2025-09-05 05:36:41,033 - INFO - Boosted OOD loss: 0.0655
2025-09-05 05:36:42,134 - INFO - Boosted OOD loss: 0.0184
2025-09-05 05:36:45,393 - INFO - Boosted OOD loss: 0.0636
2025-09-05 05:36:47,031 - INFO - Boosted OOD loss: 0.0775
2025-09-05 05:36:50,821 - INFO - Boosted OOD loss: 0.0497
2025-09-05 05:36:50,822 - INFO - Step 31000 Loss Debug:
2025-09-05 05:36:50,822 - INFO -  CE: 1.8561
2025-09-05 05:36:50,822 - INFO -  OOD: 0.0497
2025-09-05 05:36:50,822 - INFO -  β: 32.00
2025-09-05 05:36:50,822 - INFO -  ID: 7379, OOD(254): 14
2025-09-05 05:36:52,998 - INFO - Boosted OOD loss: 0.0439
2025-09-05 05:36:54,100 - INFO - Boosted OOD loss: 0.0411
2025-09-05 05:36:55,199 - INFO - Boosted OOD loss: 0.0575
2025-09-05 05:36:55,755 - INFO - Boosted OOD loss: 0.0608
2025-09-05 05:36:59,018 - INFO - Boosted OOD loss: 0.0275
2025-09-05 05:37:00,120 - INFO - Boosted OOD loss: 0.0481
2025-09-05 05:37:02,295 - INFO - Boosted OOD loss: 0.0549
2025-09-05 05:37:06,628 - INFO - Boosted OOD loss: 0.0582
2025-09-05 05:37:08,810 - INFO - Boosted OOD loss: 0.0396
2025-09-05 05:37:09,914 - INFO - Boosted OOD loss: 0.0171
2025-09-05 05:37:13,709 - INFO - Boosted OOD loss: 0.0369
2025-09-05 05:37:17,506 - INFO - Boosted OOD loss: 0.0513
2025-09-05 05:37:18,607 - INFO - Boosted OOD loss: 0.0471
2025-09-05 05:37:19,166 - INFO - Boosted OOD loss: 0.0666
2025-09-05 05:37:27,812 - INFO - Boosted OOD loss: 0.0724
2025-09-05 05:37:29,450 - INFO - Boosted OOD loss: 0.0545
2025-09-05 05:37:31,627 - INFO - Boosted OOD loss: 0.0588
2025-09-05 05:37:32,187 - INFO - Boosted OOD loss: 0.0681
2025-09-05 05:37:32,754 - INFO - Boosted OOD loss: 0.0267
2025-09-05 05:37:33,858 - INFO - Boosted OOD loss: 0.0685
2025-09-05 05:37:35,502 - INFO - Boosted OOD loss: 0.0264
2025-09-05 05:37:36,607 - INFO - Boosted OOD loss: 0.0461
2025-09-05 05:37:40,398 - INFO - Boosted OOD loss: 0.0383
2025-09-05 05:37:45,271 - INFO - Boosted OOD loss: 0.0438
2025-09-05 05:37:45,271 - INFO - Step 31100 Loss Debug:
2025-09-05 05:37:45,271 - INFO -  CE: 2.1565
2025-09-05 05:37:45,272 - INFO -  OOD: 0.0438
2025-09-05 05:37:45,272 - INFO -  β: 32.00
2025-09-05 05:37:45,272 - INFO -  ID: 5828, OOD(254): 184
2025-09-05 05:37:47,990 - INFO - Boosted OOD loss: 0.0440
2025-09-05 05:37:48,554 - INFO - Boosted OOD loss: 0.0692
2025-09-05 05:37:49,651 - INFO - Boosted OOD loss: 0.0504
2025-09-05 05:37:50,209 - INFO - Boosted OOD loss: 0.0549
2025-09-05 05:37:52,927 - INFO - Boosted OOD loss: 0.0766
2025-09-05 05:37:53,488 - INFO - Boosted OOD loss: 0.0211
2025-09-05 05:37:57,286 - INFO - Boosted OOD loss: 0.0209
2025-09-05 05:38:08,089 - INFO - Boosted OOD loss: 0.0634
2025-09-05 05:38:11,345 - INFO - Boosted OOD loss: 0.0307
2025-09-05 05:38:16,216 - INFO - Boosted OOD loss: 0.0479
2025-09-05 05:38:19,474 - INFO - Boosted OOD loss: 0.0585
2025-09-05 05:38:36,217 - INFO - Boosted OOD loss: 0.0304
2025-09-05 05:38:38,939 - INFO - Boosted OOD loss: 0.0369
2025-09-05 05:38:39,495 - WARNING - No anomaly pixels (254) found in batch
2025-09-05 05:38:40,584 - INFO - Boosted OOD loss: 0.0451
2025-09-05 05:38:41,690 - INFO - Boosted OOD loss: 0.0221
2025-09-05 05:38:42,249 - INFO - Boosted OOD loss: 0.0733
2025-09-05 05:38:49,815 - INFO - Boosted OOD loss: 0.0586
2025-09-05 05:38:51,456 - INFO - Boosted OOD loss: 0.0477
2025-09-05 05:38:52,017 - INFO - Boosted OOD loss: 0.0707
2025-09-05 05:38:53,116 - INFO - Boosted OOD loss: 0.0220
2025-09-05 05:38:54,760 - INFO - Boosted OOD loss: 0.0460
2025-09-05 05:39:01,254 - INFO - Boosted OOD loss: 0.0435
2025-09-05 05:39:10,431 - INFO - Boosted OOD loss: 0.0682
2025-09-05 05:39:11,526 - INFO - Boosted OOD loss: 0.0563
2025-09-05 05:39:12,085 - INFO - Boosted OOD loss: 0.0321
2025-09-05 05:39:14,794 - INFO - Boosted OOD loss: 0.0528
2025-09-05 05:39:18,584 - INFO - Boosted OOD loss: 0.0517
2025-09-05 05:39:20,218 - INFO - Boosted OOD loss: 0.0456
2025-09-05 05:39:22,934 - INFO - Boosted OOD loss: 0.0300
2025-09-05 05:39:26,191 - INFO - Boosted OOD loss: 0.0512
2025-09-05 05:39:26,751 - INFO - Boosted OOD loss: 0.0315
2025-09-05 05:39:28,932 - INFO - Boosted OOD loss: 0.0250
2025-09-05 05:39:33,810 - WARNING - No anomaly pixels (254) found in batch
2025-09-05 05:39:38,130 - INFO - Boosted OOD loss: 0.0716
2025-09-05 05:39:39,227 - INFO - Boosted OOD loss: 0.0529
2025-09-05 05:39:40,324 - INFO - Boosted OOD loss: 0.0430
2025-09-05 05:39:43,042 - INFO - Boosted OOD loss: 0.0577
2025-09-05 05:39:46,301 - INFO - Boosted OOD loss: 0.0690
2025-09-05 05:39:47,938 - INFO - Boosted OOD loss: 0.0533
2025-09-05 05:39:48,498 - INFO - Boosted OOD loss: 0.0544
2025-09-05 05:39:49,058 - INFO - Boosted OOD loss: 0.0603
2025-09-05 05:39:53,945 - INFO - Boosted OOD loss: 0.0188
2025-09-05 05:40:00,986 - INFO - Boosted OOD loss: 0.0711
2025-09-05 05:40:00,987 - INFO - Step 31350 Loss Debug:
2025-09-05 05:40:00,987 - INFO -  CE: 1.7521
2025-09-05 05:40:00,987 - INFO -  OOD: 0.0711
2025-09-05 05:40:00,987 - INFO -  β: 32.00
2025-09-05 05:40:00,987 - INFO -  ID: 5836, OOD(254): 300
2025-09-05 05:40:04,248 - INFO - Boosted OOD loss: 0.0568
2025-09-05 05:40:05,890 - INFO - Boosted OOD loss: 0.0520
2025-09-05 05:40:11,316 - INFO - Boosted OOD loss: 0.0474
2025-09-05 05:40:12,416 - INFO - Boosted OOD loss: 0.0451
2025-09-05 05:40:15,673 - INFO - Boosted OOD loss: 0.0530
2025-09-05 05:40:16,232 - INFO - Boosted OOD loss: 0.0367
2025-09-05 05:40:19,496 - INFO - Boosted OOD loss: 0.0642
2025-09-05 05:40:20,057 - INFO - Boosted OOD loss: 0.0333
2025-09-05 05:40:23,858 - INFO - Boosted OOD loss: 0.0426
2025-09-05 05:40:26,044 - INFO - Boosted OOD loss: 0.0407
2025-09-05 05:40:27,685 - INFO - Boosted OOD loss: 0.0295
2025-09-05 05:40:28,240 - WARNING - No anomaly pixels (254) found in batch
2025-09-05 05:40:31,481 - INFO - Boosted OOD loss: 0.0521
2025-09-05 05:40:32,581 - INFO - Boosted OOD loss: 0.0667
2025-09-05 05:40:37,996 - INFO - Boosted OOD loss: 0.0632
2025-09-05 05:40:39,636 - INFO - Boosted OOD loss: 0.0575
2025-09-05 05:40:40,199 - INFO - Boosted OOD loss: 0.0470
2025-09-05 05:40:41,306 - INFO - Boosted OOD loss: 0.0441
2025-09-05 05:40:45,108 - INFO - Boosted OOD loss: 0.0335
2025-09-05 05:40:46,210 - INFO - Boosted OOD loss: 0.0411
2025-09-05 05:40:47,309 - INFO - Boosted OOD loss: 0.0664
2025-09-05 05:40:47,867 - INFO - Boosted OOD loss: 0.0447
2025-09-05 05:40:51,661 - INFO - Boosted OOD loss: 0.0736
2025-09-05 05:40:52,759 - INFO - Boosted OOD loss: 0.0629
2025-09-05 05:40:54,941 - INFO - Boosted OOD loss: 0.0325
2025-09-05 05:40:56,584 - INFO - Boosted OOD loss: 0.0554
2025-09-05 05:41:00,382 - INFO - Boosted OOD loss: 0.0441
2025-09-05 05:41:07,419 - INFO - Boosted OOD loss: 0.0512
2025-09-05 05:41:10,134 - INFO - Boosted OOD loss: 0.0520
2025-09-05 05:41:11,776 - INFO - Boosted OOD loss: 0.0101
2025-09-05 05:41:13,960 - INFO - Boosted OOD loss: 0.0432
2025-09-05 05:41:17,757 - INFO - Boosted OOD loss: 0.0475
2025-09-05 05:41:19,938 - INFO - Boosted OOD loss: 0.0538
2025-09-05 05:41:22,114 - INFO - Boosted OOD loss: 0.0753
2025-09-05 05:41:22,669 - WARNING - No anomaly pixels (254) found in batch
2025-09-05 05:41:26,460 - INFO - Boosted OOD loss: 0.0607
2025-09-05 05:41:27,558 - INFO - Boosted OOD loss: 0.0459
2025-09-05 05:41:33,516 - INFO - Boosted OOD loss: 0.0472
2025-09-05 05:41:35,690 - INFO - Boosted OOD loss: 0.0428
2025-09-05 05:41:36,796 - INFO - Boosted OOD loss: 0.0676
2025-09-05 05:41:37,360 - INFO - Boosted OOD loss: 0.0750
2025-09-05 05:41:39,538 - INFO - Boosted OOD loss: 0.0573
2025-09-05 05:41:40,096 - INFO - Boosted OOD loss: 0.0766
2025-09-05 05:41:40,654 - INFO - Boosted OOD loss: 0.0403
2025-09-05 05:41:41,219 - INFO - Boosted OOD loss: 0.0361
2025-09-05 05:41:42,862 - INFO - Boosted OOD loss: 0.0241
2025-09-05 05:41:43,425 - INFO - Boosted OOD loss: 0.0473
2025-09-05 05:41:49,373 - INFO - Boosted OOD loss: 0.0385
2025-09-05 05:41:51,550 - INFO - Boosted OOD loss: 0.0423
2025-09-05 05:41:53,190 - INFO - Boosted OOD loss: 0.0271
2025-09-05 05:41:53,748 - INFO - Boosted OOD loss: 0.0396
2025-09-05 05:41:56,463 - INFO - Boosted OOD loss: 0.0604
2025-09-05 05:42:05,647 - INFO - Boosted OOD loss: 0.0461
2025-09-05 05:42:13,750 - INFO - Boosted OOD loss: 0.0573
2025-09-05 05:42:17,003 - WARNING - No anomaly pixels (254) found in batch
2025-09-05 05:42:18,087 - INFO - Boosted OOD loss: 0.0490
2025-09-05 05:42:22,422 - INFO - Boosted OOD loss: 0.0477
2025-09-05 05:42:25,135 - INFO - Boosted OOD loss: 0.0485
2025-09-05 05:42:28,391 - INFO - Boosted OOD loss: 0.0527
2025-09-05 05:42:33,809 - INFO - Boosted OOD loss: 0.0529
2025-09-05 05:42:35,453 - INFO - Boosted OOD loss: 0.0365
2025-09-05 05:42:41,950 - INFO - Boosted OOD loss: 0.0405
2025-09-05 05:42:44,133 - INFO - Boosted OOD loss: 0.0736
2025-09-05 05:42:44,134 - INFO - Step 31650 Loss Debug:
2025-09-05 05:42:44,134 - INFO -  CE: 2.0219
2025-09-05 05:42:44,134 - INFO -  OOD: 0.0736
2025-09-05 05:42:44,134 - INFO -  β: 32.00
2025-09-05 05:42:44,134 - INFO -  ID: 4881, OOD(254): 308
2025-09-05 05:42:45,234 - INFO - Boosted OOD loss: 0.0380
2025-09-05 05:42:50,120 - INFO - Boosted OOD loss: 0.0291
2025-09-05 05:42:51,760 - INFO - Boosted OOD loss: 0.0786
2025-09-05 05:43:02,565 - INFO - Boosted OOD loss: 0.0787
2025-09-05 05:43:11,207 - WARNING - No anomaly pixels (254) found in batch
2025-09-05 05:43:14,993 - INFO - Boosted OOD loss: 0.0361
2025-09-05 05:43:16,096 - INFO - Boosted OOD loss: 0.0222
2025-09-05 05:43:18,283 - INFO - Boosted OOD loss: 0.0284
2025-09-05 05:43:24,251 - INFO - Boosted OOD loss: 0.0392
2025-09-05 05:43:25,893 - INFO - Boosted OOD loss: 0.0582
2025-09-05 05:43:31,849 - INFO - Boosted OOD loss: 0.0581
2025-09-05 05:43:37,270 - INFO - Boosted OOD loss: 0.0716
2025-09-05 05:43:42,153 - INFO - Boosted OOD loss: 0.0757
2025-09-05 05:43:47,576 - INFO - Boosted OOD loss: 0.0397
2025-09-05 05:43:48,136 - INFO - Boosted OOD loss: 0.0580
2025-09-05 05:43:48,696 - INFO - Boosted OOD loss: 0.0243
2025-09-05 05:43:51,416 - INFO - Boosted OOD loss: 0.0479
2025-09-05 05:43:53,056 - INFO - Boosted OOD loss: 0.0554
2025-09-05 05:43:54,160 - INFO - Boosted OOD loss: 0.0242
2025-09-05 05:43:57,970 - INFO - Boosted OOD loss: 0.0400
2025-09-05 05:44:03,397 - INFO - Boosted OOD loss: 0.0432
2025-09-05 05:44:05,571 - WARNING - No anomaly pixels (254) found in batch
2025-09-05 05:44:06,656 - INFO - Boosted OOD loss: 0.0537
2025-09-05 05:44:07,224 - INFO - Boosted OOD loss: 0.0296
2025-09-05 05:44:12,650 - INFO - Boosted OOD loss: 0.0242
2025-09-05 05:44:13,754 - INFO - Boosted OOD loss: 0.0672
2025-09-05 05:44:14,312 - INFO - Boosted OOD loss: 0.0640
2025-09-05 05:44:19,732 - INFO - Boosted OOD loss: 0.0686
2025-09-05 05:44:27,311 - INFO - Boosted OOD loss: 0.0545
2025-09-05 05:44:31,109 - INFO - Boosted OOD loss: 0.0330
2025-09-05 05:44:31,672 - INFO - Boosted OOD loss: 0.0377
2025-09-05 05:44:32,238 - INFO - Boosted OOD loss: 0.0291
2025-09-05 05:44:33,342 - INFO - Boosted OOD loss: 0.0484
2025-09-05 05:44:33,904 - INFO - Boosted OOD loss: 0.0195
2025-09-05 05:44:37,707 - INFO - Boosted OOD loss: 0.0583
2025-09-05 05:44:40,967 - INFO - Boosted OOD loss: 0.0628
2025-09-05 05:44:41,525 - INFO - Boosted OOD loss: 0.0324
2025-09-05 05:44:43,702 - INFO - Boosted OOD loss: 0.0539
2025-09-05 05:44:48,580 - INFO - Boosted OOD loss: 0.0548
2025-09-05 05:44:51,832 - INFO - Boosted OOD loss: 0.0786
2025-09-05 05:44:54,551 - INFO - Boosted OOD loss: 0.0454
2025-09-05 05:44:59,953 - WARNING - No anomaly pixels (254) found in batch
2025-09-05 05:45:06,977 - INFO - Boosted OOD loss: 0.0469
2025-09-05 05:45:09,698 - INFO - Boosted OOD loss: 0.0620
2025-09-05 05:45:10,255 - INFO - Boosted OOD loss: 0.0711
2025-09-05 05:45:13,514 - INFO - Boosted OOD loss: 0.0231
2025-09-05 05:45:14,077 - INFO - Boosted OOD loss: 0.0402
2025-09-05 05:45:21,653 - INFO - Boosted OOD loss: 0.0536
2025-09-05 05:45:22,756 - INFO - Boosted OOD loss: 0.0352
2025-09-05 05:45:23,321 - INFO - Boosted OOD loss: 0.0600
2025-09-05 05:45:24,961 - INFO - Boosted OOD loss: 0.0380
2025-09-05 05:45:25,522 - INFO - Boosted OOD loss: 0.0497
2025-09-05 05:45:26,084 - INFO - Boosted OOD loss: 0.0579
2025-09-05 05:45:28,807 - INFO - Boosted OOD loss: 0.0448
2025-09-05 05:45:29,366 - INFO - Boosted OOD loss: 0.0581
2025-09-05 05:45:31,545 - INFO - Boosted OOD loss: 0.0588
2025-09-05 05:45:32,105 - INFO - Boosted OOD loss: 0.0684
2025-09-05 05:45:34,824 - INFO - Boosted OOD loss: 0.0395
2025-09-05 05:45:39,702 - INFO - Boosted OOD loss: 0.0439
2025-09-05 05:45:42,418 - INFO - Boosted OOD loss: 0.0365
2025-09-05 05:45:49,987 - INFO - Boosted OOD loss: 0.0500
2025-09-05 05:45:51,089 - INFO - Boosted OOD loss: 0.0497
2025-09-05 05:45:54,341 - WARNING - No anomaly pixels (254) found in batch
2025-09-05 05:45:57,583 - INFO - Boosted OOD loss: 0.0739
2025-09-05 05:46:01,378 - INFO - Boosted OOD loss: 0.0549
2025-09-05 05:46:03,555 - INFO - Boosted OOD loss: 0.0398
2025-09-05 05:46:06,271 - INFO - Boosted OOD loss: 0.0478
2025-09-05 05:46:10,066 - INFO - Boosted OOD loss: 0.0434
2025-09-05 05:46:12,781 - INFO - Boosted OOD loss: 0.0461
2025-09-05 05:46:16,582 - INFO - Boosted OOD loss: 0.0649
2025-09-05 05:46:18,222 - INFO - Boosted OOD loss: 0.0740
2025-09-05 05:46:20,938 - INFO - Boosted OOD loss: 0.0475
2025-09-05 05:46:21,497 - INFO - Boosted OOD loss: 0.0523
2025-09-05 05:46:21,497 - INFO - Step 32050 Loss Debug:
2025-09-05 05:46:21,497 - INFO -  CE: 1.9937
2025-09-05 05:46:21,497 - INFO -  OOD: 0.0523
2025-09-05 05:46:21,498 - INFO -  β: 32.00
2025-09-05 05:46:21,498 - INFO -  ID: 5831, OOD(254): 120
2025-09-05 05:46:22,599 - INFO - Boosted OOD loss: 0.0638
2025-09-05 05:46:24,777 - INFO - Boosted OOD loss: 0.0329
2025-09-05 05:46:29,111 - INFO - Boosted OOD loss: 0.0522
2025-09-05 05:46:31,286 - INFO - Boosted OOD loss: 0.0588
2025-09-05 05:46:35,152 - INFO - Updated beta to 13.13 (exp decay)
2025-09-05 05:46:56,227 - WARNING - Negative mean energy—verify E_b formula/signs
2025-09-05 05:46:56,228 - INFO - Weights updated successfully
2025-09-05 05:46:56,228 - INFO - Advanced epoch 18 - Updated beta: 13.13
2025-09-05 05:46:56,228 - INFO - Epoch 18 - Avg CE: 1.8178, Avg OOD: 0.0094, β: 32
2025-09-05 05:46:56,339 - INFO - 
Starting Epoch 19/100
2025-09-05 05:46:56,339 - INFO - ============================================================
2025-09-05 05:46:56,340 - INFO - 
Updating Hopfield boosting weights at epoch 19...
2025-09-05 05:47:06,947 - WARNING - Negative mean energy—verify E_b formula/signs
2025-09-05 05:47:06,948 - INFO - Weights updated successfully
2025-09-05 05:47:06,948 - INFO - Weight Update Debug at Epoch 19: No high-weight OOD pixels found
2025-09-05 05:47:08,059 - INFO - Boosted OOD loss: 0.0479
2025-09-05 05:47:11,306 - INFO - Boosted OOD loss: 0.0421
2025-09-05 05:47:11,864 - INFO - Boosted OOD loss: 0.0335
2025-09-05 05:47:17,811 - INFO - Boosted OOD loss: 0.0350
2025-09-05 05:47:19,449 - INFO - Boosted OOD loss: 0.0523
2025-09-05 05:47:20,549 - INFO - Boosted OOD loss: 0.0485
2025-09-05 05:47:21,101 - WARNING - No anomaly pixels (254) found in batch
2025-09-05 05:47:21,650 - INFO - Boosted OOD loss: 0.0456
2025-09-05 05:47:28,695 - INFO - Boosted OOD loss: 0.0413
2025-09-05 05:47:29,256 - INFO - Boosted OOD loss: 0.0367
2025-09-05 05:47:32,526 - INFO - Boosted OOD loss: 0.0206
2025-09-05 05:47:35,797 - INFO - Boosted OOD loss: 0.0291
2025-09-05 05:47:37,996 - INFO - Boosted OOD loss: 0.0346
2025-09-05 05:47:39,649 - INFO - Boosted OOD loss: 0.0419
2025-09-05 05:47:59,720 - INFO - Boosted OOD loss: 0.0655
2025-09-05 05:48:01,362 - INFO - Boosted OOD loss: 0.0398
2025-09-05 05:48:03,010 - INFO - Boosted OOD loss: 0.0330
2025-09-05 05:48:06,281 - INFO - Boosted OOD loss: 0.0500
2025-09-05 05:48:08,472 - INFO - Boosted OOD loss: 0.0382
2025-09-05 05:48:09,032 - INFO - Boosted OOD loss: 0.0472
2025-09-05 05:48:12,298 - INFO - Boosted OOD loss: 0.0382
2025-09-05 05:48:15,024 - INFO - Boosted OOD loss: 0.0629
2025-09-05 05:48:15,577 - WARNING - No anomaly pixels (254) found in batch
2025-09-05 05:48:16,665 - INFO - Boosted OOD loss: 0.0553
2025-09-05 05:48:19,389 - INFO - Boosted OOD loss: 0.0452
2025-09-05 05:48:29,136 - INFO - Boosted OOD loss: 0.0215
2025-09-05 05:48:31,863 - INFO - Boosted OOD loss: 0.0302
2025-09-05 05:48:35,667 - INFO - Boosted OOD loss: 0.0428
2025-09-05 05:48:38,931 - INFO - Boosted OOD loss: 0.0597
2025-09-05 05:48:40,036 - INFO - Boosted OOD loss: -0.0008
2025-09-05 05:48:43,836 - INFO - Boosted OOD loss: 0.0655
2025-09-05 05:48:44,395 - INFO - Boosted OOD loss: 0.0511
2025-09-05 05:48:51,426 - INFO - Boosted OOD loss: 0.0664
2025-09-05 05:49:02,244 - INFO - Boosted OOD loss: 0.0411
2025-09-05 05:49:03,345 - INFO - Boosted OOD loss: 0.0247
2025-09-05 05:49:06,060 - INFO - Boosted OOD loss: 0.0549
2025-09-05 05:49:09,852 - WARNING - No anomaly pixels (254) found in batch
2025-09-05 05:49:12,022 - INFO - Boosted OOD loss: 0.0608
2025-09-05 05:49:14,737 - INFO - Boosted OOD loss: 0.0215
2025-09-05 05:49:16,916 - INFO - Boosted OOD loss: 0.0407
2025-09-05 05:49:18,561 - INFO - Boosted OOD loss: 0.0318
2025-09-05 05:49:19,664 - INFO - Boosted OOD loss: 0.0385
2025-09-05 05:49:20,225 - INFO - Boosted OOD loss: 0.0416
2025-09-05 05:49:23,485 - INFO - Boosted OOD loss: 0.0620
2025-09-05 05:49:24,586 - INFO - Boosted OOD loss: 0.0584
2025-09-05 05:49:26,227 - INFO - Boosted OOD loss: 0.0414
2025-09-05 05:49:27,866 - INFO - Boosted OOD loss: 0.0571
2025-09-05 05:49:28,969 - INFO - Boosted OOD loss: 0.0424
2025-09-05 05:49:34,930 - INFO - Boosted OOD loss: 0.0200
2025-09-05 05:49:36,033 - INFO - Boosted OOD loss: 0.0577
2025-09-05 05:49:37,674 - INFO - Boosted OOD loss: 0.0581
2025-09-05 05:49:40,935 - INFO - Boosted OOD loss: 0.0388
2025-09-05 05:49:42,039 - INFO - Boosted OOD loss: 0.0602
2025-09-05 05:49:45,293 - INFO - Boosted OOD loss: 0.0748
2025-09-05 05:49:46,395 - INFO - Boosted OOD loss: 0.0616
2025-09-05 05:49:50,193 - INFO - Boosted OOD loss: 0.0680
2025-09-05 05:49:52,371 - INFO - Boosted OOD loss: 0.0622
2025-09-05 05:49:55,087 - INFO - Boosted OOD loss: 0.0613
2025-09-05 05:49:57,261 - INFO - Boosted OOD loss: 0.0316
2025-09-05 05:50:04,291 - WARNING - No anomaly pixels (254) found in batch
2025-09-05 05:50:09,695 - INFO - Boosted OOD loss: 0.0286
2025-09-05 05:50:14,575 - INFO - Boosted OOD loss: 0.0466
2025-09-05 05:50:18,374 - INFO - Boosted OOD loss: 0.0523
2025-09-05 05:50:20,017 - INFO - Boosted OOD loss: 0.0335
2025-09-05 05:50:22,200 - INFO - Boosted OOD loss: 0.0354
2025-09-05 05:50:23,300 - INFO - Boosted OOD loss: 0.0391
2025-09-05 05:50:23,858 - INFO - Boosted OOD loss: 0.0503
2025-09-05 05:50:29,276 - INFO - Boosted OOD loss: 0.0365
2025-09-05 05:50:31,457 - INFO - Boosted OOD loss: 0.0655
2025-09-05 05:50:31,457 - INFO - Step 32450 Loss Debug:
2025-09-05 05:50:31,457 - INFO -  CE: 2.0195
2025-09-05 05:50:31,457 - INFO -  OOD: 0.0655
2025-09-05 05:50:31,457 - INFO -  β: 32.00
2025-09-05 05:50:31,457 - INFO -  ID: 7677, OOD(254): 19
2025-09-05 05:50:35,788 - INFO - Boosted OOD loss: 0.0498
2025-09-05 05:50:36,885 - INFO - Boosted OOD loss: 0.0545
2025-09-05 05:50:43,930 - INFO - Boosted OOD loss: 0.0228
2025-09-05 05:50:45,035 - INFO - Boosted OOD loss: 0.0467
2025-09-05 05:50:48,828 - INFO - Boosted OOD loss: 0.0572
2025-09-05 05:50:49,387 - INFO - Boosted OOD loss: 0.0461
2025-09-05 05:50:52,652 - INFO - Boosted OOD loss: 0.0543
2025-09-05 05:50:55,381 - INFO - Boosted OOD loss: 0.0276
2025-09-05 05:50:56,482 - INFO - Boosted OOD loss: 0.0354
2025-09-05 05:50:58,122 - INFO - Boosted OOD loss: 0.0600
2025-09-05 05:50:58,675 - WARNING - No anomaly pixels (254) found in batch
2025-09-05 05:50:59,762 - INFO - Boosted OOD loss: 0.0764
2025-09-05 05:51:08,417 - INFO - Boosted OOD loss: 0.0542
2025-09-05 05:51:09,516 - INFO - Boosted OOD loss: 0.0700
2025-09-05 05:51:10,076 - INFO - Boosted OOD loss: 0.0113
2025-09-05 05:51:12,794 - INFO - Boosted OOD loss: 0.0531
2025-09-05 05:51:16,589 - INFO - Boosted OOD loss: 0.0333
2025-09-05 05:51:20,925 - INFO - Boosted OOD loss: 0.0711
2025-09-05 05:51:22,560 - INFO - Boosted OOD loss: 0.0608
2025-09-05 05:51:23,662 - INFO - Boosted OOD loss: 0.0564
2025-09-05 05:51:36,076 - INFO - Boosted OOD loss: 0.0321
2025-09-05 05:51:38,802 - INFO - Boosted OOD loss: 0.0540
2025-09-05 05:51:40,438 - INFO - Boosted OOD loss: 0.0490
2025-09-05 05:51:42,076 - INFO - Boosted OOD loss: 0.0551
2025-09-05 05:51:43,174 - INFO - Boosted OOD loss: 0.0485
2025-09-05 05:51:44,270 - INFO - Boosted OOD loss: 0.0628
2025-09-05 05:51:45,904 - INFO - Boosted OOD loss: 0.0590
2025-09-05 05:51:52,925 - WARNING - No anomaly pixels (254) found in batch
2025-09-05 05:51:56,166 - INFO - Boosted OOD loss: 0.0424
2025-09-05 05:51:58,345 - INFO - Boosted OOD loss: 0.0446
2025-09-05 05:51:58,905 - INFO - Boosted OOD loss: 0.0546
2025-09-05 05:51:59,468 - INFO - Boosted OOD loss: 0.0202
2025-09-05 05:52:00,033 - INFO - Boosted OOD loss: 0.0225
2025-09-05 05:52:01,138 - INFO - Boosted OOD loss: 0.0357
2025-09-05 05:52:01,701 - INFO - Boosted OOD loss: 0.0406
2025-09-05 05:52:02,260 - INFO - Boosted OOD loss: 0.0326
2025-09-05 05:52:02,822 - INFO - Boosted OOD loss: 0.1410
2025-09-05 05:52:07,694 - INFO - Boosted OOD loss: 0.0460
2025-09-05 05:52:09,330 - INFO - Boosted OOD loss: 0.0448
2025-09-05 05:52:10,970 - INFO - Boosted OOD loss: 0.0293
2025-09-05 05:52:14,226 - INFO - Boosted OOD loss: 0.0278
2025-09-05 05:52:17,483 - INFO - Boosted OOD loss: 0.0387
2025-09-05 05:52:25,588 - INFO - Boosted OOD loss: 0.0656
2025-09-05 05:52:29,382 - INFO - Boosted OOD loss: 0.0389
2025-09-05 05:52:29,941 - INFO - Boosted OOD loss: 0.0427
2025-09-05 05:52:32,655 - INFO - Boosted OOD loss: 0.0586
2025-09-05 05:52:34,291 - INFO - Boosted OOD loss: 0.0565
2025-09-05 05:52:38,623 - INFO - Boosted OOD loss: 0.0454
2025-09-05 05:52:40,803 - INFO - Boosted OOD loss: 0.0164
2025-09-05 05:52:42,440 - INFO - Boosted OOD loss: 0.0321
2025-09-05 05:52:46,242 - INFO - Boosted OOD loss: 0.0360
2025-09-05 05:52:46,808 - INFO - Boosted OOD loss: 0.0428
2025-09-05 05:52:47,365 - INFO - Boosted OOD loss: 0.0405
2025-09-05 05:52:47,366 - INFO - Step 32700 Loss Debug:
2025-09-05 05:52:47,366 - INFO -  CE: 2.2256
2025-09-05 05:52:47,366 - INFO -  OOD: 0.0405
2025-09-05 05:52:47,366 - INFO -  β: 32.00
2025-09-05 05:52:47,366 - INFO -  ID: 7803, OOD(254): 160
2025-09-05 05:52:48,463 - INFO - Boosted OOD loss: 0.0458
2025-09-05 05:52:54,414 - INFO - Boosted OOD loss: 0.0272
2025-09-05 05:52:55,517 - INFO - Boosted OOD loss: 0.0652
2025-09-05 05:52:58,769 - INFO - Boosted OOD loss: 0.0343
2025-09-05 05:52:59,330 - INFO - Boosted OOD loss: 0.0376
2025-09-05 05:53:03,126 - INFO - Boosted OOD loss: 0.0272
2025-09-05 05:53:14,477 - INFO - Boosted OOD loss: 0.0363
2025-09-05 05:53:14,478 - INFO - Step 32750 Loss Debug:
2025-09-05 05:53:14,478 - INFO -  CE: 1.5861
2025-09-05 05:53:14,478 - INFO -  OOD: 0.0363
2025-09-05 05:53:14,478 - INFO -  β: 32.00
2025-09-05 05:53:14,478 - INFO -  ID: 7233, OOD(254): 83
2025-09-05 05:53:15,577 - INFO - Boosted OOD loss: 0.0572
2025-09-05 05:53:16,673 - INFO - Boosted OOD loss: 0.0432
2025-09-05 05:53:18,310 - INFO - Boosted OOD loss: 0.0354
2025-09-05 05:53:18,866 - INFO - Boosted OOD loss: 0.0355
2025-09-05 05:53:20,503 - INFO - Boosted OOD loss: 0.0222
2025-09-05 05:53:22,144 - INFO - Boosted OOD loss: 0.0546
2025-09-05 05:53:23,245 - INFO - Boosted OOD loss: 0.0444
2025-09-05 05:53:23,809 - INFO - Boosted OOD loss: 0.0670
2025-09-05 05:53:26,526 - INFO - Boosted OOD loss: 0.0573
2025-09-05 05:53:27,086 - INFO - Boosted OOD loss: 0.0291
2025-09-05 05:53:29,808 - INFO - Boosted OOD loss: 0.0376
2025-09-05 05:53:31,452 - INFO - Boosted OOD loss: 0.0115
2025-09-05 05:53:33,098 - INFO - Boosted OOD loss: 0.0543
2025-09-05 05:53:35,816 - INFO - Boosted OOD loss: 0.0856
2025-09-05 05:53:36,913 - INFO - Boosted OOD loss: 0.0404
2025-09-05 05:53:41,783 - WARNING - No anomaly pixels (254) found in batch
2025-09-05 05:53:46,111 - INFO - Boosted OOD loss: 0.0601
2025-09-05 05:53:47,214 - INFO - Boosted OOD loss: 0.0364
2025-09-05 05:53:49,396 - INFO - Boosted OOD loss: 0.0408
2025-09-05 05:53:49,956 - INFO - Boosted OOD loss: 0.0782
2025-09-05 05:54:00,218 - INFO - Boosted OOD loss: 0.0514
2025-09-05 05:54:01,858 - INFO - Boosted OOD loss: 0.0109
2025-09-05 05:54:02,420 - INFO - Boosted OOD loss: 0.0619
2025-09-05 05:54:16,463 - INFO - Boosted OOD loss: 0.0728
2025-09-05 05:54:21,341 - INFO - Boosted OOD loss: 0.0486
2025-09-05 05:54:24,055 - INFO - Boosted OOD loss: 0.0522
2025-09-05 05:54:29,468 - INFO - Boosted OOD loss: 0.0491
2025-09-05 05:54:35,964 - INFO - Boosted OOD loss: 0.0523
2025-09-05 05:54:35,965 - INFO - Step 32900 Loss Debug:
2025-09-05 05:54:35,965 - INFO -  CE: 1.6893
2025-09-05 05:54:35,965 - INFO -  OOD: 0.0523
2025-09-05 05:54:35,965 - INFO -  β: 32.00
2025-09-05 05:54:35,965 - INFO -  ID: 5966, OOD(254): 57
2025-09-05 05:54:37,060 - INFO - Boosted OOD loss: 0.0462
2025-09-05 05:54:37,619 - INFO - Boosted OOD loss: 0.0384
2025-09-05 05:54:38,719 - INFO - Boosted OOD loss: 0.0531
2025-09-05 05:54:41,440 - INFO - Boosted OOD loss: 0.0527
2025-09-05 05:54:46,306 - INFO - Boosted OOD loss: 0.0534
2025-09-05 05:54:49,021 - INFO - Boosted OOD loss: 0.0427
2025-09-05 05:54:52,815 - INFO - Boosted OOD loss: 0.0409
2025-09-05 05:54:54,448 - INFO - Boosted OOD loss: 0.0532
2025-09-05 05:55:02,015 - INFO - Boosted OOD loss: 0.0448
2025-09-05 05:55:05,809 - INFO - Boosted OOD loss: 0.0453
2025-09-05 05:55:06,904 - INFO - Boosted OOD loss: 0.0651
2025-09-05 05:55:09,619 - INFO - Boosted OOD loss: 0.0365
2025-09-05 05:55:11,258 - INFO - Boosted OOD loss: 0.0565
2025-09-05 05:55:11,819 - INFO - Boosted OOD loss: 0.0571
2025-09-05 05:55:16,153 - INFO - Boosted OOD loss: 0.0432
2025-09-05 05:55:20,485 - INFO - Boosted OOD loss: 0.0497
2025-09-05 05:55:21,042 - INFO - Boosted OOD loss: 0.0515
2025-09-05 05:55:22,143 - INFO - Boosted OOD loss: 0.0433
2025-09-05 05:55:23,244 - INFO - Boosted OOD loss: 0.0356
2025-09-05 05:55:24,342 - INFO - Boosted OOD loss: 0.0378
2025-09-05 05:55:25,445 - INFO - Boosted OOD loss: 0.0451
2025-09-05 05:55:26,006 - INFO - Boosted OOD loss: 0.0362
2025-09-05 05:55:28,719 - INFO - Boosted OOD loss: 0.0690
2025-09-05 05:55:29,819 - INFO - Boosted OOD loss: 0.0429
2025-09-05 05:55:30,370 - WARNING - No anomaly pixels (254) found in batch
2025-09-05 05:55:30,916 - INFO - Boosted OOD loss: 0.0378
2025-09-05 05:55:33,091 - INFO - Boosted OOD loss: 0.0550
2025-09-05 05:55:34,728 - INFO - Boosted OOD loss: 0.0534
2025-09-05 05:55:40,671 - INFO - Boosted OOD loss: 0.0780
2025-09-05 05:55:43,386 - INFO - Boosted OOD loss: 0.0445
2025-09-05 05:55:43,949 - INFO - Boosted OOD loss: 0.0337
2025-09-05 05:55:46,128 - INFO - Boosted OOD loss: 0.0295
2025-09-05 05:55:47,770 - INFO - Boosted OOD loss: 0.0546
2025-09-05 05:55:48,873 - INFO - Boosted OOD loss: 0.0598
2025-09-05 05:55:50,508 - INFO - Boosted OOD loss: 0.0336
2025-09-05 05:55:53,226 - INFO - Boosted OOD loss: 0.0702
2025-09-05 05:55:53,788 - INFO - Boosted OOD loss: 0.0385
2025-09-05 05:55:57,043 - INFO - Boosted OOD loss: 0.0562
2025-09-05 05:55:59,221 - INFO - Boosted OOD loss: 0.0485
2025-09-05 05:56:00,319 - INFO - Boosted OOD loss: 0.0376
2025-09-05 05:56:00,880 - INFO - Boosted OOD loss: 0.0208
2025-09-05 05:56:03,059 - INFO - Boosted OOD loss: 0.0692
2025-09-05 05:56:07,930 - INFO - Boosted OOD loss: 0.0645
2025-09-05 05:56:11,184 - INFO - Boosted OOD loss: 0.0444
2025-09-05 05:56:13,900 - INFO - Boosted OOD loss: 0.0584
2025-09-05 05:56:14,462 - INFO - Boosted OOD loss: 0.0577
2025-09-05 05:56:20,954 - INFO - Boosted OOD loss: 0.0454
2025-09-05 05:56:23,133 - INFO - Boosted OOD loss: 0.0704
2025-09-05 05:56:23,693 - INFO - Boosted OOD loss: 0.0534
2025-09-05 05:56:24,785 - WARNING - No anomaly pixels (254) found in batch
2025-09-05 05:56:26,946 - INFO - Boosted OOD loss: 0.0445
2025-09-05 05:56:29,661 - INFO - Boosted OOD loss: 0.0543
2025-09-05 05:56:34,539 - INFO - Boosted OOD loss: 0.0405
2025-09-05 05:56:36,713 - INFO - Boosted OOD loss: 0.0316
2025-09-05 05:56:38,886 - INFO - Boosted OOD loss: 0.0678
2025-09-05 05:56:39,985 - INFO - Boosted OOD loss: 0.0356
2025-09-05 05:56:49,179 - INFO - Boosted OOD loss: 0.0559
2025-09-05 05:56:50,281 - INFO - Boosted OOD loss: 0.0478
2025-09-05 05:56:51,380 - INFO - Boosted OOD loss: 0.0435
2025-09-05 05:56:51,942 - INFO - Boosted OOD loss: 0.0181
2025-09-05 05:56:51,943 - INFO - Step 33150 Loss Debug:
2025-09-05 05:56:51,943 - INFO -  CE: 1.3654
2025-09-05 05:56:51,943 - INFO -  OOD: 0.0181
2025-09-05 05:56:51,943 - INFO -  β: 32.00
2025-09-05 05:56:51,943 - INFO -  ID: 6726, OOD(254): 499
2025-09-05 05:56:53,044 - INFO - Boosted OOD loss: 0.0313
2025-09-05 05:56:53,605 - INFO - Boosted OOD loss: 0.0427
2025-09-05 05:56:54,170 - INFO - Boosted OOD loss: 0.0271
2025-09-05 05:57:01,741 - INFO - Boosted OOD loss: 0.0207
2025-09-05 05:57:03,380 - INFO - Boosted OOD loss: 0.0419
2025-09-05 05:57:03,942 - INFO - Boosted OOD loss: 0.0327
2025-09-05 05:57:10,434 - INFO - Boosted OOD loss: 0.0538
2025-09-05 05:57:14,236 - INFO - Boosted OOD loss: 0.0258
2025-09-05 05:57:18,034 - INFO - Boosted OOD loss: 0.0604
2025-09-05 05:57:18,593 - INFO - Boosted OOD loss: 0.0319
2025-09-05 05:57:19,147 - WARNING - No anomaly pixels (254) found in batch
2025-09-05 05:57:23,477 - INFO - Boosted OOD loss: 0.0397
2025-09-05 05:57:25,125 - INFO - Boosted OOD loss: 0.0530
2025-09-05 05:57:33,778 - INFO - Boosted OOD loss: 0.0353
2025-09-05 05:57:34,341 - INFO - Boosted OOD loss: 0.0310
2025-09-05 05:57:39,218 - INFO - Boosted OOD loss: 0.1007
2025-09-05 05:57:49,500 - INFO - Boosted OOD loss: 0.0469
2025-09-05 05:57:50,603 - INFO - Boosted OOD loss: 0.0442
2025-09-05 05:57:51,159 - INFO - Boosted OOD loss: 0.0443
2025-09-05 05:57:52,261 - INFO - Boosted OOD loss: 0.0554
2025-09-05 05:57:53,900 - INFO - Boosted OOD loss: 0.0433
2025-09-05 05:57:54,465 - INFO - Boosted OOD loss: 0.0284
2025-09-05 05:57:55,029 - INFO - Boosted OOD loss: 0.0760
2025-09-05 05:57:56,129 - INFO - Boosted OOD loss: 0.0439
2025-09-05 05:58:02,630 - INFO - Boosted OOD loss: 0.0813
2025-09-05 05:58:03,192 - INFO - Boosted OOD loss: 0.0547
2025-09-05 05:58:06,445 - INFO - Boosted OOD loss: 0.0738
2025-09-05 05:58:08,624 - INFO - Boosted OOD loss: 0.0519
2025-09-05 05:58:10,800 - INFO - Boosted OOD loss: 0.0661
2025-09-05 05:58:13,515 - INFO - Boosted OOD loss: 0.0368
2025-09-05 05:58:13,515 - INFO - Step 33300 Loss Debug:
2025-09-05 05:58:13,515 - INFO -  CE: 1.8048
2025-09-05 05:58:13,516 - INFO -  OOD: 0.0368
2025-09-05 05:58:13,516 - INFO -  β: 32.00
2025-09-05 05:58:13,516 - INFO -  ID: 3817, OOD(254): 399
2025-09-05 05:58:36,711 - INFO - Boosted OOD loss: 0.0461
2025-09-05 05:58:37,268 - INFO - Boosted OOD loss: 0.0438
2025-09-05 05:58:40,531 - INFO - Boosted OOD loss: 0.0279
2025-09-05 05:58:40,531 - INFO - Step 33350 Loss Debug:
2025-09-05 05:58:40,531 - INFO -  CE: 1.8418
2025-09-05 05:58:40,531 - INFO -  OOD: 0.0279
2025-09-05 05:58:40,531 - INFO -  β: 32.00
2025-09-05 05:58:40,531 - INFO -  ID: 6700, OOD(254): 1034
2025-09-05 05:58:44,327 - INFO - Boosted OOD loss: 0.0636
2025-09-05 05:58:51,362 - INFO - Boosted OOD loss: 0.0502
2025-09-05 05:58:54,079 - INFO - Boosted OOD loss: 0.0129
2025-09-05 05:58:55,176 - INFO - Boosted OOD loss: 0.0536
2025-09-05 05:58:56,275 - INFO - Boosted OOD loss: 0.0410
2025-09-05 05:58:59,537 - INFO - Boosted OOD loss: 0.0410
2025-09-05 05:59:00,643 - INFO - Boosted OOD loss: 0.0307
2025-09-05 05:59:01,745 - INFO - Boosted OOD loss: 0.0546
2025-09-05 05:59:06,622 - INFO - Boosted OOD loss: 0.0413
2025-09-05 05:59:07,186 - INFO - Boosted OOD loss: 0.0388
2025-09-05 05:59:07,742 - INFO - Boosted OOD loss: 0.0398
2025-09-05 05:59:07,742 - INFO - Step 33400 Loss Debug:
2025-09-05 05:59:07,742 - INFO -  CE: 1.9557
2025-09-05 05:59:07,742 - INFO -  OOD: 0.0398
2025-09-05 05:59:07,743 - INFO -  β: 32.00
2025-09-05 05:59:07,743 - INFO -  ID: 5193, OOD(254): 57
2025-09-05 05:59:08,300 - INFO - Boosted OOD loss: 0.0372
2025-09-05 05:59:10,477 - INFO - Boosted OOD loss: 0.0234
2025-09-05 05:59:11,040 - INFO - Boosted OOD loss: 0.0378
2025-09-05 05:59:13,758 - INFO - Boosted OOD loss: 0.0292
2025-09-05 05:59:14,319 - INFO - Boosted OOD loss: 0.0600
2025-09-05 05:59:14,879 - INFO - Boosted OOD loss: 0.0444
2025-09-05 05:59:17,055 - INFO - Boosted OOD loss: 0.0715
2025-09-05 05:59:22,464 - INFO - Boosted OOD loss: 0.0641
2025-09-05 05:59:24,642 - INFO - Boosted OOD loss: 0.0647
2025-09-05 05:59:27,900 - INFO - Boosted OOD loss: 0.0456
2025-09-05 05:59:28,998 - INFO - Boosted OOD loss: 0.0377
2025-09-05 05:59:31,171 - INFO - Boosted OOD loss: 0.0536
2025-09-05 05:59:34,430 - INFO - Boosted OOD loss: 0.0541
2025-09-05 05:59:35,530 - INFO - Boosted OOD loss: 0.0459
2025-09-05 05:59:36,087 - INFO - Boosted OOD loss: 0.0443
2025-09-05 05:59:38,264 - INFO - Boosted OOD loss: 0.0457
2025-09-05 05:59:38,825 - INFO - Boosted OOD loss: 0.0962
2025-09-05 05:59:44,243 - INFO - Boosted OOD loss: 0.0529
2025-09-05 05:59:49,125 - INFO - Boosted OOD loss: 0.0946
2025-09-05 05:59:51,844 - INFO - Boosted OOD loss: 0.0607
2025-09-05 05:59:56,187 - INFO - Boosted OOD loss: 0.0646
2025-09-05 05:59:57,829 - INFO - Boosted OOD loss: 0.0366
2025-09-05 05:59:58,389 - INFO - Boosted OOD loss: 0.0727
2025-09-05 06:00:00,571 - INFO - Boosted OOD loss: 0.0491
2025-09-05 06:00:01,130 - INFO - Boosted OOD loss: 0.0514
2025-09-05 06:00:02,223 - WARNING - No anomaly pixels (254) found in batch
2025-09-05 06:00:06,008 - INFO - Boosted OOD loss: 0.0506
2025-09-05 06:00:07,647 - INFO - Boosted OOD loss: 0.0647
2025-09-05 06:00:08,747 - INFO - Boosted OOD loss: 0.0439
2025-09-05 06:00:10,931 - INFO - Boosted OOD loss: 0.0243
2025-09-05 06:00:14,730 - INFO - Boosted OOD loss: 0.0490
2025-09-05 06:00:15,293 - INFO - Boosted OOD loss: 0.0459
2025-09-05 06:00:15,859 - INFO - Boosted OOD loss: 0.0662
2025-09-05 06:00:20,201 - INFO - Boosted OOD loss: 0.0429
2025-09-05 06:00:21,301 - INFO - Boosted OOD loss: 0.0701
2025-09-05 06:00:27,256 - INFO - Boosted OOD loss: 0.0445
2025-09-05 06:00:27,820 - INFO - Boosted OOD loss: 0.0319
2025-09-05 06:00:28,924 - INFO - Boosted OOD loss: 0.0438
2025-09-05 06:00:31,642 - INFO - Boosted OOD loss: 0.0699
2025-09-05 06:00:34,364 - INFO - Boosted OOD loss: 0.0644
2025-09-05 06:00:36,543 - INFO - Boosted OOD loss: 0.0269
2025-09-05 06:00:43,582 - INFO - Boosted OOD loss: 0.0534
2025-09-05 06:00:46,296 - INFO - Boosted OOD loss: 0.0409
2025-09-05 06:00:49,014 - INFO - Boosted OOD loss: 0.0664
2025-09-05 06:00:51,187 - INFO - Boosted OOD loss: 0.0384
2025-09-05 06:00:56,061 - INFO - Boosted OOD loss: 0.0728
2025-09-05 06:00:56,618 - INFO - Boosted OOD loss: 0.0561
2025-09-05 06:00:56,618 - INFO - Step 33600 Loss Debug:
2025-09-05 06:00:56,618 - INFO -  CE: 1.6614
2025-09-05 06:00:56,619 - INFO -  OOD: 0.0561
2025-09-05 06:00:56,619 - INFO -  β: 32.00
2025-09-05 06:00:56,619 - INFO -  ID: 7252, OOD(254): 31
2025-09-05 06:00:57,178 - INFO - Boosted OOD loss: 0.0573
2025-09-05 06:01:00,440 - INFO - Boosted OOD loss: 0.0243
2025-09-05 06:01:01,541 - INFO - Boosted OOD loss: 0.0611
2025-09-05 06:01:08,033 - INFO - Boosted OOD loss: 0.0530
2025-09-05 06:01:09,130 - INFO - Boosted OOD loss: 0.0383
2025-09-05 06:01:16,160 - INFO - Boosted OOD loss: 0.0537
2025-09-05 06:01:16,724 - INFO - Boosted OOD loss: 0.0461
2025-09-05 06:01:18,904 - INFO - Boosted OOD loss: 0.0481
2025-09-05 06:01:19,464 - INFO - Boosted OOD loss: 0.0351
2025-09-05 06:01:20,564 - INFO - Boosted OOD loss: 0.0571
2025-09-05 06:01:22,207 - INFO - Boosted OOD loss: 0.0200
2025-09-05 06:01:22,770 - INFO - Boosted OOD loss: 0.0586
2025-09-05 06:01:25,493 - INFO - Boosted OOD loss: 0.0573
2025-09-05 06:01:31,458 - INFO - Boosted OOD loss: 0.0333
2025-09-05 06:01:34,713 - INFO - Boosted OOD loss: 0.0396
2025-09-05 06:01:35,816 - INFO - Boosted OOD loss: 0.0437
2025-09-05 06:01:36,376 - INFO - Boosted OOD loss: 0.0510
2025-09-05 06:01:36,933 - INFO - Boosted OOD loss: 0.0654
2025-09-05 06:01:38,572 - INFO - Boosted OOD loss: 0.0556
2025-09-05 06:01:48,309 - INFO - Boosted OOD loss: 0.0676
2025-09-05 06:01:49,948 - INFO - Boosted OOD loss: 0.0551
2025-09-05 06:01:50,513 - INFO - Boosted OOD loss: 0.0506
2025-09-05 06:01:51,082 - INFO - Boosted OOD loss: 0.0324
2025-09-05 06:01:51,083 - INFO - Step 33700 Loss Debug:
2025-09-05 06:01:51,083 - INFO -  CE: 1.4268
2025-09-05 06:01:51,083 - INFO -  OOD: 0.0324
2025-09-05 06:01:51,083 - INFO -  β: 32.00
2025-09-05 06:01:51,083 - INFO -  ID: 6841, OOD(254): 1187
2025-09-05 06:01:51,649 - INFO - Boosted OOD loss: 0.0919
2025-09-05 06:01:55,457 - INFO - Boosted OOD loss: 0.0387
2025-09-05 06:01:58,178 - INFO - Boosted OOD loss: 0.0567
2025-09-05 06:01:59,278 - INFO - Boosted OOD loss: 0.0614
2025-09-05 06:02:02,539 - INFO - Boosted OOD loss: 0.0320
2025-09-05 06:02:12,276 - INFO - Boosted OOD loss: 0.0703
2025-09-05 06:02:14,998 - INFO - Boosted OOD loss: 0.0415
2025-09-05 06:02:16,097 - INFO - Boosted OOD loss: 0.0526
2025-09-05 06:02:18,814 - INFO - Boosted OOD loss: 0.0629
2025-09-05 06:02:20,993 - INFO - Boosted OOD loss: 0.0496
2025-09-05 06:02:21,555 - INFO - Boosted OOD loss: 0.0405
2025-09-05 06:02:22,654 - INFO - Boosted OOD loss: 0.0455
2025-09-05 06:02:26,445 - INFO - Boosted OOD loss: 0.0506
2025-09-05 06:02:28,618 - INFO - Boosted OOD loss: 0.0611
2025-09-05 06:02:34,027 - INFO - Boosted OOD loss: 0.0773
2025-09-05 06:02:42,673 - INFO - Boosted OOD loss: 0.0615
2025-09-05 06:02:45,382 - WARNING - No anomaly pixels (254) found in batch
2025-09-05 06:02:45,934 - INFO - Boosted OOD loss: 0.0183
2025-09-05 06:02:47,036 - INFO - Boosted OOD loss: 0.0400
2025-09-05 06:02:48,675 - INFO - Boosted OOD loss: 0.0324
2025-09-05 06:02:50,313 - INFO - Boosted OOD loss: 0.0525
2025-09-05 06:02:58,419 - INFO - Boosted OOD loss: 0.0557
2025-09-05 06:03:01,672 - INFO - Boosted OOD loss: 0.0106
2025-09-05 06:03:02,236 - INFO - Boosted OOD loss: 0.0172
2025-09-05 06:03:03,338 - INFO - Boosted OOD loss: 0.0353
2025-09-05 06:03:03,897 - INFO - Boosted OOD loss: 0.0541
2025-09-05 06:03:04,457 - INFO - Boosted OOD loss: 0.0359
2025-09-05 06:03:05,555 - INFO - Boosted OOD loss: 0.0393
2025-09-05 06:03:08,268 - INFO - Boosted OOD loss: 0.0588
2025-09-05 06:03:12,063 - INFO - Boosted OOD loss: 0.0393
2025-09-05 06:03:14,237 - INFO - Boosted OOD loss: 0.0525
2025-09-05 06:03:16,498 - INFO - Updated beta to 12.99 (exp decay)
2025-09-05 06:03:37,562 - WARNING - Negative mean energy—verify E_b formula/signs
2025-09-05 06:03:37,563 - INFO - Weights updated successfully
2025-09-05 06:03:37,563 - INFO - Advanced epoch 19 - Updated beta: 12.99
2025-09-05 06:03:37,563 - INFO - Epoch 19 - Avg CE: 1.8200, Avg OOD: 0.0093, β: 32
2025-09-05 06:03:37,674 - INFO - 
Starting Epoch 20/100
2025-09-05 06:03:37,675 - INFO - ============================================================
2025-09-05 06:03:37,676 - INFO - 
Updating Hopfield boosting weights at epoch 20...
2025-09-05 06:03:48,284 - WARNING - Negative mean energy—verify E_b formula/signs
2025-09-05 06:03:48,285 - INFO - Weights updated successfully
2025-09-05 06:03:48,285 - INFO - Weight Update Debug at Epoch 20: No high-weight OOD pixels found
2025-09-05 06:03:52,607 - INFO - Boosted OOD loss: 0.0248
2025-09-05 06:03:54,244 - INFO - Boosted OOD loss: 0.0416
2025-09-05 06:03:58,564 - INFO - Boosted OOD loss: 0.0536
2025-09-05 06:04:00,741 - INFO - Boosted OOD loss: 0.0271
2025-09-05 06:04:01,844 - INFO - Boosted OOD loss: 0.0414
2025-09-05 06:04:02,949 - INFO - Boosted OOD loss: 0.0562
2025-09-05 06:04:06,751 - INFO - Boosted OOD loss: 0.0465
2025-09-05 06:04:07,848 - INFO - Boosted OOD loss: 0.0336
2025-09-05 06:04:08,411 - INFO - Boosted OOD loss: 0.0402
2025-09-05 06:04:10,050 - INFO - Boosted OOD loss: 0.0383
2025-09-05 06:04:12,223 - WARNING - No anomaly pixels (254) found in batch
2025-09-05 06:04:14,401 - INFO - Boosted OOD loss: 0.0337
2025-09-05 06:04:31,230 - INFO - Boosted OOD loss: 0.0248
2025-09-05 06:04:33,419 - INFO - Boosted OOD loss: 0.0592
2025-09-05 06:04:35,612 - INFO - Boosted OOD loss: 0.0295
2025-09-05 06:04:37,261 - INFO - Boosted OOD loss: 0.0216
2025-09-05 06:04:39,990 - INFO - Boosted OOD loss: 0.0399
2025-09-05 06:04:41,644 - INFO - Boosted OOD loss: 0.0104
2025-09-05 06:04:42,757 - INFO - Boosted OOD loss: 0.0360
2025-09-05 06:04:45,484 - INFO - Boosted OOD loss: 0.0506
2025-09-05 06:04:55,241 - INFO - Boosted OOD loss: 0.0229
2025-09-05 06:04:55,803 - INFO - Boosted OOD loss: 0.0327
2025-09-05 06:05:02,863 - INFO - Boosted OOD loss: 0.0772
2025-09-05 06:05:03,970 - INFO - Boosted OOD loss: 0.0741
2025-09-05 06:05:05,067 - INFO - Boosted OOD loss: 0.0759
2025-09-05 06:05:05,627 - INFO - Boosted OOD loss: 0.0268
2025-09-05 06:05:06,722 - WARNING - No anomaly pixels (254) found in batch
2025-09-05 06:05:10,515 - INFO - Boosted OOD loss: 0.0390
2025-09-05 06:05:17,021 - INFO - Boosted OOD loss: 0.0648
2025-09-05 06:05:19,201 - INFO - Boosted OOD loss: 0.0388
2025-09-05 06:05:20,307 - INFO - Boosted OOD loss: 0.0299
2025-09-05 06:05:21,951 - INFO - Boosted OOD loss: 0.0513
2025-09-05 06:05:22,513 - INFO - Boosted OOD loss: 0.0645
2025-09-05 06:05:24,691 - INFO - Boosted OOD loss: 0.0396
2025-09-05 06:05:38,205 - INFO - Boosted OOD loss: 0.0425
2025-09-05 06:05:39,306 - INFO - Boosted OOD loss: 0.0634
2025-09-05 06:05:41,485 - INFO - Boosted OOD loss: 0.0417
2025-09-05 06:05:43,671 - INFO - Boosted OOD loss: 0.0424
2025-09-05 06:05:51,787 - INFO - Boosted OOD loss: 0.0567
2025-09-05 06:05:55,047 - INFO - Boosted OOD loss: 0.0323
2025-09-05 06:05:55,610 - INFO - Boosted OOD loss: 0.0330
2025-09-05 06:05:58,872 - INFO - Boosted OOD loss: 0.0493
2025-09-05 06:06:01,043 - WARNING - No anomaly pixels (254) found in batch
2025-09-05 06:06:08,596 - INFO - Boosted OOD loss: 0.0547
2025-09-05 06:06:10,238 - INFO - Boosted OOD loss: -0.0040
2025-09-05 06:06:11,342 - INFO - Boosted OOD loss: 0.0273
2025-09-05 06:06:15,143 - INFO - Boosted OOD loss: 0.0776
2025-09-05 06:06:15,700 - INFO - Boosted OOD loss: 0.0517
2025-09-05 06:06:16,261 - INFO - Boosted OOD loss: 0.0345
2025-09-05 06:06:18,979 - INFO - Boosted OOD loss: 0.0408
2025-09-05 06:06:23,315 - INFO - Boosted OOD loss: 0.0361
2025-09-05 06:06:28,190 - INFO - Boosted OOD loss: 0.0451
2025-09-05 06:06:28,190 - INFO - Step 34150 Loss Debug:
2025-09-05 06:06:28,190 - INFO -  CE: 1.8106
2025-09-05 06:06:28,190 - INFO -  OOD: 0.0451
2025-09-05 06:06:28,190 - INFO -  β: 32.00
2025-09-05 06:06:28,190 - INFO -  ID: 4839, OOD(254): 323
2025-09-05 06:06:34,680 - INFO - Boosted OOD loss: 0.0416
2025-09-05 06:06:36,321 - INFO - Boosted OOD loss: 0.0430
2025-09-05 06:06:40,122 - INFO - Boosted OOD loss: 0.0244
2025-09-05 06:06:42,304 - INFO - Boosted OOD loss: 0.0528
2025-09-05 06:06:44,480 - INFO - Boosted OOD loss: 0.0263
2025-09-05 06:06:55,284 - WARNING - No anomaly pixels (254) found in batch
2025-09-05 06:06:57,448 - INFO - Boosted OOD loss: 0.0444
2025-09-05 06:07:02,320 - INFO - Boosted OOD loss: 0.0341
2025-09-05 06:07:05,576 - INFO - Boosted OOD loss: 0.0462
2025-09-05 06:07:09,916 - INFO - Boosted OOD loss: 0.0483
2025-09-05 06:07:10,478 - INFO - Boosted OOD loss: 0.0284
2025-09-05 06:07:12,662 - INFO - Boosted OOD loss: 0.0180
2025-09-05 06:07:13,223 - INFO - Boosted OOD loss: 0.0456
2025-09-05 06:07:13,784 - INFO - Boosted OOD loss: 0.0502
2025-09-05 06:07:15,966 - INFO - Boosted OOD loss: 0.0238
2025-09-05 06:07:24,072 - INFO - Boosted OOD loss: 0.0297
2025-09-05 06:07:26,791 - INFO - Boosted OOD loss: 0.0718
2025-09-05 06:07:32,206 - INFO - Boosted OOD loss: 0.0507
2025-09-05 06:07:32,774 - INFO - Boosted OOD loss: 0.0262
2025-09-05 06:07:33,878 - INFO - Boosted OOD loss: 0.0580
2025-09-05 06:07:41,446 - INFO - Boosted OOD loss: 0.0601
2025-09-05 06:07:46,866 - INFO - Boosted OOD loss: 0.0524
2025-09-05 06:07:49,583 - WARNING - No anomaly pixels (254) found in batch
2025-09-05 06:07:51,209 - INFO - Boosted OOD loss: 0.0461
2025-09-05 06:07:55,550 - INFO - Boosted OOD loss: 0.0403
2025-09-05 06:08:06,358 - INFO - Boosted OOD loss: 0.0451
2025-09-05 06:08:11,233 - INFO - Boosted OOD loss: 0.0253
2025-09-05 06:08:11,793 - INFO - Boosted OOD loss: 0.0474
2025-09-05 06:08:16,132 - INFO - Boosted OOD loss: 0.0373
2025-09-05 06:08:17,775 - INFO - Boosted OOD loss: 0.0535
2025-09-05 06:08:23,202 - INFO - Boosted OOD loss: 0.0284
2025-09-05 06:08:23,766 - INFO - Boosted OOD loss: -0.0063
2025-09-05 06:08:26,485 - INFO - Boosted OOD loss: 0.0331
2025-09-05 06:08:27,046 - INFO - Boosted OOD loss: 0.0302
2025-09-05 06:08:28,144 - INFO - Boosted OOD loss: 0.0528
2025-09-05 06:08:29,245 - INFO - Boosted OOD loss: 0.0251
2025-09-05 06:08:30,346 - INFO - Boosted OOD loss: 0.0503
2025-09-05 06:08:31,991 - INFO - Boosted OOD loss: 0.0070
2025-09-05 06:08:36,324 - INFO - Boosted OOD loss: 0.0457
2025-09-05 06:08:36,884 - INFO - Boosted OOD loss: 0.0506
2025-09-05 06:08:42,840 - INFO - Boosted OOD loss: 0.0475
2025-09-05 06:08:43,936 - WARNING - No anomaly pixels (254) found in batch
2025-09-05 06:08:44,484 - INFO - Boosted OOD loss: 0.0611
2025-09-05 06:08:52,052 - INFO - Boosted OOD loss: 0.0574
2025-09-05 06:08:54,773 - INFO - Boosted OOD loss: 0.0399
2025-09-05 06:09:00,196 - INFO - Boosted OOD loss: 0.0310
2025-09-05 06:09:00,759 - INFO - Boosted OOD loss: 0.0385
2025-09-05 06:09:02,398 - INFO - Boosted OOD loss: 0.0376
2025-09-05 06:09:03,498 - INFO - Boosted OOD loss: 0.0463
2025-09-05 06:09:04,598 - INFO - Boosted OOD loss: 0.0462
2025-09-05 06:09:05,696 - INFO - Boosted OOD loss: 0.0489
2025-09-05 06:09:13,828 - INFO - Boosted OOD loss: 0.0459
2025-09-05 06:09:14,929 - INFO - Boosted OOD loss: 0.0322
2025-09-05 06:09:18,194 - INFO - Boosted OOD loss: 0.0006
2025-09-05 06:09:21,995 - INFO - Boosted OOD loss: 0.0441
2025-09-05 06:09:23,637 - INFO - Boosted OOD loss: 0.0311
2025-09-05 06:09:25,815 - INFO - Boosted OOD loss: 0.0515
2025-09-05 06:09:26,374 - INFO - Boosted OOD loss: 0.0310
2025-09-05 06:09:30,707 - INFO - Boosted OOD loss: 0.0552
2025-09-05 06:09:31,807 - INFO - Boosted OOD loss: 0.0443
2025-09-05 06:09:32,904 - INFO - Boosted OOD loss: 0.0373
2025-09-05 06:09:34,004 - INFO - Boosted OOD loss: 0.0448
2025-09-05 06:09:36,721 - INFO - Boosted OOD loss: 0.0306
2025-09-05 06:09:37,823 - INFO - Boosted OOD loss: 0.0244
2025-09-05 06:09:38,377 - WARNING - No anomaly pixels (254) found in batch
2025-09-05 06:09:40,536 - INFO - Boosted OOD loss: 0.0603
2025-09-05 06:09:42,713 - INFO - Boosted OOD loss: 0.0241
2025-09-05 06:09:43,279 - INFO - Boosted OOD loss: 0.0378
2025-09-05 06:09:50,851 - INFO - Boosted OOD loss: 0.0417
2025-09-05 06:09:55,718 - INFO - Boosted OOD loss: 0.0329
2025-09-05 06:09:59,514 - INFO - Boosted OOD loss: 0.0302
2025-09-05 06:10:00,080 - INFO - Boosted OOD loss: 0.0431
2025-09-05 06:10:00,646 - INFO - Boosted OOD loss: 0.0335
2025-09-05 06:10:01,211 - INFO - Boosted OOD loss: 0.0497
2025-09-05 06:10:03,394 - INFO - Boosted OOD loss: 0.0617
2025-09-05 06:10:03,956 - INFO - Boosted OOD loss: 0.0443
2025-09-05 06:10:04,520 - INFO - Boosted OOD loss: 0.0232
2025-09-05 06:10:06,699 - INFO - Boosted OOD loss: 0.0405
2025-09-05 06:10:07,803 - INFO - Boosted OOD loss: 0.0335
2025-09-05 06:10:14,835 - INFO - Boosted OOD loss: 0.0879
2025-09-05 06:10:15,396 - INFO - Boosted OOD loss: 0.0293
2025-09-05 06:10:17,574 - INFO - Boosted OOD loss: 0.0457
2025-09-05 06:10:21,366 - INFO - Boosted OOD loss: 0.0222
2025-09-05 06:10:24,627 - INFO - Boosted OOD loss: 0.0801
2025-09-05 06:10:28,423 - INFO - Boosted OOD loss: 0.0487
2025-09-05 06:10:28,982 - INFO - Boosted OOD loss: 0.0412
2025-09-05 06:10:31,694 - INFO - Boosted OOD loss: 0.0466
2025-09-05 06:10:32,793 - INFO - Boosted OOD loss: 0.0459
2025-09-05 06:10:32,793 - INFO - Step 34600 Loss Debug:
2025-09-05 06:10:32,794 - INFO -  CE: 1.8273
2025-09-05 06:10:32,794 - INFO -  OOD: 0.0459
2025-09-05 06:10:32,794 - INFO -  β: 32.00
2025-09-05 06:10:32,794 - INFO -  ID: 6203, OOD(254): 2
2025-09-05 06:10:36,048 - INFO - Boosted OOD loss: 0.0597
2025-09-05 06:10:42,538 - INFO - Boosted OOD loss: 0.0326
2025-09-05 06:10:43,636 - INFO - Boosted OOD loss: 0.0680
2025-09-05 06:10:44,196 - INFO - Boosted OOD loss: 0.0394
2025-09-05 06:10:49,615 - INFO - Boosted OOD loss: 0.0524
2025-09-05 06:10:50,721 - INFO - Boosted OOD loss: 0.0610
2025-09-05 06:10:55,063 - INFO - Boosted OOD loss: 0.0296
2025-09-05 06:10:57,246 - INFO - Boosted OOD loss: 0.0461
2025-09-05 06:10:59,967 - INFO - Boosted OOD loss: 0.0956
2025-09-05 06:10:59,967 - INFO - Step 34650 Loss Debug:
2025-09-05 06:10:59,967 - INFO -  CE: 1.8986
2025-09-05 06:10:59,967 - INFO -  OOD: 0.0956
2025-09-05 06:10:59,967 - INFO -  β: 32.00
2025-09-05 06:10:59,967 - INFO -  ID: 5055, OOD(254): 2917
2025-09-05 06:11:01,610 - INFO - Boosted OOD loss: 0.0258
2025-09-05 06:11:02,711 - INFO - Boosted OOD loss: 0.0517
2025-09-05 06:11:17,286 - INFO - Boosted OOD loss: 0.0586
2025-09-05 06:11:20,543 - INFO - Boosted OOD loss: 0.0359
2025-09-05 06:11:21,643 - INFO - Boosted OOD loss: 0.0405
2025-09-05 06:11:23,824 - INFO - Boosted OOD loss: 0.0460
2025-09-05 06:11:27,075 - WARNING - No anomaly pixels (254) found in batch
2025-09-05 06:11:27,623 - INFO - Boosted OOD loss: 0.0348
2025-09-05 06:11:28,181 - INFO - Boosted OOD loss: 0.0387
2025-09-05 06:11:29,282 - INFO - Boosted OOD loss: 0.0478
2025-09-05 06:11:36,860 - INFO - Boosted OOD loss: 0.0390
2025-09-05 06:11:37,418 - INFO - Boosted OOD loss: 0.0403
2025-09-05 06:11:38,516 - INFO - Boosted OOD loss: 0.0316
2025-09-05 06:11:44,467 - INFO - Boosted OOD loss: 0.0453
2025-09-05 06:11:46,649 - INFO - Boosted OOD loss: 0.0348
2025-09-05 06:11:47,216 - INFO - Boosted OOD loss: 0.0240
2025-09-05 06:11:48,859 - INFO - Boosted OOD loss: 0.0430
2025-09-05 06:11:49,418 - INFO - Boosted OOD loss: 0.0791
2025-09-05 06:11:50,519 - INFO - Boosted OOD loss: 0.0369
2025-09-05 06:11:51,081 - INFO - Boosted OOD loss: 0.0451
2025-09-05 06:11:52,177 - INFO - Boosted OOD loss: 0.0414
2025-09-05 06:11:52,738 - INFO - Boosted OOD loss: 0.0525
2025-09-05 06:11:56,002 - INFO - Boosted OOD loss: 0.0123
2025-09-05 06:11:57,644 - INFO - Boosted OOD loss: 0.0195
2025-09-05 06:11:58,745 - INFO - Boosted OOD loss: 0.0355
2025-09-05 06:11:59,844 - INFO - Boosted OOD loss: 0.0294
2025-09-05 06:12:05,794 - INFO - Boosted OOD loss: 0.0352
2025-09-05 06:12:09,595 - INFO - Boosted OOD loss: 0.0372
2025-09-05 06:12:13,394 - INFO - Boosted OOD loss: 0.0437
2025-09-05 06:12:21,513 - INFO - Boosted OOD loss: 0.0522
2025-09-05 06:12:21,513 - INFO - Step 34800 Loss Debug:
2025-09-05 06:12:21,513 - INFO -  CE: 1.8035
2025-09-05 06:12:21,513 - INFO -  OOD: 0.0522
2025-09-05 06:12:21,514 - INFO -  β: 32.00
2025-09-05 06:12:21,514 - INFO -  ID: 5840, OOD(254): 73
2025-09-05 06:12:23,693 - INFO - Boosted OOD loss: 0.0172
2025-09-05 06:12:25,336 - INFO - Boosted OOD loss: 0.0337
2025-09-05 06:12:27,514 - INFO - Boosted OOD loss: 0.0662
2025-09-05 06:12:28,613 - INFO - Boosted OOD loss: 0.0430
2025-09-05 06:12:29,713 - INFO - Boosted OOD loss: 0.0311
2025-09-05 06:12:31,349 - INFO - Boosted OOD loss: 0.0358
2025-09-05 06:12:31,911 - INFO - Boosted OOD loss: 0.0242
2025-09-05 06:12:36,246 - INFO - Boosted OOD loss: 0.0586
2025-09-05 06:12:36,804 - INFO - Boosted OOD loss: 0.0579
2025-09-05 06:12:40,058 - INFO - Boosted OOD loss: 0.0464
2025-09-05 06:12:50,870 - INFO - Boosted OOD loss: 0.0417
2025-09-05 06:12:51,430 - INFO - Boosted OOD loss: 0.0507
2025-09-05 06:12:55,227 - INFO - Boosted OOD loss: 0.0524
2025-09-05 06:13:01,729 - INFO - Boosted OOD loss: 0.0392
2025-09-05 06:13:02,827 - INFO - Boosted OOD loss: 0.0440
2025-09-05 06:13:06,090 - INFO - Boosted OOD loss: 0.0375
2025-09-05 06:13:06,660 - INFO - Boosted OOD loss: 0.0341
2025-09-05 06:13:07,222 - INFO - Boosted OOD loss: 0.0471
2025-09-05 06:13:08,863 - INFO - Boosted OOD loss: 0.0383
2025-09-05 06:13:13,197 - INFO - Boosted OOD loss: 0.0180
2025-09-05 06:13:13,760 - INFO - Boosted OOD loss: 0.0191
2025-09-05 06:13:14,320 - INFO - Boosted OOD loss: 0.0311
2025-09-05 06:13:15,950 - WARNING - No anomaly pixels (254) found in batch
2025-09-05 06:13:16,498 - INFO - Boosted OOD loss: 0.0482
2025-09-05 06:13:19,218 - INFO - Boosted OOD loss: 0.0531
2025-09-05 06:13:20,318 - INFO - Boosted OOD loss: 0.0451
2025-09-05 06:13:20,879 - INFO - Boosted OOD loss: 0.0609
2025-09-05 06:13:23,059 - INFO - Boosted OOD loss: 0.0445
2025-09-05 06:13:32,248 - INFO - Boosted OOD loss: 0.0539
2025-09-05 06:13:34,424 - INFO - Boosted OOD loss: 0.0469
2025-09-05 06:13:37,137 - INFO - Boosted OOD loss: 0.0371
2025-09-05 06:13:37,698 - INFO - Boosted OOD loss: 0.0450
2025-09-05 06:13:42,567 - INFO - Boosted OOD loss: 0.0428
2025-09-05 06:13:45,287 - INFO - Boosted OOD loss: 0.0322
2025-09-05 06:13:46,923 - INFO - Boosted OOD loss: 0.0516
2025-09-05 06:13:50,181 - INFO - Boosted OOD loss: 0.0298
2025-09-05 06:13:58,822 - INFO - Boosted OOD loss: 0.0442
2025-09-05 06:13:59,920 - INFO - Boosted OOD loss: 0.0429
2025-09-05 06:14:00,482 - INFO - Boosted OOD loss: 0.0700
2025-09-05 06:14:02,128 - INFO - Boosted OOD loss: 0.0287
2025-09-05 06:14:02,693 - INFO - Boosted OOD loss: 0.0373
2025-09-05 06:14:03,250 - INFO - Boosted OOD loss: 0.0505
2025-09-05 06:14:04,348 - INFO - Boosted OOD loss: 0.0244
2025-09-05 06:14:06,524 - INFO - Boosted OOD loss: 0.0441
2025-09-05 06:14:07,621 - INFO - Boosted OOD loss: 0.0298
2025-09-05 06:14:08,182 - INFO - Boosted OOD loss: 0.0086
2025-09-05 06:14:10,352 - WARNING - No anomaly pixels (254) found in batch
2025-09-05 06:14:11,977 - INFO - Boosted OOD loss: 0.0083
2025-09-05 06:14:12,538 - INFO - Boosted OOD loss: 0.0313
2025-09-05 06:14:14,181 - INFO - Boosted OOD loss: 0.0370
2025-09-05 06:14:15,282 - INFO - Boosted OOD loss: 0.0483
2025-09-05 06:14:16,379 - INFO - Boosted OOD loss: 0.0428
2025-09-05 06:14:17,476 - INFO - Boosted OOD loss: 0.0360
2025-09-05 06:14:18,033 - INFO - Boosted OOD loss: 0.0455
2025-09-05 06:14:18,596 - INFO - Boosted OOD loss: 0.0245
2025-09-05 06:14:26,169 - INFO - Boosted OOD loss: 0.0479
2025-09-05 06:14:29,963 - INFO - Boosted OOD loss: 0.0552
2025-09-05 06:14:34,842 - INFO - Boosted OOD loss: 0.0126
2025-09-05 06:14:38,099 - INFO - Boosted OOD loss: 0.0569
2025-09-05 06:14:38,659 - INFO - Boosted OOD loss: 0.0286
2025-09-05 06:14:42,458 - INFO - Boosted OOD loss: 0.0389
2025-09-05 06:14:43,557 - INFO - Boosted OOD loss: 0.0539
2025-09-05 06:14:45,195 - INFO - Boosted OOD loss: 0.0255
2025-09-05 06:14:45,759 - INFO - Boosted OOD loss: 0.0459
2025-09-05 06:14:48,478 - INFO - Boosted OOD loss: 0.0391
2025-09-05 06:14:51,196 - INFO - Boosted OOD loss: 0.0500
2025-09-05 06:14:52,839 - INFO - Boosted OOD loss: 0.0440
2025-09-05 06:14:57,178 - INFO - Boosted OOD loss: 0.0645
2025-09-05 06:14:59,894 - INFO - Boosted OOD loss: 0.0429
2025-09-05 06:15:00,995 - INFO - Boosted OOD loss: 0.0362
2025-09-05 06:15:02,099 - INFO - Boosted OOD loss: 0.0390
2025-09-05 06:15:04,813 - WARNING - No anomaly pixels (254) found in batch
2025-09-05 06:15:12,914 - INFO - Boosted OOD loss: 0.0307
2025-09-05 06:15:15,636 - INFO - Boosted OOD loss: 0.0338
2025-09-05 06:15:16,199 - INFO - Boosted OOD loss: 0.0798
2025-09-05 06:15:20,534 - INFO - Boosted OOD loss: 0.0398
2025-09-05 06:15:21,637 - INFO - Boosted OOD loss: 0.0260
2025-09-05 06:15:22,197 - INFO - Boosted OOD loss: 0.0609
2025-09-05 06:15:22,758 - INFO - Boosted OOD loss: 0.0585
2025-09-05 06:15:27,625 - INFO - Boosted OOD loss: 0.0586
2025-09-05 06:15:30,344 - INFO - Boosted OOD loss: 0.0406
2025-09-05 06:15:34,675 - INFO - Boosted OOD loss: 0.0618
2025-09-05 06:15:36,311 - INFO - Boosted OOD loss: 0.0534
2025-09-05 06:15:41,182 - INFO - Boosted OOD loss: 0.0681
2025-09-05 06:15:43,897 - INFO - Boosted OOD loss: 0.0341
2025-09-05 06:15:46,072 - INFO - Boosted OOD loss: 0.0655
2025-09-05 06:15:50,936 - INFO - Boosted OOD loss: 0.0313
2025-09-05 06:15:54,201 - INFO - Boosted OOD loss: 0.0254
2025-09-05 06:15:56,918 - INFO - Boosted OOD loss: 0.0642
2025-09-05 06:15:58,019 - INFO - Boosted OOD loss: 0.0208
2025-09-05 06:15:59,113 - WARNING - No anomaly pixels (254) found in batch
2025-09-05 06:16:00,743 - INFO - Boosted OOD loss: 0.0282
2025-09-05 06:16:04,542 - INFO - Boosted OOD loss: 0.0480
2025-09-05 06:16:07,256 - INFO - Boosted OOD loss: 0.0384
2025-09-05 06:16:07,815 - INFO - Boosted OOD loss: 0.0457
2025-09-05 06:16:09,460 - INFO - Boosted OOD loss: 0.0292
2025-09-05 06:16:11,099 - INFO - Boosted OOD loss: 0.0447
2025-09-05 06:16:11,660 - INFO - Boosted OOD loss: 0.0089
2025-09-05 06:16:13,305 - INFO - Boosted OOD loss: 0.0143
2025-09-05 06:16:13,869 - INFO - Boosted OOD loss: 0.0725
2025-09-05 06:16:18,755 - INFO - Boosted OOD loss: 0.0568
2025-09-05 06:16:20,394 - INFO - Boosted OOD loss: 0.0678
2025-09-05 06:16:22,034 - INFO - Boosted OOD loss: 0.0369
2025-09-05 06:16:32,318 - INFO - Boosted OOD loss: 0.0189
2025-09-05 06:16:33,424 - INFO - Boosted OOD loss: 0.0333
2025-09-05 06:16:34,529 - INFO - Boosted OOD loss: 0.0623
2025-09-05 06:16:37,251 - INFO - Boosted OOD loss: 0.0427
2025-09-05 06:16:38,349 - INFO - Boosted OOD loss: 0.0590
2025-09-05 06:16:39,446 - INFO - Boosted OOD loss: 0.0460
2025-09-05 06:16:44,333 - INFO - Boosted OOD loss: 0.0314
2025-09-05 06:16:45,981 - INFO - Boosted OOD loss: 0.0144
2025-09-05 06:16:47,087 - INFO - Boosted OOD loss: 0.0527
2025-09-05 06:16:48,193 - INFO - Boosted OOD loss: 0.0352
2025-09-05 06:16:50,914 - INFO - Boosted OOD loss: 0.0391
2025-09-05 06:16:53,629 - INFO - Boosted OOD loss: 0.0427
2025-09-05 06:16:53,629 - INFO - Step 35300 Loss Debug:
2025-09-05 06:16:53,629 - INFO -  CE: 1.7355
2025-09-05 06:16:53,629 - INFO -  OOD: 0.0427
2025-09-05 06:16:53,630 - INFO -  β: 32.00
2025-09-05 06:16:53,630 - INFO -  ID: 6003, OOD(254): 128
2025-09-05 06:16:54,189 - INFO - Boosted OOD loss: 0.0558
2025-09-05 06:16:54,748 - INFO - Boosted OOD loss: 0.0540
2025-09-05 06:16:56,926 - INFO - Boosted OOD loss: 0.0566
2025-09-05 06:16:57,484 - INFO - Boosted OOD loss: 0.0400
2025-09-05 06:17:02,361 - INFO - Boosted OOD loss: 0.0294
2025-09-05 06:17:02,920 - INFO - Boosted OOD loss: 0.0383
2025-09-05 06:17:06,718 - INFO - Boosted OOD loss: 0.0336
2025-09-05 06:17:07,279 - INFO - Boosted OOD loss: 0.0402
2025-09-05 06:17:13,234 - INFO - Boosted OOD loss: 0.0387
2025-09-05 06:17:18,110 - INFO - Boosted OOD loss: 0.0342
2025-09-05 06:17:20,826 - INFO - Boosted OOD loss: 0.0541
2025-09-05 06:17:20,826 - INFO - Step 35350 Loss Debug:
2025-09-05 06:17:20,826 - INFO -  CE: 1.7159
2025-09-05 06:17:20,826 - INFO -  OOD: 0.0541
2025-09-05 06:17:20,826 - INFO -  β: 32.00
2025-09-05 06:17:20,826 - INFO -  ID: 7584, OOD(254): 376
2025-09-05 06:17:21,389 - INFO - Boosted OOD loss: 0.0361
2025-09-05 06:17:25,730 - INFO - Boosted OOD loss: 0.0309
2025-09-05 06:17:26,290 - INFO - Boosted OOD loss: 0.0452
2025-09-05 06:17:31,704 - INFO - Boosted OOD loss: 0.0630
2025-09-05 06:17:33,340 - INFO - Boosted OOD loss: 0.0580
2025-09-05 06:17:36,054 - INFO - Boosted OOD loss: 0.0647
2025-09-05 06:17:37,151 - INFO - Boosted OOD loss: 0.0347
2025-09-05 06:17:37,711 - INFO - Boosted OOD loss: 0.0378
2025-09-05 06:17:38,274 - INFO - Boosted OOD loss: 0.0735
2025-09-05 06:17:38,839 - INFO - Boosted OOD loss: 0.0423
2025-09-05 06:17:39,402 - INFO - Boosted OOD loss: 0.0470
2025-09-05 06:17:40,503 - INFO - Boosted OOD loss: 0.0672
2025-09-05 06:17:42,139 - INFO - Boosted OOD loss: 0.0521
2025-09-05 06:17:44,317 - INFO - Boosted OOD loss: 0.0381
2025-09-05 06:17:44,878 - INFO - Boosted OOD loss: 0.0292
2025-09-05 06:17:45,973 - INFO - Boosted OOD loss: 0.0608
2025-09-05 06:17:47,609 - INFO - Boosted OOD loss: 0.0543
2025-09-05 06:17:48,171 - INFO - Boosted OOD loss: 0.0497
2025-09-05 06:17:48,171 - INFO - Step 35400 Loss Debug:
2025-09-05 06:17:48,171 - INFO -  CE: 2.2674
2025-09-05 06:17:48,171 - INFO -  OOD: 0.0497
2025-09-05 06:17:48,171 - INFO -  β: 32.00
2025-09-05 06:17:48,171 - INFO -  ID: 7985, OOD(254): 76
2025-09-05 06:17:51,423 - INFO - Boosted OOD loss: 0.0202
2025-09-05 06:17:51,986 - INFO - Boosted OOD loss: 0.0579
2025-09-05 06:17:52,547 - INFO - Boosted OOD loss: 0.0380
2025-09-05 06:17:54,184 - INFO - Boosted OOD loss: 0.0884
2025-09-05 06:18:02,283 - INFO - Boosted OOD loss: 0.0289
2025-09-05 06:18:03,378 - INFO - Boosted OOD loss: 0.0375
2025-09-05 06:18:04,477 - INFO - Boosted OOD loss: 0.0372
2025-09-05 06:18:09,359 - INFO - Boosted OOD loss: 0.0293
2025-09-05 06:18:10,999 - INFO - Boosted OOD loss: 0.0495
2025-09-05 06:18:11,556 - INFO - Boosted OOD loss: 0.0686
2025-09-05 06:18:13,193 - INFO - Boosted OOD loss: 0.0391
2025-09-05 06:18:14,831 - INFO - Boosted OOD loss: 0.0370
2025-09-05 06:18:15,395 - INFO - Boosted OOD loss: 0.0606
2025-09-05 06:18:15,395 - INFO - Step 35450 Loss Debug:
2025-09-05 06:18:15,395 - INFO -  CE: 2.6691
2025-09-05 06:18:15,395 - INFO -  OOD: 0.0606
2025-09-05 06:18:15,395 - INFO -  β: 32.00
2025-09-05 06:18:15,395 - INFO -  ID: 6850, OOD(254): 223
2025-09-05 06:18:19,187 - INFO - Boosted OOD loss: 0.0474
2025-09-05 06:18:22,990 - INFO - Boosted OOD loss: 0.0038
2025-09-05 06:18:24,634 - INFO - Boosted OOD loss: 0.0392
2025-09-05 06:18:31,661 - INFO - Boosted OOD loss: 0.0252
2025-09-05 06:18:34,922 - INFO - Boosted OOD loss: 0.0771
2025-09-05 06:18:39,803 - INFO - Boosted OOD loss: 0.0459
2025-09-05 06:18:41,982 - INFO - Boosted OOD loss: 0.0427
2025-09-05 06:18:42,543 - INFO - Boosted OOD loss: 0.0391
2025-09-05 06:18:42,543 - INFO - Step 35500 Loss Debug:
2025-09-05 06:18:42,543 - INFO -  CE: 1.5192
2025-09-05 06:18:42,543 - INFO -  OOD: 0.0391
2025-09-05 06:18:42,543 - INFO -  β: 32.00
2025-09-05 06:18:42,543 - INFO -  ID: 6657, OOD(254): 151
2025-09-05 06:18:46,345 - INFO - Boosted OOD loss: 0.0425
2025-09-05 06:18:51,763 - INFO - Boosted OOD loss: 0.0268
2025-09-05 06:18:53,407 - INFO - Boosted OOD loss: 0.0339
2025-09-05 06:18:57,208 - INFO - Boosted OOD loss: 0.0428
2025-09-05 06:18:57,771 - INFO - Boosted OOD loss: 0.0342
2025-09-05 06:18:59,416 - INFO - Boosted OOD loss: 0.0721
2025-09-05 06:19:04,297 - INFO - Boosted OOD loss: 0.0345
2025-09-05 06:19:08,099 - INFO - Boosted OOD loss: 0.0281
2025-09-05 06:19:09,202 - INFO - Boosted OOD loss: 0.0417
2025-09-05 06:19:11,382 - INFO - Boosted OOD loss: 0.0316
2025-09-05 06:19:13,570 - INFO - Boosted OOD loss: 0.0352
2025-09-05 06:19:16,827 - INFO - Boosted OOD loss: 0.0392
2025-09-05 06:19:17,927 - INFO - Boosted OOD loss: 0.0520
2025-09-05 06:19:21,191 - INFO - Boosted OOD loss: 0.0457
2025-09-05 06:19:21,757 - INFO - Boosted OOD loss: 0.0106
2025-09-05 06:19:27,190 - INFO - Boosted OOD loss: 0.0128
2025-09-05 06:19:30,452 - INFO - Boosted OOD loss: 0.0490
2025-09-05 06:19:31,013 - INFO - Boosted OOD loss: 0.0593
2025-09-05 06:19:36,963 - WARNING - No anomaly pixels (254) found in batch
2025-09-05 06:19:38,051 - INFO - Boosted OOD loss: 0.0637
2025-09-05 06:19:42,930 - INFO - Boosted OOD loss: 0.0461
2025-09-05 06:19:46,193 - INFO - Boosted OOD loss: 0.0622
2025-09-05 06:19:52,703 - INFO - Boosted OOD loss: 0.0666
2025-09-05 06:19:54,341 - INFO - Boosted OOD loss: 0.0550
2025-09-05 06:19:58,216 - INFO - Updated beta to 12.84 (exp decay)
2025-09-05 06:20:19,297 - WARNING - Negative mean energy—verify E_b formula/signs
2025-09-05 06:20:19,298 - INFO - Weights updated successfully
2025-09-05 06:20:19,298 - INFO - Advanced epoch 20 - Updated beta: 12.84
2025-09-05 06:20:19,299 - INFO - Epoch 20 - Avg CE: 1.8258, Avg OOD: 0.0084, β: 32
2025-09-05 06:20:33,746 - INFO - Checkpoint saved for epoch 20 with β=32
2025-09-05 06:20:33,747 - INFO - 
Running evaluation with β=32...
2025-09-05 06:20:33,872 - INFO - 
Starting Epoch 21/100
2025-09-05 06:20:33,872 - INFO - ============================================================
2025-09-05 06:20:33,874 - INFO - 
Updating Hopfield boosting weights at epoch 21...
2025-09-05 06:20:44,420 - WARNING - Negative mean energy—verify E_b formula/signs
2025-09-05 06:20:44,420 - INFO - Weights updated successfully
2025-09-05 06:20:44,420 - INFO - Weight Update Debug at Epoch 21: No high-weight OOD pixels found
2025-09-05 06:20:49,027 - INFO - Boosted OOD loss: 0.0237
2025-09-05 06:20:51,698 - INFO - Boosted OOD loss: 0.0271
2025-09-05 06:20:55,424 - INFO - Boosted OOD loss: 0.0524
2025-09-05 06:21:05,030 - INFO - Boosted OOD loss: 0.0391
2025-09-05 06:21:08,800 - INFO - Boosted OOD loss: 0.0616
2025-09-05 06:21:12,572 - INFO - Boosted OOD loss: 0.0695
2025-09-05 06:21:13,130 - INFO - Boosted OOD loss: 0.0292
2025-09-05 06:21:13,687 - INFO - Boosted OOD loss: 0.0512
2025-09-05 06:21:15,856 - INFO - Boosted OOD loss: 0.0444
2025-09-05 06:21:16,413 - INFO - Boosted OOD loss: 0.0333
2025-09-05 06:21:16,969 - INFO - Boosted OOD loss: 0.0476
2025-09-05 06:21:17,519 - WARNING - No anomaly pixels (254) found in batch
2025-09-05 06:21:20,754 - INFO - Boosted OOD loss: 0.0485
2025-09-05 06:21:25,631 - INFO - Boosted OOD loss: 0.0308
2025-09-05 06:21:27,818 - INFO - Boosted OOD loss: 0.0347
2025-09-05 06:21:31,106 - INFO - Boosted OOD loss: -0.0042
2025-09-05 06:21:34,405 - INFO - Boosted OOD loss: 0.0621
2025-09-05 06:21:34,983 - INFO - Boosted OOD loss: 0.0221
2025-09-05 06:21:36,101 - INFO - Boosted OOD loss: 0.0411
2025-09-05 06:21:37,762 - INFO - Boosted OOD loss: 0.0541
2025-09-05 06:21:39,970 - INFO - Boosted OOD loss: 0.0322
2025-09-05 06:21:41,638 - INFO - Boosted OOD loss: 0.0617
2025-09-05 06:21:46,598 - INFO - Boosted OOD loss: 0.0644
2025-09-05 06:21:48,271 - INFO - Boosted OOD loss: 0.0516
2025-09-05 06:21:54,915 - INFO - Boosted OOD loss: 0.0345
2025-09-05 06:21:58,797 - INFO - Boosted OOD loss: 0.0407
2025-09-05 06:22:00,478 - INFO - Boosted OOD loss: 0.0688
2025-09-05 06:22:04,923 - INFO - Boosted OOD loss: 0.0320
2025-09-05 06:22:07,160 - INFO - Boosted OOD loss: 0.0230
2025-09-05 06:22:07,739 - INFO - Boosted OOD loss: 0.0298
2025-09-05 06:22:09,423 - INFO - Boosted OOD loss: 0.0311
2025-09-05 06:22:11,659 - INFO - Boosted OOD loss: 0.0398
2025-09-05 06:22:12,785 - INFO - Boosted OOD loss: 0.0234
2025-09-05 06:22:12,785 - INFO - Step 35800 Loss Debug:
2025-09-05 06:22:12,785 - INFO -  CE: 2.4613
2025-09-05 06:22:12,785 - INFO -  OOD: 0.0234
2025-09-05 06:22:12,786 - INFO -  β: 32.00
2025-09-05 06:22:12,786 - INFO -  ID: 7344, OOD(254): 8
2025-09-05 06:22:17,785 - INFO - Boosted OOD loss: 0.0457
2025-09-05 06:22:23,335 - INFO - Boosted OOD loss: 0.0284
2025-09-05 06:22:24,466 - INFO - Boosted OOD loss: 0.0308
2025-09-05 06:22:31,136 - INFO - Boosted OOD loss: 0.0482
2025-09-05 06:22:36,695 - INFO - Boosted OOD loss: 0.0158
2025-09-05 06:22:38,934 - INFO - Boosted OOD loss: 0.0288
2025-09-05 06:22:47,845 - INFO - Boosted OOD loss: 0.0442
2025-09-05 06:22:48,424 - INFO - Boosted OOD loss: 0.0266
2025-09-05 06:22:49,552 - INFO - Boosted OOD loss: 0.0323
2025-09-05 06:22:53,457 - INFO - Boosted OOD loss: 0.0284
2025-09-05 06:22:55,144 - INFO - Boosted OOD loss: 0.0452
2025-09-05 06:22:56,270 - INFO - Boosted OOD loss: 0.0610
2025-09-05 06:22:57,401 - INFO - Boosted OOD loss: 0.0382
2025-09-05 06:22:57,978 - INFO - Boosted OOD loss: 0.0428
2025-09-05 06:23:04,091 - INFO - Boosted OOD loss: 0.0398
2025-09-05 06:23:07,439 - INFO - Boosted OOD loss: 0.0415
2025-09-05 06:23:08,565 - WARNING - No anomaly pixels (254) found in batch
2025-09-05 06:23:09,682 - INFO - Boosted OOD loss: 0.0277
2025-09-05 06:23:10,254 - INFO - Boosted OOD loss: 0.0608
2025-09-05 06:23:14,700 - INFO - Boosted OOD loss: 0.0598
2025-09-05 06:23:15,274 - INFO - Boosted OOD loss: 0.0376
2025-09-05 06:23:15,852 - INFO - Boosted OOD loss: 0.0437
2025-09-05 06:23:16,975 - INFO - Boosted OOD loss: 0.0425
2025-09-05 06:23:19,751 - INFO - Boosted OOD loss: 0.0538
2025-09-05 06:23:20,871 - INFO - Boosted OOD loss: 0.0462
2025-09-05 06:23:23,649 - INFO - Boosted OOD loss: 0.0545
2025-09-05 06:23:28,073 - INFO - Boosted OOD loss: 0.0479
2025-09-05 06:23:30,841 - INFO - Boosted OOD loss: 0.0508
2025-09-05 06:23:31,419 - INFO - Boosted OOD loss: -0.0119
2025-09-05 06:23:33,638 - INFO - Boosted OOD loss: 0.0468
2025-09-05 06:23:34,204 - INFO - Boosted OOD loss: 0.0402
2025-09-05 06:23:34,775 - INFO - Boosted OOD loss: 0.0513
2025-09-05 06:23:36,999 - INFO - Boosted OOD loss: 0.0229
2025-09-05 06:23:37,578 - INFO - Boosted OOD loss: 0.0237
2025-09-05 06:23:38,694 - INFO - Boosted OOD loss: 0.0502
2025-09-05 06:23:40,360 - INFO - Boosted OOD loss: 0.0427
2025-09-05 06:23:42,570 - INFO - Boosted OOD loss: -0.0056
2025-09-05 06:23:43,689 - INFO - Boosted OOD loss: 0.0253
2025-09-05 06:23:44,255 - INFO - Boosted OOD loss: 0.0523
2025-09-05 06:23:47,017 - INFO - Boosted OOD loss: 0.0217
2025-09-05 06:23:49,232 - INFO - Boosted OOD loss: 0.0477
2025-09-05 06:23:49,799 - INFO - Boosted OOD loss: 0.0265
2025-09-05 06:23:51,459 - INFO - Boosted OOD loss: 0.0401
2025-09-05 06:23:54,207 - INFO - Boosted OOD loss: 0.0273
2025-09-05 06:23:56,405 - INFO - Boosted OOD loss: 0.0584
2025-09-05 06:23:58,595 - INFO - Boosted OOD loss: 0.0328
2025-09-05 06:23:59,711 - INFO - Boosted OOD loss: 0.0317
2025-09-05 06:24:03,543 - INFO - Boosted OOD loss: 0.0290
2025-09-05 06:24:04,098 - WARNING - No anomaly pixels (254) found in batch
2025-09-05 06:24:05,191 - INFO - Boosted OOD loss: 0.0578
2025-09-05 06:24:06,837 - INFO - Boosted OOD loss: 0.0239
2025-09-05 06:24:07,946 - INFO - Boosted OOD loss: 0.0308
2025-09-05 06:24:08,510 - INFO - Boosted OOD loss: 0.0338
2025-09-05 06:24:09,071 - INFO - Boosted OOD loss: 0.0308
2025-09-05 06:24:11,802 - INFO - Boosted OOD loss: 0.0379
2025-09-05 06:24:13,448 - INFO - Boosted OOD loss: 0.0370
2025-09-05 06:24:14,015 - INFO - Boosted OOD loss: 0.0394
2025-09-05 06:24:14,577 - INFO - Boosted OOD loss: 0.0297
2025-09-05 06:24:15,139 - INFO - Boosted OOD loss: 0.0618
2025-09-05 06:24:16,246 - INFO - Boosted OOD loss: 0.0290
2025-09-05 06:24:20,069 - INFO - Boosted OOD loss: 0.0360
2025-09-05 06:24:25,506 - INFO - Boosted OOD loss: 0.0652
2025-09-05 06:24:34,738 - INFO - Boosted OOD loss: 0.0315
2025-09-05 06:24:38,555 - INFO - Boosted OOD loss: 0.0347
2025-09-05 06:24:41,824 - INFO - Boosted OOD loss: 0.0274
2025-09-05 06:24:42,933 - INFO - Boosted OOD loss: 0.0205
2025-09-05 06:24:45,124 - INFO - Boosted OOD loss: 0.0550
2025-09-05 06:24:47,304 - INFO - Boosted OOD loss: 0.0446
2025-09-05 06:24:50,569 - INFO - Boosted OOD loss: 0.0292
2025-09-05 06:24:51,132 - INFO - Boosted OOD loss: 0.0492
2025-09-05 06:24:52,234 - INFO - Boosted OOD loss: 0.0427
2025-09-05 06:24:55,495 - INFO - Boosted OOD loss: 0.0337
2025-09-05 06:24:57,137 - INFO - Boosted OOD loss: 0.0306
2025-09-05 06:24:58,776 - INFO - Boosted OOD loss: 0.0337
2025-09-05 06:24:58,776 - INFO - Step 36100 Loss Debug:
2025-09-05 06:24:58,777 - INFO -  CE: 1.6190
2025-09-05 06:24:58,777 - INFO -  OOD: 0.0337
2025-09-05 06:24:58,777 - INFO -  β: 32.00
2025-09-05 06:24:58,777 - INFO -  ID: 6699, OOD(254): 1
2025-09-05 06:25:07,430 - INFO - Boosted OOD loss: 0.0493
2025-09-05 06:25:09,068 - INFO - Boosted OOD loss: 0.0359
2025-09-05 06:25:12,869 - INFO - Boosted OOD loss: 0.0234
2025-09-05 06:25:16,675 - INFO - Boosted OOD loss: 0.0324
2025-09-05 06:25:17,240 - INFO - Boosted OOD loss: 0.0271
2025-09-05 06:25:19,424 - INFO - Boosted OOD loss: 0.0282
2025-09-05 06:25:22,684 - INFO - Boosted OOD loss: 0.0437
2025-09-05 06:25:23,781 - INFO - Boosted OOD loss: 0.0528
2025-09-05 06:25:24,883 - INFO - Boosted OOD loss: 0.0473
2025-09-05 06:25:25,443 - INFO - Boosted OOD loss: 0.0111
2025-09-05 06:25:36,781 - INFO - Boosted OOD loss: 0.0475
2025-09-05 06:25:37,878 - INFO - Boosted OOD loss: 0.0267
2025-09-05 06:25:44,898 - INFO - Boosted OOD loss: 0.0448
2025-09-05 06:25:45,458 - INFO - Boosted OOD loss: 0.0361
2025-09-05 06:25:46,557 - INFO - Boosted OOD loss: 0.0292
2025-09-05 06:25:47,653 - INFO - Boosted OOD loss: 0.0401
2025-09-05 06:25:48,214 - INFO - Boosted OOD loss: 0.0307
2025-09-05 06:25:51,468 - INFO - Boosted OOD loss: 0.0421
2025-09-05 06:25:53,099 - WARNING - No anomaly pixels (254) found in batch
2025-09-05 06:26:01,188 - INFO - Boosted OOD loss: 0.0270
2025-09-05 06:26:02,288 - INFO - Boosted OOD loss: 0.0311
2025-09-05 06:26:03,927 - INFO - Boosted OOD loss: 0.0346
2025-09-05 06:26:10,956 - INFO - Boosted OOD loss: 0.0411
2025-09-05 06:26:13,679 - INFO - Boosted OOD loss: 0.0294
2025-09-05 06:26:16,397 - INFO - Boosted OOD loss: 0.0582
2025-09-05 06:26:16,960 - INFO - Boosted OOD loss: 0.0318
2025-09-05 06:26:20,754 - INFO - Boosted OOD loss: 0.0379
2025-09-05 06:26:22,386 - INFO - Boosted OOD loss: 0.0404
2025-09-05 06:26:25,103 - INFO - Boosted OOD loss: 0.0283
2025-09-05 06:26:25,664 - INFO - Boosted OOD loss: 0.0482
2025-09-05 06:26:26,762 - INFO - Boosted OOD loss: 0.0429
2025-09-05 06:26:27,860 - INFO - Boosted OOD loss: 0.0370
2025-09-05 06:26:28,957 - INFO - Boosted OOD loss: 0.0320
2025-09-05 06:26:30,056 - INFO - Boosted OOD loss: 0.0372
2025-09-05 06:26:33,314 - INFO - Boosted OOD loss: 0.0569
2025-09-05 06:26:36,029 - INFO - Boosted OOD loss: 0.0564
2025-09-05 06:26:36,590 - INFO - Boosted OOD loss: 0.0354
2025-09-05 06:26:37,152 - INFO - Boosted OOD loss: 0.0463
2025-09-05 06:26:39,330 - INFO - Boosted OOD loss: 0.0451
2025-09-05 06:26:42,588 - INFO - Boosted OOD loss: 0.0409
2025-09-05 06:26:43,156 - INFO - Boosted OOD loss: 0.0319
2025-09-05 06:26:47,485 - WARNING - No anomaly pixels (254) found in batch
2025-09-05 06:26:52,340 - INFO - Boosted OOD loss: 0.0372
2025-09-05 06:26:52,897 - INFO - Boosted OOD loss: 0.0365
2025-09-05 06:26:57,235 - INFO - Boosted OOD loss: 0.0340
2025-09-05 06:27:00,493 - INFO - Boosted OOD loss: 0.0307
2025-09-05 06:27:01,053 - INFO - Boosted OOD loss: 0.0327
2025-09-05 06:27:02,154 - INFO - Boosted OOD loss: 0.0431
2025-09-05 06:27:02,714 - INFO - Boosted OOD loss: 0.0187
2025-09-05 06:27:03,814 - INFO - Boosted OOD loss: 0.0379
2025-09-05 06:27:04,377 - INFO - Boosted OOD loss: 0.0611
2025-09-05 06:27:06,018 - INFO - Boosted OOD loss: 0.0372
2025-09-05 06:27:10,354 - INFO - Boosted OOD loss: 0.0279
2025-09-05 06:27:13,610 - INFO - Boosted OOD loss: 0.0432
2025-09-05 06:27:17,947 - INFO - Boosted OOD loss: 0.0503
2025-09-05 06:27:20,123 - INFO - Boosted OOD loss: 0.0548
2025-09-05 06:27:21,221 - INFO - Boosted OOD loss: 0.0589
2025-09-05 06:27:22,858 - INFO - Boosted OOD loss: 0.0667
2025-09-05 06:27:29,345 - INFO - Boosted OOD loss: 0.0624
2025-09-05 06:27:30,445 - INFO - Boosted OOD loss: 0.0337
2025-09-05 06:27:33,164 - INFO - Boosted OOD loss: 0.0466
2025-09-05 06:27:34,806 - INFO - Boosted OOD loss: 0.0243
2025-09-05 06:27:35,913 - INFO - Boosted OOD loss: 0.0168
2025-09-05 06:27:39,166 - INFO - Boosted OOD loss: 0.0533
2025-09-05 06:27:41,882 - INFO - Boosted OOD loss: 0.0491
2025-09-05 06:27:41,883 - INFO - Step 36400 Loss Debug:
2025-09-05 06:27:41,883 - INFO -  CE: 1.9734
2025-09-05 06:27:41,883 - INFO -  OOD: 0.0491
2025-09-05 06:27:41,883 - INFO -  β: 32.00
2025-09-05 06:27:41,883 - INFO -  ID: 6001, OOD(254): 180
2025-09-05 06:27:43,522 - INFO - Boosted OOD loss: 0.0687
2025-09-05 06:27:46,239 - INFO - Boosted OOD loss: 0.0236
2025-09-05 06:27:48,420 - INFO - Boosted OOD loss: 0.0530
2025-09-05 06:27:48,977 - INFO - Boosted OOD loss: 0.0515
2025-09-05 06:27:49,535 - INFO - Boosted OOD loss: 0.0542
2025-09-05 06:27:50,095 - INFO - Boosted OOD loss: 0.0490
2025-09-05 06:27:53,355 - INFO - Boosted OOD loss: 0.0417
2025-09-05 06:27:53,918 - INFO - Boosted OOD loss: 0.0310
2025-09-05 06:27:56,649 - INFO - Boosted OOD loss: 0.0394
2025-09-05 06:27:57,758 - INFO - Boosted OOD loss: 0.0372
2025-09-05 06:28:01,027 - INFO - Boosted OOD loss: 0.0329
2025-09-05 06:28:10,749 - INFO - Boosted OOD loss: 0.0450
2025-09-05 06:28:14,545 - INFO - Boosted OOD loss: 0.0453
2025-09-05 06:28:26,428 - INFO - Boosted OOD loss: 0.0504
2025-09-05 06:28:30,757 - INFO - Boosted OOD loss: 0.0530
2025-09-05 06:28:34,543 - INFO - Boosted OOD loss: 0.0550
2025-09-05 06:28:36,174 - WARNING - No anomaly pixels (254) found in batch
2025-09-05 06:28:37,798 - INFO - Boosted OOD loss: 0.0428
2025-09-05 06:28:41,055 - INFO - Boosted OOD loss: 0.0192
2025-09-05 06:28:41,616 - INFO - Boosted OOD loss: 0.0301
2025-09-05 06:28:44,331 - INFO - Boosted OOD loss: 0.0368
2025-09-05 06:28:45,966 - INFO - Boosted OOD loss: 0.0227
2025-09-05 06:28:48,137 - INFO - Boosted OOD loss: 0.0514
2025-09-05 06:28:49,773 - INFO - Boosted OOD loss: 0.0796
2025-09-05 06:29:03,246 - INFO - Boosted OOD loss: 0.0395
2025-09-05 06:29:03,246 - INFO - Step 36550 Loss Debug:
2025-09-05 06:29:03,246 - INFO -  CE: 1.7486
2025-09-05 06:29:03,246 - INFO -  OOD: 0.0395
2025-09-05 06:29:03,246 - INFO -  β: 32.00
2025-09-05 06:29:03,246 - INFO -  ID: 3593, OOD(254): 240
2025-09-05 06:29:05,426 - INFO - Boosted OOD loss: 0.0432
2025-09-05 06:29:09,224 - INFO - Boosted OOD loss: 0.0403
2025-09-05 06:29:11,942 - INFO - Boosted OOD loss: 0.0456
2025-09-05 06:29:15,727 - INFO - Boosted OOD loss: 0.0386
2025-09-05 06:29:18,444 - INFO - Boosted OOD loss: 0.0709
2025-09-05 06:29:22,775 - INFO - Boosted OOD loss: 0.0235
2025-09-05 06:29:23,872 - INFO - Boosted OOD loss: 0.0689
2025-09-05 06:29:24,969 - INFO - Boosted OOD loss: 0.0103
2025-09-05 06:29:26,071 - INFO - Boosted OOD loss: 0.0266
2025-09-05 06:29:27,177 - INFO - Boosted OOD loss: 0.0321
2025-09-05 06:29:30,426 - WARNING - No anomaly pixels (254) found in batch
2025-09-05 06:29:30,974 - INFO - Boosted OOD loss: 0.0390
2025-09-05 06:29:31,540 - INFO - Boosted OOD loss: 0.0030
2025-09-05 06:29:34,792 - INFO - Boosted OOD loss: 0.0756
2025-09-05 06:29:39,668 - INFO - Boosted OOD loss: 0.0573
2025-09-05 06:29:42,928 - INFO - Boosted OOD loss: 0.0317
2025-09-05 06:29:51,584 - INFO - Boosted OOD loss: 0.0305
2025-09-05 06:29:52,688 - INFO - Boosted OOD loss: 0.0220
2025-09-05 06:29:53,254 - INFO - Boosted OOD loss: 0.0685
2025-09-05 06:29:54,898 - INFO - Boosted OOD loss: 0.0526
2025-09-05 06:29:57,620 - INFO - Boosted OOD loss: 0.0304
2025-09-05 06:29:57,621 - INFO - Step 36650 Loss Debug:
2025-09-05 06:29:57,621 - INFO -  CE: 1.8668
2025-09-05 06:29:57,621 - INFO -  OOD: 0.0304
2025-09-05 06:29:57,621 - INFO -  β: 32.00
2025-09-05 06:29:57,621 - INFO -  ID: 6143, OOD(254): 211
2025-09-05 06:30:01,958 - INFO - Boosted OOD loss: 0.0337
2025-09-05 06:30:08,454 - INFO - Boosted OOD loss: 0.0506
2025-09-05 06:30:10,097 - INFO - Boosted OOD loss: 0.0324
2025-09-05 06:30:10,661 - INFO - Boosted OOD loss: 0.0425
2025-09-05 06:30:12,298 - INFO - Boosted OOD loss: 0.0551
2025-09-05 06:30:18,794 - INFO - Boosted OOD loss: 0.0377
2025-09-05 06:30:19,892 - INFO - Boosted OOD loss: 0.0427
2025-09-05 06:30:22,066 - INFO - Boosted OOD loss: 0.0498
2025-09-05 06:30:24,242 - INFO - Boosted OOD loss: 0.0430
2025-09-05 06:30:24,794 - WARNING - No anomaly pixels (254) found in batch
2025-09-05 06:30:30,198 - INFO - Boosted OOD loss: 0.0727
2025-09-05 06:30:32,376 - INFO - Boosted OOD loss: 0.0536
2025-09-05 06:30:36,180 - INFO - Boosted OOD loss: 0.0446
2025-09-05 06:30:37,283 - INFO - Boosted OOD loss: 0.0548
2025-09-05 06:30:38,382 - INFO - Boosted OOD loss: 0.0659
2025-09-05 06:30:39,480 - INFO - Boosted OOD loss: 0.0352
2025-09-05 06:30:40,041 - INFO - Boosted OOD loss: 0.0474
2025-09-05 06:30:44,922 - INFO - Boosted OOD loss: 0.0462
2025-09-05 06:30:49,794 - INFO - Boosted OOD loss: 0.0396
2025-09-05 06:30:51,972 - INFO - Boosted OOD loss: 0.0430
2025-09-05 06:30:51,973 - INFO - Step 36750 Loss Debug:
2025-09-05 06:30:51,973 - INFO -  CE: 1.5558
2025-09-05 06:30:51,973 - INFO -  OOD: 0.0430
2025-09-05 06:30:51,973 - INFO -  β: 32.00
2025-09-05 06:30:51,973 - INFO -  ID: 5803, OOD(254): 244
2025-09-05 06:30:53,076 - INFO - Boosted OOD loss: 0.0274
2025-09-05 06:30:58,498 - INFO - Boosted OOD loss: 0.0439
2025-09-05 06:31:02,301 - INFO - Boosted OOD loss: 0.0583
2025-09-05 06:31:03,941 - INFO - Boosted OOD loss: 0.0382
2025-09-05 06:31:06,663 - INFO - Boosted OOD loss: 0.0317
2025-09-05 06:31:07,224 - INFO - Boosted OOD loss: 0.0372
2025-09-05 06:31:13,169 - INFO - Boosted OOD loss: 0.0286
2025-09-05 06:31:14,272 - INFO - Boosted OOD loss: 0.0318
2025-09-05 06:31:14,830 - INFO - Boosted OOD loss: 0.0502
2025-09-05 06:31:15,395 - INFO - Boosted OOD loss: 0.0370
2025-09-05 06:31:19,192 - WARNING - No anomaly pixels (254) found in batch
2025-09-05 06:31:22,977 - INFO - Boosted OOD loss: 0.0457
2025-09-05 06:31:25,690 - INFO - Boosted OOD loss: 0.0315
2025-09-05 06:31:27,331 - INFO - Boosted OOD loss: 0.0503
2025-09-05 06:31:27,890 - INFO - Boosted OOD loss: 0.0379
2025-09-05 06:31:30,066 - INFO - Boosted OOD loss: 0.0286
2025-09-05 06:31:32,246 - INFO - Boosted OOD loss: 0.0208
2025-09-05 06:31:33,890 - INFO - Boosted OOD loss: 0.0428
2025-09-05 06:31:34,995 - INFO - Boosted OOD loss: 0.0229
2025-09-05 06:31:36,636 - INFO - Boosted OOD loss: 0.0495
2025-09-05 06:31:39,355 - INFO - Boosted OOD loss: 0.0226
2025-09-05 06:31:42,076 - INFO - Boosted OOD loss: 0.0305
2025-09-05 06:31:42,635 - INFO - Boosted OOD loss: 0.0584
2025-09-05 06:31:45,898 - INFO - Boosted OOD loss: 0.0278
2025-09-05 06:31:46,999 - INFO - Boosted OOD loss: 0.0589
2025-09-05 06:31:48,640 - INFO - Boosted OOD loss: 0.0316
2025-09-05 06:31:50,822 - INFO - Boosted OOD loss: 0.0648
2025-09-05 06:31:56,236 - INFO - Boosted OOD loss: 0.0521
2025-09-05 06:31:57,872 - INFO - Boosted OOD loss: 0.0528
2025-09-05 06:32:04,358 - INFO - Boosted OOD loss: 0.0474
2025-09-05 06:32:05,459 - INFO - Boosted OOD loss: 0.0602
2025-09-05 06:32:06,017 - INFO - Boosted OOD loss: 0.0495
2025-09-05 06:32:07,118 - INFO - Boosted OOD loss: 0.0338
2025-09-05 06:32:09,838 - INFO - Boosted OOD loss: 0.0171
2025-09-05 06:32:12,566 - INFO - Boosted OOD loss: 0.0022
2025-09-05 06:32:13,671 - INFO - Boosted OOD loss: 0.0432
2025-09-05 06:32:13,671 - INFO - Step 36900 Loss Debug:
2025-09-05 06:32:13,671 - INFO -  CE: 1.7231
2025-09-05 06:32:13,671 - INFO -  OOD: 0.0432
2025-09-05 06:32:13,671 - INFO -  β: 32.00
2025-09-05 06:32:13,671 - INFO -  ID: 4705, OOD(254): 5
2025-09-05 06:32:16,935 - INFO - Boosted OOD loss: 0.0294
2025-09-05 06:32:17,494 - INFO - Boosted OOD loss: 0.0558
2025-09-05 06:32:22,903 - INFO - Boosted OOD loss: 0.0522
2025-09-05 06:32:29,934 - INFO - Boosted OOD loss: 0.0487
2025-09-05 06:32:30,494 - INFO - Boosted OOD loss: 0.0157
2025-09-05 06:32:32,672 - INFO - Boosted OOD loss: 0.0065
2025-09-05 06:32:35,390 - INFO - Boosted OOD loss: 0.0278
2025-09-05 06:32:41,349 - INFO - Boosted OOD loss: 0.0395
2025-09-05 06:32:42,985 - INFO - Boosted OOD loss: 0.0296
2025-09-05 06:32:48,403 - INFO - Boosted OOD loss: 0.0226
2025-09-05 06:32:53,282 - INFO - Boosted OOD loss: 0.0186
2025-09-05 06:32:56,547 - INFO - Boosted OOD loss: 0.0408
2025-09-05 06:32:58,190 - INFO - Boosted OOD loss: 0.0385
2025-09-05 06:33:06,310 - INFO - Boosted OOD loss: 0.0554
2025-09-05 06:33:07,410 - INFO - Boosted OOD loss: 0.0216
2025-09-05 06:33:07,962 - WARNING - No anomaly pixels (254) found in batch
2025-09-05 06:33:09,048 - INFO - Boosted OOD loss: 0.0509
2025-09-05 06:33:10,150 - INFO - Boosted OOD loss: 0.0337
2025-09-05 06:33:11,792 - INFO - Boosted OOD loss: 0.0225
2025-09-05 06:33:12,351 - INFO - Boosted OOD loss: 0.0310
2025-09-05 06:33:13,453 - INFO - Boosted OOD loss: 0.0360
2025-09-05 06:33:16,176 - INFO - Boosted OOD loss: 0.0295
2025-09-05 06:33:18,893 - INFO - Boosted OOD loss: 0.0461
2025-09-05 06:33:19,453 - INFO - Boosted OOD loss: 0.0263
2025-09-05 06:33:20,557 - INFO - Boosted OOD loss: 0.0363
2025-09-05 06:33:22,194 - INFO - Boosted OOD loss: 0.0640
2025-09-05 06:33:22,754 - INFO - Boosted OOD loss: 0.0351
2025-09-05 06:33:23,316 - INFO - Boosted OOD loss: 0.0370
2025-09-05 06:33:26,044 - INFO - Boosted OOD loss: 0.0044
2025-09-05 06:33:38,479 - INFO - Boosted OOD loss: 0.0386
2025-09-05 06:33:42,286 - INFO - Boosted OOD loss: 0.0268
2025-09-05 06:33:42,848 - INFO - Boosted OOD loss: 0.0262
2025-09-05 06:33:45,564 - INFO - Boosted OOD loss: 0.0369
2025-09-05 06:33:49,895 - INFO - Boosted OOD loss: 0.0639
2025-09-05 06:33:57,467 - INFO - Boosted OOD loss: -0.0003
2025-09-05 06:33:58,028 - INFO - Boosted OOD loss: 0.0432
2025-09-05 06:33:58,588 - INFO - Boosted OOD loss: 0.0532
2025-09-05 06:34:01,850 - INFO - Boosted OOD loss: 0.0164
2025-09-05 06:34:02,408 - WARNING - No anomaly pixels (254) found in batch
2025-09-05 06:34:04,033 - INFO - Boosted OOD loss: 0.0428
2025-09-05 06:34:07,285 - INFO - Boosted OOD loss: 0.0197
2025-09-05 06:34:15,928 - INFO - Boosted OOD loss: 0.0585
2025-09-05 06:34:19,722 - INFO - Boosted OOD loss: 0.0605
2025-09-05 06:34:20,287 - INFO - Boosted OOD loss: 0.0166
2025-09-05 06:34:24,089 - INFO - Boosted OOD loss: 0.0251
2025-09-05 06:34:28,964 - INFO - Boosted OOD loss: 0.0547
2025-09-05 06:34:30,603 - INFO - Boosted OOD loss: 0.0386
2025-09-05 06:34:32,779 - INFO - Boosted OOD loss: 0.0506
2025-09-05 06:34:45,195 - INFO - Boosted OOD loss: 0.0360
2025-09-05 06:34:48,993 - INFO - Boosted OOD loss: 0.0156
2025-09-05 06:34:49,555 - INFO - Boosted OOD loss: 0.0349
2025-09-05 06:34:50,120 - INFO - Boosted OOD loss: 0.0510
2025-09-05 06:34:51,754 - INFO - Boosted OOD loss: 0.0217
2025-09-05 06:34:56,625 - WARNING - No anomaly pixels (254) found in batch
2025-09-05 06:34:59,329 - INFO - Boosted OOD loss: 0.0490
2025-09-05 06:35:00,427 - INFO - Boosted OOD loss: 0.0322
2025-09-05 06:35:01,531 - INFO - Boosted OOD loss: 0.0231
2025-09-05 06:35:05,330 - INFO - Boosted OOD loss: 0.0289
2025-09-05 06:35:06,432 - INFO - Boosted OOD loss: 0.0317
2025-09-05 06:35:12,382 - INFO - Boosted OOD loss: 0.0272
2025-09-05 06:35:14,021 - INFO - Boosted OOD loss: 0.0502
2025-09-05 06:35:15,122 - INFO - Boosted OOD loss: 0.0579
2025-09-05 06:35:20,544 - INFO - Boosted OOD loss: 0.0368
2025-09-05 06:35:22,182 - INFO - Boosted OOD loss: 0.0445
2025-09-05 06:35:28,143 - INFO - Boosted OOD loss: 0.0414
2025-09-05 06:35:29,785 - INFO - Boosted OOD loss: 0.0580
2025-09-05 06:35:30,344 - INFO - Boosted OOD loss: 0.0401
2025-09-05 06:35:31,982 - INFO - Boosted OOD loss: 0.0394
2025-09-05 06:35:32,543 - INFO - Boosted OOD loss: 0.0490
2025-09-05 06:35:37,423 - INFO - Boosted OOD loss: 0.0484
2025-09-05 06:35:40,682 - INFO - Boosted OOD loss: 0.0358
2025-09-05 06:35:43,401 - INFO - Boosted OOD loss: 0.0284
2025-09-05 06:35:44,503 - INFO - Boosted OOD loss: 0.0257
2025-09-05 06:35:48,303 - INFO - Boosted OOD loss: 0.0311
2025-09-05 06:35:49,942 - INFO - Boosted OOD loss: 0.0402
2025-09-05 06:35:51,045 - INFO - Boosted OOD loss: 0.0481
2025-09-05 06:35:51,045 - INFO - Step 37300 Loss Debug:
2025-09-05 06:35:51,046 - INFO -  CE: 1.6861
2025-09-05 06:35:51,046 - INFO -  OOD: 0.0481
2025-09-05 06:35:51,046 - INFO -  β: 32.00
2025-09-05 06:35:51,046 - INFO -  ID: 7744, OOD(254): 286
2025-09-05 06:35:53,762 - INFO - Boosted OOD loss: 0.0676
2025-09-05 06:35:55,399 - INFO - Boosted OOD loss: 0.0382
2025-09-05 06:36:05,138 - INFO - Boosted OOD loss: 0.0131
2025-09-05 06:36:10,561 - INFO - Boosted OOD loss: 0.0379
2025-09-05 06:36:14,902 - INFO - Boosted OOD loss: 0.0407
2025-09-05 06:36:16,544 - INFO - Boosted OOD loss: 0.0273
2025-09-05 06:36:18,724 - INFO - Boosted OOD loss: 0.0434
2025-09-05 06:36:19,825 - INFO - Boosted OOD loss: 0.0411
2025-09-05 06:36:29,550 - INFO - Boosted OOD loss: 0.0481
2025-09-05 06:36:33,882 - INFO - Boosted OOD loss: 0.0219
2025-09-05 06:36:36,600 - INFO - Boosted OOD loss: 0.0458
2025-09-05 06:36:44,169 - INFO - Boosted OOD loss: 0.0589
2025-09-05 06:36:44,728 - INFO - Boosted OOD loss: 0.0209
2025-09-05 06:36:45,283 - WARNING - No anomaly pixels (254) found in batch
2025-09-05 06:36:45,827 - INFO - Boosted OOD loss: 0.0511
2025-09-05 06:36:49,621 - INFO - Boosted OOD loss: 0.0417
2025-09-05 06:36:50,181 - INFO - Boosted OOD loss: 0.0416
2025-09-05 06:36:51,283 - INFO - Boosted OOD loss: 0.0264
2025-09-05 06:36:55,077 - INFO - Boosted OOD loss: 0.0255
2025-09-05 06:36:56,179 - INFO - Boosted OOD loss: 0.0304
2025-09-05 06:36:56,837 - INFO - Updated beta to 12.70 (exp decay)
2025-09-05 06:37:17,910 - WARNING - Negative mean energy—verify E_b formula/signs
2025-09-05 06:37:17,911 - INFO - Weights updated successfully
2025-09-05 06:37:17,911 - INFO - Advanced epoch 21 - Updated beta: 12.70
2025-09-05 06:37:17,911 - INFO - Epoch 21 - Avg CE: 1.8228, Avg OOD: 0.0079, β: 32
2025-09-05 06:37:18,022 - INFO - 
Starting Epoch 22/100
2025-09-05 06:37:18,023 - INFO - ============================================================
2025-09-05 06:37:18,024 - INFO - 
Updating Hopfield boosting weights at epoch 22...
2025-09-05 06:37:28,635 - WARNING - Negative mean energy—verify E_b formula/signs
2025-09-05 06:37:28,635 - INFO - Weights updated successfully
2025-09-05 06:37:28,636 - INFO - Weight Update Debug at Epoch 22: No high-weight OOD pixels found
2025-09-05 06:37:30,429 - INFO - Boosted OOD loss: 0.0233
2025-09-05 06:37:37,436 - INFO - Boosted OOD loss: 0.0627
2025-09-05 06:37:40,149 - INFO - Boosted OOD loss: 0.0476
2025-09-05 06:37:42,330 - INFO - Boosted OOD loss: 0.0374
2025-09-05 06:37:43,970 - INFO - Boosted OOD loss: 0.0456
2025-09-05 06:37:45,072 - INFO - Boosted OOD loss: 0.0252
2025-09-05 06:37:45,072 - INFO - Step 37450 Loss Debug:
2025-09-05 06:37:45,072 - INFO -  CE: 1.9142
2025-09-05 06:37:45,072 - INFO -  OOD: 0.0252
2025-09-05 06:37:45,072 - INFO -  β: 32.00
2025-09-05 06:37:45,073 - INFO -  ID: 6728, OOD(254): 250
2025-09-05 06:37:45,636 - INFO - Boosted OOD loss: 0.0273
2025-09-05 06:37:47,285 - INFO - Boosted OOD loss: 0.0140
2025-09-05 06:37:54,885 - INFO - Boosted OOD loss: 0.0204
2025-09-05 06:37:56,536 - INFO - Boosted OOD loss: 0.0571
2025-09-05 06:38:00,362 - INFO - Boosted OOD loss: 0.0247
2025-09-05 06:38:05,821 - INFO - Boosted OOD loss: 0.0585
2025-09-05 06:38:06,384 - INFO - Boosted OOD loss: 0.0489
2025-09-05 06:38:07,487 - INFO - Boosted OOD loss: 0.0357
2025-09-05 06:38:11,311 - INFO - Boosted OOD loss: 0.0368
2025-09-05 06:38:12,410 - WARNING - No anomaly pixels (254) found in batch
2025-09-05 06:38:18,393 - INFO - Boosted OOD loss: 0.0291
2025-09-05 06:38:19,503 - INFO - Boosted OOD loss: 0.0183
2025-09-05 06:38:21,155 - INFO - Boosted OOD loss: 0.0578
2025-09-05 06:38:22,264 - INFO - Boosted OOD loss: 0.0368
2025-09-05 06:38:23,367 - INFO - Boosted OOD loss: 0.0434
2025-09-05 06:38:34,245 - INFO - Boosted OOD loss: 0.0259
2025-09-05 06:38:38,598 - INFO - Boosted OOD loss: 0.0670
2025-09-05 06:38:39,706 - INFO - Boosted OOD loss: 0.0344
2025-09-05 06:38:39,707 - INFO - Step 37550 Loss Debug:
2025-09-05 06:38:39,707 - INFO -  CE: 1.8014
2025-09-05 06:38:39,707 - INFO -  OOD: 0.0344
2025-09-05 06:38:39,707 - INFO -  β: 32.00
2025-09-05 06:38:39,707 - INFO -  ID: 4127, OOD(254): 1970
2025-09-05 06:38:40,812 - INFO - Boosted OOD loss: 0.0290
2025-09-05 06:38:43,000 - INFO - Boosted OOD loss: 0.0417
2025-09-05 06:38:47,889 - INFO - Boosted OOD loss: 0.0230
2025-09-05 06:38:51,705 - INFO - Boosted OOD loss: 0.0400
2025-09-05 06:38:55,521 - INFO - Boosted OOD loss: 0.0183
2025-09-05 06:38:56,632 - INFO - Boosted OOD loss: 0.0352
2025-09-05 06:38:58,277 - INFO - Boosted OOD loss: 0.0364
2025-09-05 06:38:59,918 - INFO - Boosted OOD loss: 0.0555
2025-09-05 06:39:00,482 - INFO - Boosted OOD loss: 0.0394
2025-09-05 06:39:03,758 - INFO - Boosted OOD loss: 0.0096
2025-09-05 06:39:04,861 - INFO - Boosted OOD loss: 0.0593
2025-09-05 06:39:07,039 - WARNING - No anomaly pixels (254) found in batch
2025-09-05 06:39:21,094 - INFO - Boosted OOD loss: 0.0319
2025-09-05 06:39:22,734 - INFO - Boosted OOD loss: 0.0394
2025-09-05 06:39:26,538 - INFO - Boosted OOD loss: 0.0394
2025-09-05 06:39:28,181 - INFO - Boosted OOD loss: 0.0236
2025-09-05 06:39:30,909 - INFO - Boosted OOD loss: -0.0064
2025-09-05 06:39:33,094 - INFO - Boosted OOD loss: 0.0346
2025-09-05 06:39:33,658 - INFO - Boosted OOD loss: 0.0487
2025-09-05 06:39:34,215 - INFO - Boosted OOD loss: 0.0383
2025-09-05 06:39:34,215 - INFO - Step 37650 Loss Debug:
2025-09-05 06:39:34,216 - INFO -  CE: 1.2870
2025-09-05 06:39:34,216 - INFO -  OOD: 0.0383
2025-09-05 06:39:34,216 - INFO -  β: 32.00
2025-09-05 06:39:34,216 - INFO -  ID: 4621, OOD(254): 45
2025-09-05 06:39:37,472 - INFO - Boosted OOD loss: 0.0153
2025-09-05 06:39:38,573 - INFO - Boosted OOD loss: 0.0321
2025-09-05 06:39:39,676 - INFO - Boosted OOD loss: 0.0449
2025-09-05 06:39:41,314 - INFO - Boosted OOD loss: 0.0538
2025-09-05 06:39:42,954 - INFO - Boosted OOD loss: 0.0394
2025-09-05 06:39:44,594 - INFO - Boosted OOD loss: 0.0219
2025-09-05 06:39:46,233 - INFO - Boosted OOD loss: 0.0564
2025-09-05 06:39:51,114 - INFO - Boosted OOD loss: 0.0432
2025-09-05 06:39:52,214 - INFO - Boosted OOD loss: 0.0589
2025-09-05 06:39:52,776 - INFO - Boosted OOD loss: 0.0270
2025-09-05 06:39:58,731 - INFO - Boosted OOD loss: 0.0574
2025-09-05 06:40:01,442 - WARNING - No anomaly pixels (254) found in batch
2025-09-05 06:40:03,606 - INFO - Boosted OOD loss: 0.0205
2025-09-05 06:40:04,709 - INFO - Boosted OOD loss: 0.0486
2025-09-05 06:40:05,809 - INFO - Boosted OOD loss: 0.0580
2025-09-05 06:40:06,910 - INFO - Boosted OOD loss: 0.0357
2025-09-05 06:40:08,553 - INFO - Boosted OOD loss: 0.0326
2025-09-05 06:40:11,813 - INFO - Boosted OOD loss: 0.0495
2025-09-05 06:40:12,371 - INFO - Boosted OOD loss: 0.0233
2025-09-05 06:40:12,933 - INFO - Boosted OOD loss: 0.0309
2025-09-05 06:40:14,576 - INFO - Boosted OOD loss: 0.0412
2025-09-05 06:40:15,137 - INFO - Boosted OOD loss: 0.0255
2025-09-05 06:40:18,927 - INFO - Boosted OOD loss: 0.0433
2025-09-05 06:40:19,486 - INFO - Boosted OOD loss: 0.0474
2025-09-05 06:40:20,589 - INFO - Boosted OOD loss: 0.0482
2025-09-05 06:40:21,150 - INFO - Boosted OOD loss: 0.0036
2025-09-05 06:40:23,332 - INFO - Boosted OOD loss: 0.0384
2025-09-05 06:40:24,430 - INFO - Boosted OOD loss: 0.0334
2025-09-05 06:40:24,990 - INFO - Boosted OOD loss: 0.0583
2025-09-05 06:40:29,871 - INFO - Boosted OOD loss: 0.0133
2025-09-05 06:40:30,434 - INFO - Boosted OOD loss: 0.0436
2025-09-05 06:40:33,155 - INFO - Boosted OOD loss: 0.0189
2025-09-05 06:40:36,952 - INFO - Boosted OOD loss: 0.0248
2025-09-05 06:40:38,058 - INFO - Boosted OOD loss: 0.0240
2025-09-05 06:40:44,552 - INFO - Boosted OOD loss: 0.0307
2025-09-05 06:40:49,961 - INFO - Boosted OOD loss: 0.0417
2025-09-05 06:40:51,063 - INFO - Boosted OOD loss: 0.0348
2025-09-05 06:40:52,702 - INFO - Boosted OOD loss: 0.0520
2025-09-05 06:40:55,954 - WARNING - No anomaly pixels (254) found in batch
2025-09-05 06:40:57,039 - INFO - Boosted OOD loss: 0.0518
2025-09-05 06:41:00,834 - INFO - Boosted OOD loss: 0.0322
2025-09-05 06:41:03,011 - INFO - Boosted OOD loss: 0.0283
2025-09-05 06:41:06,807 - INFO - Boosted OOD loss: 0.0678
2025-09-05 06:41:08,445 - INFO - Boosted OOD loss: 0.0483
2025-09-05 06:41:12,247 - INFO - Boosted OOD loss: 0.0456
2025-09-05 06:41:13,349 - INFO - Boosted OOD loss: 0.0394
2025-09-05 06:41:16,610 - INFO - Boosted OOD loss: 0.0378
2025-09-05 06:41:20,402 - INFO - Boosted OOD loss: 0.0468
2025-09-05 06:41:22,036 - INFO - Boosted OOD loss: 0.0472
2025-09-05 06:41:24,216 - INFO - Boosted OOD loss: 0.0255
2025-09-05 06:41:25,857 - INFO - Boosted OOD loss: 0.0368
2025-09-05 06:41:28,572 - INFO - Boosted OOD loss: 0.0510
2025-09-05 06:41:30,751 - INFO - Boosted OOD loss: 0.0520
2025-09-05 06:41:39,420 - INFO - Boosted OOD loss: 0.0246
2025-09-05 06:41:40,527 - INFO - Boosted OOD loss: 0.0411
2025-09-05 06:41:43,797 - INFO - Boosted OOD loss: 0.0229
2025-09-05 06:41:46,525 - INFO - Boosted OOD loss: 0.0311
2025-09-05 06:41:50,333 - WARNING - No anomaly pixels (254) found in batch
2025-09-05 06:41:52,500 - INFO - Boosted OOD loss: 0.0123
2025-09-05 06:41:53,061 - INFO - Boosted OOD loss: 0.0465
2025-09-05 06:41:53,624 - INFO - Boosted OOD loss: 0.0505
2025-09-05 06:41:55,268 - INFO - Boosted OOD loss: 0.0298
2025-09-05 06:41:56,372 - INFO - Boosted OOD loss: 0.0380
2025-09-05 06:41:59,637 - INFO - Boosted OOD loss: 0.0260
2025-09-05 06:42:05,596 - INFO - Boosted OOD loss: 0.0211
2025-09-05 06:42:13,178 - INFO - Boosted OOD loss: 0.0188
2025-09-05 06:42:14,817 - INFO - Boosted OOD loss: 0.0608
2025-09-05 06:42:22,945 - INFO - Boosted OOD loss: 0.0240
2025-09-05 06:42:23,508 - INFO - Boosted OOD loss: 0.0537
2025-09-05 06:42:24,613 - INFO - Boosted OOD loss: 0.0257
2025-09-05 06:42:32,744 - INFO - Boosted OOD loss: 0.0534
2025-09-05 06:42:34,923 - INFO - Boosted OOD loss: 0.0362
2025-09-05 06:42:37,643 - INFO - Boosted OOD loss: 0.0392
2025-09-05 06:42:38,742 - INFO - Boosted OOD loss: 0.0356
2025-09-05 06:42:43,622 - INFO - Boosted OOD loss: 0.0462
2025-09-05 06:42:44,717 - WARNING - No anomaly pixels (254) found in batch
2025-09-05 06:42:46,885 - INFO - Boosted OOD loss: 0.0542
2025-09-05 06:42:47,449 - INFO - Boosted OOD loss: 0.0340
2025-09-05 06:42:48,017 - INFO - Boosted OOD loss: 0.0197
2025-09-05 06:42:51,278 - INFO - Boosted OOD loss: 0.0514
2025-09-05 06:42:51,837 - INFO - Boosted OOD loss: 0.0448
2025-09-05 06:42:53,478 - INFO - Boosted OOD loss: 0.0480
2025-09-05 06:42:54,576 - INFO - Boosted OOD loss: 0.0852
2025-09-05 06:42:55,677 - INFO - Boosted OOD loss: 0.0684
2025-09-05 06:42:57,859 - INFO - Boosted OOD loss: 0.0278
2025-09-05 06:42:58,422 - INFO - Boosted OOD loss: 0.0274
2025-09-05 06:42:58,990 - INFO - Boosted OOD loss: 0.0227
2025-09-05 06:43:01,714 - INFO - Boosted OOD loss: 0.0439
2025-09-05 06:43:06,598 - INFO - Boosted OOD loss: 0.0534
2025-09-05 06:43:07,163 - INFO - Boosted OOD loss: 0.0291
2025-09-05 06:43:12,588 - INFO - Boosted OOD loss: 0.0227
2025-09-05 06:43:14,228 - INFO - Boosted OOD loss: 0.0341
2025-09-05 06:43:16,409 - INFO - Boosted OOD loss: 0.0785
2025-09-05 06:43:16,969 - INFO - Boosted OOD loss: 0.0342
2025-09-05 06:43:17,528 - INFO - Boosted OOD loss: 0.0304
2025-09-05 06:43:24,020 - INFO - Boosted OOD loss: 0.0191
2025-09-05 06:43:25,658 - INFO - Boosted OOD loss: 0.0541
2025-09-05 06:43:30,538 - INFO - Boosted OOD loss: 0.0280
2025-09-05 06:43:34,876 - INFO - Boosted OOD loss: 0.0178
2025-09-05 06:43:36,516 - INFO - Boosted OOD loss: 0.0461
2025-09-05 06:43:37,615 - INFO - Boosted OOD loss: 0.0162
2025-09-05 06:43:39,249 - WARNING - No anomaly pixels (254) found in batch
2025-09-05 06:43:44,656 - INFO - Boosted OOD loss: 0.0166
2025-09-05 06:43:47,372 - INFO - Boosted OOD loss: 0.0527
2025-09-05 06:43:51,170 - INFO - Boosted OOD loss: 0.0252
2025-09-05 06:43:52,809 - INFO - Boosted OOD loss: 0.0170
2025-09-05 06:43:55,532 - INFO - Boosted OOD loss: 0.0137
2025-09-05 06:43:58,248 - INFO - Boosted OOD loss: 0.0490
2025-09-05 06:44:00,962 - INFO - Boosted OOD loss: 0.0227
2025-09-05 06:44:02,599 - INFO - Boosted OOD loss: 0.0338
2025-09-05 06:44:05,322 - INFO - Boosted OOD loss: 0.0154
2025-09-05 06:44:06,424 - INFO - Boosted OOD loss: 0.0565
2025-09-05 06:44:06,424 - INFO - Step 38150 Loss Debug:
2025-09-05 06:44:06,425 - INFO -  CE: 2.0342
2025-09-05 06:44:06,425 - INFO -  OOD: 0.0565
2025-09-05 06:44:06,425 - INFO -  β: 32.00
2025-09-05 06:44:06,425 - INFO -  ID: 5854, OOD(254): 294
2025-09-05 06:44:08,070 - INFO - Boosted OOD loss: 0.0280
2025-09-05 06:44:19,420 - INFO - Boosted OOD loss: 0.0222
2025-09-05 06:44:20,520 - INFO - Boosted OOD loss: 0.0522
2025-09-05 06:44:22,162 - INFO - Boosted OOD loss: 0.0370
2025-09-05 06:44:22,722 - INFO - Boosted OOD loss: 0.0385
2025-09-05 06:44:29,215 - INFO - Boosted OOD loss: 0.0229
2025-09-05 06:44:31,403 - INFO - Boosted OOD loss: 0.0287
2025-09-05 06:44:33,578 - INFO - Boosted OOD loss: 0.0562
2025-09-05 06:44:33,579 - INFO - Step 38200 Loss Debug:
2025-09-05 06:44:33,579 - INFO -  CE: 1.6143
2025-09-05 06:44:33,579 - INFO -  OOD: 0.0562
2025-09-05 06:44:33,579 - INFO -  β: 32.00
2025-09-05 06:44:33,579 - INFO -  ID: 3953, OOD(254): 150
2025-09-05 06:44:35,759 - INFO - Boosted OOD loss: 0.0436
2025-09-05 06:44:37,941 - INFO - Boosted OOD loss: 0.0293
2025-09-05 06:44:41,196 - INFO - Boosted OOD loss: 0.0430
2025-09-05 06:44:42,299 - INFO - Boosted OOD loss: 0.0502
2025-09-05 06:44:43,938 - INFO - Boosted OOD loss: 0.0276
2025-09-05 06:44:45,036 - INFO - Boosted OOD loss: 0.0314
2025-09-05 06:44:46,135 - INFO - Boosted OOD loss: 0.0290
2025-09-05 06:44:47,239 - INFO - Boosted OOD loss: 0.0273
2025-09-05 06:44:48,343 - INFO - Boosted OOD loss: 0.0135
2025-09-05 06:44:48,903 - INFO - Boosted OOD loss: 0.0377
2025-09-05 06:44:49,462 - INFO - Boosted OOD loss: 0.0502
2025-09-05 06:44:52,724 - INFO - Boosted OOD loss: 0.0243
2025-09-05 06:44:54,362 - INFO - Boosted OOD loss: 0.0272
2025-09-05 06:44:54,924 - INFO - Boosted OOD loss: 0.0440
2025-09-05 06:44:59,792 - INFO - Boosted OOD loss: 0.0291
2025-09-05 06:45:04,664 - INFO - Boosted OOD loss: 0.0479
2025-09-05 06:45:06,845 - INFO - Boosted OOD loss: 0.0345
2025-09-05 06:45:07,947 - INFO - Boosted OOD loss: -0.0015
2025-09-05 06:45:09,587 - INFO - Boosted OOD loss: 0.0457
2025-09-05 06:45:11,768 - INFO - Boosted OOD loss: 0.0247
2025-09-05 06:45:17,184 - INFO - Boosted OOD loss: 0.0270
2025-09-05 06:45:19,362 - INFO - Boosted OOD loss: 0.0552
2025-09-05 06:45:19,919 - INFO - Boosted OOD loss: 0.0350
2025-09-05 06:45:21,021 - INFO - Boosted OOD loss: 0.0277
2025-09-05 06:45:28,050 - WARNING - No anomaly pixels (254) found in batch
2025-09-05 06:45:30,219 - INFO - Boosted OOD loss: 0.0404
2025-09-05 06:45:30,782 - INFO - Boosted OOD loss: 0.0346
2025-09-05 06:45:32,420 - INFO - Boosted OOD loss: 0.0302
2025-09-05 06:45:34,602 - INFO - Boosted OOD loss: 0.0234
2025-09-05 06:45:35,703 - INFO - Boosted OOD loss: 0.0418
2025-09-05 06:45:36,807 - INFO - Boosted OOD loss: 0.0291
2025-09-05 06:45:38,451 - INFO - Boosted OOD loss: 0.0514
2025-09-05 06:45:40,635 - INFO - Boosted OOD loss: 0.0261
2025-09-05 06:45:41,195 - INFO - Boosted OOD loss: 0.0498
2025-09-05 06:45:42,295 - INFO - Boosted OOD loss: 0.0193
2025-09-05 06:45:43,936 - INFO - Boosted OOD loss: 0.0280
2025-09-05 06:45:47,729 - INFO - Boosted OOD loss: 0.0322
2025-09-05 06:45:48,289 - INFO - Boosted OOD loss: 0.0503
2025-09-05 06:45:51,010 - INFO - Boosted OOD loss: 0.0044
2025-09-05 06:45:53,188 - INFO - Boosted OOD loss: 0.0274
2025-09-05 06:45:56,981 - INFO - Boosted OOD loss: 0.0261
2025-09-05 06:46:03,477 - INFO - Boosted OOD loss: 0.0345
2025-09-05 06:46:04,579 - INFO - Boosted OOD loss: 0.0187
2025-09-05 06:46:05,685 - INFO - Boosted OOD loss: 0.0497
2025-09-05 06:46:12,722 - INFO - Boosted OOD loss: 0.0344
2025-09-05 06:46:17,601 - INFO - Boosted OOD loss: 0.0231
2025-09-05 06:46:18,704 - INFO - Boosted OOD loss: 0.0338
2025-09-05 06:46:19,269 - INFO - Boosted OOD loss: 0.0346
2025-09-05 06:46:21,986 - INFO - Boosted OOD loss: 0.0184
2025-09-05 06:46:22,547 - INFO - Boosted OOD loss: 0.0501
2025-09-05 06:46:22,547 - INFO - Step 38400 Loss Debug:
2025-09-05 06:46:22,547 - INFO -  CE: 1.7798
2025-09-05 06:46:22,548 - INFO -  OOD: 0.0501
2025-09-05 06:46:22,548 - INFO -  β: 32.00
2025-09-05 06:46:22,548 - INFO -  ID: 4169, OOD(254): 53
2025-09-05 06:46:23,644 - INFO - Boosted OOD loss: 0.0421
2025-09-05 06:46:25,827 - INFO - Boosted OOD loss: 0.0440
2025-09-05 06:46:26,926 - INFO - Boosted OOD loss: 0.0278
2025-09-05 06:46:35,579 - INFO - Boosted OOD loss: 0.0473
2025-09-05 06:46:36,678 - INFO - Boosted OOD loss: 0.0395
2025-09-05 06:46:39,397 - INFO - Boosted OOD loss: 0.0297
2025-09-05 06:46:41,041 - INFO - Boosted OOD loss: 0.0168
2025-09-05 06:46:42,684 - INFO - Boosted OOD loss: 0.0320
2025-09-05 06:46:43,250 - INFO - Boosted OOD loss: 0.0301
2025-09-05 06:46:49,748 - INFO - Boosted OOD loss: 0.0326
2025-09-05 06:46:49,748 - INFO - Step 38450 Loss Debug:
2025-09-05 06:46:49,749 - INFO -  CE: 1.8724
2025-09-05 06:46:49,749 - INFO -  OOD: 0.0326
2025-09-05 06:46:49,749 - INFO -  β: 32.00
2025-09-05 06:46:49,749 - INFO -  ID: 6834, OOD(254): 335
2025-09-05 06:46:50,309 - INFO - Boosted OOD loss: 0.0277
2025-09-05 06:46:57,353 - INFO - Boosted OOD loss: 0.0096
2025-09-05 06:46:59,532 - INFO - Boosted OOD loss: 0.0648
2025-09-05 06:47:01,173 - INFO - Boosted OOD loss: 0.0214
2025-09-05 06:47:06,058 - INFO - Boosted OOD loss: 0.0637
2025-09-05 06:47:10,952 - INFO - Boosted OOD loss: 0.0469
2025-09-05 06:47:14,751 - INFO - Boosted OOD loss: 0.0265
2025-09-05 06:47:16,389 - INFO - Boosted OOD loss: 0.0381
2025-09-05 06:47:16,951 - INFO - Boosted OOD loss: -0.0024
2025-09-05 06:47:16,951 - INFO - Step 38500 Loss Debug:
2025-09-05 06:47:16,951 - INFO -  CE: 1.9065
2025-09-05 06:47:16,951 - INFO -  OOD: -0.0024
2025-09-05 06:47:16,951 - INFO -  β: 32.00
2025-09-05 06:47:16,951 - INFO -  ID: 6364, OOD(254): 750
2025-09-05 06:47:17,516 - INFO - Boosted OOD loss: 0.0298
2025-09-05 06:47:24,555 - INFO - Boosted OOD loss: 0.0500
2025-09-05 06:47:28,353 - INFO - Boosted OOD loss: 0.0423
2025-09-05 06:47:29,987 - INFO - Boosted OOD loss: 0.0104
2025-09-05 06:47:32,706 - INFO - Boosted OOD loss: 0.0247
2025-09-05 06:47:34,342 - INFO - Boosted OOD loss: 0.0381
2025-09-05 06:47:35,444 - INFO - Boosted OOD loss: 0.0021
2025-09-05 06:47:44,097 - INFO - Boosted OOD loss: 0.0240
2025-09-05 06:47:44,098 - INFO - Step 38550 Loss Debug:
2025-09-05 06:47:44,098 - INFO -  CE: 1.6937
2025-09-05 06:47:44,098 - INFO -  OOD: 0.0240
2025-09-05 06:47:44,098 - INFO -  β: 32.00
2025-09-05 06:47:44,098 - INFO -  ID: 4913, OOD(254): 342
2025-09-05 06:47:46,278 - INFO - Boosted OOD loss: 0.0479
2025-09-05 06:47:50,077 - INFO - Boosted OOD loss: 0.0704
2025-09-05 06:47:55,498 - INFO - Boosted OOD loss: 0.0293
2025-09-05 06:47:58,217 - INFO - Boosted OOD loss: 0.0236
2025-09-05 06:47:58,778 - INFO - Boosted OOD loss: 0.0442
2025-09-05 06:48:01,497 - INFO - Boosted OOD loss: 0.0239
2025-09-05 06:48:04,763 - INFO - Boosted OOD loss: -0.0010
2025-09-05 06:48:06,942 - INFO - Boosted OOD loss: 0.0516
2025-09-05 06:48:08,588 - INFO - Boosted OOD loss: 0.0133
2025-09-05 06:48:09,689 - INFO - Boosted OOD loss: 0.0552
2025-09-05 06:48:10,789 - INFO - Boosted OOD loss: 0.0860
2025-09-05 06:48:11,342 - WARNING - No anomaly pixels (254) found in batch
2025-09-05 06:48:17,829 - INFO - Boosted OOD loss: 0.0250
2025-09-05 06:48:23,247 - INFO - Boosted OOD loss: 0.0205
2025-09-05 06:48:23,808 - INFO - Boosted OOD loss: 0.0239
2025-09-05 06:48:25,989 - INFO - Boosted OOD loss: 0.0301
2025-09-05 06:48:27,626 - INFO - Boosted OOD loss: 0.0217
2025-09-05 06:48:29,808 - INFO - Boosted OOD loss: 0.0489
2025-09-05 06:48:31,993 - INFO - Boosted OOD loss: 0.0420
2025-09-05 06:48:34,170 - INFO - Boosted OOD loss: 0.0271
2025-09-05 06:48:36,350 - INFO - Boosted OOD loss: 0.0445
2025-09-05 06:48:39,072 - INFO - Boosted OOD loss: 0.0418
2025-09-05 06:48:40,174 - INFO - Boosted OOD loss: 0.0436
2025-09-05 06:48:47,209 - INFO - Boosted OOD loss: 0.0256
2025-09-05 06:48:48,313 - INFO - Boosted OOD loss: 0.0199
2025-09-05 06:48:49,955 - INFO - Boosted OOD loss: 0.0317
2025-09-05 06:48:56,449 - INFO - Boosted OOD loss: 0.0320
2025-09-05 06:48:57,011 - INFO - Boosted OOD loss: 0.0247
2025-09-05 06:49:04,051 - INFO - Boosted OOD loss: 0.0397
2025-09-05 06:49:05,684 - WARNING - No anomaly pixels (254) found in batch
2025-09-05 06:49:08,384 - INFO - Boosted OOD loss: 0.0384
2025-09-05 06:49:10,026 - INFO - Boosted OOD loss: 0.0282
2025-09-05 06:49:11,133 - INFO - Boosted OOD loss: 0.0451
2025-09-05 06:49:13,852 - INFO - Boosted OOD loss: 0.0405
2025-09-05 06:49:16,032 - INFO - Boosted OOD loss: 0.0492
2025-09-05 06:49:16,590 - INFO - Boosted OOD loss: 0.0323
2025-09-05 06:49:17,147 - INFO - Boosted OOD loss: 0.0486
2025-09-05 06:49:20,406 - INFO - Boosted OOD loss: 0.0037
2025-09-05 06:49:21,508 - INFO - Boosted OOD loss: 0.0135
2025-09-05 06:49:24,227 - INFO - Boosted OOD loss: 0.0457
2025-09-05 06:49:24,787 - INFO - Boosted OOD loss: 0.0452
2025-09-05 06:49:26,425 - INFO - Boosted OOD loss: 0.0366
2025-09-05 06:49:28,067 - INFO - Boosted OOD loss: 0.0479
2025-09-05 06:49:33,482 - INFO - Boosted OOD loss: 0.0247
2025-09-05 06:49:34,582 - INFO - Boosted OOD loss: 0.0341
2025-09-05 06:49:37,299 - INFO - Boosted OOD loss: 0.0356
2025-09-05 06:49:38,396 - INFO - Boosted OOD loss: 0.0260
2025-09-05 06:49:41,655 - INFO - Boosted OOD loss: 0.0252
2025-09-05 06:49:43,291 - INFO - Boosted OOD loss: 0.0200
2025-09-05 06:49:46,010 - INFO - Boosted OOD loss: 0.0640
2025-09-05 06:49:48,187 - INFO - Boosted OOD loss: 0.0541
2025-09-05 06:49:56,831 - INFO - Boosted OOD loss: 0.0297
2025-09-05 06:50:00,081 - WARNING - No anomaly pixels (254) found in batch
2025-09-05 06:50:01,707 - INFO - Boosted OOD loss: 0.0365
2025-09-05 06:50:07,667 - INFO - Boosted OOD loss: 0.0346
2025-09-05 06:50:10,923 - INFO - Boosted OOD loss: 0.0404
2025-09-05 06:50:17,964 - INFO - Boosted OOD loss: 0.0405
2025-09-05 06:50:19,607 - INFO - Boosted OOD loss: 0.0281
2025-09-05 06:50:32,045 - INFO - Boosted OOD loss: 0.0600
2025-09-05 06:50:37,461 - INFO - Boosted OOD loss: 0.0276
2025-09-05 06:50:40,185 - INFO - Boosted OOD loss: 0.0449
2025-09-05 06:50:40,749 - INFO - Boosted OOD loss: 0.0420
2025-09-05 06:50:44,012 - INFO - Boosted OOD loss: 0.0443
2025-09-05 06:50:44,576 - INFO - Boosted OOD loss: 0.0255
2025-09-05 06:50:45,135 - INFO - Boosted OOD loss: 0.0490
2025-09-05 06:50:46,234 - INFO - Boosted OOD loss: 0.0333
2025-09-05 06:50:47,872 - INFO - Boosted OOD loss: 0.0532
2025-09-05 06:50:54,365 - WARNING - No anomaly pixels (254) found in batch
2025-09-05 06:50:57,615 - INFO - Boosted OOD loss: 0.0288
2025-09-05 06:50:58,719 - INFO - Boosted OOD loss: 0.0289
2025-09-05 06:50:59,818 - INFO - Boosted OOD loss: 0.0191
2025-09-05 06:51:04,154 - INFO - Boosted OOD loss: 0.0147
2025-09-05 06:51:06,332 - INFO - Boosted OOD loss: 0.0189
2025-09-05 06:51:07,973 - INFO - Boosted OOD loss: 0.0389
2025-09-05 06:51:08,535 - INFO - Boosted OOD loss: 0.0504
2025-09-05 06:51:12,873 - INFO - Boosted OOD loss: 0.0246
2025-09-05 06:51:16,130 - INFO - Boosted OOD loss: 0.0264
2025-09-05 06:51:18,306 - INFO - Boosted OOD loss: 0.0454
2025-09-05 06:51:20,488 - INFO - Boosted OOD loss: 0.0493
2025-09-05 06:51:22,664 - INFO - Boosted OOD loss: 0.0522
2025-09-05 06:51:28,619 - INFO - Boosted OOD loss: 0.0423
2025-09-05 06:51:29,720 - INFO - Boosted OOD loss: 0.0557
2025-09-05 06:51:35,140 - INFO - Boosted OOD loss: 0.0167
2025-09-05 06:51:38,943 - INFO - Boosted OOD loss: 0.0484
2025-09-05 06:51:42,204 - INFO - Boosted OOD loss: 0.0304
2025-09-05 06:51:44,921 - INFO - Boosted OOD loss: 0.0198
2025-09-05 06:51:45,482 - INFO - Boosted OOD loss: 0.0306
2025-09-05 06:51:48,745 - INFO - Boosted OOD loss: 0.0308
2025-09-05 06:51:48,745 - INFO - Step 39000 Loss Debug:
2025-09-05 06:51:48,745 - INFO -  CE: 1.6582
2025-09-05 06:51:48,745 - INFO -  OOD: 0.0308
2025-09-05 06:51:48,745 - INFO -  β: 32.00
2025-09-05 06:51:48,746 - INFO -  ID: 6315, OOD(254): 1261
2025-09-05 06:51:49,309 - INFO - Boosted OOD loss: 0.0037
2025-09-05 06:51:55,822 - INFO - Boosted OOD loss: 0.0262
2025-09-05 06:51:56,389 - INFO - Boosted OOD loss: 0.0187
2025-09-05 06:51:58,034 - INFO - Boosted OOD loss: 0.0459
2025-09-05 06:52:11,546 - INFO - Boosted OOD loss: 0.0240
2025-09-05 06:52:13,189 - INFO - Boosted OOD loss: 0.0105
2025-09-05 06:52:15,912 - INFO - Boosted OOD loss: 0.0275
2025-09-05 06:52:15,912 - INFO - Step 39050 Loss Debug:
2025-09-05 06:52:15,913 - INFO -  CE: 1.5543
2025-09-05 06:52:15,913 - INFO -  OOD: 0.0275
2025-09-05 06:52:15,913 - INFO -  β: 32.00
2025-09-05 06:52:15,913 - INFO -  ID: 6738, OOD(254): 227
2025-09-05 06:52:18,635 - INFO - Boosted OOD loss: 0.0367
2025-09-05 06:52:20,815 - INFO - Boosted OOD loss: 0.0130
2025-09-05 06:52:22,997 - INFO - Boosted OOD loss: 0.0178
2025-09-05 06:52:24,099 - INFO - Boosted OOD loss: 0.0223
2025-09-05 06:52:24,665 - INFO - Boosted OOD loss: 0.0001
2025-09-05 06:52:29,543 - INFO - Boosted OOD loss: 0.0338
2025-09-05 06:52:30,106 - INFO - Boosted OOD loss: 0.0371
2025-09-05 06:52:32,288 - INFO - Boosted OOD loss: 0.0277
2025-09-05 06:52:33,927 - INFO - Boosted OOD loss: 0.0750
2025-09-05 06:52:38,254 - INFO - Boosted OOD loss: 0.0413
2025-09-05 06:52:40,973 - INFO - Boosted OOD loss: 0.0348
2025-09-05 06:52:41,532 - INFO - Boosted OOD loss: 0.0310
2025-09-05 06:52:43,163 - WARNING - No anomaly pixels (254) found in batch
2025-09-05 06:52:49,103 - INFO - Boosted OOD loss: 0.0450
2025-09-05 06:52:51,818 - INFO - Boosted OOD loss: 0.0389
2025-09-05 06:52:53,454 - INFO - Boosted OOD loss: 0.0496
2025-09-05 06:52:55,633 - INFO - Boosted OOD loss: 0.0371
2025-09-05 06:52:56,193 - INFO - Boosted OOD loss: 0.0343
2025-09-05 06:53:00,533 - INFO - Boosted OOD loss: 0.0307
2025-09-05 06:53:06,488 - INFO - Boosted OOD loss: 0.0543
2025-09-05 06:53:08,126 - INFO - Boosted OOD loss: 0.0526
2025-09-05 06:53:10,307 - INFO - Boosted OOD loss: -0.0006
2025-09-05 06:53:10,307 - INFO - Step 39150 Loss Debug:
2025-09-05 06:53:10,307 - INFO -  CE: 2.3198
2025-09-05 06:53:10,307 - INFO -  OOD: -0.0006
2025-09-05 06:53:10,307 - INFO -  β: 32.00
2025-09-05 06:53:10,307 - INFO -  ID: 7316, OOD(254): 757
2025-09-05 06:53:11,408 - INFO - Boosted OOD loss: 0.0149
2025-09-05 06:53:23,840 - INFO - Boosted OOD loss: 0.0436
2025-09-05 06:53:25,479 - INFO - Boosted OOD loss: 0.0312
2025-09-05 06:53:33,593 - INFO - Boosted OOD loss: 0.0058
2025-09-05 06:53:35,775 - INFO - Boosted OOD loss: 0.0272
2025-09-05 06:53:36,338 - INFO - Boosted OOD loss: 0.0520
2025-09-05 06:53:36,898 - INFO - Boosted OOD loss: 0.0350
2025-09-05 06:53:37,457 - INFO - Boosted OOD loss: 0.0567
2025-09-05 06:53:37,457 - INFO - Step 39200 Loss Debug:
2025-09-05 06:53:37,457 - INFO -  CE: 1.6295
2025-09-05 06:53:37,458 - INFO -  OOD: 0.0567
2025-09-05 06:53:37,458 - INFO -  β: 32.00
2025-09-05 06:53:37,458 - INFO -  ID: 7036, OOD(254): 29
2025-09-05 06:53:39,172 - INFO - Updated beta to 12.56 (exp decay)
2025-09-05 06:54:00,248 - WARNING - Negative mean energy—verify E_b formula/signs
2025-09-05 06:54:00,248 - INFO - Weights updated successfully
2025-09-05 06:54:00,249 - INFO - Advanced epoch 22 - Updated beta: 12.56
2025-09-05 06:54:00,249 - INFO - Epoch 22 - Avg CE: 1.8134, Avg OOD: 0.0070, β: 32
2025-09-05 06:54:00,360 - INFO - 
Starting Epoch 23/100
2025-09-05 06:54:00,361 - INFO - ============================================================
2025-09-05 06:54:00,362 - INFO - 
Updating Hopfield boosting weights at epoch 23...
2025-09-05 06:54:10,971 - WARNING - Negative mean energy—verify E_b formula/signs
2025-09-05 06:54:10,971 - INFO - Weights updated successfully
2025-09-05 06:54:10,972 - INFO - Weight Update Debug at Epoch 23: No high-weight OOD pixels found
2025-09-05 06:54:12,135 - INFO - Boosted OOD loss: 0.0578
2025-09-05 06:54:18,079 - INFO - Boosted OOD loss: 0.0199
2025-09-05 06:54:19,178 - INFO - Boosted OOD loss: 0.0493
2025-09-05 06:54:21,356 - INFO - Boosted OOD loss: 0.0437
2025-09-05 06:54:26,772 - INFO - Boosted OOD loss: 0.0324
2025-09-05 06:54:30,585 - INFO - Boosted OOD loss: 0.0412
2025-09-05 06:54:36,560 - INFO - Boosted OOD loss: 0.0422
2025-09-05 06:54:37,130 - INFO - Boosted OOD loss: 0.0639
2025-09-05 06:54:37,130 - INFO - Step 39250 Loss Debug:
2025-09-05 06:54:37,130 - INFO -  CE: 1.3362
2025-09-05 06:54:37,130 - INFO -  OOD: 0.0639
2025-09-05 06:54:37,130 - INFO -  β: 32.00
2025-09-05 06:54:37,130 - INFO -  ID: 5692, OOD(254): 35
2025-09-05 06:54:38,232 - INFO - Boosted OOD loss: 0.0391
2025-09-05 06:54:39,879 - INFO - Boosted OOD loss: 0.0160
2025-09-05 06:54:43,151 - INFO - Boosted OOD loss: 0.0300
2025-09-05 06:54:54,023 - INFO - Boosted OOD loss: 0.0800
2025-09-05 06:54:56,210 - INFO - Boosted OOD loss: 0.0275
2025-09-05 06:55:00,570 - INFO - Boosted OOD loss: 0.0489
2025-09-05 06:55:01,131 - INFO - Boosted OOD loss: 0.0376
2025-09-05 06:55:02,241 - INFO - Boosted OOD loss: 0.0355
2025-09-05 06:55:03,353 - INFO - Boosted OOD loss: 0.0433
2025-09-05 06:55:04,445 - WARNING - No anomaly pixels (254) found in batch
2025-09-05 06:55:08,240 - INFO - Boosted OOD loss: 0.0448
2025-09-05 06:55:08,804 - INFO - Boosted OOD loss: 0.0282
2025-09-05 06:55:11,538 - INFO - Boosted OOD loss: 0.0195
2025-09-05 06:55:12,104 - INFO - Boosted OOD loss: 0.0131
2025-09-05 06:55:14,829 - INFO - Boosted OOD loss: 0.0318
2025-09-05 06:55:17,011 - INFO - Boosted OOD loss: 0.0235
2025-09-05 06:55:18,118 - INFO - Boosted OOD loss: 0.0227
2025-09-05 06:55:18,684 - INFO - Boosted OOD loss: 0.0246
2025-09-05 06:55:23,565 - INFO - Boosted OOD loss: 0.0394
2025-09-05 06:55:26,829 - INFO - Boosted OOD loss: 0.0498
2025-09-05 06:55:33,871 - INFO - Boosted OOD loss: 0.0281
2025-09-05 06:55:38,748 - INFO - Boosted OOD loss: 0.0365
2025-09-05 06:55:40,391 - INFO - Boosted OOD loss: 0.0503
2025-09-05 06:55:43,659 - INFO - Boosted OOD loss: 0.0197
2025-09-05 06:55:44,223 - INFO - Boosted OOD loss: 0.0395
2025-09-05 06:55:45,862 - INFO - Boosted OOD loss: 0.0285
2025-09-05 06:55:49,123 - INFO - Boosted OOD loss: 0.0211
2025-09-05 06:55:51,846 - INFO - Boosted OOD loss: 0.0395
2025-09-05 06:55:54,025 - INFO - Boosted OOD loss: 0.0485
2025-09-05 06:55:58,905 - WARNING - No anomaly pixels (254) found in batch
2025-09-05 06:56:00,528 - INFO - Boosted OOD loss: 0.0394
2025-09-05 06:56:01,628 - INFO - Boosted OOD loss: 0.0385
2025-09-05 06:56:04,886 - INFO - Boosted OOD loss: 0.0401
2025-09-05 06:56:13,535 - INFO - Boosted OOD loss: 0.0043
2025-09-05 06:56:24,887 - INFO - Boosted OOD loss: 0.0398
2025-09-05 06:56:25,989 - INFO - Boosted OOD loss: 0.0379
2025-09-05 06:56:25,990 - INFO - Step 39450 Loss Debug:
2025-09-05 06:56:25,990 - INFO -  CE: 1.9970
2025-09-05 06:56:25,990 - INFO -  OOD: 0.0379
2025-09-05 06:56:25,990 - INFO -  β: 32.00
2025-09-05 06:56:25,990 - INFO -  ID: 5748, OOD(254): 109
2025-09-05 06:56:26,553 - INFO - Boosted OOD loss: 0.0357
2025-09-05 06:56:28,730 - INFO - Boosted OOD loss: 0.0328
2025-09-05 06:56:30,910 - INFO - Boosted OOD loss: 0.0385
2025-09-05 06:56:32,011 - INFO - Boosted OOD loss: -0.0021
2025-09-05 06:56:35,816 - INFO - Boosted OOD loss: 0.0441
2025-09-05 06:56:38,528 - INFO - Boosted OOD loss: 0.0402
2025-09-05 06:56:41,245 - INFO - Boosted OOD loss: 0.0319
2025-09-05 06:56:43,956 - INFO - Boosted OOD loss: 0.0185
2025-09-05 06:56:45,055 - INFO - Boosted OOD loss: 0.0525
2025-09-05 06:56:46,695 - INFO - Boosted OOD loss: 0.0364
2025-09-05 06:56:47,256 - INFO - Boosted OOD loss: 0.0242
2025-09-05 06:56:47,814 - INFO - Boosted OOD loss: 0.0324
2025-09-05 06:56:51,609 - INFO - Boosted OOD loss: 0.0403
2025-09-05 06:56:52,173 - INFO - Boosted OOD loss: 0.0246
2025-09-05 06:56:53,268 - WARNING - No anomaly pixels (254) found in batch
2025-09-05 06:56:53,815 - INFO - Boosted OOD loss: 0.0306
2025-09-05 06:56:54,372 - INFO - Boosted OOD loss: 0.0284
2025-09-05 06:57:03,567 - INFO - Boosted OOD loss: 0.0288
2025-09-05 06:57:05,745 - INFO - Boosted OOD loss: 0.0490
2025-09-05 06:57:06,847 - INFO - Boosted OOD loss: 0.0385
2025-09-05 06:57:08,488 - INFO - Boosted OOD loss: 0.0529
2025-09-05 06:57:09,590 - INFO - Boosted OOD loss: 0.0117
2025-09-05 06:57:11,229 - INFO - Boosted OOD loss: 0.0449
2025-09-05 06:57:13,945 - INFO - Boosted OOD loss: 0.0268
2025-09-05 06:57:15,588 - INFO - Boosted OOD loss: 0.0598
2025-09-05 06:57:20,467 - INFO - Boosted OOD loss: 0.0301
2025-09-05 06:57:20,467 - INFO - Step 39550 Loss Debug:
2025-09-05 06:57:20,467 - INFO -  CE: 1.7859
2025-09-05 06:57:20,467 - INFO -  OOD: 0.0301
2025-09-05 06:57:20,467 - INFO -  β: 32.00
2025-09-05 06:57:20,468 - INFO -  ID: 6894, OOD(254): 737
2025-09-05 06:57:21,029 - INFO - Boosted OOD loss: 0.0303
2025-09-05 06:57:21,594 - INFO - Boosted OOD loss: 0.0160
2025-09-05 06:57:25,940 - INFO - Boosted OOD loss: 0.0381
2025-09-05 06:57:28,664 - INFO - Boosted OOD loss: 0.0417
2025-09-05 06:57:29,760 - INFO - Boosted OOD loss: 0.0510
2025-09-05 06:57:32,483 - INFO - Boosted OOD loss: 0.0256
2025-09-05 06:57:36,280 - INFO - Boosted OOD loss: 0.0362
2025-09-05 06:57:39,006 - INFO - Boosted OOD loss: 0.0448
2025-09-05 06:57:40,108 - INFO - Boosted OOD loss: 0.0490
2025-09-05 06:57:43,902 - INFO - Boosted OOD loss: 0.0194
2025-09-05 06:57:47,692 - WARNING - No anomaly pixels (254) found in batch
2025-09-05 06:57:48,774 - INFO - Boosted OOD loss: 0.0227
2025-09-05 06:57:50,949 - INFO - Boosted OOD loss: 0.0317
2025-09-05 06:57:51,514 - INFO - Boosted OOD loss: 0.0301
2025-09-05 06:57:53,159 - INFO - Boosted OOD loss: 0.0440
2025-09-05 06:57:55,880 - INFO - Boosted OOD loss: 0.0270
2025-09-05 06:57:58,056 - INFO - Boosted OOD loss: 0.0208
2025-09-05 06:58:08,308 - INFO - Boosted OOD loss: 0.0370
2025-09-05 06:58:08,870 - INFO - Boosted OOD loss: 0.0325
2025-09-05 06:58:10,504 - INFO - Boosted OOD loss: 0.0372
2025-09-05 06:58:13,756 - INFO - Boosted OOD loss: 0.0286
2025-09-05 06:58:20,786 - INFO - Boosted OOD loss: 0.0329
2025-09-05 06:58:22,425 - INFO - Boosted OOD loss: 0.0325
2025-09-05 06:58:22,992 - INFO - Boosted OOD loss: 0.0249
2025-09-05 06:58:30,560 - INFO - Boosted OOD loss: 0.0397
2025-09-05 06:58:32,197 - INFO - Boosted OOD loss: 0.0557
2025-09-05 06:58:33,298 - INFO - Boosted OOD loss: 0.0463
2025-09-05 06:58:36,022 - INFO - Boosted OOD loss: 0.0244
2025-09-05 06:58:37,660 - INFO - Boosted OOD loss: 0.0171
2025-09-05 06:58:38,219 - INFO - Boosted OOD loss: 0.0268
2025-09-05 06:58:41,478 - INFO - Boosted OOD loss: 0.0068
2025-09-05 06:58:42,033 - WARNING - No anomaly pixels (254) found in batch
2025-09-05 06:58:42,581 - INFO - Boosted OOD loss: 0.0152
2025-09-05 06:58:43,139 - INFO - Boosted OOD loss: 0.0303
2025-09-05 06:58:44,242 - INFO - Boosted OOD loss: 0.0258
2025-09-05 06:58:44,808 - INFO - Boosted OOD loss: -0.0003
2025-09-05 06:58:48,605 - INFO - Boosted OOD loss: 0.0555
2025-09-05 06:58:50,247 - INFO - Boosted OOD loss: 0.0286
2025-09-05 06:58:55,121 - INFO - Boosted OOD loss: 0.0359
2025-09-05 06:59:01,621 - INFO - Boosted OOD loss: 0.0316
2025-09-05 06:59:03,264 - INFO - Boosted OOD loss: 0.0213
2025-09-05 06:59:04,911 - INFO - Boosted OOD loss: 0.0218
2025-09-05 06:59:06,017 - INFO - Boosted OOD loss: 0.0374
2025-09-05 06:59:08,192 - INFO - Boosted OOD loss: 0.0372
2025-09-05 06:59:09,828 - INFO - Boosted OOD loss: 0.0532
2025-09-05 06:59:11,465 - INFO - Boosted OOD loss: 0.0225
2025-09-05 06:59:13,646 - INFO - Boosted OOD loss: -0.0008
2025-09-05 06:59:17,444 - INFO - Boosted OOD loss: 0.0498
2025-09-05 06:59:20,160 - INFO - Boosted OOD loss: 0.0407
2025-09-05 06:59:23,955 - INFO - Boosted OOD loss: 0.0329
2025-09-05 06:59:25,056 - INFO - Boosted OOD loss: 0.0151
2025-09-05 06:59:26,694 - INFO - Boosted OOD loss: 0.0471
2025-09-05 06:59:31,560 - INFO - Boosted OOD loss: 0.0023
2025-09-05 06:59:34,281 - INFO - Boosted OOD loss: 0.0171
2025-09-05 06:59:34,844 - INFO - Boosted OOD loss: 0.0133
2025-09-05 06:59:36,473 - WARNING - No anomaly pixels (254) found in batch
2025-09-05 06:59:39,170 - INFO - Boosted OOD loss: 0.0319
2025-09-05 06:59:41,882 - INFO - Boosted OOD loss: 0.0240
2025-09-05 06:59:47,295 - INFO - Boosted OOD loss: 0.0246
2025-09-05 06:59:51,086 - INFO - Boosted OOD loss: 0.0276
2025-09-05 06:59:52,182 - INFO - Boosted OOD loss: 0.0147
2025-09-05 06:59:54,357 - INFO - Boosted OOD loss: 0.0302
2025-09-05 06:59:54,917 - INFO - Boosted OOD loss: 0.0303
2025-09-05 06:59:56,015 - INFO - Boosted OOD loss: 0.0345
2025-09-05 06:59:57,652 - INFO - Boosted OOD loss: 0.0238
2025-09-05 07:00:00,368 - INFO - Boosted OOD loss: 0.0231
2025-09-05 07:00:04,158 - INFO - Boosted OOD loss: 0.0255
2025-09-05 07:00:06,342 - INFO - Boosted OOD loss: 0.0047
2025-09-05 07:00:16,601 - INFO - Boosted OOD loss: 0.0245
2025-09-05 07:00:18,242 - INFO - Boosted OOD loss: 0.0198
2025-09-05 07:00:19,345 - INFO - Boosted OOD loss: 0.0225
2025-09-05 07:00:21,524 - INFO - Boosted OOD loss: 0.0195
2025-09-05 07:00:22,625 - INFO - Boosted OOD loss: 0.0313
2025-09-05 07:00:28,038 - INFO - Boosted OOD loss: 0.0247
2025-09-05 07:00:28,598 - INFO - Boosted OOD loss: 0.0334
2025-09-05 07:00:29,160 - INFO - Boosted OOD loss: 0.0478
2025-09-05 07:00:30,797 - WARNING - No anomaly pixels (254) found in batch
2025-09-05 07:00:31,343 - INFO - Boosted OOD loss: 0.0490
2025-09-05 07:00:34,595 - INFO - Boosted OOD loss: 0.0393
2025-09-05 07:00:40,547 - INFO - Boosted OOD loss: 0.0317
2025-09-05 07:00:43,264 - INFO - Boosted OOD loss: 0.0176
2025-09-05 07:00:54,078 - INFO - Boosted OOD loss: 0.0233
2025-09-05 07:00:55,177 - INFO - Boosted OOD loss: 0.0237
2025-09-05 07:00:56,275 - INFO - Boosted OOD loss: 0.0471
2025-09-05 07:00:59,532 - INFO - Boosted OOD loss: 0.0278
2025-09-05 07:01:00,637 - INFO - Boosted OOD loss: 0.0268
2025-09-05 07:01:02,278 - INFO - Boosted OOD loss: 0.0118
2025-09-05 07:01:03,380 - INFO - Boosted OOD loss: 0.0364
2025-09-05 07:01:05,560 - INFO - Boosted OOD loss: 0.0241
2025-09-05 07:01:07,206 - INFO - Boosted OOD loss: 0.0407
2025-09-05 07:01:07,770 - INFO - Boosted OOD loss: 0.0243
2025-09-05 07:01:08,869 - INFO - Boosted OOD loss: 0.0269
2025-09-05 07:01:13,195 - INFO - Boosted OOD loss: 0.0463
2025-09-05 07:01:19,140 - INFO - Boosted OOD loss: 0.0343
2025-09-05 07:01:22,931 - INFO - Boosted OOD loss: 0.0270
2025-09-05 07:01:23,490 - INFO - Boosted OOD loss: 0.0373
2025-09-05 07:01:24,051 - INFO - Boosted OOD loss: 0.0502
2025-09-05 07:01:25,143 - WARNING - No anomaly pixels (254) found in batch
2025-09-05 07:01:28,921 - INFO - Boosted OOD loss: 0.0438
2025-09-05 07:01:29,481 - INFO - Boosted OOD loss: 0.0516
2025-09-05 07:01:32,734 - INFO - Boosted OOD loss: 0.0364
2025-09-05 07:01:34,371 - INFO - Boosted OOD loss: 0.0385
2025-09-05 07:01:34,931 - INFO - Boosted OOD loss: 0.0126
2025-09-05 07:01:35,488 - INFO - Boosted OOD loss: 0.0305
2025-09-05 07:01:36,053 - INFO - Boosted OOD loss: 0.0362
2025-09-05 07:01:51,720 - INFO - Boosted OOD loss: -0.0030
2025-09-05 07:01:54,440 - INFO - Boosted OOD loss: 0.0232
2025-09-05 07:01:56,619 - INFO - Boosted OOD loss: 0.0429
2025-09-05 07:01:58,257 - INFO - Boosted OOD loss: 0.0361
2025-09-05 07:01:59,895 - INFO - Boosted OOD loss: 0.0252
2025-09-05 07:02:00,450 - INFO - Boosted OOD loss: 0.0140
2025-09-05 07:02:08,018 - INFO - Boosted OOD loss: 0.0550
2025-09-05 07:02:09,651 - INFO - Boosted OOD loss: 0.0189
2025-09-05 07:02:14,524 - INFO - Boosted OOD loss: 0.0206
2025-09-05 07:02:15,086 - INFO - Boosted OOD loss: 0.0222
2025-09-05 07:02:17,799 - INFO - Boosted OOD loss: 0.0412
2025-09-05 07:02:19,430 - WARNING - No anomaly pixels (254) found in batch
2025-09-05 07:02:22,132 - INFO - Boosted OOD loss: 0.0192
2025-09-05 07:02:23,232 - INFO - Boosted OOD loss: 0.0372
2025-09-05 07:02:23,791 - INFO - Boosted OOD loss: 0.0270
2025-09-05 07:02:25,431 - INFO - Boosted OOD loss: 0.0432
2025-09-05 07:02:29,229 - INFO - Boosted OOD loss: 0.0666
2025-09-05 07:02:30,332 - INFO - Boosted OOD loss: 0.0344
2025-09-05 07:02:33,055 - INFO - Boosted OOD loss: 0.0508
2025-09-05 07:02:33,616 - INFO - Boosted OOD loss: 0.0294
2025-09-05 07:02:34,175 - INFO - Boosted OOD loss: 0.0682
2025-09-05 07:02:46,596 - INFO - Boosted OOD loss: 0.0497
2025-09-05 07:02:46,597 - INFO - Step 40150 Loss Debug:
2025-09-05 07:02:46,597 - INFO -  CE: 1.6315
2025-09-05 07:02:46,597 - INFO -  OOD: 0.0497
2025-09-05 07:02:46,597 - INFO -  β: 32.00
2025-09-05 07:02:46,597 - INFO -  ID: 6964, OOD(254): 76
2025-09-05 07:02:47,156 - INFO - Boosted OOD loss: 0.0132
2025-09-05 07:02:49,337 - INFO - Boosted OOD loss: 0.0597
2025-09-05 07:02:56,367 - INFO - Boosted OOD loss: 0.0229
2025-09-05 07:02:59,086 - INFO - Boosted OOD loss: 0.0374
2025-09-05 07:03:06,653 - INFO - Boosted OOD loss: 0.0568
2025-09-05 07:03:09,366 - INFO - Boosted OOD loss: 0.0252
2025-09-05 07:03:11,541 - INFO - Boosted OOD loss: 0.0160
2025-09-05 07:03:12,100 - INFO - Boosted OOD loss: 0.0336
2025-09-05 07:03:13,202 - INFO - Boosted OOD loss: 0.0547
2025-09-05 07:03:13,756 - WARNING - No anomaly pixels (254) found in batch
2025-09-05 07:03:22,397 - INFO - Boosted OOD loss: 0.0232
2025-09-05 07:03:22,955 - INFO - Boosted OOD loss: 0.0283
2025-09-05 07:03:24,597 - INFO - Boosted OOD loss: 0.0534
2025-09-05 07:03:25,158 - INFO - Boosted OOD loss: 0.0354
2025-09-05 07:03:29,489 - INFO - Boosted OOD loss: 0.0143
2025-09-05 07:03:30,585 - INFO - Boosted OOD loss: 0.0207
2025-09-05 07:03:34,917 - INFO - Boosted OOD loss: 0.0196
2025-09-05 07:03:37,631 - INFO - Boosted OOD loss: 0.0384
2025-09-05 07:03:39,267 - INFO - Boosted OOD loss: 0.0367
2025-09-05 07:03:39,831 - INFO - Boosted OOD loss: 0.0314
2025-09-05 07:03:42,008 - INFO - Boosted OOD loss: 0.0069
2025-09-05 07:03:46,337 - INFO - Boosted OOD loss: 0.0327
2025-09-05 07:03:48,512 - INFO - Boosted OOD loss: 0.0455
2025-09-05 07:03:51,773 - INFO - Boosted OOD loss: 0.0358
2025-09-05 07:03:53,413 - INFO - Boosted OOD loss: 0.0195
2025-09-05 07:03:56,127 - INFO - Boosted OOD loss: 0.0367
2025-09-05 07:03:57,761 - INFO - Boosted OOD loss: 0.0374
2025-09-05 07:03:58,318 - INFO - Boosted OOD loss: 0.0207
2025-09-05 07:03:58,880 - INFO - Boosted OOD loss: 0.0389
2025-09-05 07:04:02,132 - INFO - Boosted OOD loss: 0.0383
2025-09-05 07:04:03,773 - INFO - Boosted OOD loss: 0.0200
2025-09-05 07:04:06,495 - INFO - Boosted OOD loss: 0.0237
2025-09-05 07:04:08,138 - INFO - Boosted OOD loss: 0.0466
2025-09-05 07:04:08,139 - INFO - Step 40300 Loss Debug:
2025-09-05 07:04:08,139 - INFO -  CE: 2.1379
2025-09-05 07:04:08,139 - INFO -  OOD: 0.0466
2025-09-05 07:04:08,139 - INFO -  β: 32.00
2025-09-05 07:04:08,139 - INFO -  ID: 6873, OOD(254): 515
2025-09-05 07:04:09,240 - INFO - Boosted OOD loss: 0.0081
2025-09-05 07:04:09,803 - INFO - Boosted OOD loss: 0.0478
2025-09-05 07:04:14,141 - INFO - Boosted OOD loss: 0.0186
2025-09-05 07:04:14,704 - INFO - Boosted OOD loss: 0.0385
2025-09-05 07:04:19,031 - INFO - Boosted OOD loss: 0.0476
2025-09-05 07:04:23,363 - INFO - Boosted OOD loss: 0.0400
2025-09-05 07:04:26,615 - INFO - Boosted OOD loss: 0.0253
2025-09-05 07:04:30,414 - INFO - Boosted OOD loss: 0.0315
2025-09-05 07:04:34,748 - INFO - Boosted OOD loss: 0.0297
2025-09-05 07:04:35,847 - INFO - Boosted OOD loss: 0.0139
2025-09-05 07:04:36,407 - INFO - Boosted OOD loss: 0.0479
2025-09-05 07:04:39,118 - INFO - Boosted OOD loss: 0.0328
2025-09-05 07:04:41,296 - INFO - Boosted OOD loss: 0.0393
2025-09-05 07:04:45,089 - INFO - Boosted OOD loss: 0.0410
2025-09-05 07:04:48,348 - INFO - Boosted OOD loss: 0.0351
2025-09-05 07:04:57,000 - INFO - Boosted OOD loss: 0.0448
2025-09-05 07:05:02,405 - WARNING - No anomaly pixels (254) found in batch
2025-09-05 07:05:08,342 - INFO - Boosted OOD loss: 0.0482
2025-09-05 07:05:08,905 - INFO - Boosted OOD loss: 0.0278
2025-09-05 07:05:12,703 - INFO - Boosted OOD loss: 0.0506
2025-09-05 07:05:14,879 - INFO - Boosted OOD loss: 0.0458
2025-09-05 07:05:15,977 - INFO - Boosted OOD loss: 0.0496
2025-09-05 07:05:18,693 - INFO - Boosted OOD loss: 0.0192
2025-09-05 07:05:20,874 - INFO - Boosted OOD loss: 0.0057
2025-09-05 07:05:23,051 - INFO - Boosted OOD loss: 0.0403
2025-09-05 07:05:23,610 - INFO - Boosted OOD loss: 0.0222
2025-09-05 07:05:29,022 - INFO - Boosted OOD loss: -0.0024
2025-09-05 07:05:35,510 - INFO - Boosted OOD loss: 0.0419
2025-09-05 07:05:37,148 - INFO - Boosted OOD loss: 0.0383
2025-09-05 07:05:38,253 - INFO - Boosted OOD loss: 0.0285
2025-09-05 07:05:38,813 - INFO - Boosted OOD loss: 0.0230
2025-09-05 07:05:40,986 - INFO - Boosted OOD loss: 0.0335
2025-09-05 07:05:42,621 - INFO - Boosted OOD loss: 0.0250
2025-09-05 07:05:44,259 - INFO - Boosted OOD loss: 0.0172
2025-09-05 07:05:45,359 - INFO - Boosted OOD loss: 0.0375
2025-09-05 07:05:48,615 - INFO - Boosted OOD loss: 0.0208
2025-09-05 07:05:49,173 - INFO - Boosted OOD loss: 0.0303
2025-09-05 07:05:49,733 - INFO - Boosted OOD loss: 0.0239
2025-09-05 07:05:54,072 - INFO - Boosted OOD loss: 0.0390
2025-09-05 07:05:56,783 - WARNING - No anomaly pixels (254) found in batch
2025-09-05 07:05:58,405 - INFO - Boosted OOD loss: 0.0398
2025-09-05 07:05:59,505 - INFO - Boosted OOD loss: 0.0395
2025-09-05 07:06:02,760 - INFO - Boosted OOD loss: 0.0317
2025-09-05 07:06:04,939 - INFO - Boosted OOD loss: 0.0386
2025-09-05 07:06:08,190 - INFO - Boosted OOD loss: 0.0210
2025-09-05 07:06:11,446 - INFO - Boosted OOD loss: 0.0292
2025-09-05 07:06:12,544 - INFO - Boosted OOD loss: 0.0472
2025-09-05 07:06:13,641 - INFO - Boosted OOD loss: 0.0338
2025-09-05 07:06:14,199 - INFO - Boosted OOD loss: 0.0233
2025-09-05 07:06:15,835 - INFO - Boosted OOD loss: 0.0300
2025-09-05 07:06:17,478 - INFO - Boosted OOD loss: 0.0265
2025-09-05 07:06:19,658 - INFO - Boosted OOD loss: 0.0444
2025-09-05 07:06:24,526 - INFO - Boosted OOD loss: 0.0554
2025-09-05 07:06:31,551 - INFO - Boosted OOD loss: 0.0485
2025-09-05 07:06:41,816 - INFO - Boosted OOD loss: 0.0438
2025-09-05 07:06:42,920 - INFO - Boosted OOD loss: 0.0350
2025-09-05 07:06:43,482 - INFO - Boosted OOD loss: 0.0189
2025-09-05 07:06:46,200 - INFO - Boosted OOD loss: 0.0482
2025-09-05 07:06:46,760 - INFO - Boosted OOD loss: 0.0434
2025-09-05 07:06:47,317 - INFO - Boosted OOD loss: 0.0448
2025-09-05 07:06:51,099 - WARNING - No anomaly pixels (254) found in batch
2025-09-05 07:06:54,869 - INFO - Boosted OOD loss: 0.0695
2025-09-05 07:06:55,431 - INFO - Boosted OOD loss: 0.0279
2025-09-05 07:06:57,073 - INFO - Boosted OOD loss: 0.0136
2025-09-05 07:06:58,714 - INFO - Boosted OOD loss: 0.0398
2025-09-05 07:07:00,356 - INFO - Boosted OOD loss: 0.0334
2025-09-05 07:07:00,918 - INFO - Boosted OOD loss: 0.0350
2025-09-05 07:07:11,190 - INFO - Boosted OOD loss: 0.0307
2025-09-05 07:07:17,149 - INFO - Boosted OOD loss: 0.0167
2025-09-05 07:07:18,795 - INFO - Boosted OOD loss: 0.0316
2025-09-05 07:07:19,356 - INFO - Boosted OOD loss: 0.0369
2025-09-05 07:07:19,918 - INFO - Boosted OOD loss: 0.0722
2025-09-05 07:07:20,481 - INFO - Boosted OOD loss: 0.0244
2025-09-05 07:07:22,117 - INFO - Boosted OOD loss: 0.0464
2025-09-05 07:07:23,753 - INFO - Boosted OOD loss: 0.0517
2025-09-05 07:07:24,851 - INFO - Boosted OOD loss: 0.0354
2025-09-05 07:07:25,958 - INFO - Boosted OOD loss: 0.0061
2025-09-05 07:07:26,526 - INFO - Boosted OOD loss: 0.0187
2025-09-05 07:07:27,629 - INFO - Boosted OOD loss: 0.0462
2025-09-05 07:07:30,889 - INFO - Boosted OOD loss: 0.0272
2025-09-05 07:07:31,451 - INFO - Boosted OOD loss: 0.0467
2025-09-05 07:07:35,791 - INFO - Boosted OOD loss: 0.0511
2025-09-05 07:07:36,354 - INFO - Boosted OOD loss: 0.0567
2025-09-05 07:07:40,145 - INFO - Boosted OOD loss: 0.0370
2025-09-05 07:07:44,478 - INFO - Boosted OOD loss: 0.0351
2025-09-05 07:07:45,570 - WARNING - No anomaly pixels (254) found in batch
2025-09-05 07:07:46,653 - INFO - Boosted OOD loss: 0.0123
2025-09-05 07:07:51,527 - INFO - Boosted OOD loss: 0.0213
2025-09-05 07:07:52,626 - INFO - Boosted OOD loss: 0.0449
2025-09-05 07:07:54,801 - INFO - Boosted OOD loss: 0.0362
2025-09-05 07:07:55,901 - INFO - Boosted OOD loss: 0.0153
2025-09-05 07:07:56,461 - INFO - Boosted OOD loss: 0.0375
2025-09-05 07:07:59,174 - INFO - Boosted OOD loss: 0.0314
2025-09-05 07:08:00,274 - INFO - Boosted OOD loss: 0.0262
2025-09-05 07:08:01,915 - INFO - Boosted OOD loss: 0.0211
2025-09-05 07:08:06,247 - INFO - Boosted OOD loss: 0.0198
2025-09-05 07:08:07,347 - INFO - Boosted OOD loss: 0.0187
2025-09-05 07:08:11,688 - INFO - Boosted OOD loss: 0.0361
2025-09-05 07:08:12,796 - INFO - Boosted OOD loss: 0.0437
2025-09-05 07:08:12,796 - INFO - Step 40750 Loss Debug:
2025-09-05 07:08:12,797 - INFO -  CE: 1.4396
2025-09-05 07:08:12,797 - INFO -  OOD: 0.0437
2025-09-05 07:08:12,797 - INFO -  β: 32.00
2025-09-05 07:08:12,797 - INFO -  ID: 5176, OOD(254): 1293
2025-09-05 07:08:14,981 - INFO - Boosted OOD loss: 0.0496
2025-09-05 07:08:15,540 - INFO - Boosted OOD loss: 0.0425
2025-09-05 07:08:19,339 - INFO - Boosted OOD loss: 0.0274
2025-09-05 07:08:23,678 - INFO - Boosted OOD loss: 0.0551
2025-09-05 07:08:24,242 - INFO - Boosted OOD loss: 0.0287
2025-09-05 07:08:25,343 - INFO - Boosted OOD loss: 0.0349
2025-09-05 07:08:26,443 - INFO - Boosted OOD loss: 0.0328
2025-09-05 07:08:27,542 - INFO - Boosted OOD loss: 0.0552
2025-09-05 07:08:30,798 - INFO - Boosted OOD loss: 0.0446
2025-09-05 07:08:33,518 - INFO - Boosted OOD loss: 0.0255
2025-09-05 07:08:35,703 - INFO - Boosted OOD loss: 0.0225
2025-09-05 07:08:37,891 - INFO - Boosted OOD loss: 0.0519
2025-09-05 07:08:40,068 - WARNING - No anomaly pixels (254) found in batch
2025-09-05 07:08:41,155 - INFO - Boosted OOD loss: 0.0219
2025-09-05 07:08:44,420 - INFO - Boosted OOD loss: 0.0506
2025-09-05 07:08:49,841 - INFO - Boosted OOD loss: 0.0426
2025-09-05 07:08:52,021 - INFO - Boosted OOD loss: 0.0279
2025-09-05 07:08:53,120 - INFO - Boosted OOD loss: 0.0512
2025-09-05 07:08:53,682 - INFO - Boosted OOD loss: 0.0359
2025-09-05 07:08:54,241 - INFO - Boosted OOD loss: 0.0415
2025-09-05 07:09:02,357 - INFO - Boosted OOD loss: 0.0257
2025-09-05 07:09:03,457 - INFO - Boosted OOD loss: 0.0395
2025-09-05 07:09:06,718 - INFO - Boosted OOD loss: 0.0405
2025-09-05 07:09:07,818 - INFO - Boosted OOD loss: 0.0443
2025-09-05 07:09:16,458 - INFO - Boosted OOD loss: 0.0214
2025-09-05 07:09:18,101 - INFO - Boosted OOD loss: 0.0438
2025-09-05 07:09:19,201 - INFO - Boosted OOD loss: 0.0450
2025-09-05 07:09:24,617 - INFO - Boosted OOD loss: 0.0021
2025-09-05 07:09:25,716 - INFO - Boosted OOD loss: 0.0281
2025-09-05 07:09:27,352 - INFO - Boosted OOD loss: 0.0385
2025-09-05 07:09:30,071 - INFO - Boosted OOD loss: 0.0406
2025-09-05 07:09:34,396 - WARNING - No anomaly pixels (254) found in batch
2025-09-05 07:09:35,485 - INFO - Boosted OOD loss: 0.0379
2025-09-05 07:09:36,047 - INFO - Boosted OOD loss: 0.0348
2025-09-05 07:09:36,610 - INFO - Boosted OOD loss: 0.0074
2025-09-05 07:09:38,250 - INFO - Boosted OOD loss: 0.0287
2025-09-05 07:09:39,886 - INFO - Boosted OOD loss: 0.0427
2025-09-05 07:09:42,063 - INFO - Boosted OOD loss: 0.0301
2025-09-05 07:09:43,167 - INFO - Boosted OOD loss: 0.0356
2025-09-05 07:09:43,730 - INFO - Boosted OOD loss: 0.0321
2025-09-05 07:09:44,828 - INFO - Boosted OOD loss: 0.0267
2025-09-05 07:09:45,929 - INFO - Boosted OOD loss: 0.0140
2025-09-05 07:09:48,105 - INFO - Boosted OOD loss: 0.0322
2025-09-05 07:09:51,362 - INFO - Boosted OOD loss: 0.0639
2025-09-05 07:09:53,539 - INFO - Boosted OOD loss: 0.0229
2025-09-05 07:09:54,102 - INFO - Boosted OOD loss: 0.0279
2025-09-05 07:09:56,812 - INFO - Boosted OOD loss: 0.0442
2025-09-05 07:09:57,374 - INFO - Boosted OOD loss: 0.0225
2025-09-05 07:10:02,251 - INFO - Boosted OOD loss: 0.0439
2025-09-05 07:10:03,888 - INFO - Boosted OOD loss: 0.0362
2025-09-05 07:10:05,528 - INFO - Boosted OOD loss: 0.0260
2025-09-05 07:10:07,707 - INFO - Boosted OOD loss: 0.0325
2025-09-05 07:10:08,806 - INFO - Boosted OOD loss: 0.0364
2025-09-05 07:10:09,370 - INFO - Boosted OOD loss: 0.0292
2025-09-05 07:10:11,012 - INFO - Boosted OOD loss: 0.0594
2025-09-05 07:10:20,801 - INFO - Updated beta to 12.43 (exp decay)
2025-09-05 07:10:41,868 - WARNING - Negative mean energy—verify E_b formula/signs
2025-09-05 07:10:41,869 - INFO - Weights updated successfully
2025-09-05 07:10:41,869 - INFO - Advanced epoch 23 - Updated beta: 12.43
2025-09-05 07:10:41,869 - INFO - Epoch 23 - Avg CE: 1.8315, Avg OOD: 0.0069, β: 32
2025-09-05 07:10:41,981 - INFO - 
Starting Epoch 24/100
2025-09-05 07:10:41,982 - INFO - ============================================================
2025-09-05 07:10:41,983 - INFO - 
Updating Hopfield boosting weights at epoch 24...
2025-09-05 07:10:52,590 - WARNING - Negative mean energy—verify E_b formula/signs
2025-09-05 07:10:52,591 - INFO - Weights updated successfully
2025-09-05 07:10:52,591 - INFO - Weight Update Debug at Epoch 24: No high-weight OOD pixels found
2025-09-05 07:10:56,450 - INFO - Boosted OOD loss: 0.0231
2025-09-05 07:10:58,090 - INFO - Boosted OOD loss: 0.0313
2025-09-05 07:11:01,334 - WARNING - No anomaly pixels (254) found in batch
2025-09-05 07:11:01,882 - INFO - Boosted OOD loss: 0.0368
2025-09-05 07:11:05,676 - INFO - Boosted OOD loss: 0.0270
2025-09-05 07:11:08,934 - INFO - Boosted OOD loss: 0.0283
2025-09-05 07:11:09,494 - INFO - Boosted OOD loss: 0.0247
2025-09-05 07:11:10,591 - INFO - Boosted OOD loss: 0.0262
2025-09-05 07:11:12,773 - INFO - Boosted OOD loss: 0.0284
2025-09-05 07:11:15,494 - INFO - Boosted OOD loss: 0.0241
2025-09-05 07:11:18,219 - INFO - Boosted OOD loss: 0.0529
2025-09-05 07:11:19,863 - INFO - Boosted OOD loss: 0.0266
2025-09-05 07:11:20,428 - INFO - Boosted OOD loss: 0.0473
2025-09-05 07:11:24,235 - INFO - Boosted OOD loss: 0.0586
2025-09-05 07:11:24,795 - INFO - Boosted OOD loss: 0.0643
2025-09-05 07:11:25,357 - INFO - Boosted OOD loss: 0.0399
2025-09-05 07:11:27,003 - INFO - Boosted OOD loss: 0.0440
2025-09-05 07:11:28,104 - INFO - Boosted OOD loss: 0.0351
2025-09-05 07:11:29,753 - INFO - Boosted OOD loss: 0.0070
2025-09-05 07:11:31,404 - INFO - Boosted OOD loss: 0.0360
2025-09-05 07:11:37,392 - INFO - Boosted OOD loss: 0.0423
2025-09-05 07:11:40,663 - INFO - Boosted OOD loss: 0.0105
2025-09-05 07:11:41,771 - INFO - Boosted OOD loss: 0.0379
2025-09-05 07:11:42,333 - INFO - Boosted OOD loss: 0.0260
2025-09-05 07:11:44,518 - INFO - Boosted OOD loss: 0.0252
2025-09-05 07:11:45,078 - INFO - Boosted OOD loss: 0.0286
2025-09-05 07:11:47,804 - INFO - Boosted OOD loss: 0.0399
2025-09-05 07:11:48,909 - INFO - Boosted OOD loss: 0.0249
2025-09-05 07:11:49,472 - INFO - Boosted OOD loss: 0.0344
2025-09-05 07:11:50,033 - INFO - Boosted OOD loss: 0.0141
2025-09-05 07:11:51,676 - INFO - Boosted OOD loss: 0.0346
2025-09-05 07:11:52,776 - INFO - Boosted OOD loss: 0.0347
2025-09-05 07:11:54,958 - INFO - Boosted OOD loss: 0.0182
2025-09-05 07:11:56,055 - WARNING - No anomaly pixels (254) found in batch
2025-09-05 07:11:56,602 - INFO - Boosted OOD loss: 0.0251
2025-09-05 07:12:00,406 - INFO - Boosted OOD loss: 0.0307
2025-09-05 07:12:09,616 - INFO - Boosted OOD loss: 0.0084
2025-09-05 07:12:25,301 - INFO - Boosted OOD loss: 0.0262
2025-09-05 07:12:27,482 - INFO - Boosted OOD loss: 0.0429
2025-09-05 07:12:32,368 - INFO - Boosted OOD loss: 0.0226
2025-09-05 07:12:32,931 - INFO - Boosted OOD loss: 0.0295
2025-09-05 07:12:39,426 - INFO - Boosted OOD loss: 0.0247
2025-09-05 07:12:40,527 - INFO - Boosted OOD loss: 0.0491
2025-09-05 07:12:42,162 - INFO - Boosted OOD loss: 0.0360
2025-09-05 07:12:42,724 - INFO - Boosted OOD loss: 0.0279
2025-09-05 07:12:47,060 - INFO - Boosted OOD loss: 0.0347
2025-09-05 07:12:48,159 - INFO - Boosted OOD loss: 0.0258
2025-09-05 07:12:48,722 - INFO - Boosted OOD loss: 0.0332
2025-09-05 07:12:49,285 - INFO - Boosted OOD loss: 0.0081
2025-09-05 07:12:50,377 - WARNING - No anomaly pixels (254) found in batch
2025-09-05 07:12:50,928 - INFO - Boosted OOD loss: 0.0228
2025-09-05 07:12:57,968 - INFO - Boosted OOD loss: 0.0217
2025-09-05 07:12:59,070 - INFO - Boosted OOD loss: 0.0180
2025-09-05 07:13:05,561 - INFO - Boosted OOD loss: 0.0423
2025-09-05 07:13:06,662 - INFO - Boosted OOD loss: 0.0239
2025-09-05 07:13:09,377 - INFO - Boosted OOD loss: 0.0360
2025-09-05 07:13:15,320 - INFO - Boosted OOD loss: 0.0258
2025-09-05 07:13:26,122 - INFO - Boosted OOD loss: 0.0323
2025-09-05 07:13:27,221 - INFO - Boosted OOD loss: 0.0280
2025-09-05 07:13:31,018 - INFO - Boosted OOD loss: 0.0423
2025-09-05 07:13:31,581 - INFO - Boosted OOD loss: 0.0284
2025-09-05 07:13:32,682 - INFO - Boosted OOD loss: 0.0093
2025-09-05 07:13:34,861 - INFO - Boosted OOD loss: 0.0167
2025-09-05 07:13:35,420 - INFO - Boosted OOD loss: 0.0429
2025-09-05 07:13:35,980 - INFO - Boosted OOD loss: 0.0333
2025-09-05 07:13:40,854 - INFO - Boosted OOD loss: 0.0309
2025-09-05 07:13:44,650 - INFO - Boosted OOD loss: 0.0377
2025-09-05 07:13:44,650 - INFO - Step 41300 Loss Debug:
2025-09-05 07:13:44,650 - INFO -  CE: 1.2705
2025-09-05 07:13:44,650 - INFO -  OOD: 0.0377
2025-09-05 07:13:44,650 - INFO -  β: 32.00
2025-09-05 07:13:44,650 - INFO -  ID: 6266, OOD(254): 1273
2025-09-05 07:13:45,213 - INFO - Boosted OOD loss: 0.0315
2025-09-05 07:13:45,772 - INFO - Boosted OOD loss: 0.0332
2025-09-05 07:13:47,410 - INFO - Boosted OOD loss: 0.0869
2025-09-05 07:13:48,513 - INFO - Boosted OOD loss: 0.0257
2025-09-05 07:13:50,151 - INFO - Boosted OOD loss: 0.0311
2025-09-05 07:13:50,709 - INFO - Boosted OOD loss: 0.0257
2025-09-05 07:13:51,270 - INFO - Boosted OOD loss: 0.0298
2025-09-05 07:13:52,367 - INFO - Boosted OOD loss: 0.0261
2025-09-05 07:13:58,853 - INFO - Boosted OOD loss: 0.0417
2025-09-05 07:14:00,491 - INFO - Boosted OOD loss: 0.0079
2025-09-05 07:14:09,131 - INFO - Boosted OOD loss: 0.0359
2025-09-05 07:14:13,465 - INFO - Boosted OOD loss: 0.0310
2025-09-05 07:14:15,103 - INFO - Boosted OOD loss: 0.0428
2025-09-05 07:14:17,822 - INFO - Boosted OOD loss: 0.0418
2025-09-05 07:14:20,001 - INFO - Boosted OOD loss: 0.0291
2025-09-05 07:14:24,875 - INFO - Boosted OOD loss: 0.0632
2025-09-05 07:14:28,131 - INFO - Boosted OOD loss: 0.0390
2025-09-05 07:14:29,771 - INFO - Boosted OOD loss: 0.0328
2025-09-05 07:14:31,411 - INFO - Boosted OOD loss: 0.0091
2025-09-05 07:14:31,973 - INFO - Boosted OOD loss: 0.0459
2025-09-05 07:14:33,068 - INFO - Boosted OOD loss: 0.0517
2025-09-05 07:14:34,699 - INFO - Boosted OOD loss: 0.0183
2025-09-05 07:14:35,256 - INFO - Boosted OOD loss: 0.0271
2025-09-05 07:14:35,815 - INFO - Boosted OOD loss: 0.0278
2025-09-05 07:14:39,057 - WARNING - No anomaly pixels (254) found in batch
2025-09-05 07:14:43,912 - INFO - Boosted OOD loss: 0.0175
2025-09-05 07:14:44,473 - INFO - Boosted OOD loss: 0.0381
2025-09-05 07:14:47,191 - INFO - Boosted OOD loss: 0.0137
2025-09-05 07:14:54,750 - INFO - Boosted OOD loss: 0.0289
2025-09-05 07:14:57,466 - INFO - Boosted OOD loss: 0.0266
2025-09-05 07:15:02,335 - INFO - Boosted OOD loss: 0.0352
2025-09-05 07:15:02,896 - INFO - Boosted OOD loss: 0.0320
2025-09-05 07:15:06,154 - INFO - Boosted OOD loss: 0.0297
2025-09-05 07:15:06,154 - INFO - Step 41450 Loss Debug:
2025-09-05 07:15:06,154 - INFO -  CE: 1.9109
2025-09-05 07:15:06,155 - INFO -  OOD: 0.0297
2025-09-05 07:15:06,155 - INFO -  β: 32.00
2025-09-05 07:15:06,155 - INFO -  ID: 6860, OOD(254): 361
2025-09-05 07:15:06,715 - INFO - Boosted OOD loss: 0.0106
2025-09-05 07:15:08,354 - INFO - Boosted OOD loss: 0.0500
2025-09-05 07:15:13,232 - INFO - Boosted OOD loss: 0.0209
2025-09-05 07:15:14,332 - INFO - Boosted OOD loss: 0.0199
2025-09-05 07:15:17,595 - INFO - Boosted OOD loss: 0.0227
2025-09-05 07:15:18,152 - INFO - Boosted OOD loss: 0.0232
2025-09-05 07:15:18,712 - INFO - Boosted OOD loss: 0.0537
2025-09-05 07:15:19,273 - INFO - Boosted OOD loss: 0.0078
2025-09-05 07:15:21,995 - INFO - Boosted OOD loss: 0.0085
2025-09-05 07:15:25,259 - INFO - Boosted OOD loss: -0.0028
2025-09-05 07:15:27,441 - INFO - Boosted OOD loss: 0.0385
2025-09-05 07:15:33,395 - WARNING - No anomaly pixels (254) found in batch
2025-09-05 07:15:33,942 - INFO - Boosted OOD loss: 0.0402
2025-09-05 07:15:34,504 - INFO - Boosted OOD loss: 0.0384
2025-09-05 07:15:39,915 - INFO - Boosted OOD loss: 0.0310
2025-09-05 07:15:42,634 - INFO - Boosted OOD loss: 0.0205
2025-09-05 07:15:43,736 - INFO - Boosted OOD loss: 0.0492
2025-09-05 07:15:50,769 - INFO - Boosted OOD loss: 0.0204
2025-09-05 07:15:51,325 - INFO - Boosted OOD loss: 0.0548
2025-09-05 07:15:52,423 - INFO - Boosted OOD loss: 0.0233
2025-09-05 07:15:59,992 - INFO - Boosted OOD loss: 0.0296
2025-09-05 07:16:08,629 - INFO - Boosted OOD loss: 0.0135
2025-09-05 07:16:14,584 - INFO - Boosted OOD loss: 0.0459
2025-09-05 07:16:15,681 - INFO - Boosted OOD loss: 0.0390
2025-09-05 07:16:16,242 - INFO - Boosted OOD loss: 0.0319
2025-09-05 07:16:16,802 - INFO - Boosted OOD loss: 0.0264
2025-09-05 07:16:17,906 - INFO - Boosted OOD loss: 0.0308
2025-09-05 07:16:18,473 - INFO - Boosted OOD loss: 0.0144
2025-09-05 07:16:20,117 - INFO - Boosted OOD loss: 0.0193
2025-09-05 07:16:23,376 - INFO - Boosted OOD loss: 0.0211
2025-09-05 07:16:25,563 - INFO - Boosted OOD loss: 0.0226
2025-09-05 07:16:27,732 - WARNING - No anomaly pixels (254) found in batch
2025-09-05 07:16:31,512 - INFO - Boosted OOD loss: 0.0225
2025-09-05 07:16:33,690 - INFO - Boosted OOD loss: 0.0370
2025-09-05 07:16:36,951 - INFO - Boosted OOD loss: 0.0283
2025-09-05 07:16:39,127 - INFO - Boosted OOD loss: 0.0166
2025-09-05 07:16:41,300 - INFO - Boosted OOD loss: 0.0377
2025-09-05 07:16:51,030 - INFO - Boosted OOD loss: 0.0072
2025-09-05 07:16:52,134 - INFO - Boosted OOD loss: -0.0026
2025-09-05 07:16:53,773 - INFO - Boosted OOD loss: 0.0481
2025-09-05 07:16:55,413 - INFO - Boosted OOD loss: 0.0255
2025-09-05 07:16:57,592 - INFO - Boosted OOD loss: 0.0442
2025-09-05 07:17:01,392 - INFO - Boosted OOD loss: 0.0144
2025-09-05 07:17:03,573 - INFO - Boosted OOD loss: 0.0165
2025-09-05 07:17:05,751 - INFO - Boosted OOD loss: 0.0449
2025-09-05 07:17:06,311 - INFO - Boosted OOD loss: -0.0005
2025-09-05 07:17:06,871 - INFO - Boosted OOD loss: 0.0598
2025-09-05 07:17:07,430 - INFO - Boosted OOD loss: 0.0250
2025-09-05 07:17:08,527 - INFO - Boosted OOD loss: 0.0416
2025-09-05 07:17:13,939 - INFO - Boosted OOD loss: 0.0539
2025-09-05 07:17:15,039 - INFO - Boosted OOD loss: 0.0466
2025-09-05 07:17:17,222 - INFO - Boosted OOD loss: 0.0251
2025-09-05 07:17:18,859 - INFO - Boosted OOD loss: 0.0022
2025-09-05 07:17:22,102 - WARNING - No anomaly pixels (254) found in batch
2025-09-05 07:17:28,576 - INFO - Boosted OOD loss: 0.0289
2025-09-05 07:17:32,363 - INFO - Boosted OOD loss: 0.0401
2025-09-05 07:17:32,920 - INFO - Boosted OOD loss: 0.0379
2025-09-05 07:17:34,016 - INFO - Boosted OOD loss: 0.0391
2025-09-05 07:17:42,653 - INFO - Boosted OOD loss: 0.0399
2025-09-05 07:17:48,057 - INFO - Boosted OOD loss: 0.0111
2025-09-05 07:17:48,617 - INFO - Boosted OOD loss: 0.0325
2025-09-05 07:17:50,253 - INFO - Boosted OOD loss: 0.0296
2025-09-05 07:17:56,750 - INFO - Boosted OOD loss: 0.0023
2025-09-05 07:18:00,009 - INFO - Boosted OOD loss: 0.0235
2025-09-05 07:18:00,569 - INFO - Boosted OOD loss: 0.0283
2025-09-05 07:18:03,826 - INFO - Boosted OOD loss: 0.0500
2025-09-05 07:18:09,242 - INFO - Boosted OOD loss: 0.0173
2025-09-05 07:18:13,040 - INFO - Boosted OOD loss: 0.0453
2025-09-05 07:18:16,287 - WARNING - No anomaly pixels (254) found in batch
2025-09-05 07:18:16,834 - INFO - Boosted OOD loss: 0.0270
2025-09-05 07:18:21,170 - INFO - Boosted OOD loss: 0.0242
2025-09-05 07:18:22,807 - INFO - Boosted OOD loss: 0.0498
2025-09-05 07:18:28,766 - INFO - Boosted OOD loss: 0.0337
2025-09-05 07:18:34,716 - INFO - Boosted OOD loss: -0.0040
2025-09-05 07:18:35,813 - INFO - Boosted OOD loss: 0.0472
2025-09-05 07:18:36,913 - INFO - Boosted OOD loss: 0.0372
2025-09-05 07:18:38,011 - INFO - Boosted OOD loss: 0.0194
2025-09-05 07:18:39,646 - INFO - Boosted OOD loss: 0.0317
2025-09-05 07:18:40,204 - INFO - Boosted OOD loss: 0.0372
2025-09-05 07:18:40,763 - INFO - Boosted OOD loss: 0.0331
2025-09-05 07:18:41,321 - INFO - Boosted OOD loss: 0.0773
2025-09-05 07:18:42,960 - INFO - Boosted OOD loss: 0.0373
2025-09-05 07:18:43,524 - INFO - Boosted OOD loss: 0.0221
2025-09-05 07:18:43,525 - INFO - Step 41850 Loss Debug:
2025-09-05 07:18:43,525 - INFO -  CE: 1.9436
2025-09-05 07:18:43,525 - INFO -  OOD: 0.0221
2025-09-05 07:18:43,525 - INFO -  β: 32.00
2025-09-05 07:18:43,525 - INFO -  ID: 7595, OOD(254): 107
2025-09-05 07:18:45,170 - INFO - Boosted OOD loss: 0.0318
2025-09-05 07:18:46,811 - INFO - Boosted OOD loss: 0.0160
2025-09-05 07:18:47,908 - INFO - Boosted OOD loss: 0.0116
2025-09-05 07:18:51,161 - INFO - Boosted OOD loss: 0.0510
2025-09-05 07:18:52,799 - INFO - Boosted OOD loss: 0.0229
2025-09-05 07:18:57,676 - INFO - Boosted OOD loss: 0.0150
2025-09-05 07:18:58,242 - INFO - Boosted OOD loss: 0.0081
2025-09-05 07:19:02,577 - INFO - Boosted OOD loss: 0.0214
2025-09-05 07:19:05,293 - INFO - Boosted OOD loss: 0.0376
2025-09-05 07:19:08,007 - INFO - Boosted OOD loss: 0.0300
2025-09-05 07:19:08,568 - INFO - Boosted OOD loss: 0.0263
2025-09-05 07:19:10,743 - WARNING - No anomaly pixels (254) found in batch
2025-09-05 07:19:11,289 - INFO - Boosted OOD loss: 0.0306
2025-09-05 07:19:24,789 - INFO - Boosted OOD loss: 0.0294
2025-09-05 07:19:27,508 - INFO - Boosted OOD loss: 0.0257
2025-09-05 07:19:28,605 - INFO - Boosted OOD loss: 0.0238
2025-09-05 07:19:31,863 - INFO - Boosted OOD loss: 0.0284
2025-09-05 07:19:32,422 - INFO - Boosted OOD loss: 0.0448
2025-09-05 07:19:38,374 - INFO - Boosted OOD loss: 0.0440
2025-09-05 07:19:39,470 - INFO - Boosted OOD loss: 0.0226
2025-09-05 07:19:40,028 - INFO - Boosted OOD loss: 0.0253
2025-09-05 07:19:47,597 - INFO - Boosted OOD loss: 0.0304
2025-09-05 07:19:51,398 - INFO - Boosted OOD loss: 0.0507
2025-09-05 07:19:54,118 - INFO - Boosted OOD loss: 0.0236
2025-09-05 07:19:54,680 - INFO - Boosted OOD loss: 0.0240
2025-09-05 07:19:55,240 - INFO - Boosted OOD loss: 0.0224
2025-09-05 07:19:57,958 - INFO - Boosted OOD loss: 0.0056
2025-09-05 07:19:59,060 - INFO - Boosted OOD loss: 0.0251
2025-09-05 07:20:05,008 - WARNING - No anomaly pixels (254) found in batch
2025-09-05 07:20:12,020 - INFO - Boosted OOD loss: 0.0435
2025-09-05 07:20:14,194 - INFO - Boosted OOD loss: 0.0247
2025-09-05 07:20:14,755 - INFO - Boosted OOD loss: 0.0140
2025-09-05 07:20:17,470 - INFO - Boosted OOD loss: 0.0141
2025-09-05 07:20:21,264 - INFO - Boosted OOD loss: 0.0385
2025-09-05 07:20:26,679 - INFO - Boosted OOD loss: 0.0187
2025-09-05 07:20:29,394 - INFO - Boosted OOD loss: 0.0105
2025-09-05 07:20:31,572 - INFO - Boosted OOD loss: 0.0383
2025-09-05 07:20:33,749 - INFO - Boosted OOD loss: 0.0311
2025-09-05 07:20:38,620 - INFO - Boosted OOD loss: 0.0139
2025-09-05 07:20:39,720 - INFO - Boosted OOD loss: 0.0411
2025-09-05 07:20:44,596 - INFO - Boosted OOD loss: 0.0229
2025-09-05 07:20:48,394 - INFO - Boosted OOD loss: 0.0249
2025-09-05 07:20:49,492 - INFO - Boosted OOD loss: 0.0405
2025-09-05 07:20:51,133 - INFO - Boosted OOD loss: 0.0424
2025-09-05 07:20:52,233 - INFO - Boosted OOD loss: 0.0282
2025-09-05 07:20:53,329 - INFO - Boosted OOD loss: 0.0372
2025-09-05 07:20:54,966 - INFO - Boosted OOD loss: 0.0328
2025-09-05 07:20:59,298 - WARNING - No anomaly pixels (254) found in batch
2025-09-05 07:21:00,385 - INFO - Boosted OOD loss: 0.0263
2025-09-05 07:21:00,947 - INFO - Boosted OOD loss: 0.0052
2025-09-05 07:21:03,667 - INFO - Boosted OOD loss: 0.0306
2025-09-05 07:21:04,230 - INFO - Boosted OOD loss: 0.0291
2025-09-05 07:21:05,873 - INFO - Boosted OOD loss: 0.0335
2025-09-05 07:21:12,373 - INFO - Boosted OOD loss: 0.0259
2025-09-05 07:21:13,477 - INFO - Boosted OOD loss: 0.0263
2025-09-05 07:21:15,655 - INFO - Boosted OOD loss: 0.0288
2025-09-05 07:21:19,457 - INFO - Boosted OOD loss: 0.0496
2025-09-05 07:21:21,095 - INFO - Boosted OOD loss: 0.0462
2025-09-05 07:21:21,653 - INFO - Boosted OOD loss: 0.0165
2025-09-05 07:21:22,750 - INFO - Boosted OOD loss: 0.0476
2025-09-05 07:21:24,390 - INFO - Boosted OOD loss: 0.0256
2025-09-05 07:21:27,103 - INFO - Boosted OOD loss: 0.0391
2025-09-05 07:21:28,203 - INFO - Boosted OOD loss: 0.0283
2025-09-05 07:21:34,156 - INFO - Boosted OOD loss: 0.0201
2025-09-05 07:21:34,720 - INFO - Boosted OOD loss: 0.0317
2025-09-05 07:21:36,895 - INFO - Boosted OOD loss: 0.0314
2025-09-05 07:21:39,068 - INFO - Boosted OOD loss: 0.0352
2025-09-05 07:21:39,632 - INFO - Boosted OOD loss: 0.0409
2025-09-05 07:21:47,190 - INFO - Boosted OOD loss: 0.0251
2025-09-05 07:21:49,365 - INFO - Boosted OOD loss: 0.0047
2025-09-05 07:21:51,006 - INFO - Boosted OOD loss: 0.0350
2025-09-05 07:21:53,712 - WARNING - No anomaly pixels (254) found in batch
2025-09-05 07:21:54,258 - INFO - Boosted OOD loss: 0.0172
2025-09-05 07:22:02,339 - INFO - Boosted OOD loss: 0.0379
2025-09-05 07:22:03,437 - INFO - Boosted OOD loss: 0.0297
2025-09-05 07:22:07,221 - INFO - Boosted OOD loss: 0.0166
2025-09-05 07:22:07,781 - INFO - Boosted OOD loss: 0.0188
2025-09-05 07:22:11,028 - INFO - Boosted OOD loss: 0.0223
2025-09-05 07:22:11,584 - INFO - Boosted OOD loss: 0.0391
2025-09-05 07:22:18,611 - INFO - Boosted OOD loss: 0.0460
2025-09-05 07:22:20,788 - INFO - Boosted OOD loss: 0.0223
2025-09-05 07:22:20,788 - INFO - Step 42250 Loss Debug:
2025-09-05 07:22:20,788 - INFO -  CE: 1.6587
2025-09-05 07:22:20,788 - INFO -  OOD: 0.0223
2025-09-05 07:22:20,789 - INFO -  β: 32.00
2025-09-05 07:22:20,789 - INFO -  ID: 6016, OOD(254): 71
2025-09-05 07:22:24,039 - INFO - Boosted OOD loss: 0.0172
2025-09-05 07:22:25,142 - INFO - Boosted OOD loss: 0.0139
2025-09-05 07:22:31,091 - INFO - Boosted OOD loss: 0.0344
2025-09-05 07:22:33,812 - INFO - Boosted OOD loss: 0.0357
2025-09-05 07:22:35,455 - INFO - Boosted OOD loss: 0.0249
2025-09-05 07:22:39,785 - INFO - Boosted OOD loss: 0.0379
2025-09-05 07:22:47,873 - WARNING - No anomaly pixels (254) found in batch
2025-09-05 07:22:52,734 - INFO - Boosted OOD loss: 0.0205
2025-09-05 07:23:00,840 - INFO - Boosted OOD loss: 0.0262
2025-09-05 07:23:01,399 - INFO - Boosted OOD loss: 0.0230
2025-09-05 07:23:01,959 - INFO - Boosted OOD loss: 0.0361
2025-09-05 07:23:04,136 - INFO - Boosted OOD loss: 0.0235
2025-09-05 07:23:06,313 - INFO - Boosted OOD loss: 0.0247
2025-09-05 07:23:06,871 - INFO - Boosted OOD loss: 0.0362
2025-09-05 07:23:10,668 - INFO - Boosted OOD loss: 0.0325
2025-09-05 07:23:16,621 - INFO - Boosted OOD loss: 0.0572
2025-09-05 07:23:17,723 - INFO - Boosted OOD loss: 0.0057
2025-09-05 07:23:32,841 - INFO - Boosted OOD loss: 0.0316
2025-09-05 07:23:36,633 - INFO - Boosted OOD loss: 0.0488
2025-09-05 07:23:37,198 - INFO - Boosted OOD loss: 0.0349
2025-09-05 07:23:38,303 - INFO - Boosted OOD loss: 0.0438
2025-09-05 07:23:42,088 - WARNING - No anomaly pixels (254) found in batch
2025-09-05 07:23:43,708 - INFO - Boosted OOD loss: 0.0468
2025-09-05 07:23:45,345 - INFO - Boosted OOD loss: 0.0277
2025-09-05 07:23:51,831 - INFO - Boosted OOD loss: 0.0140
2025-09-05 07:24:01,011 - INFO - Boosted OOD loss: 0.0067
2025-09-05 07:24:07,499 - INFO - Boosted OOD loss: 0.0206
2025-09-05 07:24:08,060 - INFO - Boosted OOD loss: 0.0293
2025-09-05 07:24:11,854 - INFO - Boosted OOD loss: 0.0261
2025-09-05 07:24:12,954 - INFO - Boosted OOD loss: 0.0294
2025-09-05 07:24:18,358 - INFO - Boosted OOD loss: 0.0134
2025-09-05 07:24:28,077 - INFO - Boosted OOD loss: 0.0273
2025-09-05 07:24:29,712 - INFO - Boosted OOD loss: 0.0253
2025-09-05 07:24:30,814 - INFO - Boosted OOD loss: 0.0152
2025-09-05 07:24:31,914 - INFO - Boosted OOD loss: 0.0272
2025-09-05 07:24:32,473 - INFO - Boosted OOD loss: 0.0338
2025-09-05 07:24:34,111 - INFO - Boosted OOD loss: 0.0237
2025-09-05 07:24:34,673 - INFO - Boosted OOD loss: 0.0349
2025-09-05 07:24:36,303 - WARNING - No anomaly pixels (254) found in batch
2025-09-05 07:24:36,848 - INFO - Boosted OOD loss: 0.0187
2025-09-05 07:24:41,719 - INFO - Boosted OOD loss: 0.0227
2025-09-05 07:24:42,286 - INFO - Boosted OOD loss: 0.0260
2025-09-05 07:24:45,012 - INFO - Boosted OOD loss: 0.0216
2025-09-05 07:24:46,116 - INFO - Boosted OOD loss: 0.0230
2025-09-05 07:24:47,758 - INFO - Boosted OOD loss: 0.0276
2025-09-05 07:24:50,474 - INFO - Boosted OOD loss: 0.0372
2025-09-05 07:24:51,033 - INFO - Boosted OOD loss: 0.0347
2025-09-05 07:24:53,208 - INFO - Boosted OOD loss: 0.0103
2025-09-05 07:24:53,766 - INFO - Boosted OOD loss: 0.0263
2025-09-05 07:24:54,325 - INFO - Boosted OOD loss: 0.0201
2025-09-05 07:24:56,502 - INFO - Boosted OOD loss: 0.0253
2025-09-05 07:24:58,136 - INFO - Boosted OOD loss: 0.0389
2025-09-05 07:24:59,237 - INFO - Boosted OOD loss: 0.0218
2025-09-05 07:24:59,799 - INFO - Boosted OOD loss: 0.0535
2025-09-05 07:25:00,901 - INFO - Boosted OOD loss: 0.0137
2025-09-05 07:25:06,853 - INFO - Boosted OOD loss: 0.0280
2025-09-05 07:25:11,720 - INFO - Boosted OOD loss: 0.0424
2025-09-05 07:25:13,900 - INFO - Boosted OOD loss: 0.0412
2025-09-05 07:25:15,539 - INFO - Boosted OOD loss: 0.0146
2025-09-05 07:25:18,254 - INFO - Boosted OOD loss: 0.0174
2025-09-05 07:25:21,505 - INFO - Boosted OOD loss: 0.0228
2025-09-05 07:25:24,219 - INFO - Boosted OOD loss: 0.0195
2025-09-05 07:25:26,396 - INFO - Boosted OOD loss: 0.0289
2025-09-05 07:25:28,573 - INFO - Boosted OOD loss: 0.0163
2025-09-05 07:25:30,738 - WARNING - No anomaly pixels (254) found in batch
2025-09-05 07:25:31,820 - INFO - Boosted OOD loss: 0.0054
2025-09-05 07:25:35,074 - INFO - Boosted OOD loss: 0.0316
2025-09-05 07:25:46,949 - INFO - Boosted OOD loss: 0.0282
2025-09-05 07:25:50,201 - INFO - Boosted OOD loss: 0.0141
2025-09-05 07:25:53,455 - INFO - Boosted OOD loss: -0.0052
2025-09-05 07:25:58,320 - INFO - Boosted OOD loss: 0.0161
2025-09-05 07:26:04,802 - INFO - Boosted OOD loss: 0.0267
2025-09-05 07:26:05,365 - INFO - Boosted OOD loss: 0.0319
2025-09-05 07:26:06,465 - INFO - Boosted OOD loss: 0.0335
2025-09-05 07:26:09,717 - INFO - Boosted OOD loss: 0.0425
2025-09-05 07:26:10,818 - INFO - Boosted OOD loss: 0.0382
2025-09-05 07:26:12,456 - INFO - Boosted OOD loss: 0.0089
2025-09-05 07:26:15,169 - INFO - Boosted OOD loss: 0.0280
2025-09-05 07:26:17,339 - INFO - Boosted OOD loss: 0.0326
2025-09-05 07:26:18,438 - INFO - Boosted OOD loss: 0.0205
2025-09-05 07:26:20,621 - INFO - Boosted OOD loss: -0.0015
2025-09-05 07:26:21,721 - INFO - Boosted OOD loss: 0.0365
2025-09-05 07:26:24,432 - INFO - Boosted OOD loss: 0.0391
2025-09-05 07:26:24,986 - WARNING - No anomaly pixels (254) found in batch
2025-09-05 07:26:25,532 - INFO - Boosted OOD loss: 0.0346
2025-09-05 07:26:26,630 - INFO - Boosted OOD loss: 0.0077
2025-09-05 07:26:32,571 - INFO - Boosted OOD loss: 0.0205
2025-09-05 07:26:36,906 - INFO - Boosted OOD loss: 0.0390
2025-09-05 07:26:44,470 - INFO - Boosted OOD loss: 0.0153
2025-09-05 07:26:46,108 - INFO - Boosted OOD loss: 0.0195
2025-09-05 07:26:47,745 - INFO - Boosted OOD loss: 0.0412
2025-09-05 07:26:49,922 - INFO - Boosted OOD loss: 0.0250
2025-09-05 07:26:53,176 - INFO - Boosted OOD loss: 0.0437
2025-09-05 07:26:58,042 - INFO - Boosted OOD loss: 0.0274
2025-09-05 07:27:01,372 - INFO - Updated beta to 12.29 (exp decay)
2025-09-05 07:27:22,443 - WARNING - Negative mean energy—verify E_b formula/signs
2025-09-05 07:27:22,444 - INFO - Weights updated successfully
2025-09-05 07:27:22,444 - INFO - Advanced epoch 24 - Updated beta: 12.29
2025-09-05 07:27:22,445 - INFO - Epoch 24 - Avg CE: 1.8226, Avg OOD: 0.0055, β: 32
2025-09-05 07:27:22,558 - INFO - 
Starting Epoch 25/100
2025-09-05 07:27:22,558 - INFO - ============================================================
2025-09-05 07:27:22,560 - INFO - 
Updating Hopfield boosting weights at epoch 25...
2025-09-05 07:27:33,166 - WARNING - Negative mean energy—verify E_b formula/signs
2025-09-05 07:27:33,166 - INFO - Weights updated successfully
2025-09-05 07:27:33,167 - INFO - Weight Update Debug at Epoch 25: No high-weight OOD pixels found
2025-09-05 07:27:35,430 - INFO - Boosted OOD loss: 0.0126
2025-09-05 07:27:40,289 - INFO - Boosted OOD loss: 0.0261
2025-09-05 07:27:41,925 - INFO - Boosted OOD loss: 0.0080
2025-09-05 07:27:42,483 - INFO - Boosted OOD loss: 0.0637
2025-09-05 07:27:44,661 - INFO - Boosted OOD loss: 0.0359
2025-09-05 07:27:48,463 - INFO - Boosted OOD loss: 0.0248
2025-09-05 07:27:50,111 - INFO - Boosted OOD loss: 0.0353
2025-09-05 07:27:51,748 - WARNING - No anomaly pixels (254) found in batch
2025-09-05 07:27:52,297 - INFO - Boosted OOD loss: 0.0222
2025-09-05 07:28:00,976 - INFO - Boosted OOD loss: 0.0325
2025-09-05 07:28:05,326 - INFO - Boosted OOD loss: 0.0414
2025-09-05 07:28:06,966 - INFO - Boosted OOD loss: 0.0198
2025-09-05 07:28:11,315 - INFO - Boosted OOD loss: 0.0328
2025-09-05 07:28:19,461 - INFO - Boosted OOD loss: 0.0102
2025-09-05 07:28:20,564 - INFO - Boosted OOD loss: 0.0167
2025-09-05 07:28:23,292 - INFO - Boosted OOD loss: 0.0136
2025-09-05 07:28:23,851 - INFO - Boosted OOD loss: 0.0427
2025-09-05 07:28:24,418 - INFO - Boosted OOD loss: -0.0065
2025-09-05 07:28:26,608 - INFO - Boosted OOD loss: 0.0216
2025-09-05 07:28:29,341 - INFO - Boosted OOD loss: 0.0082
2025-09-05 07:28:29,905 - INFO - Boosted OOD loss: 0.0317
2025-09-05 07:28:32,093 - INFO - Boosted OOD loss: 0.0181
2025-09-05 07:28:35,357 - INFO - Boosted OOD loss: 0.0350
2025-09-05 07:28:36,999 - INFO - Boosted OOD loss: 0.0451
2025-09-05 07:28:40,809 - INFO - Boosted OOD loss: 0.0365
2025-09-05 07:28:44,613 - INFO - Boosted OOD loss: 0.0351
2025-09-05 07:28:46,252 - WARNING - No anomaly pixels (254) found in batch
2025-09-05 07:28:47,881 - INFO - Boosted OOD loss: 0.0390
2025-09-05 07:28:54,926 - INFO - Boosted OOD loss: 0.0167
2025-09-05 07:28:56,026 - INFO - Boosted OOD loss: 0.0209
2025-09-05 07:28:57,666 - INFO - Boosted OOD loss: 0.0146
2025-09-05 07:29:06,319 - INFO - Boosted OOD loss: 0.0178
2025-09-05 07:29:06,879 - INFO - Boosted OOD loss: 0.0231
2025-09-05 07:29:09,600 - INFO - Boosted OOD loss: 0.0271
2025-09-05 07:29:12,317 - INFO - Boosted OOD loss: 0.0281
2025-09-05 07:29:20,961 - INFO - Boosted OOD loss: -0.0031
2025-09-05 07:29:27,449 - INFO - Boosted OOD loss: 0.0263
2025-09-05 07:29:28,007 - INFO - Boosted OOD loss: 0.0100
2025-09-05 07:29:28,565 - INFO - Boosted OOD loss: 0.0300
2025-09-05 07:29:30,741 - INFO - Boosted OOD loss: -0.0009
2025-09-05 07:29:33,997 - INFO - Boosted OOD loss: 0.0072
2025-09-05 07:29:37,251 - INFO - Boosted OOD loss: 0.0406
2025-09-05 07:29:37,809 - INFO - Boosted OOD loss: 0.0282
2025-09-05 07:29:40,514 - WARNING - No anomaly pixels (254) found in batch
2025-09-05 07:29:44,828 - INFO - Boosted OOD loss: 0.0411
2025-09-05 07:29:45,934 - INFO - Boosted OOD loss: 0.0300
2025-09-05 07:29:47,576 - INFO - Boosted OOD loss: 0.0103
2025-09-05 07:29:48,138 - INFO - Boosted OOD loss: 0.0505
2025-09-05 07:29:49,236 - INFO - Boosted OOD loss: 0.0195
2025-09-05 07:29:51,410 - INFO - Boosted OOD loss: 0.0141
2025-09-05 07:29:51,974 - INFO - Boosted OOD loss: 0.0099
2025-09-05 07:29:53,072 - INFO - Boosted OOD loss: 0.0124
2025-09-05 07:29:53,633 - INFO - Boosted OOD loss: 0.0191
2025-09-05 07:29:54,736 - INFO - Boosted OOD loss: 0.0321
2025-09-05 07:30:00,146 - INFO - Boosted OOD loss: 0.0507
2025-09-05 07:30:00,704 - INFO - Boosted OOD loss: 0.0246
2025-09-05 07:30:10,953 - INFO - Boosted OOD loss: 0.0265
2025-09-05 07:30:12,052 - INFO - Boosted OOD loss: 0.0288
2025-09-05 07:30:15,844 - INFO - Boosted OOD loss: 0.0006
2025-09-05 07:30:18,019 - INFO - Boosted OOD loss: 0.0170
2025-09-05 07:30:20,731 - INFO - Boosted OOD loss: 0.0387
2025-09-05 07:30:32,594 - INFO - Boosted OOD loss: 0.0309
2025-09-05 07:30:34,761 - WARNING - No anomaly pixels (254) found in batch
2025-09-05 07:30:37,458 - INFO - Boosted OOD loss: 0.0401
2025-09-05 07:30:40,174 - INFO - Boosted OOD loss: 0.0205
2025-09-05 07:30:43,967 - INFO - Boosted OOD loss: 0.0308
2025-09-05 07:30:46,141 - INFO - Boosted OOD loss: 0.0062
2025-09-05 07:30:49,390 - INFO - Boosted OOD loss: 0.0465
2025-09-05 07:30:51,570 - INFO - Boosted OOD loss: 0.0199
2025-09-05 07:30:56,438 - INFO - Boosted OOD loss: 0.0120
2025-09-05 07:30:57,004 - INFO - Boosted OOD loss: 0.0339
2025-09-05 07:30:59,727 - INFO - Boosted OOD loss: -0.0079
2025-09-05 07:31:00,291 - INFO - Boosted OOD loss: 0.0390
2025-09-05 07:31:05,701 - INFO - Boosted OOD loss: 0.0289
2025-09-05 07:31:11,645 - INFO - Boosted OOD loss: 0.0339
2025-09-05 07:31:15,980 - INFO - Boosted OOD loss: 0.0518
2025-09-05 07:31:16,538 - INFO - Boosted OOD loss: 0.0422
2025-09-05 07:31:18,711 - INFO - Boosted OOD loss: 0.0384
2025-09-05 07:31:19,268 - INFO - Boosted OOD loss: 0.0492
2025-09-05 07:31:19,827 - INFO - Boosted OOD loss: 0.0574
2025-09-05 07:31:20,384 - INFO - Boosted OOD loss: 0.0289
2025-09-05 07:31:29,009 - WARNING - No anomaly pixels (254) found in batch
2025-09-05 07:31:29,555 - INFO - Boosted OOD loss: 0.0279
2025-09-05 07:31:32,810 - INFO - Boosted OOD loss: 0.0262
2025-09-05 07:31:34,451 - INFO - Boosted OOD loss: 0.0179
2025-09-05 07:31:39,328 - INFO - Boosted OOD loss: 0.0272
2025-09-05 07:31:39,886 - INFO - Boosted OOD loss: 0.0565
2025-09-05 07:31:41,522 - INFO - Boosted OOD loss: 0.0372
2025-09-05 07:31:45,857 - INFO - Boosted OOD loss: 0.0254
2025-09-05 07:31:54,492 - INFO - Boosted OOD loss: 0.0404
2025-09-05 07:31:57,750 - INFO - Boosted OOD loss: 0.0381
2025-09-05 07:31:58,311 - INFO - Boosted OOD loss: 0.0043
2025-09-05 07:31:58,871 - INFO - Boosted OOD loss: 0.0403
2025-09-05 07:32:01,586 - INFO - Boosted OOD loss: 0.0244
2025-09-05 07:32:06,458 - INFO - Boosted OOD loss: 0.0257
2025-09-05 07:32:07,018 - INFO - Boosted OOD loss: -0.0017
2025-09-05 07:32:09,198 - INFO - Boosted OOD loss: 0.0428
2025-09-05 07:32:15,144 - INFO - Boosted OOD loss: 0.0385
2025-09-05 07:32:21,637 - INFO - Boosted OOD loss: 0.0169
2025-09-05 07:32:23,268 - WARNING - No anomaly pixels (254) found in batch
2025-09-05 07:32:27,044 - INFO - Boosted OOD loss: 0.0434
2025-09-05 07:32:28,145 - INFO - Boosted OOD loss: 0.0265
2025-09-05 07:32:29,242 - INFO - Boosted OOD loss: 0.0274
2025-09-05 07:32:31,958 - INFO - Boosted OOD loss: 0.0189
2025-09-05 07:32:45,440 - INFO - Boosted OOD loss: 0.0286
2025-09-05 07:32:46,001 - INFO - Boosted OOD loss: 0.0152
2025-09-05 07:32:46,559 - INFO - Boosted OOD loss: 0.0451
2025-09-05 07:32:50,357 - INFO - Boosted OOD loss: 0.0236
2025-09-05 07:32:50,357 - INFO - Step 43350 Loss Debug:
2025-09-05 07:32:50,358 - INFO -  CE: 2.2261
2025-09-05 07:32:50,358 - INFO -  OOD: 0.0236
2025-09-05 07:32:50,358 - INFO -  β: 32.00
2025-09-05 07:32:50,358 - INFO -  ID: 5237, OOD(254): 2881
2025-09-05 07:32:50,921 - INFO - Boosted OOD loss: -0.0054
2025-09-05 07:32:52,022 - INFO - Boosted OOD loss: 0.0142
2025-09-05 07:32:55,279 - INFO - Boosted OOD loss: 0.0269
2025-09-05 07:32:55,840 - INFO - Boosted OOD loss: 0.0302
2025-09-05 07:32:56,938 - INFO - Boosted OOD loss: 0.0237
2025-09-05 07:33:00,717 - INFO - Boosted OOD loss: 0.0485
2025-09-05 07:33:07,202 - INFO - Boosted OOD loss: 0.0243
2025-09-05 07:33:07,762 - INFO - Boosted OOD loss: 0.0253
2025-09-05 07:33:09,402 - INFO - Boosted OOD loss: 0.0421
2025-09-05 07:33:12,111 - INFO - Boosted OOD loss: 0.0487
2025-09-05 07:33:14,821 - INFO - Boosted OOD loss: 0.0170
2025-09-05 07:33:16,990 - INFO - Boosted OOD loss: 0.0110
2025-09-05 07:33:17,541 - WARNING - No anomaly pixels (254) found in batch
2025-09-05 07:33:23,469 - INFO - Boosted OOD loss: 0.0377
2025-09-05 07:33:25,643 - INFO - Boosted OOD loss: 0.0316
2025-09-05 07:33:26,743 - INFO - Boosted OOD loss: 0.0042
2025-09-05 07:33:28,916 - INFO - Boosted OOD loss: 0.0195
2025-09-05 07:33:39,166 - INFO - Boosted OOD loss: 0.0257
2025-09-05 07:33:40,806 - INFO - Boosted OOD loss: 0.0328
2025-09-05 07:33:41,366 - INFO - Boosted OOD loss: 0.0033
2025-09-05 07:33:42,999 - INFO - Boosted OOD loss: 0.0316
2025-09-05 07:33:50,559 - INFO - Boosted OOD loss: 0.0359
2025-09-05 07:33:51,655 - INFO - Boosted OOD loss: 0.0225
2025-09-05 07:33:57,598 - INFO - Boosted OOD loss: -0.0048
2025-09-05 07:33:58,157 - INFO - Boosted OOD loss: 0.0447
2025-09-05 07:34:03,569 - INFO - Boosted OOD loss: 0.0468
2025-09-05 07:34:05,206 - INFO - Boosted OOD loss: 0.0203
2025-09-05 07:34:08,993 - INFO - Boosted OOD loss: 0.0175
2025-09-05 07:34:10,626 - INFO - Boosted OOD loss: 0.0304
2025-09-05 07:34:11,714 - WARNING - No anomaly pixels (254) found in batch
2025-09-05 07:34:14,945 - INFO - Boosted OOD loss: 0.0179
2025-09-05 07:34:16,581 - INFO - Boosted OOD loss: 0.0241
2025-09-05 07:34:18,216 - INFO - Boosted OOD loss: 0.0248
2025-09-05 07:34:19,849 - INFO - Boosted OOD loss: -0.0002
2025-09-05 07:34:20,412 - INFO - Boosted OOD loss: 0.0146
2025-09-05 07:34:25,825 - INFO - Boosted OOD loss: 0.0424
2025-09-05 07:34:28,005 - INFO - Boosted OOD loss: 0.0204
2025-09-05 07:34:30,722 - INFO - Boosted OOD loss: 0.0155
2025-09-05 07:34:33,437 - INFO - Boosted OOD loss: 0.0285
2025-09-05 07:34:35,074 - INFO - Boosted OOD loss: 0.0280
2025-09-05 07:34:36,709 - INFO - Boosted OOD loss: 0.0406
2025-09-05 07:34:39,427 - INFO - Boosted OOD loss: 0.0300
2025-09-05 07:34:41,064 - INFO - Boosted OOD loss: 0.0168
2025-09-05 07:34:41,621 - INFO - Boosted OOD loss: 0.0450
2025-09-05 07:34:44,871 - INFO - Boosted OOD loss: 0.0409
2025-09-05 07:34:47,590 - INFO - Boosted OOD loss: 0.0549
2025-09-05 07:34:48,148 - INFO - Boosted OOD loss: 0.0379
2025-09-05 07:34:50,326 - INFO - Boosted OOD loss: 0.0290
2025-09-05 07:34:51,426 - INFO - Boosted OOD loss: 0.0401
2025-09-05 07:34:53,063 - INFO - Boosted OOD loss: 0.0170
2025-09-05 07:34:53,623 - INFO - Boosted OOD loss: 0.0125
2025-09-05 07:34:55,263 - INFO - Boosted OOD loss: 0.0355
2025-09-05 07:35:00,134 - INFO - Boosted OOD loss: 0.0190
2025-09-05 07:35:02,314 - INFO - Boosted OOD loss: 0.0382
2025-09-05 07:35:03,414 - INFO - Boosted OOD loss: 0.0142
2025-09-05 07:35:03,979 - INFO - Boosted OOD loss: 0.0346
2025-09-05 07:35:05,081 - INFO - Boosted OOD loss: 0.0318
2025-09-05 07:35:06,168 - WARNING - No anomaly pixels (254) found in batch
2025-09-05 07:35:07,255 - INFO - Boosted OOD loss: 0.0197
2025-09-05 07:35:13,204 - INFO - Boosted OOD loss: 0.0102
2025-09-05 07:35:13,764 - INFO - Boosted OOD loss: 0.0407
2025-09-05 07:35:18,095 - INFO - Boosted OOD loss: 0.0426
2025-09-05 07:35:20,267 - INFO - Boosted OOD loss: 0.0360
2025-09-05 07:35:26,205 - INFO - Boosted OOD loss: 0.0374
2025-09-05 07:35:30,535 - INFO - Boosted OOD loss: 0.0084
2025-09-05 07:35:31,094 - INFO - Boosted OOD loss: 0.0286
2025-09-05 07:35:31,652 - INFO - Boosted OOD loss: 0.0204
2025-09-05 07:35:34,365 - INFO - Boosted OOD loss: 0.0157
2025-09-05 07:35:36,004 - INFO - Boosted OOD loss: 0.0281
2025-09-05 07:35:37,640 - INFO - Boosted OOD loss: 0.0144
2025-09-05 07:35:40,351 - INFO - Boosted OOD loss: 0.0193
2025-09-05 07:35:43,598 - INFO - Boosted OOD loss: 0.0368
2025-09-05 07:35:44,697 - INFO - Boosted OOD loss: 0.0223
2025-09-05 07:35:47,412 - INFO - Boosted OOD loss: 0.0378
2025-09-05 07:35:48,510 - INFO - Boosted OOD loss: 0.0327
2025-09-05 07:35:51,227 - INFO - Boosted OOD loss: 0.0313
2025-09-05 07:35:51,787 - INFO - Boosted OOD loss: 0.0411
2025-09-05 07:35:54,509 - INFO - Boosted OOD loss: 0.0075
2025-09-05 07:36:00,457 - INFO - Boosted OOD loss: 0.0031
2025-09-05 07:36:00,457 - INFO - Step 43700 Loss Debug:
2025-09-05 07:36:00,457 - INFO -  CE: 1.4133
2025-09-05 07:36:00,457 - INFO -  OOD: 0.0031
2025-09-05 07:36:00,457 - INFO -  β: 32.00
2025-09-05 07:36:00,457 - INFO -  ID: 6930, OOD(254): 541
2025-09-05 07:36:01,017 - INFO - Boosted OOD loss: 0.0113
2025-09-05 07:36:02,116 - INFO - Boosted OOD loss: 0.0186
2025-09-05 07:36:03,754 - INFO - Boosted OOD loss: 0.0275
2025-09-05 07:36:05,931 - INFO - Boosted OOD loss: 0.0286
2025-09-05 07:36:06,492 - INFO - Boosted OOD loss: 0.0443
2025-09-05 07:36:11,366 - INFO - Boosted OOD loss: 0.0406
2025-09-05 07:36:15,157 - INFO - Boosted OOD loss: 0.0295
2025-09-05 07:36:15,720 - INFO - Boosted OOD loss: 0.1133
2025-09-05 07:36:18,443 - INFO - Boosted OOD loss: 0.0293
2025-09-05 07:36:19,004 - INFO - Boosted OOD loss: 0.0253
2025-09-05 07:36:22,799 - INFO - Boosted OOD loss: 0.0429
2025-09-05 07:36:23,899 - INFO - Boosted OOD loss: 0.0316
2025-09-05 07:36:26,074 - INFO - Boosted OOD loss: 0.0598
2025-09-05 07:36:29,866 - INFO - Boosted OOD loss: 0.0274
2025-09-05 07:36:32,042 - INFO - Boosted OOD loss: 0.0273
2025-09-05 07:36:32,601 - INFO - Boosted OOD loss: 0.0099
2025-09-05 07:36:34,240 - INFO - Boosted OOD loss: 0.0317
2025-09-05 07:36:36,951 - INFO - Boosted OOD loss: 0.0337
2025-09-05 07:36:37,508 - INFO - Boosted OOD loss: 0.0032
2025-09-05 07:36:41,294 - INFO - Boosted OOD loss: 0.0275
2025-09-05 07:36:45,086 - INFO - Boosted OOD loss: 0.0612
2025-09-05 07:36:48,882 - INFO - Boosted OOD loss: 0.0236
2025-09-05 07:36:49,443 - INFO - Boosted OOD loss: 0.0501
2025-09-05 07:36:52,158 - INFO - Boosted OOD loss: 0.0276
2025-09-05 07:36:54,877 - INFO - Boosted OOD loss: 0.0222
2025-09-05 07:36:54,877 - INFO - Step 43800 Loss Debug:
2025-09-05 07:36:54,878 - INFO -  CE: 1.7241
2025-09-05 07:36:54,878 - INFO -  OOD: 0.0222
2025-09-05 07:36:54,878 - INFO -  β: 32.00
2025-09-05 07:36:54,878 - INFO -  ID: 7148, OOD(254): 858
2025-09-05 07:36:55,977 - INFO - Boosted OOD loss: 0.0087
2025-09-05 07:36:58,152 - INFO - Boosted OOD loss: 0.0274
2025-09-05 07:37:00,868 - INFO - Boosted OOD loss: 0.0359
2025-09-05 07:37:01,966 - INFO - Boosted OOD loss: 0.0258
2025-09-05 07:37:07,902 - INFO - Boosted OOD loss: -0.0029
2025-09-05 07:37:11,702 - INFO - Boosted OOD loss: 0.0241
2025-09-05 07:37:15,488 - INFO - Boosted OOD loss: 0.0066
2025-09-05 07:37:16,584 - INFO - Boosted OOD loss: 0.0102
2025-09-05 07:37:21,994 - INFO - Boosted OOD loss: 0.0157
2025-09-05 07:37:21,994 - INFO - Step 43850 Loss Debug:
2025-09-05 07:37:21,995 - INFO -  CE: 1.9749
2025-09-05 07:37:21,995 - INFO -  OOD: 0.0157
2025-09-05 07:37:21,995 - INFO -  β: 32.00
2025-09-05 07:37:21,995 - INFO -  ID: 6935, OOD(254): 974
2025-09-05 07:37:23,100 - INFO - Boosted OOD loss: 0.0239
2025-09-05 07:37:24,740 - INFO - Boosted OOD loss: 0.0110
2025-09-05 07:37:25,841 - INFO - Boosted OOD loss: 0.0244
2025-09-05 07:37:26,398 - INFO - Boosted OOD loss: 0.0501
2025-09-05 07:37:27,495 - INFO - Boosted OOD loss: 0.0173
2025-09-05 07:37:37,217 - INFO - Boosted OOD loss: 0.0282
2025-09-05 07:37:37,775 - INFO - Boosted OOD loss: 0.0147
2025-09-05 07:37:38,874 - INFO - Boosted OOD loss: 0.0280
2025-09-05 07:37:41,051 - INFO - Boosted OOD loss: 0.0386
2025-09-05 07:37:43,764 - INFO - Boosted OOD loss: 0.0345
2025-09-05 07:37:46,482 - INFO - Boosted OOD loss: 0.0394
2025-09-05 07:37:49,187 - WARNING - No anomaly pixels (254) found in batch
2025-09-05 07:37:51,346 - INFO - Boosted OOD loss: 0.0180
2025-09-05 07:37:55,679 - INFO - Boosted OOD loss: 0.0429
2025-09-05 07:37:56,240 - INFO - Boosted OOD loss: 0.0236
2025-09-05 07:37:57,879 - INFO - Boosted OOD loss: 0.0004
2025-09-05 07:38:01,133 - INFO - Boosted OOD loss: 0.0138
2025-09-05 07:38:02,767 - INFO - Boosted OOD loss: 0.0270
2025-09-05 07:38:04,403 - INFO - Boosted OOD loss: 0.0351
2025-09-05 07:38:08,198 - INFO - Boosted OOD loss: 0.0308
2025-09-05 07:38:09,833 - INFO - Boosted OOD loss: 0.0191
2025-09-05 07:38:13,626 - INFO - Boosted OOD loss: 0.0118
2025-09-05 07:38:14,185 - INFO - Boosted OOD loss: 0.0060
2025-09-05 07:38:15,823 - INFO - Boosted OOD loss: 0.0350
2025-09-05 07:38:20,686 - INFO - Boosted OOD loss: 0.0414
2025-09-05 07:38:21,782 - INFO - Boosted OOD loss: 0.0202
2025-09-05 07:38:25,040 - INFO - Boosted OOD loss: 0.0334
2025-09-05 07:38:25,601 - INFO - Boosted OOD loss: 0.0443
2025-09-05 07:38:29,931 - INFO - Boosted OOD loss: 0.0166
2025-09-05 07:38:32,111 - INFO - Boosted OOD loss: 0.0098
2025-09-05 07:38:34,286 - INFO - Boosted OOD loss: 0.0176
2025-09-05 07:38:35,385 - INFO - Boosted OOD loss: 0.0439
2025-09-05 07:38:38,636 - INFO - Boosted OOD loss: 0.0362
2025-09-05 07:38:39,194 - INFO - Boosted OOD loss: 0.0161
2025-09-05 07:38:39,755 - INFO - Boosted OOD loss: 0.0228
2025-09-05 07:38:41,394 - INFO - Boosted OOD loss: 0.0099
2025-09-05 07:38:42,490 - INFO - Boosted OOD loss: 0.0129
2025-09-05 07:38:43,583 - WARNING - No anomaly pixels (254) found in batch
2025-09-05 07:38:45,746 - INFO - Boosted OOD loss: 0.0181
2025-09-05 07:38:46,304 - INFO - Boosted OOD loss: 0.0472
2025-09-05 07:38:46,862 - INFO - Boosted OOD loss: 0.0381
2025-09-05 07:38:50,651 - INFO - Boosted OOD loss: 0.0185
2025-09-05 07:38:52,286 - INFO - Boosted OOD loss: 0.0250
2025-09-05 07:38:54,464 - INFO - Boosted OOD loss: 0.0181
2025-09-05 07:38:55,565 - INFO - Boosted OOD loss: 0.0192
2025-09-05 07:38:56,127 - INFO - Boosted OOD loss: 0.0216
2025-09-05 07:38:56,689 - INFO - Boosted OOD loss: 0.0487
2025-09-05 07:38:59,407 - INFO - Boosted OOD loss: 0.0465
2025-09-05 07:38:59,970 - INFO - Boosted OOD loss: 0.0266
2025-09-05 07:39:00,536 - INFO - Boosted OOD loss: 0.0099
2025-09-05 07:39:02,177 - INFO - Boosted OOD loss: 0.0263
2025-09-05 07:39:08,669 - INFO - Boosted OOD loss: 0.0239
2025-09-05 07:39:10,310 - INFO - Boosted OOD loss: 0.0080
2025-09-05 07:39:14,646 - INFO - Boosted OOD loss: 0.0438
2025-09-05 07:39:15,742 - INFO - Boosted OOD loss: 0.0133
2025-09-05 07:39:16,837 - INFO - Boosted OOD loss: 0.0276
2025-09-05 07:39:17,391 - INFO - Boosted OOD loss: 0.0441
2025-09-05 07:39:24,412 - INFO - Boosted OOD loss: 0.0222
2025-09-05 07:39:24,976 - INFO - Boosted OOD loss: 0.0288
2025-09-05 07:39:26,073 - INFO - Boosted OOD loss: 0.0159
2025-09-05 07:39:28,249 - INFO - Boosted OOD loss: 0.0283
2025-09-05 07:39:28,809 - INFO - Boosted OOD loss: 0.0171
2025-09-05 07:39:35,843 - INFO - Boosted OOD loss: 0.0163
2025-09-05 07:39:36,939 - INFO - Boosted OOD loss: 0.0313
2025-09-05 07:39:38,041 - INFO - Boosted OOD loss: 0.0358
2025-09-05 07:39:38,041 - INFO - Step 44100 Loss Debug:
2025-09-05 07:39:38,041 - INFO -  CE: 1.3385
2025-09-05 07:39:38,042 - INFO -  OOD: 0.0358
2025-09-05 07:39:38,042 - INFO -  β: 32.00
2025-09-05 07:39:38,042 - INFO -  ID: 7563, OOD(254): 544
2025-09-05 07:39:40,219 - INFO - Boosted OOD loss: 0.0257
2025-09-05 07:39:41,318 - INFO - Boosted OOD loss: 0.0657
2025-09-05 07:39:42,955 - INFO - Boosted OOD loss: 0.0403
2025-09-05 07:39:45,671 - INFO - Boosted OOD loss: 0.0350
2025-09-05 07:39:47,309 - INFO - Boosted OOD loss: 0.0310
2025-09-05 07:39:51,105 - INFO - Boosted OOD loss: 0.0184
2025-09-05 07:39:53,281 - INFO - Boosted OOD loss: 0.0643
2025-09-05 07:39:55,462 - INFO - Boosted OOD loss: 0.0211
2025-09-05 07:39:56,566 - INFO - Boosted OOD loss: 0.0194
2025-09-05 07:39:58,745 - INFO - Boosted OOD loss: 0.0145
2025-09-05 07:39:59,303 - INFO - Boosted OOD loss: 0.0132
2025-09-05 07:40:00,398 - INFO - Boosted OOD loss: 0.0541
2025-09-05 07:40:02,571 - INFO - Boosted OOD loss: 0.0154
2025-09-05 07:40:05,286 - INFO - Boosted OOD loss: 0.0235
2025-09-05 07:40:05,286 - INFO - Step 44150 Loss Debug:
2025-09-05 07:40:05,286 - INFO -  CE: 1.8682
2025-09-05 07:40:05,286 - INFO -  OOD: 0.0235
2025-09-05 07:40:05,287 - INFO -  β: 32.00
2025-09-05 07:40:05,287 - INFO -  ID: 6169, OOD(254): 962
2025-09-05 07:40:10,690 - INFO - Boosted OOD loss: 0.0131
2025-09-05 07:40:11,251 - INFO - Boosted OOD loss: 0.0434
2025-09-05 07:40:13,427 - INFO - Boosted OOD loss: 0.0397
2025-09-05 07:40:13,987 - INFO - Boosted OOD loss: 0.0391
2025-09-05 07:40:17,783 - INFO - Boosted OOD loss: 0.0380
2025-09-05 07:40:21,039 - INFO - Boosted OOD loss: 0.0195
2025-09-05 07:40:28,070 - INFO - Boosted OOD loss: 0.0340
2025-09-05 07:40:31,865 - INFO - Boosted OOD loss: 0.0078
2025-09-05 07:40:32,417 - WARNING - No anomaly pixels (254) found in batch
2025-09-05 07:40:35,113 - INFO - Boosted OOD loss: 0.0228
2025-09-05 07:40:39,448 - INFO - Boosted OOD loss: 0.0203
2025-09-05 07:40:41,088 - INFO - Boosted OOD loss: 0.0290
2025-09-05 07:40:42,189 - INFO - Boosted OOD loss: 0.0342
2025-09-05 07:40:42,747 - INFO - Boosted OOD loss: 0.0422
2025-09-05 07:40:44,385 - INFO - Boosted OOD loss: 0.0265
2025-09-05 07:40:44,946 - INFO - Boosted OOD loss: 0.0133
2025-09-05 07:40:50,901 - INFO - Boosted OOD loss: 0.0446
2025-09-05 07:40:51,460 - INFO - Boosted OOD loss: 0.0219
2025-09-05 07:40:54,178 - INFO - Boosted OOD loss: 0.0069
2025-09-05 07:40:59,049 - INFO - Boosted OOD loss: 0.0446
2025-09-05 07:41:00,147 - INFO - Boosted OOD loss: 0.0283
2025-09-05 07:41:02,327 - INFO - Boosted OOD loss: 0.0224
2025-09-05 07:41:08,817 - INFO - Boosted OOD loss: 0.0288
2025-09-05 07:41:09,377 - INFO - Boosted OOD loss: 0.0366
2025-09-05 07:41:12,093 - INFO - Boosted OOD loss: 0.0245
2025-09-05 07:41:12,653 - INFO - Boosted OOD loss: 0.0325
2025-09-05 07:41:14,293 - INFO - Boosted OOD loss: 0.0392
2025-09-05 07:41:15,931 - INFO - Boosted OOD loss: 0.0184
2025-09-05 07:41:21,348 - INFO - Boosted OOD loss: 0.0347
2025-09-05 07:41:26,764 - INFO - Boosted OOD loss: 0.0262
2025-09-05 07:41:26,764 - INFO - Step 44300 Loss Debug:
2025-09-05 07:41:26,764 - INFO -  CE: 1.6727
2025-09-05 07:41:26,764 - INFO -  OOD: 0.0262
2025-09-05 07:41:26,765 - INFO -  β: 32.00
2025-09-05 07:41:26,765 - INFO -  ID: 6529, OOD(254): 285
2025-09-05 07:41:27,862 - INFO - Boosted OOD loss: 0.0310
2025-09-05 07:41:28,962 - INFO - Boosted OOD loss: -0.0014
2025-09-05 07:41:29,528 - INFO - Boosted OOD loss: 0.0303
2025-09-05 07:41:36,571 - INFO - Boosted OOD loss: 0.0484
2025-09-05 07:41:41,987 - INFO - Boosted OOD loss: 0.0187
2025-09-05 07:41:44,710 - INFO - Boosted OOD loss: 0.0082
2025-09-05 07:41:45,271 - INFO - Boosted OOD loss: 0.0322
2025-09-05 07:41:46,910 - INFO - Boosted OOD loss: 0.0193
2025-09-05 07:41:58,805 - INFO - Boosted OOD loss: 0.0204
2025-09-05 07:42:00,448 - INFO - Boosted OOD loss: 0.0254
2025-09-05 07:42:02,090 - INFO - Boosted OOD loss: 0.0557
2025-09-05 07:42:04,272 - INFO - Boosted OOD loss: 0.0316
2025-09-05 07:42:05,377 - INFO - Boosted OOD loss: 0.0015
2025-09-05 07:42:07,555 - INFO - Boosted OOD loss: 0.0237
2025-09-05 07:42:08,116 - INFO - Boosted OOD loss: 0.0175
2025-09-05 07:42:11,908 - INFO - Boosted OOD loss: 0.0115
2025-09-05 07:42:18,391 - INFO - Boosted OOD loss: 0.0258
2025-09-05 07:42:21,106 - INFO - Boosted OOD loss: 0.0260
2025-09-05 07:42:21,106 - INFO - Step 44400 Loss Debug:
2025-09-05 07:42:21,106 - INFO -  CE: 1.5866
2025-09-05 07:42:21,106 - INFO -  OOD: 0.0260
2025-09-05 07:42:21,106 - INFO -  β: 32.00
2025-09-05 07:42:21,107 - INFO -  ID: 6977, OOD(254): 208
2025-09-05 07:42:22,206 - INFO - Boosted OOD loss: 0.0184
2025-09-05 07:42:22,769 - INFO - Boosted OOD loss: 0.0112
2025-09-05 07:42:23,869 - INFO - Boosted OOD loss: 0.0165
2025-09-05 07:42:27,123 - INFO - Boosted OOD loss: 0.0266
2025-09-05 07:42:29,298 - INFO - Boosted OOD loss: 0.0402
2025-09-05 07:42:33,089 - INFO - Boosted OOD loss: 0.0436
2025-09-05 07:42:36,875 - INFO - Boosted OOD loss: 0.0121
2025-09-05 07:42:37,436 - INFO - Boosted OOD loss: 0.0389
2025-09-05 07:42:37,996 - INFO - Boosted OOD loss: 0.0253
2025-09-05 07:42:43,399 - INFO - Boosted OOD loss: 0.0202
2025-09-05 07:42:45,036 - INFO - Boosted OOD loss: 0.0430
2025-09-05 07:42:47,219 - INFO - Boosted OOD loss: 0.0108
2025-09-05 07:42:53,704 - INFO - Boosted OOD loss: 0.0197
2025-09-05 07:42:59,113 - INFO - Boosted OOD loss: 0.0338
2025-09-05 07:43:01,290 - INFO - Boosted OOD loss: 0.0101
2025-09-05 07:43:04,548 - INFO - Boosted OOD loss: 0.0391
2025-09-05 07:43:06,731 - INFO - Boosted OOD loss: 0.0160
2025-09-05 07:43:09,451 - INFO - Boosted OOD loss: 0.0350
2025-09-05 07:43:10,007 - INFO - Boosted OOD loss: 0.0540
2025-09-05 07:43:12,186 - INFO - Boosted OOD loss: 0.0009
2025-09-05 07:43:13,822 - INFO - Boosted OOD loss: 0.0401
2025-09-05 07:43:14,380 - INFO - Boosted OOD loss: 0.0281
2025-09-05 07:43:15,470 - WARNING - No anomaly pixels (254) found in batch
2025-09-05 07:43:16,556 - INFO - Boosted OOD loss: 0.0339
2025-09-05 07:43:18,197 - INFO - Boosted OOD loss: 0.0198
2025-09-05 07:43:18,757 - INFO - Boosted OOD loss: 0.0232
2025-09-05 07:43:19,851 - INFO - Boosted OOD loss: 0.0189
2025-09-05 07:43:22,030 - INFO - Boosted OOD loss: 0.0024
2025-09-05 07:43:25,823 - INFO - Boosted OOD loss: 0.0424
2025-09-05 07:43:27,461 - INFO - Boosted OOD loss: 0.0255
2025-09-05 07:43:28,557 - INFO - Boosted OOD loss: 0.0363
2025-09-05 07:43:29,119 - INFO - Boosted OOD loss: 0.0184
2025-09-05 07:43:29,680 - INFO - Boosted OOD loss: 0.0183
2025-09-05 07:43:42,187 - INFO - Updated beta to 12.16 (exp decay)
2025-09-05 07:44:03,255 - WARNING - Negative mean energy—verify E_b formula/signs
2025-09-05 07:44:03,256 - INFO - Weights updated successfully
2025-09-05 07:44:03,256 - INFO - Advanced epoch 25 - Updated beta: 12.16
2025-09-05 07:44:03,256 - INFO - Epoch 25 - Avg CE: 1.8129, Avg OOD: 0.0055, β: 32
2025-09-05 07:44:03,256 - INFO - 
Running evaluation with β=32...
2025-09-05 07:44:03,374 - INFO - 
Starting Epoch 26/100
2025-09-05 07:44:03,374 - INFO - ============================================================
2025-09-05 07:44:03,375 - INFO - 
Updating Hopfield boosting weights at epoch 26...
2025-09-05 07:44:13,984 - WARNING - Negative mean energy—verify E_b formula/signs
2025-09-05 07:44:13,985 - INFO - Weights updated successfully
2025-09-05 07:44:13,985 - INFO - Weight Update Debug at Epoch 26: No high-weight OOD pixels found
2025-09-05 07:44:15,731 - INFO - Boosted OOD loss: 0.0417
2025-09-05 07:44:16,829 - INFO - Boosted OOD loss: 0.0216
2025-09-05 07:44:17,388 - INFO - Boosted OOD loss: 0.0305
2025-09-05 07:44:19,020 - INFO - Boosted OOD loss: 0.0120
2025-09-05 07:44:19,577 - INFO - Boosted OOD loss: 0.0350
2025-09-05 07:44:25,513 - INFO - Boosted OOD loss: 0.0294
2025-09-05 07:44:30,930 - INFO - Boosted OOD loss: 0.0276
2025-09-05 07:44:32,038 - INFO - Boosted OOD loss: 0.0238
2025-09-05 07:44:32,602 - INFO - Boosted OOD loss: 0.0230
2025-09-05 07:44:38,575 - INFO - Boosted OOD loss: 0.0095
2025-09-05 07:44:42,383 - WARNING - No anomaly pixels (254) found in batch
2025-09-05 07:44:46,730 - INFO - Boosted OOD loss: -0.0055
2025-09-05 07:44:48,384 - INFO - Boosted OOD loss: 0.0165
2025-09-05 07:44:50,033 - INFO - Boosted OOD loss: 0.0332
2025-09-05 07:44:50,594 - INFO - Boosted OOD loss: 0.0131
2025-09-05 07:44:51,699 - INFO - Boosted OOD loss: 0.0291
2025-09-05 07:44:52,261 - INFO - Boosted OOD loss: 0.0136
2025-09-05 07:44:57,703 - INFO - Boosted OOD loss: 0.0326
2025-09-05 07:45:00,432 - INFO - Boosted OOD loss: 0.0157
2025-09-05 07:45:04,784 - INFO - Boosted OOD loss: 0.0263
2025-09-05 07:45:05,342 - INFO - Boosted OOD loss: 0.0150
2025-09-05 07:45:06,986 - INFO - Boosted OOD loss: 0.0386
2025-09-05 07:45:08,085 - INFO - Boosted OOD loss: 0.0351
2025-09-05 07:45:10,270 - INFO - Boosted OOD loss: 0.0049
2025-09-05 07:45:11,916 - INFO - Boosted OOD loss: 0.0294
2025-09-05 07:45:13,561 - INFO - Boosted OOD loss: 0.0157
2025-09-05 07:45:17,372 - INFO - Boosted OOD loss: 0.0259
2025-09-05 07:45:18,474 - INFO - Boosted OOD loss: 0.0198
2025-09-05 07:45:19,573 - INFO - Boosted OOD loss: 0.0165
2025-09-05 07:45:21,214 - INFO - Boosted OOD loss: 0.0183
2025-09-05 07:45:23,938 - INFO - Boosted OOD loss: 0.0198
2025-09-05 07:45:30,446 - INFO - Boosted OOD loss: 0.0146
2025-09-05 07:45:31,556 - INFO - Boosted OOD loss: 0.0285
2025-09-05 07:45:35,904 - INFO - Boosted OOD loss: 0.0418
2025-09-05 07:45:36,999 - WARNING - No anomaly pixels (254) found in batch
2025-09-05 07:45:40,247 - INFO - Boosted OOD loss: 0.0328
2025-09-05 07:45:40,805 - INFO - Boosted OOD loss: 0.0383
2025-09-05 07:45:42,442 - INFO - Boosted OOD loss: 0.0039
2025-09-05 07:45:45,707 - INFO - Boosted OOD loss: 0.0126
2025-09-05 07:45:46,811 - INFO - Boosted OOD loss: -0.0020
2025-09-05 07:45:48,988 - INFO - Boosted OOD loss: 0.0399
2025-09-05 07:45:49,547 - INFO - Boosted OOD loss: 0.0074
2025-09-05 07:45:51,191 - INFO - Boosted OOD loss: 0.0278
2025-09-05 07:45:52,296 - INFO - Boosted OOD loss: 0.0179
2025-09-05 07:45:57,174 - INFO - Boosted OOD loss: 0.0179
2025-09-05 07:45:57,737 - INFO - Boosted OOD loss: 0.0314
2025-09-05 07:46:01,000 - INFO - Boosted OOD loss: 0.0152
2025-09-05 07:46:05,339 - INFO - Boosted OOD loss: 0.0374
2025-09-05 07:46:06,438 - INFO - Boosted OOD loss: 0.0494
2025-09-05 07:46:08,081 - INFO - Boosted OOD loss: 0.0207
2025-09-05 07:46:15,110 - INFO - Boosted OOD loss: 0.0185
2025-09-05 07:46:16,208 - INFO - Boosted OOD loss: 0.0114
2025-09-05 07:46:17,308 - INFO - Boosted OOD loss: 0.0172
2025-09-05 07:46:20,027 - INFO - Boosted OOD loss: 0.0269
2025-09-05 07:46:22,746 - INFO - Boosted OOD loss: 0.0132
2025-09-05 07:46:23,306 - INFO - Boosted OOD loss: 0.0213
2025-09-05 07:46:24,403 - INFO - Boosted OOD loss: 0.0207
2025-09-05 07:46:28,738 - INFO - Boosted OOD loss: -0.0106
2025-09-05 07:46:30,917 - INFO - Boosted OOD loss: 0.0395
2025-09-05 07:46:31,468 - WARNING - No anomaly pixels (254) found in batch
2025-09-05 07:46:32,014 - INFO - Boosted OOD loss: 0.0292
2025-09-05 07:46:32,572 - INFO - Boosted OOD loss: 0.0226
2025-09-05 07:46:34,748 - INFO - Boosted OOD loss: 0.0292
2025-09-05 07:46:36,924 - INFO - Boosted OOD loss: 0.0168
2025-09-05 07:46:39,100 - INFO - Boosted OOD loss: 0.0106
2025-09-05 07:46:40,735 - INFO - Boosted OOD loss: -0.0060
2025-09-05 07:46:41,835 - INFO - Boosted OOD loss: 0.0329
2025-09-05 07:46:42,395 - INFO - Boosted OOD loss: 0.0181
2025-09-05 07:46:42,959 - INFO - Boosted OOD loss: 0.0135
2025-09-05 07:46:44,060 - INFO - Boosted OOD loss: 0.0236
2025-09-05 07:46:45,158 - INFO - Boosted OOD loss: -0.0055
2025-09-05 07:46:47,336 - INFO - Boosted OOD loss: -0.0034
2025-09-05 07:46:49,513 - INFO - Boosted OOD loss: 0.0147
2025-09-05 07:46:57,616 - INFO - Boosted OOD loss: 0.0168
2025-09-05 07:46:58,716 - INFO - Boosted OOD loss: 0.0132
2025-09-05 07:46:58,717 - INFO - Step 44850 Loss Debug:
2025-09-05 07:46:58,717 - INFO -  CE: 1.4156
2025-09-05 07:46:58,717 - INFO -  OOD: 0.0132
2025-09-05 07:46:58,717 - INFO -  β: 32.00
2025-09-05 07:46:58,717 - INFO -  ID: 7165, OOD(254): 7
2025-09-05 07:46:59,277 - INFO - Boosted OOD loss: 0.0264
2025-09-05 07:46:59,838 - INFO - Boosted OOD loss: 0.0175
2025-09-05 07:47:03,092 - INFO - Boosted OOD loss: 0.0159
2025-09-05 07:47:05,808 - INFO - Boosted OOD loss: 0.0145
2025-09-05 07:47:07,445 - INFO - Boosted OOD loss: 0.0378
2025-09-05 07:47:09,080 - INFO - Boosted OOD loss: 0.0206
2025-09-05 07:47:09,641 - INFO - Boosted OOD loss: 0.0185
2025-09-05 07:47:10,205 - INFO - Boosted OOD loss: 0.0226
2025-09-05 07:47:11,303 - INFO - Boosted OOD loss: 0.0123
2025-09-05 07:47:16,715 - INFO - Boosted OOD loss: 0.0016
2025-09-05 07:47:18,891 - INFO - Boosted OOD loss: 0.0236
2025-09-05 07:47:24,301 - INFO - Boosted OOD loss: 0.0326
2025-09-05 07:47:25,933 - WARNING - No anomaly pixels (254) found in batch
2025-09-05 07:47:26,478 - INFO - Boosted OOD loss: 0.0122
2025-09-05 07:47:34,049 - INFO - Boosted OOD loss: 0.0163
2025-09-05 07:47:36,229 - INFO - Boosted OOD loss: 0.0401
2025-09-05 07:47:38,944 - INFO - Boosted OOD loss: 0.0292
2025-09-05 07:47:40,578 - INFO - Boosted OOD loss: 0.0273
2025-09-05 07:47:47,616 - INFO - Boosted OOD loss: 0.0174
2025-09-05 07:47:50,872 - INFO - Boosted OOD loss: 0.0449
2025-09-05 07:47:51,435 - INFO - Boosted OOD loss: 0.0474
2025-09-05 07:47:52,541 - INFO - Boosted OOD loss: 0.0146
2025-09-05 07:47:55,806 - INFO - Boosted OOD loss: 0.0138
2025-09-05 07:47:56,912 - INFO - Boosted OOD loss: 0.0294
2025-09-05 07:48:00,713 - INFO - Boosted OOD loss: 0.0347
2025-09-05 07:48:03,976 - INFO - Boosted OOD loss: 0.0304
2025-09-05 07:48:05,617 - INFO - Boosted OOD loss: 0.0211
2025-09-05 07:48:07,257 - INFO - Boosted OOD loss: 0.0113
2025-09-05 07:48:11,053 - INFO - Boosted OOD loss: 0.0436
2025-09-05 07:48:19,700 - INFO - Boosted OOD loss: 0.0297
2025-09-05 07:48:20,252 - WARNING - No anomaly pixels (254) found in batch
2025-09-05 07:48:21,337 - INFO - Boosted OOD loss: 0.0226
2025-09-05 07:48:22,974 - INFO - Boosted OOD loss: 0.0547
2025-09-05 07:48:24,072 - INFO - Boosted OOD loss: 0.0161
2025-09-05 07:48:30,566 - INFO - Boosted OOD loss: 0.0261
2025-09-05 07:48:31,127 - INFO - Boosted OOD loss: -0.0090
2025-09-05 07:48:32,772 - INFO - Boosted OOD loss: 0.0382
2025-09-05 07:48:34,945 - INFO - Boosted OOD loss: 0.0256
2025-09-05 07:48:36,582 - INFO - Boosted OOD loss: 0.0065
2025-09-05 07:48:46,292 - INFO - Boosted OOD loss: 0.0285
2025-09-05 07:48:54,399 - INFO - Boosted OOD loss: 0.0394
2025-09-05 07:48:56,577 - INFO - Boosted OOD loss: 0.0408
2025-09-05 07:48:58,219 - INFO - Boosted OOD loss: 0.0221
2025-09-05 07:49:02,547 - INFO - Boosted OOD loss: 0.0199
2025-09-05 07:49:03,112 - INFO - Boosted OOD loss: 0.0225
2025-09-05 07:49:09,060 - INFO - Boosted OOD loss: 0.0389
2025-09-05 07:49:10,159 - INFO - Boosted OOD loss: 0.0471
2025-09-05 07:49:13,412 - INFO - Boosted OOD loss: 0.0144
2025-09-05 07:49:14,503 - WARNING - No anomaly pixels (254) found in batch
2025-09-05 07:49:15,048 - INFO - Boosted OOD loss: 0.0306
2025-09-05 07:49:19,916 - INFO - Boosted OOD loss: 0.0602
2025-09-05 07:49:20,478 - INFO - Boosted OOD loss: 0.0369
2025-09-05 07:49:22,118 - INFO - Boosted OOD loss: 0.0094
2025-09-05 07:49:23,215 - INFO - Boosted OOD loss: 0.0182
2025-09-05 07:49:25,934 - INFO - Boosted OOD loss: 0.0336
2025-09-05 07:49:28,648 - INFO - Boosted OOD loss: 0.0328
2025-09-05 07:49:30,285 - INFO - Boosted OOD loss: 0.0068
2025-09-05 07:49:38,389 - INFO - Boosted OOD loss: 0.0302
2025-09-05 07:49:39,486 - INFO - Boosted OOD loss: 0.0312
2025-09-05 07:49:48,129 - INFO - Boosted OOD loss: 0.0024
2025-09-05 07:49:54,072 - INFO - Boosted OOD loss: 0.0138
2025-09-05 07:49:55,712 - INFO - Boosted OOD loss: 0.0139
2025-09-05 07:49:56,273 - INFO - Boosted OOD loss: 0.0182
2025-09-05 07:49:56,833 - INFO - Boosted OOD loss: 0.0395
2025-09-05 07:50:01,169 - INFO - Boosted OOD loss: 0.0121
2025-09-05 07:50:06,574 - INFO - Boosted OOD loss: 0.0119
2025-09-05 07:50:08,748 - WARNING - No anomaly pixels (254) found in batch
2025-09-05 07:50:09,297 - INFO - Boosted OOD loss: 0.0026
2025-09-05 07:50:09,857 - INFO - Boosted OOD loss: 0.0157
2025-09-05 07:50:17,964 - INFO - Boosted OOD loss: 0.0267
2025-09-05 07:50:23,924 - INFO - Boosted OOD loss: 0.0303
2025-09-05 07:50:24,484 - INFO - Boosted OOD loss: 0.0331
2025-09-05 07:50:26,126 - INFO - Boosted OOD loss: 0.0238
2025-09-05 07:50:29,385 - INFO - Boosted OOD loss: 0.0388
2025-09-05 07:50:31,022 - INFO - Boosted OOD loss: 0.0261
2025-09-05 07:50:40,202 - INFO - Boosted OOD loss: 0.0295
2025-09-05 07:50:41,840 - INFO - Boosted OOD loss: 0.0325
2025-09-05 07:50:44,024 - INFO - Boosted OOD loss: 0.0109
2025-09-05 07:50:46,747 - INFO - Boosted OOD loss: 0.0556
2025-09-05 07:50:47,850 - INFO - Boosted OOD loss: 0.0071
2025-09-05 07:50:48,409 - INFO - Boosted OOD loss: 0.0196
2025-09-05 07:50:48,971 - INFO - Boosted OOD loss: 0.0304
2025-09-05 07:50:54,926 - INFO - Boosted OOD loss: 0.0421
2025-09-05 07:50:55,489 - INFO - Boosted OOD loss: 0.0204
2025-09-05 07:50:56,587 - INFO - Boosted OOD loss: 0.0165
2025-09-05 07:50:57,690 - INFO - Boosted OOD loss: -0.0005
2025-09-05 07:51:00,408 - INFO - Boosted OOD loss: 0.0090
2025-09-05 07:51:01,505 - INFO - Boosted OOD loss: 0.0239
2025-09-05 07:51:03,133 - WARNING - No anomaly pixels (254) found in batch
2025-09-05 07:51:03,677 - INFO - Boosted OOD loss: 0.0014
2025-09-05 07:51:06,937 - INFO - Boosted OOD loss: 0.0382
2025-09-05 07:51:07,498 - INFO - Boosted OOD loss: 0.0111
2025-09-05 07:51:09,679 - INFO - Boosted OOD loss: 0.0236
2025-09-05 07:51:10,782 - INFO - Boosted OOD loss: 0.0124
2025-09-05 07:51:13,500 - INFO - Boosted OOD loss: 0.0436
2025-09-05 07:51:14,599 - INFO - Boosted OOD loss: -0.0121
2025-09-05 07:51:22,704 - INFO - Boosted OOD loss: 0.0359
2025-09-05 07:51:28,110 - INFO - Boosted OOD loss: 0.0247
2025-09-05 07:51:28,671 - INFO - Boosted OOD loss: 0.0331
2025-09-05 07:51:29,770 - INFO - Boosted OOD loss: 0.0095
2025-09-05 07:51:33,564 - INFO - Boosted OOD loss: 0.0379
2025-09-05 07:51:39,508 - INFO - Boosted OOD loss: 0.0201
2025-09-05 07:51:40,606 - INFO - Boosted OOD loss: 0.0087
2025-09-05 07:51:41,164 - INFO - Boosted OOD loss: 0.0357
2025-09-05 07:51:42,260 - INFO - Boosted OOD loss: 0.0192
2025-09-05 07:51:47,123 - INFO - Boosted OOD loss: 0.0628
2025-09-05 07:51:48,222 - INFO - Boosted OOD loss: 0.0360
2025-09-05 07:51:56,330 - INFO - Boosted OOD loss: 0.0199
2025-09-05 07:51:57,426 - WARNING - No anomaly pixels (254) found in batch
2025-09-05 07:52:00,127 - INFO - Boosted OOD loss: 0.0228
2025-09-05 07:52:02,300 - INFO - Boosted OOD loss: 0.0151
2025-09-05 07:52:03,935 - INFO - Boosted OOD loss: 0.0282
2025-09-05 07:52:08,266 - INFO - Boosted OOD loss: 0.0183
2025-09-05 07:52:09,906 - INFO - Boosted OOD loss: 0.0240
2025-09-05 07:52:12,089 - INFO - Boosted OOD loss: 0.0263
2025-09-05 07:52:19,655 - INFO - Boosted OOD loss: -0.0094
2025-09-05 07:52:20,762 - INFO - Boosted OOD loss: 0.0166
2025-09-05 07:52:21,864 - INFO - Boosted OOD loss: 0.0127
