2025-09-03 08:13:54,852 - INFO - Starting energy analysis on device: cuda:0
2025-09-03 08:13:54,852 - INFO - Output directory: energy_analysis_20250903_081354
2025-09-03 08:13:54,921 - INFO - Initial GPU memory usage: 0.00 MB
2025-09-03 08:13:56,274 - INFO - Creating memory builder...
2025-09-03 08:15:39,280 - INFO - Building memory with 100 batches...
2025-09-03 08:15:39,281 - INFO - Starting redesigned hybrid memory building over full dataset...
2025-09-03 08:16:25,240 - INFO - Label statistics - Found 254 in 86 batches, 255 in 100 batches
2025-09-03 08:16:25,241 - INFO - Skipped 530713 pixels with label 255 (ignore class)
2025-09-03 08:29:38,076 - INFO - Starting energy analysis on device: cuda:0
2025-09-03 08:29:38,076 - INFO - Output directory: energy_analysis_20250903_082937
2025-09-03 08:29:38,145 - INFO - Initial GPU memory usage: 0.00 MB
2025-09-03 08:29:40,979 - INFO - Creating memory builder...
2025-09-03 08:30:33,827 - INFO - Building memory with 100 batches...
2025-09-03 08:30:33,828 - INFO - Starting redesigned hybrid memory building over full dataset...
2025-09-03 08:31:20,349 - INFO - Label statistics - Found 254 in 56 batches, 255 in 100 batches
2025-09-03 08:31:20,349 - INFO - Skipped 542439 pixels with label 255 (ignore class)
2025-09-03 08:33:12,747 - INFO - Final memory ratio (AUX:ID): 1.00
2025-09-03 08:33:12,850 - INFO - Memory separation - Ratio: 1.497, Cross-similarity: 0.046, Overlap: 0.000
2025-09-03 08:33:12,850 - INFO - ID spread: 0.471, OOD spread: 0.361, Distance: 1.247
2025-09-03 08:33:13,005 - INFO - Results saved automatically.
2025-09-03 08:33:13,157 - INFO - Memories saved to energy_analysis_20250903_082937
2025-09-03 08:33:13,157 - INFO - Testing energy with different beta values...
2025-09-03 08:33:13,157 - INFO - Testing energy with real memories: ID=torch.Size([10000, 128]), OOD=torch.Size([10000, 128])
2025-09-03 08:33:13,309 - INFO - Testing beta=1.0...
2025-09-03 08:33:13,445 - INFO - Border Energy (β=1.0):
2025-09-03 08:33:13,446 - INFO -   ID: -1.5236±0.0536
2025-09-03 08:33:13,446 - INFO -   OOD: -1.5479±0.0065
2025-09-03 08:33:13,446 - INFO -   Separation: -0.0242
2025-09-03 08:33:13,446 - INFO -   AUC: 0.5954
2025-09-03 08:33:13,446 - INFO - Inference Score (β=1.0):
2025-09-03 08:33:13,446 - INFO -   ID: 0.7314±0.1705
2025-09-03 08:33:13,446 - INFO -   OOD: -0.8147±0.0169
2025-09-03 08:33:13,446 - INFO -   Separation: 1.5461
2025-09-03 08:33:13,446 - INFO -   AUC: 0.0000
2025-09-03 08:33:13,739 - INFO - OOD Loss (β=1.0):
2025-09-03 08:33:13,739 - INFO -   Imbalance weight 1.0: 0.0227
2025-09-03 08:33:13,739 - INFO -   Imbalance weight 2.0: 1.5726
2025-09-03 08:33:13,739 - INFO -   Imbalance weight 3.0: 3.1224
2025-09-03 08:33:13,739 - INFO -   Imbalance weight 5.0: 6.2221
2025-09-03 08:33:13,850 - INFO - Testing beta=2.0...
2025-09-03 08:33:13,905 - INFO - Border Energy (β=2.0):
2025-09-03 08:33:13,905 - INFO -   ID: -0.9490±0.0967
2025-09-03 08:33:13,905 - INFO -   OOD: -0.9848±0.0108
2025-09-03 08:33:13,905 - INFO -   Separation: -0.0358
2025-09-03 08:33:13,905 - INFO -   AUC: 0.5524
2025-09-03 08:33:13,905 - INFO - Inference Score (β=2.0):
2025-09-03 08:33:13,905 - INFO -   ID: 0.7312±0.1703
2025-09-03 08:33:13,905 - INFO -   OOD: -0.8013±0.0164
2025-09-03 08:33:13,905 - INFO -   Separation: 1.5325
2025-09-03 08:33:13,905 - INFO -   AUC: 0.0000
2025-09-03 08:33:14,128 - INFO - OOD Loss (β=2.0):
2025-09-03 08:33:14,128 - INFO -   Imbalance weight 1.0: 0.0328
2025-09-03 08:33:14,128 - INFO -   Imbalance weight 2.0: 1.0191
2025-09-03 08:33:14,128 - INFO -   Imbalance weight 3.0: 2.0054
2025-09-03 08:33:14,128 - INFO -   Imbalance weight 5.0: 3.9779
2025-09-03 08:33:14,219 - INFO - Testing beta=4.0...
2025-09-03 08:33:14,266 - INFO - Border Energy (β=4.0):
2025-09-03 08:33:14,266 - INFO -   ID: -0.7693±0.1443
2025-09-03 08:33:14,266 - INFO -   OOD: -0.8007±0.0145
2025-09-03 08:33:14,266 - INFO -   Separation: -0.0314
2025-09-03 08:33:14,266 - INFO -   AUC: 0.4807
2025-09-03 08:33:14,266 - INFO - Inference Score (β=4.0):
2025-09-03 08:33:14,266 - INFO -   ID: 0.7366±0.1704
2025-09-03 08:33:14,266 - INFO -   OOD: -0.7790±0.0159
2025-09-03 08:33:14,267 - INFO -   Separation: 1.5156
2025-09-03 08:33:14,267 - INFO -   AUC: 0.0000
2025-09-03 08:33:14,493 - INFO - OOD Loss (β=4.0):
2025-09-03 08:33:14,493 - INFO -   Imbalance weight 1.0: 0.0330
2025-09-03 08:33:14,493 - INFO -   Imbalance weight 2.0: 0.8328
2025-09-03 08:33:14,493 - INFO -   Imbalance weight 3.0: 1.6326
2025-09-03 08:33:14,493 - INFO -   Imbalance weight 5.0: 3.2322
2025-09-03 08:33:14,589 - INFO - Testing beta=8.0...
2025-09-03 08:33:14,636 - INFO - Border Energy (β=8.0):
2025-09-03 08:33:14,636 - INFO -   ID: -0.7427±0.1693
2025-09-03 08:33:14,637 - INFO -   OOD: -0.7246±0.0187
2025-09-03 08:33:14,637 - INFO -   Separation: 0.0181
2025-09-03 08:33:14,637 - INFO -   AUC: 0.3509
2025-09-03 08:33:14,637 - INFO - Inference Score (β=8.0):
2025-09-03 08:33:14,637 - INFO -   ID: 0.7406±0.1726
2025-09-03 08:33:14,637 - INFO -   OOD: -0.7238±0.0188
2025-09-03 08:33:14,637 - INFO -   Separation: 1.4644
2025-09-03 08:33:14,637 - INFO -   AUC: 0.0000
2025-09-03 08:33:14,862 - INFO - OOD Loss (β=8.0):
2025-09-03 08:33:14,862 - INFO -   Imbalance weight 1.0: -0.0212
2025-09-03 08:33:14,862 - INFO -   Imbalance weight 2.0: 0.7077
2025-09-03 08:33:14,863 - INFO -   Imbalance weight 3.0: 1.4365
2025-09-03 08:33:14,863 - INFO -   Imbalance weight 5.0: 2.8942
2025-09-03 08:33:14,964 - INFO - Testing beta=16.0...
2025-09-03 08:33:15,010 - INFO - Border Energy (β=16.0):
2025-09-03 08:33:15,011 - INFO -   ID: -0.7520±0.1711
2025-09-03 08:33:15,011 - INFO -   OOD: -0.6479±0.0245
2025-09-03 08:33:15,011 - INFO -   Separation: 0.1041
2025-09-03 08:33:15,011 - INFO -   AUC: 0.2483
2025-09-03 08:33:15,011 - INFO - Inference Score (β=16.0):
2025-09-03 08:33:15,011 - INFO -   ID: 0.7519±0.1712
2025-09-03 08:33:15,011 - INFO -   OOD: -0.6479±0.0245
2025-09-03 08:33:15,011 - INFO -   Separation: 1.3998
2025-09-03 08:33:15,011 - INFO -   AUC: 0.0000
2025-09-03 08:33:15,235 - INFO - OOD Loss (β=16.0):
2025-09-03 08:33:15,235 - INFO -   Imbalance weight 1.0: -0.1133
2025-09-03 08:33:15,236 - INFO -   Imbalance weight 2.0: 0.5344
2025-09-03 08:33:15,236 - INFO -   Imbalance weight 3.0: 1.1821
2025-09-03 08:33:15,236 - INFO -   Imbalance weight 5.0: 2.4774
2025-09-03 08:33:15,341 - INFO - Testing beta=32.0...
2025-09-03 08:33:15,388 - INFO - Border Energy (β=32.0):
2025-09-03 08:33:15,388 - INFO -   ID: -0.7681±0.1676
2025-09-03 08:33:15,388 - INFO -   OOD: -0.5794±0.0251
2025-09-03 08:33:15,388 - INFO -   Separation: 0.1887
2025-09-03 08:33:15,388 - INFO -   AUC: 0.1797
2025-09-03 08:33:15,388 - INFO - Inference Score (β=32.0):
2025-09-03 08:33:15,388 - INFO -   ID: 0.7681±0.1676
2025-09-03 08:33:15,388 - INFO -   OOD: -0.5794±0.0251
2025-09-03 08:33:15,388 - INFO -   Separation: 1.3476
2025-09-03 08:33:15,388 - INFO -   AUC: 0.0000
2025-09-03 08:33:15,612 - INFO - OOD Loss (β=32.0):
2025-09-03 08:33:15,612 - INFO -   Imbalance weight 1.0: -0.1978
2025-09-03 08:33:15,612 - INFO -   Imbalance weight 2.0: 0.3668
2025-09-03 08:33:15,612 - INFO -   Imbalance weight 3.0: 0.9314
2025-09-03 08:33:15,612 - INFO -   Imbalance weight 5.0: 2.0607
2025-09-03 08:33:15,723 - INFO - Testing beta=64.0...
2025-09-03 08:33:15,770 - INFO - Border Energy (β=64.0):
2025-09-03 08:33:15,770 - INFO -   ID: -0.7904±0.1531
2025-09-03 08:33:15,770 - INFO -   OOD: -0.5323±0.0275
2025-09-03 08:33:15,770 - INFO -   Separation: 0.2580
2025-09-03 08:33:15,770 - INFO -   AUC: 0.0952
2025-09-03 08:33:15,770 - INFO - Inference Score (β=64.0):
2025-09-03 08:33:15,770 - INFO -   ID: 0.7904±0.1531
2025-09-03 08:33:15,770 - INFO -   OOD: -0.5323±0.0275
2025-09-03 08:33:15,770 - INFO -   Separation: 1.3227
2025-09-03 08:33:15,770 - INFO -   AUC: 0.0000
2025-09-03 08:33:15,993 - INFO - OOD Loss (β=64.0):
2025-09-03 08:33:15,993 - INFO -   Imbalance weight 1.0: -0.2740
2025-09-03 08:33:15,993 - INFO -   Imbalance weight 2.0: 0.2641
2025-09-03 08:33:15,993 - INFO -   Imbalance weight 3.0: 0.8022
2025-09-03 08:33:15,994 - INFO -   Imbalance weight 5.0: 1.8784
2025-09-03 08:33:20,453 - INFO - Optimal beta for inference score: 1.0 (separation: 1.5461)
2025-09-03 08:33:20,455 - INFO - Energy analysis completed. Results saved to energy_analysis_20250903_082937
2025-09-03 08:33:20,622 - INFO - Final GPU memory usage: 834.25 MB
2025-09-03 10:22:48,881 - INFO - Starting enhanced energy analysis on cuda:0
2025-09-03 10:22:48,881 - INFO - Output: energy_analysis_20250903_102248
2025-09-03 10:22:49,032 - INFO - Initial GPU mem: 0.00 MB, max 0.00 MB
2025-09-03 10:22:50,220 - INFO - Creating memory builder...
2025-09-03 10:32:47,721 - INFO - Building memory with 200 batches...
2025-09-03 10:32:47,728 - INFO - Starting redesigned hybrid memory building over full dataset...
2025-09-03 10:34:24,049 - INFO - Label statistics - Found 254 in 119 batches, 255 in 200 batches
2025-09-03 10:34:24,050 - INFO - Skipped 1110519 pixels with label 255 (ignore class)
2025-09-03 10:39:11,419 - INFO - Starting enhanced energy analysis on cuda:0
2025-09-03 10:39:11,420 - INFO - Output: energy_analysis_20250903_103911
2025-09-03 10:39:11,612 - INFO - Initial GPU mem: 0.00 MB, max 0.00 MB
2025-09-03 10:39:13,936 - INFO - Creating memory builder...
2025-09-03 10:43:46,494 - INFO - Building memory with 200 batches...
2025-09-03 10:43:46,501 - INFO - Starting redesigned hybrid memory building over full dataset...
2025-09-03 10:45:23,423 - INFO - Label statistics - Found 254 in 116 batches, 255 in 200 batches
2025-09-03 10:45:23,424 - INFO - Skipped 1093947 pixels with label 255 (ignore class)
2025-09-03 10:48:04,245 - INFO - Starting enhanced energy analysis on cuda:0
2025-09-03 10:48:04,245 - INFO - Output: energy_analysis_20250903_104804
2025-09-03 10:48:04,465 - INFO - Initial GPU mem: 0.00 MB, max 0.00 MB
2025-09-03 10:48:07,097 - INFO - Creating memory builder...
2025-09-03 10:49:26,479 - INFO - Starting enhanced energy analysis on cuda:0
2025-09-03 10:49:26,479 - INFO - Output: energy_analysis_20250903_104926
2025-09-03 10:49:26,630 - INFO - Initial GPU mem: 0.00 MB, max 0.00 MB
2025-09-03 10:49:27,876 - INFO - Creating memory builder...
2025-09-03 10:54:17,328 - INFO - Building memory with 200 batches...
2025-09-03 10:54:17,334 - INFO - Starting redesigned hybrid memory building over full dataset...
2025-09-03 10:55:54,568 - INFO - Label statistics - Found 254 in 126 batches, 255 in 200 batches
2025-09-03 10:55:54,569 - INFO - Skipped 1126399 pixels with label 255 (ignore class)
2025-09-03 11:00:11,049 - INFO - Starting enhanced energy analysis on cuda:0
2025-09-03 11:00:11,049 - INFO - Output: energy_analysis_20250903_110010
2025-09-03 11:00:11,245 - INFO - Initial GPU mem: 0.00 MB, max 0.00 MB
2025-09-03 11:00:13,683 - INFO - Creating memory builder...
2025-09-03 11:04:54,266 - INFO - Building memory with 200 batches...
2025-09-03 11:04:54,272 - INFO - Starting redesigned hybrid memory building over full dataset...
2025-09-03 11:06:30,754 - INFO - Label statistics - Found 254 in 117 batches, 255 in 200 batches
2025-09-03 11:06:30,755 - INFO - Skipped 1057039 pixels with label 255 (ignore class)
2025-09-03 11:08:34,824 - INFO - Final memory ratio (AUX:ID): 1.00
2025-09-03 11:08:35,417 - INFO - Memory separation - Ratio: 1.426, Cross-similarity: 0.051, Overlap: 0.000
2025-09-03 11:08:35,417 - INFO - ID spread: 0.490, OOD spread: 0.372, Distance: 1.230
2025-09-03 11:08:35,518 - INFO - Results saved automatically.
2025-09-03 11:08:35,555 - INFO - Memories saved
2025-09-03 11:08:35,568 - INFO - Post-memory_build GPU mem: 824.61 MB, max 3665.53 MB
2025-09-03 11:08:35,569 - INFO - Testing with enhanced setup...
2025-09-03 11:08:35,570 - INFO - Testing energy with real memories: ID=torch.Size([2000, 128]), OOD=torch.Size([2000, 128])
2025-09-03 11:08:35,570 - INFO - Norm types to test: ['l2']
2025-09-03 11:08:35,570 - INFO - Processing norm_type: l2
2025-09-03 11:08:36,109 - INFO - Testing beta=0.5 for norm=l2...
2025-09-03 11:08:36,110 - INFO - Pre-sample GPU mem: 824.61 MB, max 3665.53 MB
2025-09-03 11:08:36,120 - INFO - Subsets shapes: ID torch.Size([2000, 128]), OOD torch.Size([2000, 128])
2025-09-03 11:08:36,120 - INFO - Post-sample GPU mem: 826.56 MB, max 3665.53 MB
2025-09-03 11:08:36,142 - INFO - Post-border_module GPU mem: 828.52 MB, max 3665.53 MB
2025-09-03 11:08:36,466 - INFO - Post-border_compute GPU mem: 828.53 MB, max 3665.53 MB
2025-09-03 11:08:36,488 - INFO - Post-inference_module GPU mem: 830.49 MB, max 3665.53 MB
2025-09-03 11:08:36,492 - INFO - Post-inference_compute GPU mem: 830.50 MB, max 3665.53 MB
2025-09-03 11:08:36,494 - INFO - Border Energy (β=0.5, norm=l2):
2025-09-03 11:08:36,495 - INFO -   ID: 0.9685±0.0114, OOD: 0.9605±0.0018
2025-09-03 11:08:36,495 - INFO -   Separation: -0.0080, KS-stat: 0.5690 (p=0.0000)
2025-09-03 11:08:36,496 - INFO -   AUROC: 0.7253, AUPR: 0.3674, FPR95: 0.8055
2025-09-03 11:08:36,496 - INFO - Inference Score (β=0.5, norm=l2):
2025-09-03 11:08:36,497 - INFO -   ID: 0.7043±0.1438, OOD: -0.8056±0.0194
2025-09-03 11:08:36,498 - INFO -   Separation: 1.5099, KS-stat: 1.0000 (p=0.0000)
2025-09-03 11:08:36,499 - INFO -   AUROC: 0.0000, AUPR: 0.9995, FPR95: 0.0000
2025-09-03 11:08:36,986 - INFO - OOD Loss (β=0.5, norm=l2):
2025-09-03 11:08:36,986 - INFO -   Weight 1.0: 0.3412
2025-09-03 11:08:36,986 - INFO -   Weight 2.0: 0.3307
2025-09-03 11:08:36,987 - INFO -   Weight 3.0: 0.3201
2025-09-03 11:08:36,988 - INFO -   Weight 5.0: 0.2990
2025-09-03 11:08:36,989 - INFO -   Weight 10.0: 0.2463
2025-09-03 11:08:38,720 - INFO - Testing beta=1.0 for norm=l2...
2025-09-03 11:08:38,722 - INFO - Pre-sample GPU mem: 826.57 MB, max 3665.53 MB
2025-09-03 11:08:38,724 - INFO - Subsets shapes: ID torch.Size([2000, 128]), OOD torch.Size([2000, 128])
2025-09-03 11:08:38,725 - INFO - Post-sample GPU mem: 828.52 MB, max 3665.53 MB
2025-09-03 11:08:38,726 - INFO - Post-border_module GPU mem: 830.47 MB, max 3665.53 MB
2025-09-03 11:08:38,730 - INFO - Post-border_compute GPU mem: 830.49 MB, max 3665.53 MB
2025-09-03 11:08:38,735 - INFO - Post-inference_module GPU mem: 832.44 MB, max 3665.53 MB
2025-09-03 11:08:38,739 - INFO - Post-inference_compute GPU mem: 832.46 MB, max 3665.53 MB
2025-09-03 11:08:38,742 - INFO - Border Energy (β=1.0, norm=l2):
2025-09-03 11:08:38,742 - INFO -   ID: 0.8822±0.0408, OOD: 0.8550±0.0062
2025-09-03 11:08:38,742 - INFO -   Separation: -0.0272, KS-stat: 0.5520 (p=0.0000)
2025-09-03 11:08:38,743 - INFO -   AUROC: 0.7109, AUPR: 0.3715, FPR95: 0.7975
2025-09-03 11:08:38,744 - INFO - Inference Score (β=1.0, norm=l2):
2025-09-03 11:08:38,745 - INFO -   ID: 0.7051±0.1440, OOD: -0.8019±0.0193
2025-09-03 11:08:38,746 - INFO -   Separation: 1.5070, KS-stat: 1.0000 (p=0.0000)
2025-09-03 11:08:38,746 - INFO -   AUROC: 0.0000, AUPR: 0.9995, FPR95: 0.0000
2025-09-03 11:08:39,022 - INFO - OOD Loss (β=1.0, norm=l2):
2025-09-03 11:08:39,022 - INFO -   Weight 1.0: 0.3412
2025-09-03 11:08:39,022 - INFO -   Weight 2.0: 0.3307
2025-09-03 11:08:39,024 - INFO -   Weight 3.0: 0.3201
2025-09-03 11:08:39,024 - INFO -   Weight 5.0: 0.2990
2025-09-03 11:08:39,024 - INFO -   Weight 10.0: 0.2463
2025-09-03 11:08:39,119 - INFO - Testing beta=2.0 for norm=l2...
2025-09-03 11:08:39,120 - INFO - Pre-sample GPU mem: 826.57 MB, max 3665.53 MB
2025-09-03 11:08:39,121 - INFO - Subsets shapes: ID torch.Size([2000, 128]), OOD torch.Size([2000, 128])
2025-09-03 11:08:39,122 - INFO - Post-sample GPU mem: 828.52 MB, max 3665.53 MB
2025-09-03 11:08:39,126 - INFO - Post-border_module GPU mem: 830.47 MB, max 3665.53 MB
2025-09-03 11:08:39,131 - INFO - Post-border_compute GPU mem: 830.49 MB, max 3665.53 MB
2025-09-03 11:08:39,135 - INFO - Post-inference_module GPU mem: 832.44 MB, max 3665.53 MB
2025-09-03 11:08:39,139 - INFO - Post-inference_compute GPU mem: 832.46 MB, max 3665.53 MB
2025-09-03 11:08:39,142 - INFO - Border Energy (β=2.0, norm=l2):
2025-09-03 11:08:39,142 - INFO -   ID: 0.6298±0.1075, OOD: 0.5635±0.0143
2025-09-03 11:08:39,142 - INFO -   Separation: -0.0663, KS-stat: 0.5195 (p=0.0000)
2025-09-03 11:08:39,143 - INFO -   AUROC: 0.6808, AUPR: 0.3806, FPR95: 0.7665
2025-09-03 11:08:39,144 - INFO - Inference Score (β=2.0, norm=l2):
2025-09-03 11:08:39,145 - INFO -   ID: 0.7068±0.1444, OOD: -0.7941±0.0191
2025-09-03 11:08:39,146 - INFO -   Separation: 1.5009, KS-stat: 1.0000 (p=0.0000)
2025-09-03 11:08:39,147 - INFO -   AUROC: 0.0000, AUPR: 0.9995, FPR95: 0.0000
2025-09-03 11:08:39,414 - INFO - OOD Loss (β=2.0, norm=l2):
2025-09-03 11:08:39,414 - INFO -   Weight 1.0: 0.3412
2025-09-03 11:08:39,414 - INFO -   Weight 2.0: 0.3307
2025-09-03 11:08:39,415 - INFO -   Weight 3.0: 0.3201
2025-09-03 11:08:39,415 - INFO -   Weight 5.0: 0.2990
2025-09-03 11:08:39,416 - INFO -   Weight 10.0: 0.2463
2025-09-03 11:08:39,514 - INFO - Testing beta=4.0 for norm=l2...
2025-09-03 11:08:39,515 - INFO - Pre-sample GPU mem: 826.57 MB, max 3665.53 MB
2025-09-03 11:08:39,517 - INFO - Subsets shapes: ID torch.Size([2000, 128]), OOD torch.Size([2000, 128])
2025-09-03 11:08:39,517 - INFO - Post-sample GPU mem: 828.52 MB, max 3665.53 MB
2025-09-03 11:08:39,519 - INFO - Post-border_module GPU mem: 830.47 MB, max 3665.53 MB
2025-09-03 11:08:39,524 - INFO - Post-border_compute GPU mem: 830.49 MB, max 3665.53 MB
2025-09-03 11:08:39,543 - INFO - Post-inference_module GPU mem: 832.44 MB, max 3665.53 MB
2025-09-03 11:08:39,547 - INFO - Post-inference_compute GPU mem: 832.46 MB, max 3665.53 MB
2025-09-03 11:08:39,552 - INFO - Border Energy (β=4.0, norm=l2):
2025-09-03 11:08:39,552 - INFO -   ID: 0.2329±0.1294, OOD: 0.1637±0.0116
2025-09-03 11:08:39,552 - INFO -   Separation: -0.0693, KS-stat: 0.4665 (p=0.0000)
2025-09-03 11:08:39,553 - INFO -   AUROC: 0.6175, AUPR: 0.4015, FPR95: 0.6985
2025-09-03 11:08:39,553 - INFO - Inference Score (β=4.0, norm=l2):
2025-09-03 11:08:39,554 - INFO -   ID: 0.7099±0.1451, OOD: -0.7778±0.0188
2025-09-03 11:08:39,555 - INFO -   Separation: 1.4877, KS-stat: 1.0000 (p=0.0000)
2025-09-03 11:08:39,556 - INFO -   AUROC: 0.0000, AUPR: 0.9995, FPR95: 0.0000
2025-09-03 11:08:39,862 - INFO - OOD Loss (β=4.0, norm=l2):
2025-09-03 11:08:39,862 - INFO -   Weight 1.0: 0.3412
2025-09-03 11:08:39,862 - INFO -   Weight 2.0: 0.3307
2025-09-03 11:08:39,863 - INFO -   Weight 3.0: 0.3201
2025-09-03 11:08:39,863 - INFO -   Weight 5.0: 0.2990
2025-09-03 11:08:39,863 - INFO -   Weight 10.0: 0.2463
2025-09-03 11:08:39,969 - INFO - Testing beta=8.0 for norm=l2...
2025-09-03 11:08:39,970 - INFO - Pre-sample GPU mem: 826.57 MB, max 3665.53 MB
2025-09-03 11:08:39,972 - INFO - Subsets shapes: ID torch.Size([2000, 128]), OOD torch.Size([2000, 128])
2025-09-03 11:08:39,973 - INFO - Post-sample GPU mem: 828.52 MB, max 3665.53 MB
2025-09-03 11:08:39,975 - INFO - Post-border_module GPU mem: 830.47 MB, max 3665.53 MB
2025-09-03 11:08:39,980 - INFO - Post-border_compute GPU mem: 830.49 MB, max 3665.53 MB
2025-09-03 11:08:40,007 - INFO - Post-inference_module GPU mem: 832.44 MB, max 3665.53 MB
2025-09-03 11:08:40,013 - INFO - Post-inference_compute GPU mem: 832.46 MB, max 3665.53 MB
2025-09-03 11:08:40,019 - INFO - Border Energy (β=8.0, norm=l2):
2025-09-03 11:08:40,020 - INFO -   ID: 0.0270±0.0426, OOD: 0.0106±0.0017
2025-09-03 11:08:40,020 - INFO -   Separation: -0.0165, KS-stat: 0.4060 (p=0.0000)
2025-09-03 11:08:40,021 - INFO -   AUROC: 0.4997, AUPR: 0.4478, FPR95: 0.5660
2025-09-03 11:08:40,022 - INFO - Inference Score (β=8.0, norm=l2):
2025-09-03 11:08:40,023 - INFO -   ID: 0.7160±0.1462, OOD: -0.7430±0.0188
2025-09-03 11:08:40,023 - INFO -   Separation: 1.4590, KS-stat: 1.0000 (p=0.0000)
2025-09-03 11:08:40,024 - INFO -   AUROC: 0.0000, AUPR: 0.9995, FPR95: 0.0000
2025-09-03 11:08:40,299 - INFO - OOD Loss (β=8.0, norm=l2):
2025-09-03 11:08:40,299 - INFO -   Weight 1.0: 0.3412
2025-09-03 11:08:40,299 - INFO -   Weight 2.0: 0.3307
2025-09-03 11:08:40,299 - INFO -   Weight 3.0: 0.3201
2025-09-03 11:08:40,300 - INFO -   Weight 5.0: 0.2990
2025-09-03 11:08:40,301 - INFO -   Weight 10.0: 0.2463
2025-09-03 11:08:40,415 - INFO - Testing beta=16.0 for norm=l2...
2025-09-03 11:08:40,415 - INFO - Pre-sample GPU mem: 826.57 MB, max 3665.53 MB
2025-09-03 11:08:40,420 - INFO - Subsets shapes: ID torch.Size([2000, 128]), OOD torch.Size([2000, 128])
2025-09-03 11:08:40,420 - INFO - Post-sample GPU mem: 828.52 MB, max 3665.53 MB
2025-09-03 11:08:40,422 - INFO - Post-border_module GPU mem: 830.47 MB, max 3665.53 MB
2025-09-03 11:08:40,427 - INFO - Post-border_compute GPU mem: 830.49 MB, max 3665.53 MB
2025-09-03 11:08:40,455 - INFO - Post-inference_module GPU mem: 832.44 MB, max 3665.53 MB
2025-09-03 11:08:40,459 - INFO - Post-inference_compute GPU mem: 832.46 MB, max 3665.53 MB
2025-09-03 11:08:40,467 - INFO - Border Energy (β=16.0, norm=l2):
2025-09-03 11:08:40,467 - INFO -   ID: 0.0006±0.0024, OOD: 0.0001±0.0000
2025-09-03 11:08:40,467 - INFO -   Separation: -0.0005, KS-stat: 0.5750 (p=0.0000)
2025-09-03 11:08:40,468 - INFO -   AUROC: 0.3421, AUPR: 0.5313, FPR95: 0.3995
2025-09-03 11:08:40,469 - INFO - Inference Score (β=16.0, norm=l2):
2025-09-03 11:08:40,470 - INFO -   ID: 0.7268±0.1469, OOD: -0.6808±0.0201
2025-09-03 11:08:40,471 - INFO -   Separation: 1.4076, KS-stat: 1.0000 (p=0.0000)
2025-09-03 11:08:40,471 - INFO -   AUROC: 0.0000, AUPR: 0.9995, FPR95: 0.0000
2025-09-03 11:08:40,740 - INFO - OOD Loss (β=16.0, norm=l2):
2025-09-03 11:08:40,740 - INFO -   Weight 1.0: 0.3412
2025-09-03 11:08:40,740 - INFO -   Weight 2.0: 0.3307
2025-09-03 11:08:40,741 - INFO -   Weight 3.0: 0.3201
2025-09-03 11:08:40,742 - INFO -   Weight 5.0: 0.2990
2025-09-03 11:08:40,743 - INFO -   Weight 10.0: 0.2463
2025-09-03 11:08:40,859 - INFO - Testing beta=32.0 for norm=l2...
2025-09-03 11:08:40,859 - INFO - Pre-sample GPU mem: 826.57 MB, max 3665.53 MB
2025-09-03 11:08:40,860 - INFO - Subsets shapes: ID torch.Size([2000, 128]), OOD torch.Size([2000, 128])
2025-09-03 11:08:40,861 - INFO - Post-sample GPU mem: 828.52 MB, max 3665.53 MB
2025-09-03 11:08:40,862 - INFO - Post-border_module GPU mem: 830.47 MB, max 3665.53 MB
2025-09-03 11:08:40,867 - INFO - Post-border_compute GPU mem: 830.49 MB, max 3665.53 MB
2025-09-03 11:08:40,888 - INFO - Post-inference_module GPU mem: 832.44 MB, max 3665.53 MB
2025-09-03 11:08:40,892 - INFO - Post-inference_compute GPU mem: 832.46 MB, max 3665.53 MB
2025-09-03 11:08:40,895 - INFO - Border Energy (β=32.0, norm=l2):
2025-09-03 11:08:40,895 - INFO -   ID: 0.0000±0.0000, OOD: 0.0000±0.0000
2025-09-03 11:08:40,896 - INFO -   Separation: -0.0000, KS-stat: 0.0430 (p=0.0495)
2025-09-03 11:08:40,897 - INFO -   AUROC: 0.9990, AUPR: 0.8542, FPR95: 0.0435
2025-09-03 11:08:40,897 - INFO - Inference Score (β=32.0, norm=l2):
2025-09-03 11:08:40,898 - INFO -   ID: 0.7466±0.1405, OOD: -0.6099±0.0218
2025-09-03 11:08:40,898 - INFO -   Separation: 1.3566, KS-stat: 1.0000 (p=0.0000)
2025-09-03 11:08:40,899 - INFO -   AUROC: 0.0000, AUPR: 0.9995, FPR95: 0.0000
2025-09-03 11:08:41,171 - INFO - OOD Loss (β=32.0, norm=l2):
2025-09-03 11:08:41,171 - INFO -   Weight 1.0: 0.3412
2025-09-03 11:08:41,171 - INFO -   Weight 2.0: 0.3307
2025-09-03 11:08:41,172 - INFO -   Weight 3.0: 0.3201
2025-09-03 11:08:41,172 - INFO -   Weight 5.0: 0.2990
2025-09-03 11:08:41,173 - INFO -   Weight 10.0: 0.2463
2025-09-03 11:08:41,299 - INFO - Testing beta=64.0 for norm=l2...
2025-09-03 11:08:41,304 - INFO - Pre-sample GPU mem: 826.57 MB, max 3665.53 MB
2025-09-03 11:08:41,305 - INFO - Subsets shapes: ID torch.Size([2000, 128]), OOD torch.Size([2000, 128])
2025-09-03 11:08:41,308 - INFO - Post-sample GPU mem: 828.52 MB, max 3665.53 MB
2025-09-03 11:08:41,310 - INFO - Post-border_module GPU mem: 830.47 MB, max 3665.53 MB
2025-09-03 11:08:41,314 - INFO - Post-border_compute GPU mem: 830.49 MB, max 3665.53 MB
2025-09-03 11:08:41,344 - INFO - Post-inference_module GPU mem: 832.44 MB, max 3665.53 MB
2025-09-03 11:08:41,348 - INFO - Post-inference_compute GPU mem: 832.46 MB, max 3665.53 MB
2025-09-03 11:08:41,351 - INFO - Border Energy (β=64.0, norm=l2):
2025-09-03 11:08:41,351 - INFO -   ID: 0.0000±0.0000, OOD: 0.0000±0.0000
2025-09-03 11:08:41,351 - INFO -   Separation: 0.0000, KS-stat: 0.0000 (p=1.0000)
2025-09-03 11:08:41,352 - INFO -   AUROC: 0.9985, AUPR: 0.9957, FPR95: 0.0005
2025-09-03 11:08:41,353 - INFO - Inference Score (β=64.0, norm=l2):
2025-09-03 11:08:41,354 - INFO -   ID: 0.7785±0.1263, OOD: -0.5637±0.0249
2025-09-03 11:08:41,354 - INFO -   Separation: 1.3421, KS-stat: 1.0000 (p=0.0000)
2025-09-03 11:08:41,355 - INFO -   AUROC: 0.0000, AUPR: 0.9995, FPR95: 0.0000
2025-09-03 11:08:41,657 - INFO - OOD Loss (β=64.0, norm=l2):
2025-09-03 11:08:41,657 - INFO -   Weight 1.0: 0.3412
2025-09-03 11:08:41,657 - INFO -   Weight 2.0: 0.3307
2025-09-03 11:08:41,658 - INFO -   Weight 3.0: 0.3201
2025-09-03 11:08:41,659 - INFO -   Weight 5.0: 0.2990
2025-09-03 11:08:41,659 - INFO -   Weight 10.0: 0.2463
2025-09-03 11:08:41,799 - INFO - Testing beta=128.0 for norm=l2...
2025-09-03 11:08:41,799 - INFO - Pre-sample GPU mem: 826.57 MB, max 3665.53 MB
2025-09-03 11:08:41,801 - INFO - Subsets shapes: ID torch.Size([2000, 128]), OOD torch.Size([2000, 128])
2025-09-03 11:08:41,801 - INFO - Post-sample GPU mem: 828.52 MB, max 3665.53 MB
2025-09-03 11:08:41,803 - INFO - Post-border_module GPU mem: 830.47 MB, max 3665.53 MB
2025-09-03 11:08:41,808 - INFO - Post-border_compute GPU mem: 830.49 MB, max 3665.53 MB
2025-09-03 11:08:41,812 - INFO - Post-inference_module GPU mem: 832.44 MB, max 3665.53 MB
2025-09-03 11:08:41,817 - INFO - Post-inference_compute GPU mem: 832.46 MB, max 3665.53 MB
2025-09-03 11:08:41,820 - INFO - Border Energy (β=128.0, norm=l2):
2025-09-03 11:08:41,820 - INFO -   ID: 0.0000±0.0000, OOD: 0.0000±0.0000
2025-09-03 11:08:41,820 - INFO -   Separation: 0.0000, KS-stat: 0.0000 (p=1.0000)
2025-09-03 11:08:41,821 - INFO -   AUROC: 0.9985, AUPR: 0.9957, FPR95: 0.0005
2025-09-03 11:08:41,821 - INFO - Inference Score (β=128.0, norm=l2):
2025-09-03 11:08:41,822 - INFO -   ID: 0.7996±0.1234, OOD: -0.5551±0.0284
2025-09-03 11:08:41,822 - INFO -   Separation: 1.3547, KS-stat: 1.0000 (p=0.0000)
2025-09-03 11:08:41,823 - INFO -   AUROC: 0.0000, AUPR: 0.9995, FPR95: 0.0000
2025-09-03 11:08:42,088 - INFO - OOD Loss (β=128.0, norm=l2):
2025-09-03 11:08:42,088 - INFO -   Weight 1.0: 0.3412
2025-09-03 11:08:42,088 - INFO -   Weight 2.0: 0.3307
2025-09-03 11:08:42,088 - INFO -   Weight 3.0: 0.3201
2025-09-03 11:08:42,089 - INFO -   Weight 5.0: 0.2990
2025-09-03 11:08:42,090 - INFO -   Weight 10.0: 0.2463
2025-09-03 11:08:50,138 - INFO - Enhanced analysis completed. Check energy_analysis_20250903_110010 for results.
2025-09-03 11:08:50,138 - INFO - Metrics like high AUROC/low FPR95 indicate good OOD pixel separation for segmentation.
2025-09-03 11:08:50,138 - INFO - KS-stat >0.5 with low p-value suggests strong distribution separation.
2025-09-03 11:08:50,365 - INFO - Final GPU mem: 824.61 MB, max 3665.53 MB
2025-09-03 11:10:40,709 - INFO - Starting enhanced energy analysis on cuda:0
2025-09-03 11:10:40,709 - INFO - Output: energy_analysis_20250903_111040
2025-09-03 11:10:40,895 - INFO - Initial GPU mem: 0.00 MB, max 0.00 MB
2025-09-03 11:10:42,714 - INFO - Creating memory builder...
2025-09-03 11:14:54,111 - INFO - Building memory with 200 batches...
2025-09-03 11:14:54,112 - INFO - Starting redesigned hybrid memory building over full dataset...
2025-09-03 11:16:29,868 - INFO - Label statistics - Found 254 in 125 batches, 255 in 200 batches
2025-09-03 11:16:29,869 - INFO - Skipped 1068939 pixels with label 255 (ignore class)
2025-09-03 11:18:53,032 - INFO - Final memory ratio (AUX:ID): 1.00
2025-09-03 11:18:53,615 - INFO - Memory separation - Ratio: 1.412, Cross-similarity: 0.043, Overlap: 0.000
2025-09-03 11:18:53,615 - INFO - ID spread: 0.503, OOD spread: 0.370, Distance: 1.233
2025-09-03 11:18:53,709 - INFO - Results saved automatically.
2025-09-03 11:18:53,747 - INFO - Memories saved
2025-09-03 11:18:53,760 - INFO - Post-memory_build GPU mem: 824.61 MB, max 3665.38 MB
2025-09-03 11:18:53,760 - INFO - Testing with enhanced setup...
2025-09-03 11:18:53,762 - INFO - Testing energy with real memories: ID=torch.Size([2000, 128]), OOD=torch.Size([2000, 128])
2025-09-03 11:18:53,762 - INFO - Norm types to test: ['l2']
2025-09-03 11:18:53,763 - INFO - Processing norm_type: l2
2025-09-03 11:18:54,312 - INFO - Testing beta=0.5 for norm=l2...
2025-09-03 11:18:54,313 - INFO - Pre-sample GPU mem: 824.61 MB, max 3665.38 MB
2025-09-03 11:18:54,323 - INFO - Subsets shapes: ID torch.Size([2000, 128]), OOD torch.Size([2000, 128])
2025-09-03 11:18:54,323 - INFO - Post-sample GPU mem: 826.56 MB, max 3665.38 MB
2025-09-03 11:18:54,344 - INFO - Post-border_module GPU mem: 828.52 MB, max 3665.38 MB
2025-09-03 11:18:54,680 - INFO - Post-border_compute GPU mem: 828.53 MB, max 3665.38 MB
2025-09-03 11:18:54,703 - INFO - Post-inference_module GPU mem: 830.49 MB, max 3665.38 MB
2025-09-03 11:18:54,707 - INFO - Post-inference_compute GPU mem: 830.50 MB, max 3665.38 MB
2025-09-03 11:18:54,710 - INFO - Border Energy (β=0.5, norm=l2):
2025-09-03 11:18:54,710 - INFO -   ID: 0.9688±0.0114, OOD: 0.9594±0.0020
2025-09-03 11:18:54,710 - INFO -   Separation: -0.0093, KS-stat: 0.6200 (p=0.0000)
2025-09-03 11:18:54,711 - INFO -   AUROC: 0.7687, AUPR: 0.3558, FPR95: 0.8330
2025-09-03 11:18:54,712 - INFO - Inference Score (β=0.5, norm=l2):
2025-09-03 11:18:54,713 - INFO -   ID: 0.7010±0.1430, OOD: -0.8166±0.0212
2025-09-03 11:18:54,714 - INFO -   Separation: 1.5176, KS-stat: 1.0000 (p=0.0000)
2025-09-03 11:18:54,714 - INFO -   AUROC: 0.0000, AUPR: 0.9995, FPR95: 0.0000
2025-09-03 11:18:55,209 - INFO - OOD Loss (β=0.5, norm=l2):
2025-09-03 11:18:55,210 - INFO -   Weight 1.0: 0.3439
2025-09-03 11:18:55,210 - INFO -   Weight 2.0: 0.3342
2025-09-03 11:18:55,211 - INFO -   Weight 3.0: 0.3245
2025-09-03 11:18:55,212 - INFO -   Weight 5.0: 0.3050
2025-09-03 11:18:55,212 - INFO -   Weight 10.0: 0.2562
2025-09-03 11:18:56,905 - INFO - Testing beta=1.0 for norm=l2...
2025-09-03 11:18:56,928 - INFO - Pre-sample GPU mem: 826.57 MB, max 3665.38 MB
2025-09-03 11:18:56,932 - INFO - Subsets shapes: ID torch.Size([2000, 128]), OOD torch.Size([2000, 128])
2025-09-03 11:18:56,933 - INFO - Post-sample GPU mem: 828.52 MB, max 3665.38 MB
2025-09-03 11:18:56,935 - INFO - Post-border_module GPU mem: 830.47 MB, max 3665.38 MB
2025-09-03 11:18:56,945 - INFO - Post-border_compute GPU mem: 830.49 MB, max 3665.38 MB
2025-09-03 11:18:56,991 - INFO - Post-inference_module GPU mem: 832.44 MB, max 3665.38 MB
2025-09-03 11:18:56,995 - INFO - Post-inference_compute GPU mem: 832.46 MB, max 3665.38 MB
2025-09-03 11:18:56,997 - INFO - Border Energy (β=1.0, norm=l2):
2025-09-03 11:18:56,997 - INFO -   ID: 0.8832±0.0405, OOD: 0.8514±0.0069
2025-09-03 11:18:56,997 - INFO -   Separation: -0.0318, KS-stat: 0.6075 (p=0.0000)
2025-09-03 11:18:56,998 - INFO -   AUROC: 0.7577, AUPR: 0.3586, FPR95: 0.8195
2025-09-03 11:18:56,998 - INFO - Inference Score (β=1.0, norm=l2):
2025-09-03 11:18:56,999 - INFO -   ID: 0.7019±0.1433, OOD: -0.8130±0.0211
2025-09-03 11:18:56,999 - INFO -   Separation: 1.5149, KS-stat: 1.0000 (p=0.0000)
2025-09-03 11:18:57,000 - INFO -   AUROC: 0.0000, AUPR: 0.9995, FPR95: 0.0000
2025-09-03 11:18:57,280 - INFO - OOD Loss (β=1.0, norm=l2):
2025-09-03 11:18:57,280 - INFO -   Weight 1.0: 0.3439
2025-09-03 11:18:57,280 - INFO -   Weight 2.0: 0.3342
2025-09-03 11:18:57,280 - INFO -   Weight 3.0: 0.3245
2025-09-03 11:18:57,282 - INFO -   Weight 5.0: 0.3050
2025-09-03 11:18:57,283 - INFO -   Weight 10.0: 0.2562
2025-09-03 11:18:57,378 - INFO - Testing beta=2.0 for norm=l2...
2025-09-03 11:18:57,379 - INFO - Pre-sample GPU mem: 826.57 MB, max 3665.38 MB
2025-09-03 11:18:57,381 - INFO - Subsets shapes: ID torch.Size([2000, 128]), OOD torch.Size([2000, 128])
2025-09-03 11:18:57,382 - INFO - Post-sample GPU mem: 828.52 MB, max 3665.38 MB
2025-09-03 11:18:57,385 - INFO - Post-border_module GPU mem: 830.47 MB, max 3665.38 MB
2025-09-03 11:18:57,390 - INFO - Post-border_compute GPU mem: 830.49 MB, max 3665.38 MB
2025-09-03 11:18:57,419 - INFO - Post-inference_module GPU mem: 832.44 MB, max 3665.38 MB
2025-09-03 11:18:57,425 - INFO - Post-inference_compute GPU mem: 832.46 MB, max 3665.38 MB
2025-09-03 11:18:57,431 - INFO - Border Energy (β=2.0, norm=l2):
2025-09-03 11:18:57,431 - INFO -   ID: 0.6321±0.1068, OOD: 0.5552±0.0156
2025-09-03 11:18:57,431 - INFO -   Separation: -0.0769, KS-stat: 0.5830 (p=0.0000)
2025-09-03 11:18:57,432 - INFO -   AUROC: 0.7347, AUPR: 0.3648, FPR95: 0.7975
2025-09-03 11:18:57,433 - INFO - Inference Score (β=2.0, norm=l2):
2025-09-03 11:18:57,434 - INFO -   ID: 0.7037±0.1437, OOD: -0.8053±0.0210
2025-09-03 11:18:57,435 - INFO -   Separation: 1.5090, KS-stat: 1.0000 (p=0.0000)
2025-09-03 11:18:57,436 - INFO -   AUROC: 0.0000, AUPR: 0.9995, FPR95: 0.0000
2025-09-03 11:18:57,796 - INFO - OOD Loss (β=2.0, norm=l2):
2025-09-03 11:18:57,796 - INFO -   Weight 1.0: 0.3439
2025-09-03 11:18:57,796 - INFO -   Weight 2.0: 0.3342
2025-09-03 11:18:57,798 - INFO -   Weight 3.0: 0.3245
2025-09-03 11:18:57,799 - INFO -   Weight 5.0: 0.3050
2025-09-03 11:18:57,800 - INFO -   Weight 10.0: 0.2562
2025-09-03 11:18:57,905 - INFO - Testing beta=4.0 for norm=l2...
2025-09-03 11:18:57,906 - INFO - Pre-sample GPU mem: 826.57 MB, max 3665.38 MB
2025-09-03 11:18:57,908 - INFO - Subsets shapes: ID torch.Size([2000, 128]), OOD torch.Size([2000, 128])
2025-09-03 11:18:57,908 - INFO - Post-sample GPU mem: 828.52 MB, max 3665.38 MB
2025-09-03 11:18:57,910 - INFO - Post-border_module GPU mem: 830.47 MB, max 3665.38 MB
2025-09-03 11:18:57,914 - INFO - Post-border_compute GPU mem: 830.49 MB, max 3665.38 MB
2025-09-03 11:18:57,919 - INFO - Post-inference_module GPU mem: 832.44 MB, max 3665.38 MB
2025-09-03 11:18:57,923 - INFO - Post-inference_compute GPU mem: 832.46 MB, max 3665.38 MB
2025-09-03 11:18:57,927 - INFO - Border Energy (β=4.0, norm=l2):
2025-09-03 11:18:57,927 - INFO -   ID: 0.2347±0.1291, OOD: 0.1572±0.0125
2025-09-03 11:18:57,928 - INFO -   Separation: -0.0775, KS-stat: 0.5230 (p=0.0000)
2025-09-03 11:18:57,928 - INFO -   AUROC: 0.6818, AUPR: 0.3802, FPR95: 0.7525
2025-09-03 11:18:57,929 - INFO - Inference Score (β=4.0, norm=l2):
2025-09-03 11:18:57,930 - INFO -   ID: 0.7072±0.1445, OOD: -0.7890±0.0209
2025-09-03 11:18:57,931 - INFO -   Separation: 1.4961, KS-stat: 1.0000 (p=0.0000)
2025-09-03 11:18:57,931 - INFO -   AUROC: 0.0000, AUPR: 0.9995, FPR95: 0.0000
2025-09-03 11:18:58,197 - INFO - OOD Loss (β=4.0, norm=l2):
2025-09-03 11:18:58,197 - INFO -   Weight 1.0: 0.3439
2025-09-03 11:18:58,197 - INFO -   Weight 2.0: 0.3342
2025-09-03 11:18:58,198 - INFO -   Weight 3.0: 0.3245
2025-09-03 11:18:58,199 - INFO -   Weight 5.0: 0.3050
2025-09-03 11:18:58,200 - INFO -   Weight 10.0: 0.2562
2025-09-03 11:18:58,307 - INFO - Testing beta=8.0 for norm=l2...
2025-09-03 11:18:58,308 - INFO - Pre-sample GPU mem: 826.57 MB, max 3665.38 MB
2025-09-03 11:18:58,309 - INFO - Subsets shapes: ID torch.Size([2000, 128]), OOD torch.Size([2000, 128])
2025-09-03 11:18:58,310 - INFO - Post-sample GPU mem: 828.52 MB, max 3665.38 MB
2025-09-03 11:18:58,312 - INFO - Post-border_module GPU mem: 830.47 MB, max 3665.38 MB
2025-09-03 11:18:58,317 - INFO - Post-border_compute GPU mem: 830.49 MB, max 3665.38 MB
2025-09-03 11:18:58,332 - INFO - Post-inference_module GPU mem: 832.44 MB, max 3665.38 MB
2025-09-03 11:18:58,337 - INFO - Post-inference_compute GPU mem: 832.46 MB, max 3665.38 MB
2025-09-03 11:18:58,341 - INFO - Border Energy (β=8.0, norm=l2):
2025-09-03 11:18:58,341 - INFO -   ID: 0.0273±0.0434, OOD: 0.0097±0.0019
2025-09-03 11:18:58,341 - INFO -   Separation: -0.0176, KS-stat: 0.3850 (p=0.0000)
2025-09-03 11:18:58,342 - INFO -   AUROC: 0.5610, AUPR: 0.4215, FPR95: 0.6455
2025-09-03 11:18:58,343 - INFO - Inference Score (β=8.0, norm=l2):
2025-09-03 11:18:58,344 - INFO -   ID: 0.7137±0.1458, OOD: -0.7535±0.0218
2025-09-03 11:18:58,344 - INFO -   Separation: 1.4672, KS-stat: 1.0000 (p=0.0000)
2025-09-03 11:18:58,345 - INFO -   AUROC: 0.0000, AUPR: 0.9995, FPR95: 0.0000
2025-09-03 11:18:58,643 - INFO - OOD Loss (β=8.0, norm=l2):
2025-09-03 11:18:58,643 - INFO -   Weight 1.0: 0.3439
2025-09-03 11:18:58,643 - INFO -   Weight 2.0: 0.3342
2025-09-03 11:18:58,643 - INFO -   Weight 3.0: 0.3245
2025-09-03 11:18:58,644 - INFO -   Weight 5.0: 0.3050
2025-09-03 11:18:58,646 - INFO -   Weight 10.0: 0.2562
2025-09-03 11:18:58,759 - INFO - Testing beta=16.0 for norm=l2...
2025-09-03 11:18:58,760 - INFO - Pre-sample GPU mem: 826.57 MB, max 3665.38 MB
2025-09-03 11:18:58,762 - INFO - Subsets shapes: ID torch.Size([2000, 128]), OOD torch.Size([2000, 128])
2025-09-03 11:18:58,763 - INFO - Post-sample GPU mem: 828.52 MB, max 3665.38 MB
2025-09-03 11:18:58,764 - INFO - Post-border_module GPU mem: 830.47 MB, max 3665.38 MB
2025-09-03 11:18:58,769 - INFO - Post-border_compute GPU mem: 830.49 MB, max 3665.38 MB
2025-09-03 11:18:58,774 - INFO - Post-inference_module GPU mem: 832.44 MB, max 3665.38 MB
2025-09-03 11:18:58,778 - INFO - Post-inference_compute GPU mem: 832.46 MB, max 3665.38 MB
2025-09-03 11:18:58,781 - INFO - Border Energy (β=16.0, norm=l2):
2025-09-03 11:18:58,781 - INFO -   ID: 0.0006±0.0026, OOD: 0.0001±0.0000
2025-09-03 11:18:58,781 - INFO -   Separation: -0.0006, KS-stat: 0.5355 (p=0.0000)
2025-09-03 11:18:58,782 - INFO -   AUROC: 0.3553, AUPR: 0.5236, FPR95: 0.4310
2025-09-03 11:18:58,783 - INFO - Inference Score (β=16.0, norm=l2):
2025-09-03 11:18:58,784 - INFO -   ID: 0.7255±0.1467, OOD: -0.6884±0.0257
2025-09-03 11:18:58,785 - INFO -   Separation: 1.4139, KS-stat: 1.0000 (p=0.0000)
2025-09-03 11:18:58,786 - INFO -   AUROC: 0.0000, AUPR: 0.9995, FPR95: 0.0000
2025-09-03 11:18:59,050 - INFO - OOD Loss (β=16.0, norm=l2):
2025-09-03 11:18:59,050 - INFO -   Weight 1.0: 0.3439
2025-09-03 11:18:59,051 - INFO -   Weight 2.0: 0.3342
2025-09-03 11:18:59,052 - INFO -   Weight 3.0: 0.3245
2025-09-03 11:18:59,053 - INFO -   Weight 5.0: 0.3050
2025-09-03 11:18:59,054 - INFO -   Weight 10.0: 0.2562
2025-09-03 11:18:59,164 - INFO - Testing beta=32.0 for norm=l2...
2025-09-03 11:18:59,165 - INFO - Pre-sample GPU mem: 826.57 MB, max 3665.38 MB
2025-09-03 11:18:59,166 - INFO - Subsets shapes: ID torch.Size([2000, 128]), OOD torch.Size([2000, 128])
2025-09-03 11:18:59,167 - INFO - Post-sample GPU mem: 828.52 MB, max 3665.38 MB
2025-09-03 11:18:59,169 - INFO - Post-border_module GPU mem: 830.47 MB, max 3665.38 MB
2025-09-03 11:18:59,174 - INFO - Post-border_compute GPU mem: 830.49 MB, max 3665.38 MB
2025-09-03 11:18:59,177 - INFO - Post-inference_module GPU mem: 832.44 MB, max 3665.38 MB
2025-09-03 11:18:59,181 - INFO - Post-inference_compute GPU mem: 832.46 MB, max 3665.38 MB
2025-09-03 11:18:59,185 - INFO - Border Energy (β=32.0, norm=l2):
2025-09-03 11:18:59,185 - INFO -   ID: 0.0000±0.0000, OOD: 0.0000±0.0000
2025-09-03 11:18:59,185 - INFO -   Separation: -0.0000, KS-stat: 0.0420 (p=0.0587)
2025-09-03 11:18:59,186 - INFO -   AUROC: 0.9989, AUPR: 0.8563, FPR95: 0.0425
2025-09-03 11:18:59,187 - INFO - Inference Score (β=32.0, norm=l2):
2025-09-03 11:18:59,188 - INFO -   ID: 0.7500±0.1397, OOD: -0.6145±0.0290
2025-09-03 11:18:59,189 - INFO -   Separation: 1.3645, KS-stat: 1.0000 (p=0.0000)
2025-09-03 11:18:59,190 - INFO -   AUROC: 0.0000, AUPR: 0.9995, FPR95: 0.0000
2025-09-03 11:18:59,453 - INFO - OOD Loss (β=32.0, norm=l2):
2025-09-03 11:18:59,454 - INFO -   Weight 1.0: 0.3439
2025-09-03 11:18:59,454 - INFO -   Weight 2.0: 0.3342
2025-09-03 11:18:59,454 - INFO -   Weight 3.0: 0.3245
2025-09-03 11:18:59,455 - INFO -   Weight 5.0: 0.3050
2025-09-03 11:18:59,456 - INFO -   Weight 10.0: 0.2562
2025-09-03 11:18:59,572 - INFO - Testing beta=64.0 for norm=l2...
2025-09-03 11:18:59,573 - INFO - Pre-sample GPU mem: 826.57 MB, max 3665.38 MB
2025-09-03 11:18:59,574 - INFO - Subsets shapes: ID torch.Size([2000, 128]), OOD torch.Size([2000, 128])
2025-09-03 11:18:59,575 - INFO - Post-sample GPU mem: 828.52 MB, max 3665.38 MB
2025-09-03 11:18:59,576 - INFO - Post-border_module GPU mem: 830.47 MB, max 3665.38 MB
2025-09-03 11:18:59,581 - INFO - Post-border_compute GPU mem: 830.49 MB, max 3665.38 MB
2025-09-03 11:18:59,583 - INFO - Post-inference_module GPU mem: 832.44 MB, max 3665.38 MB
2025-09-03 11:18:59,588 - INFO - Post-inference_compute GPU mem: 832.46 MB, max 3665.38 MB
2025-09-03 11:18:59,591 - INFO - Border Energy (β=64.0, norm=l2):
2025-09-03 11:18:59,591 - INFO -   ID: 0.0000±0.0000, OOD: 0.0000±0.0000
2025-09-03 11:18:59,591 - INFO -   Separation: 0.0000, KS-stat: 0.0000 (p=1.0000)
2025-09-03 11:18:59,592 - INFO -   AUROC: 0.9985, AUPR: 0.9957, FPR95: 0.0005
2025-09-03 11:18:59,593 - INFO - Inference Score (β=64.0, norm=l2):
2025-09-03 11:18:59,594 - INFO -   ID: 0.7892±0.1266, OOD: -0.5660±0.0324
2025-09-03 11:18:59,594 - INFO -   Separation: 1.3552, KS-stat: 1.0000 (p=0.0000)
2025-09-03 11:18:59,594 - INFO -   AUROC: 0.0000, AUPR: 0.9995, FPR95: 0.0000
2025-09-03 11:18:59,851 - INFO - OOD Loss (β=64.0, norm=l2):
2025-09-03 11:18:59,851 - INFO -   Weight 1.0: 0.3439
2025-09-03 11:18:59,851 - INFO -   Weight 2.0: 0.3342
2025-09-03 11:18:59,852 - INFO -   Weight 3.0: 0.3245
2025-09-03 11:18:59,853 - INFO -   Weight 5.0: 0.3050
2025-09-03 11:18:59,853 - INFO -   Weight 10.0: 0.2562
2025-09-03 11:18:59,976 - INFO - Testing beta=128.0 for norm=l2...
2025-09-03 11:18:59,977 - INFO - Pre-sample GPU mem: 826.57 MB, max 3665.38 MB
2025-09-03 11:18:59,978 - INFO - Subsets shapes: ID torch.Size([2000, 128]), OOD torch.Size([2000, 128])
2025-09-03 11:18:59,979 - INFO - Post-sample GPU mem: 828.52 MB, max 3665.38 MB
2025-09-03 11:18:59,980 - INFO - Post-border_module GPU mem: 830.47 MB, max 3665.38 MB
2025-09-03 11:18:59,985 - INFO - Post-border_compute GPU mem: 830.49 MB, max 3665.38 MB
2025-09-03 11:18:59,996 - INFO - Post-inference_module GPU mem: 832.44 MB, max 3665.38 MB
2025-09-03 11:19:00,000 - INFO - Post-inference_compute GPU mem: 832.46 MB, max 3665.38 MB
2025-09-03 11:19:00,003 - INFO - Border Energy (β=128.0, norm=l2):
2025-09-03 11:19:00,003 - INFO -   ID: 0.0000±0.0000, OOD: 0.0000±0.0000
2025-09-03 11:19:00,003 - INFO -   Separation: 0.0000, KS-stat: 0.0000 (p=1.0000)
2025-09-03 11:19:00,004 - INFO -   AUROC: 0.9985, AUPR: 0.9957, FPR95: 0.0005
2025-09-03 11:19:00,005 - INFO - Inference Score (β=128.0, norm=l2):
2025-09-03 11:19:00,005 - INFO -   ID: 0.8108±0.1247, OOD: -0.5551±0.0369
2025-09-03 11:19:00,006 - INFO -   Separation: 1.3660, KS-stat: 1.0000 (p=0.0000)
2025-09-03 11:19:00,007 - INFO -   AUROC: 0.0000, AUPR: 0.9995, FPR95: 0.0000
2025-09-03 11:19:00,279 - INFO - OOD Loss (β=128.0, norm=l2):
2025-09-03 11:19:00,279 - INFO -   Weight 1.0: 0.3439
2025-09-03 11:19:00,279 - INFO -   Weight 2.0: 0.3342
2025-09-03 11:19:00,280 - INFO -   Weight 3.0: 0.3245
2025-09-03 11:19:00,281 - INFO -   Weight 5.0: 0.3050
2025-09-03 11:19:00,282 - INFO -   Weight 10.0: 0.2562
2025-09-03 11:19:08,172 - INFO - Enhanced analysis completed. Check energy_analysis_20250903_111040 for results.
2025-09-03 11:19:08,172 - INFO - Metrics like high AUROC/low FPR95 indicate good OOD pixel separation for segmentation.
2025-09-03 11:19:08,172 - INFO - KS-stat >0.5 with low p-value suggests strong distribution separation.
2025-09-03 11:19:08,400 - INFO - Final GPU mem: 824.61 MB, max 3665.38 MB
2025-09-03 11:21:42,849 - INFO - Starting enhanced energy analysis on cuda:0
2025-09-03 11:21:42,849 - INFO - Output: energy_analysis_20250903_112142
2025-09-03 11:21:43,035 - INFO - Initial GPU mem: 0.00 MB, max 0.00 MB
2025-09-03 11:21:44,837 - INFO - Creating memory builder...
2025-09-03 11:26:00,252 - INFO - Building memory with 200 batches...
2025-09-03 11:26:00,255 - INFO - Starting redesigned hybrid memory building over full dataset...
2025-09-03 11:27:36,048 - INFO - Label statistics - Found 254 in 131 batches, 255 in 200 batches
2025-09-03 11:27:36,049 - INFO - Skipped 1129874 pixels with label 255 (ignore class)
2025-09-03 11:30:30,667 - INFO - Starting enhanced energy analysis on cuda:0
2025-09-03 11:30:30,667 - INFO - Output: energy_analysis_20250903_113030
2025-09-03 11:30:30,860 - INFO - Initial GPU mem: 0.00 MB, max 0.00 MB
2025-09-03 11:30:33,371 - INFO - Creating memory builder...
2025-09-03 11:34:59,142 - INFO - Building memory with 200 batches...
2025-09-03 11:34:59,149 - INFO - Starting redesigned hybrid memory building over full dataset...
2025-09-03 11:36:36,772 - INFO - Label statistics - Found 254 in 116 batches, 255 in 200 batches
2025-09-03 11:36:36,773 - INFO - Skipped 1083522 pixels with label 255 (ignore class)
2025-09-03 11:38:12,320 - INFO - Final memory ratio (AUX:ID): 1.00
2025-09-03 11:38:12,473 - INFO - Memory separation - Ratio: 1.346, Cross-similarity: 0.042, Overlap: 0.000
2025-09-03 11:38:12,473 - INFO - ID spread: 0.517, OOD spread: 0.391, Distance: 1.222
2025-09-03 11:38:12,791 - INFO - Results saved automatically.
2025-09-03 11:38:13,103 - INFO - Memories saved
2025-09-03 11:38:13,112 - INFO - Post-memory_build GPU mem: 842.19 MB, max 3665.75 MB
2025-09-03 11:38:13,112 - INFO - Testing with enhanced setup...
2025-09-03 11:38:13,116 - INFO - Testing energy with real memories: ID=torch.Size([20000, 128]), OOD=torch.Size([20000, 128])
2025-09-03 11:38:13,121 - INFO - Norm types: ['l2'], Impl types: ['optimized', 'reference']
2025-09-03 11:38:13,121 - INFO - Processing impl_type: optimized
2025-09-03 11:38:13,122 - INFO - Processing norm_type: l2 for optimized
2025-09-03 11:38:13,326 - INFO - Testing beta=0.5 for impl=optimized, norm=l2...
2025-09-03 11:38:13,327 - INFO - Pre-sample GPU mem: 842.19 MB, max 3665.75 MB
2025-09-03 11:38:13,328 - INFO - Subsets shapes: ID torch.Size([10000, 128]), OOD torch.Size([10000, 128])
2025-09-03 11:38:13,329 - INFO - Post-sample GPU mem: 853.78 MB, max 3665.75 MB
2025-09-03 11:38:13,330 - INFO - Post-modules GPU mem: 873.31 MB, max 3665.75 MB
2025-09-03 11:38:13,530 - INFO - Post-border_compute GPU mem: 873.39 MB, max 3665.75 MB
2025-09-03 11:38:13,630 - INFO - Post-inference_compute GPU mem: 873.47 MB, max 3665.75 MB
2025-09-03 11:38:13,639 - INFO - Border Energy (optimized, β=0.5, norm=l2):
2025-09-03 11:38:13,639 - INFO -   ID: 0.9698±0.0113, OOD: 0.9609±0.0018
2025-09-03 11:38:13,639 - INFO -   Separation: -0.0089, KS-stat: 0.6028 (p=0.0000)
2025-09-03 11:38:13,640 - INFO -   AUROC: 0.7562, AUPR: 0.3589, FPR95: 0.8414
2025-09-03 11:38:13,641 - INFO - Inference Score (optimized, β=0.5, norm=l2):
2025-09-03 11:38:13,641 - INFO -   ID: 0.6882±0.1457, OOD: -0.8013±0.0194
2025-09-03 11:38:13,642 - INFO -   Separation: 1.4894, KS-stat: 1.0000 (p=0.0000)
2025-09-03 11:38:13,642 - INFO -   AUROC: 0.0000, AUPR: 0.9999, FPR95: 0.0000
2025-09-03 11:38:13,958 - INFO - OOD Loss (optimized, β=0.5, norm=l2):
2025-09-03 11:38:13,958 - INFO -   Weight 1.0: 0.3222
2025-09-03 11:38:13,958 - INFO -   Weight 2.0: -0.6388
2025-09-03 11:38:13,958 - INFO -   Weight 3.0: -1.5997
2025-09-03 11:38:13,959 - INFO -   Weight 5.0: -3.5216
2025-09-03 11:38:13,960 - INFO -   Weight 10.0: -8.3262
2025-09-03 11:38:14,074 - INFO - Testing beta=1.0 for impl=optimized, norm=l2...
2025-09-03 11:38:14,074 - INFO - Pre-sample GPU mem: 853.94 MB, max 3665.75 MB
2025-09-03 11:38:14,076 - INFO - Subsets shapes: ID torch.Size([10000, 128]), OOD torch.Size([10000, 128])
2025-09-03 11:38:14,077 - INFO - Post-sample GPU mem: 863.70 MB, max 3665.75 MB
2025-09-03 11:38:14,078 - INFO - Post-modules GPU mem: 883.23 MB, max 3665.75 MB
2025-09-03 11:38:14,152 - INFO - Post-border_compute GPU mem: 883.23 MB, max 3665.75 MB
2025-09-03 11:38:14,233 - INFO - Post-inference_compute GPU mem: 883.23 MB, max 3665.75 MB
2025-09-03 11:38:14,242 - INFO - Border Energy (optimized, β=1.0, norm=l2):
2025-09-03 11:38:14,242 - INFO -   ID: 0.8864±0.0404, OOD: 0.8560±0.0062
2025-09-03 11:38:14,242 - INFO -   Separation: -0.0304, KS-stat: 0.5847 (p=0.0000)
2025-09-03 11:38:14,243 - INFO -   AUROC: 0.7423, AUPR: 0.3626, FPR95: 0.8298
2025-09-03 11:38:14,243 - INFO - Inference Score (optimized, β=1.0, norm=l2):
2025-09-03 11:38:14,244 - INFO -   ID: 0.6906±0.1455, OOD: -0.7989±0.0192
2025-09-03 11:38:14,244 - INFO -   Separation: 1.4894, KS-stat: 1.0000 (p=0.0000)
2025-09-03 11:38:14,245 - INFO -   AUROC: 0.0000, AUPR: 0.9999, FPR95: 0.0000
2025-09-03 11:38:14,503 - INFO - OOD Loss (optimized, β=1.0, norm=l2):
2025-09-03 11:38:14,504 - INFO -   Weight 1.0: 0.3745
2025-09-03 11:38:14,504 - INFO -   Weight 2.0: -0.4830
2025-09-03 11:38:14,504 - INFO -   Weight 3.0: -1.3404
2025-09-03 11:38:14,505 - INFO -   Weight 5.0: -3.0554
2025-09-03 11:38:14,506 - INFO -   Weight 10.0: -7.3427
2025-09-03 11:38:14,599 - INFO - Testing beta=2.0 for impl=optimized, norm=l2...
2025-09-03 11:38:14,600 - INFO - Pre-sample GPU mem: 852.11 MB, max 3665.75 MB
2025-09-03 11:38:14,602 - INFO - Subsets shapes: ID torch.Size([10000, 128]), OOD torch.Size([10000, 128])
2025-09-03 11:38:14,602 - INFO - Post-sample GPU mem: 863.70 MB, max 3665.75 MB
2025-09-03 11:38:14,604 - INFO - Post-modules GPU mem: 883.23 MB, max 3665.75 MB
2025-09-03 11:38:14,677 - INFO - Post-border_compute GPU mem: 883.23 MB, max 3665.75 MB
2025-09-03 11:38:14,758 - INFO - Post-inference_compute GPU mem: 883.23 MB, max 3665.75 MB
2025-09-03 11:38:14,767 - INFO - Border Energy (optimized, β=2.0, norm=l2):
2025-09-03 11:38:14,767 - INFO -   ID: 0.6414±0.1084, OOD: 0.5669±0.0145
2025-09-03 11:38:14,767 - INFO -   Separation: -0.0745, KS-stat: 0.5480 (p=0.0000)
2025-09-03 11:38:14,768 - INFO -   AUROC: 0.7102, AUPR: 0.3718, FPR95: 0.7983
2025-09-03 11:38:14,769 - INFO - Inference Score (optimized, β=2.0, norm=l2):
2025-09-03 11:38:14,770 - INFO -   ID: 0.6909±0.1460, OOD: -0.7895±0.0194
2025-09-03 11:38:14,771 - INFO -   Separation: 1.4805, KS-stat: 1.0000 (p=0.0000)
2025-09-03 11:38:14,772 - INFO -   AUROC: 0.0000, AUPR: 0.9999, FPR95: 0.0000
2025-09-03 11:38:15,017 - INFO - OOD Loss (optimized, β=2.0, norm=l2):
2025-09-03 11:38:15,017 - INFO -   Weight 1.0: 0.4894
2025-09-03 11:38:15,017 - INFO -   Weight 2.0: -0.0780
2025-09-03 11:38:15,017 - INFO -   Weight 3.0: -0.6454
2025-09-03 11:38:15,019 - INFO -   Weight 5.0: -1.7802
2025-09-03 11:38:15,020 - INFO -   Weight 10.0: -4.6171
2025-09-03 11:38:15,124 - INFO - Testing beta=4.0 for impl=optimized, norm=l2...
2025-09-03 11:38:15,125 - INFO - Pre-sample GPU mem: 853.94 MB, max 3665.75 MB
2025-09-03 11:38:15,127 - INFO - Subsets shapes: ID torch.Size([10000, 128]), OOD torch.Size([10000, 128])
2025-09-03 11:38:15,128 - INFO - Post-sample GPU mem: 863.70 MB, max 3665.75 MB
2025-09-03 11:38:15,130 - INFO - Post-modules GPU mem: 883.23 MB, max 3665.75 MB
2025-09-03 11:38:15,203 - INFO - Post-border_compute GPU mem: 883.23 MB, max 3665.75 MB
2025-09-03 11:38:15,284 - INFO - Post-inference_compute GPU mem: 883.23 MB, max 3665.75 MB
2025-09-03 11:38:15,293 - INFO - Border Energy (optimized, β=4.0, norm=l2):
2025-09-03 11:38:15,293 - INFO -   ID: 0.2463±0.1373, OOD: 0.1666±0.0121
2025-09-03 11:38:15,293 - INFO -   Separation: -0.0796, KS-stat: 0.4881 (p=0.0000)
2025-09-03 11:38:15,294 - INFO -   AUROC: 0.6458, AUPR: 0.3918, FPR95: 0.7347
2025-09-03 11:38:15,294 - INFO - Inference Score (optimized, β=4.0, norm=l2):
2025-09-03 11:38:15,295 - INFO -   ID: 0.6940±0.1472, OOD: -0.7729±0.0193
2025-09-03 11:38:15,296 - INFO -   Separation: 1.4669, KS-stat: 1.0000 (p=0.0000)
2025-09-03 11:38:15,296 - INFO -   AUROC: 0.0000, AUPR: 0.9999, FPR95: 0.0000
2025-09-03 11:38:15,528 - INFO - OOD Loss (optimized, β=4.0, norm=l2):
2025-09-03 11:38:15,529 - INFO -   Weight 1.0: 0.5065
2025-09-03 11:38:15,529 - INFO -   Weight 2.0: 0.3391
2025-09-03 11:38:15,529 - INFO -   Weight 3.0: 0.1718
2025-09-03 11:38:15,530 - INFO -   Weight 5.0: -0.1630
2025-09-03 11:38:15,531 - INFO -   Weight 10.0: -0.9997
2025-09-03 11:38:15,635 - INFO - Testing beta=8.0 for impl=optimized, norm=l2...
2025-09-03 11:38:15,636 - INFO - Pre-sample GPU mem: 852.11 MB, max 3665.75 MB
2025-09-03 11:38:15,638 - INFO - Subsets shapes: ID torch.Size([10000, 128]), OOD torch.Size([10000, 128])
2025-09-03 11:38:15,638 - INFO - Post-sample GPU mem: 863.70 MB, max 3665.75 MB
2025-09-03 11:38:15,640 - INFO - Post-modules GPU mem: 883.23 MB, max 3665.75 MB
2025-09-03 11:38:15,713 - INFO - Post-border_compute GPU mem: 883.23 MB, max 3665.75 MB
2025-09-03 11:38:15,794 - INFO - Post-inference_compute GPU mem: 883.23 MB, max 3665.75 MB
2025-09-03 11:38:15,802 - INFO - Border Energy (optimized, β=8.0, norm=l2):
2025-09-03 11:38:15,802 - INFO -   ID: 0.0311±0.0486, OOD: 0.0110±0.0020
2025-09-03 11:38:15,802 - INFO -   Separation: -0.0201, KS-stat: 0.3690 (p=0.0000)
2025-09-03 11:38:15,803 - INFO -   AUROC: 0.5202, AUPR: 0.4386, FPR95: 0.6066
2025-09-03 11:38:15,804 - INFO - Inference Score (optimized, β=8.0, norm=l2):
2025-09-03 11:38:15,805 - INFO -   ID: 0.7006±0.1488, OOD: -0.7381±0.0211
2025-09-03 11:38:15,805 - INFO -   Separation: 1.4387, KS-stat: 1.0000 (p=0.0000)
2025-09-03 11:38:15,806 - INFO -   AUROC: 0.0000, AUPR: 0.9999, FPR95: 0.0000
2025-09-03 11:38:16,036 - INFO - OOD Loss (optimized, β=8.0, norm=l2):
2025-09-03 11:38:16,036 - INFO -   Weight 1.0: 0.3481
2025-09-03 11:38:16,036 - INFO -   Weight 2.0: 0.3378
2025-09-03 11:38:16,036 - INFO -   Weight 3.0: 0.3276
2025-09-03 11:38:16,037 - INFO -   Weight 5.0: 0.3070
2025-09-03 11:38:16,037 - INFO -   Weight 10.0: 0.2556
2025-09-03 11:38:16,145 - INFO - Testing beta=16.0 for impl=optimized, norm=l2...
2025-09-03 11:38:16,145 - INFO - Pre-sample GPU mem: 853.94 MB, max 3665.75 MB
2025-09-03 11:38:16,147 - INFO - Subsets shapes: ID torch.Size([10000, 128]), OOD torch.Size([10000, 128])
2025-09-03 11:38:16,148 - INFO - Post-sample GPU mem: 863.70 MB, max 3665.75 MB
2025-09-03 11:38:16,150 - INFO - Post-modules GPU mem: 883.23 MB, max 3665.75 MB
2025-09-03 11:38:16,223 - INFO - Post-border_compute GPU mem: 883.23 MB, max 3665.75 MB
2025-09-03 11:38:16,304 - INFO - Post-inference_compute GPU mem: 883.23 MB, max 3665.75 MB
2025-09-03 11:38:16,312 - INFO - Border Energy (optimized, β=16.0, norm=l2):
2025-09-03 11:38:16,312 - INFO -   ID: 0.0008±0.0030, OOD: 0.0001±0.0000
2025-09-03 11:38:16,313 - INFO -   Separation: -0.0007, KS-stat: 0.5414 (p=0.0000)
2025-09-03 11:38:16,314 - INFO -   AUROC: 0.3557, AUPR: 0.5233, FPR95: 0.4275
2025-09-03 11:38:16,315 - INFO - Inference Score (optimized, β=16.0, norm=l2):
2025-09-03 11:38:16,316 - INFO -   ID: 0.7094±0.1494, OOD: -0.6757±0.0255
2025-09-03 11:38:16,317 - INFO -   Separation: 1.3850, KS-stat: 1.0000 (p=0.0000)
2025-09-03 11:38:16,318 - INFO -   AUROC: 0.0000, AUPR: 0.9999, FPR95: 0.0000
2025-09-03 11:38:16,559 - INFO - OOD Loss (optimized, β=16.0, norm=l2):
2025-09-03 11:38:16,559 - INFO -   Weight 1.0: 0.3016
2025-09-03 11:38:16,559 - INFO -   Weight 2.0: 0.3015
2025-09-03 11:38:16,559 - INFO -   Weight 3.0: 0.3015
2025-09-03 11:38:16,560 - INFO -   Weight 5.0: 0.3013
2025-09-03 11:38:16,561 - INFO -   Weight 10.0: 0.3009
2025-09-03 11:38:16,675 - INFO - Testing beta=32.0 for impl=optimized, norm=l2...
2025-09-03 11:38:16,675 - INFO - Pre-sample GPU mem: 852.11 MB, max 3665.75 MB
2025-09-03 11:38:16,677 - INFO - Subsets shapes: ID torch.Size([10000, 128]), OOD torch.Size([10000, 128])
2025-09-03 11:38:16,678 - INFO - Post-sample GPU mem: 863.70 MB, max 3665.75 MB
2025-09-03 11:38:16,679 - INFO - Post-modules GPU mem: 883.23 MB, max 3665.75 MB
2025-09-03 11:38:16,753 - INFO - Post-border_compute GPU mem: 883.23 MB, max 3665.75 MB
2025-09-03 11:38:16,830 - INFO - Post-inference_compute GPU mem: 883.23 MB, max 3665.75 MB
2025-09-03 11:38:16,838 - INFO - Border Energy (optimized, β=32.0, norm=l2):
2025-09-03 11:38:16,838 - INFO -   ID: 0.0000±0.0000, OOD: 0.0000±0.0000
2025-09-03 11:38:16,838 - INFO -   Separation: -0.0000, KS-stat: 0.0709 (p=0.0000)
2025-09-03 11:38:16,840 - INFO -   AUROC: 0.9998, AUPR: 0.7950, FPR95: 0.0710
2025-09-03 11:38:16,841 - INFO - Inference Score (optimized, β=32.0, norm=l2):
2025-09-03 11:38:16,842 - INFO -   ID: 0.7282±0.1469, OOD: -0.6030±0.0270
2025-09-03 11:38:16,842 - INFO -   Separation: 1.3312, KS-stat: 1.0000 (p=0.0000)
2025-09-03 11:38:16,843 - INFO -   AUROC: 0.0000, AUPR: 0.9999, FPR95: 0.0000
2025-09-03 11:38:17,072 - INFO - OOD Loss (optimized, β=32.0, norm=l2):
2025-09-03 11:38:17,072 - INFO -   Weight 1.0: 0.3000
2025-09-03 11:38:17,072 - INFO -   Weight 2.0: 0.3000
2025-09-03 11:38:17,072 - INFO -   Weight 3.0: 0.3000
2025-09-03 11:38:17,074 - INFO -   Weight 5.0: 0.3000
2025-09-03 11:38:17,075 - INFO -   Weight 10.0: 0.3000
2025-09-03 11:38:17,194 - INFO - Testing beta=64.0 for impl=optimized, norm=l2...
2025-09-03 11:38:17,194 - INFO - Pre-sample GPU mem: 853.94 MB, max 3665.75 MB
2025-09-03 11:38:17,196 - INFO - Subsets shapes: ID torch.Size([10000, 128]), OOD torch.Size([10000, 128])
2025-09-03 11:38:17,197 - INFO - Post-sample GPU mem: 863.70 MB, max 3665.75 MB
2025-09-03 11:38:17,199 - INFO - Post-modules GPU mem: 883.23 MB, max 3665.75 MB
2025-09-03 11:38:17,272 - INFO - Post-border_compute GPU mem: 883.23 MB, max 3665.75 MB
2025-09-03 11:38:17,347 - INFO - Post-inference_compute GPU mem: 883.23 MB, max 3665.75 MB
2025-09-03 11:38:17,355 - INFO - Border Energy (optimized, β=64.0, norm=l2):
2025-09-03 11:38:17,355 - INFO -   ID: 0.0000±0.0000, OOD: 0.0000±0.0000
2025-09-03 11:38:17,355 - INFO -   Separation: 0.0000, KS-stat: 0.0000 (p=1.0000)
2025-09-03 11:38:17,357 - INFO -   AUROC: 0.9997, AUPR: 0.9990, FPR95: 0.0001
2025-09-03 11:38:17,358 - INFO - Inference Score (optimized, β=64.0, norm=l2):
2025-09-03 11:38:17,358 - INFO -   ID: 0.7650±0.1289, OOD: -0.5533±0.0284
2025-09-03 11:38:17,359 - INFO -   Separation: 1.3182, KS-stat: 1.0000 (p=0.0000)
2025-09-03 11:38:17,360 - INFO -   AUROC: 0.0000, AUPR: 0.9999, FPR95: 0.0000
2025-09-03 11:38:17,590 - INFO - OOD Loss (optimized, β=64.0, norm=l2):
2025-09-03 11:38:17,590 - INFO -   Weight 1.0: 0.3000
2025-09-03 11:38:17,590 - INFO -   Weight 2.0: 0.3000
2025-09-03 11:38:17,592 - INFO -   Weight 3.0: 0.3000
2025-09-03 11:38:17,593 - INFO -   Weight 5.0: 0.3000
2025-09-03 11:38:17,594 - INFO -   Weight 10.0: 0.3000
2025-09-03 11:38:17,723 - INFO - Testing beta=128.0 for impl=optimized, norm=l2...
2025-09-03 11:38:17,723 - INFO - Pre-sample GPU mem: 852.11 MB, max 3665.75 MB
2025-09-03 11:38:17,725 - INFO - Subsets shapes: ID torch.Size([10000, 128]), OOD torch.Size([10000, 128])
2025-09-03 11:38:17,726 - INFO - Post-sample GPU mem: 863.70 MB, max 3665.75 MB
2025-09-03 11:38:17,728 - INFO - Post-modules GPU mem: 883.23 MB, max 3665.75 MB
2025-09-03 11:38:17,801 - INFO - Post-border_compute GPU mem: 883.23 MB, max 3665.75 MB
2025-09-03 11:38:17,876 - INFO - Post-inference_compute GPU mem: 883.23 MB, max 3665.75 MB
2025-09-03 11:38:17,885 - INFO - Border Energy (optimized, β=128.0, norm=l2):
2025-09-03 11:38:17,885 - INFO -   ID: 0.0000±0.0000, OOD: 0.0000±0.0000
2025-09-03 11:38:17,885 - INFO -   Separation: 0.0000, KS-stat: 0.0000 (p=1.0000)
2025-09-03 11:38:17,886 - INFO -   AUROC: 0.9997, AUPR: 0.9990, FPR95: 0.0001
2025-09-03 11:38:17,887 - INFO - Inference Score (optimized, β=128.0, norm=l2):
2025-09-03 11:38:17,888 - INFO -   ID: 0.7922±0.1236, OOD: -0.5331±0.0283
2025-09-03 11:38:17,888 - INFO -   Separation: 1.3253, KS-stat: 1.0000 (p=0.0000)
2025-09-03 11:38:17,889 - INFO -   AUROC: 0.0000, AUPR: 0.9999, FPR95: 0.0000
2025-09-03 11:38:18,111 - INFO - OOD Loss (optimized, β=128.0, norm=l2):
2025-09-03 11:38:18,111 - INFO -   Weight 1.0: 0.3000
2025-09-03 11:38:18,111 - INFO -   Weight 2.0: 0.3000
2025-09-03 11:38:18,112 - INFO -   Weight 3.0: 0.3000
2025-09-03 11:38:18,113 - INFO -   Weight 5.0: 0.3000
2025-09-03 11:38:18,113 - INFO -   Weight 10.0: 0.3000
2025-09-03 11:38:23,584 - INFO - Processing impl_type: reference
2025-09-03 11:38:23,584 - INFO - Processing norm_type: l2 for reference
2025-09-03 11:38:23,745 - INFO - Testing beta=0.5 for impl=reference, norm=l2...
2025-09-03 11:38:23,746 - INFO - Pre-sample GPU mem: 853.94 MB, max 3665.75 MB
2025-09-03 11:38:23,748 - INFO - Subsets shapes: ID torch.Size([10000, 128]), OOD torch.Size([10000, 128])
2025-09-03 11:38:23,748 - INFO - Post-sample GPU mem: 863.70 MB, max 3665.75 MB
2025-09-03 11:38:23,750 - INFO - Post-modules GPU mem: 883.23 MB, max 3665.75 MB
2025-09-03 11:38:23,841 - INFO - Post-border_compute GPU mem: 883.23 MB, max 3665.75 MB
2025-09-03 11:38:23,914 - INFO - Post-inference_compute GPU mem: 883.23 MB, max 3665.75 MB
2025-09-03 11:38:23,922 - INFO - Border Energy (reference, β=0.5, norm=l2):
2025-09-03 11:38:23,922 - INFO -   ID: 0.0155±0.0058, OOD: 0.0201±0.0009
2025-09-03 11:38:23,922 - INFO -   Separation: 0.0046, KS-stat: 0.5988 (p=0.0000)
2025-09-03 11:38:23,923 - INFO -   AUROC: 0.2452, AUPR: 0.6082, FPR95: 0.3546
2025-09-03 11:38:23,923 - INFO - Inference Score (reference, β=0.5, norm=l2):
2025-09-03 11:38:23,924 - INFO -   ID: -0.3446±0.0725, OOD: 0.4009±0.0096
2025-09-03 11:38:23,925 - INFO -   Separation: 0.7455, KS-stat: 1.0000 (p=0.0000)
2025-09-03 11:38:23,926 - INFO -   AUROC: 0.0000, AUPR: 0.9999, FPR95: 0.0000
2025-09-03 11:38:24,150 - INFO - Energy stats (reference): β=0.5, min=0.0023, max=0.0289, mean=0.0178, id_mean=0.0155, ood_mean=0.0201
2025-09-03 11:38:24,151 - INFO - Separation: 0.0046, target=0.200, loss=0.2931
2025-09-03 11:38:24,152 - INFO - OOD Loss (reference, β=0.5, norm=l2):
2025-09-03 11:38:24,153 - INFO -   Weight 1.0: 0.2884
2025-09-03 11:38:24,154 - INFO -   Weight 2.0: 0.2683
2025-09-03 11:38:24,155 - INFO -   Weight 3.0: 0.2482
2025-09-03 11:38:24,155 - INFO -   Weight 5.0: 0.2081
2025-09-03 11:38:24,156 - INFO -   Weight 10.0: 0.1076
2025-09-03 11:38:24,369 - INFO - Testing beta=1.0 for impl=reference, norm=l2...
2025-09-03 11:38:24,370 - INFO - Pre-sample GPU mem: 852.11 MB, max 3665.75 MB
2025-09-03 11:38:24,371 - INFO - Subsets shapes: ID torch.Size([10000, 128]), OOD torch.Size([10000, 128])
2025-09-03 11:38:24,372 - INFO - Post-sample GPU mem: 863.70 MB, max 3665.75 MB
2025-09-03 11:38:24,373 - INFO - Post-modules GPU mem: 883.23 MB, max 3665.75 MB
2025-09-03 11:38:24,428 - INFO - Post-border_compute GPU mem: 883.23 MB, max 3665.75 MB
2025-09-03 11:38:24,490 - INFO - Post-inference_compute GPU mem: 883.23 MB, max 3665.75 MB
2025-09-03 11:38:24,499 - INFO - Border Energy (reference, β=1.0, norm=l2):
2025-09-03 11:38:24,499 - INFO -   ID: 0.1214±0.0453, OOD: 0.1553±0.0072
2025-09-03 11:38:24,499 - INFO -   Separation: 0.0339, KS-stat: 0.5843 (p=0.0000)
2025-09-03 11:38:24,500 - INFO -   AUROC: 0.2590, AUPR: 0.5959, FPR95: 0.3673
2025-09-03 11:38:24,500 - INFO - Inference Score (reference, β=1.0, norm=l2):
2025-09-03 11:38:24,500 - INFO -   ID: -0.6897±0.1459, OOD: 0.7982±0.0192
2025-09-03 11:38:24,501 - INFO -   Separation: 1.4880, KS-stat: 1.0000 (p=0.0000)
2025-09-03 11:38:24,502 - INFO -   AUROC: 0.0000, AUPR: 0.9999, FPR95: 0.0000
2025-09-03 11:38:24,735 - INFO - OOD Loss (reference, β=1.0, norm=l2):
2025-09-03 11:38:24,735 - INFO -   Weight 1.0: 0.2140
2025-09-03 11:38:24,735 - INFO -   Weight 2.0: 0.0580
2025-09-03 11:38:24,735 - INFO -   Weight 3.0: -0.0979
2025-09-03 11:38:24,736 - INFO -   Weight 5.0: -0.4099
2025-09-03 11:38:24,737 - INFO -   Weight 10.0: -1.1897
2025-09-03 11:38:24,830 - INFO - Testing beta=2.0 for impl=reference, norm=l2...
2025-09-03 11:38:24,831 - INFO - Pre-sample GPU mem: 853.94 MB, max 3665.75 MB
2025-09-03 11:38:24,833 - INFO - Subsets shapes: ID torch.Size([10000, 128]), OOD torch.Size([10000, 128])
2025-09-03 11:38:24,834 - INFO - Post-sample GPU mem: 863.70 MB, max 3665.75 MB
2025-09-03 11:38:24,836 - INFO - Post-modules GPU mem: 883.23 MB, max 3665.75 MB
2025-09-03 11:38:24,889 - INFO - Post-border_compute GPU mem: 883.23 MB, max 3665.75 MB
2025-09-03 11:38:24,950 - INFO - Post-inference_compute GPU mem: 883.23 MB, max 3665.75 MB
2025-09-03 11:38:24,959 - INFO - Border Energy (reference, β=2.0, norm=l2):
2025-09-03 11:38:24,959 - INFO -   ID: 0.7604±0.2472, OOD: 0.9280±0.0348
2025-09-03 11:38:24,959 - INFO -   Separation: 0.1676, KS-stat: 0.5546 (p=0.0000)
2025-09-03 11:38:24,960 - INFO -   AUROC: 0.2878, AUPR: 0.5720, FPR95: 0.3972
2025-09-03 11:38:24,961 - INFO - Inference Score (reference, β=2.0, norm=l2):
2025-09-03 11:38:24,962 - INFO -   ID: -1.3811±0.2930, OOD: 1.5794±0.0380
2025-09-03 11:38:24,963 - INFO -   Separation: 2.9606, KS-stat: 1.0000 (p=0.0000)
2025-09-03 11:38:24,964 - INFO -   AUROC: 0.0000, AUPR: 0.9999, FPR95: 0.0000
2025-09-03 11:38:25,192 - INFO - OOD Loss (reference, β=2.0, norm=l2):
2025-09-03 11:38:25,192 - INFO -   Weight 1.0: -0.1306
2025-09-03 11:38:25,192 - INFO -   Weight 2.0: -1.0516
2025-09-03 11:38:25,192 - INFO -   Weight 3.0: -1.9726
2025-09-03 11:38:25,193 - INFO -   Weight 5.0: -3.8146
2025-09-03 11:38:25,194 - INFO -   Weight 10.0: -8.4197
2025-09-03 11:38:25,293 - INFO - Testing beta=4.0 for impl=reference, norm=l2...
2025-09-03 11:38:25,293 - INFO - Pre-sample GPU mem: 852.11 MB, max 3665.75 MB
2025-09-03 11:38:25,295 - INFO - Subsets shapes: ID torch.Size([10000, 128]), OOD torch.Size([10000, 128])
2025-09-03 11:38:25,296 - INFO - Post-sample GPU mem: 863.70 MB, max 3665.75 MB
2025-09-03 11:38:25,299 - INFO - Post-modules GPU mem: 883.23 MB, max 3665.75 MB
2025-09-03 11:38:25,353 - INFO - Post-border_compute GPU mem: 883.23 MB, max 3665.75 MB
2025-09-03 11:38:25,415 - INFO - Post-inference_compute GPU mem: 883.23 MB, max 3665.75 MB
2025-09-03 11:38:25,424 - INFO - Border Energy (reference, β=4.0, norm=l2):
2025-09-03 11:38:25,424 - INFO -   ID: 2.4437±0.5847, OOD: 2.7553±0.0770
2025-09-03 11:38:25,424 - INFO -   Separation: 0.3117, KS-stat: 0.4888 (p=0.0000)
2025-09-03 11:38:25,425 - INFO -   AUROC: 0.3561, AUPR: 0.5242, FPR95: 0.4645
2025-09-03 11:38:25,426 - INFO - Inference Score (reference, β=4.0, norm=l2):
2025-09-03 11:38:25,426 - INFO -   ID: -2.7901±0.5850, OOD: 3.1019±0.0770
2025-09-03 11:38:25,427 - INFO -   Separation: 5.8920, KS-stat: 1.0000 (p=0.0000)
2025-09-03 11:38:25,428 - INFO -   AUROC: 0.0000, AUPR: 0.9999, FPR95: 0.0000
2025-09-03 11:38:25,655 - INFO - OOD Loss (reference, β=4.0, norm=l2):
2025-09-03 11:38:25,655 - INFO -   Weight 1.0: -0.3115
2025-09-03 11:38:25,655 - INFO -   Weight 2.0: -3.0843
2025-09-03 11:38:25,655 - INFO -   Weight 3.0: -5.8571
2025-09-03 11:38:25,656 - INFO -   Weight 5.0: -11.4026
2025-09-03 11:38:25,657 - INFO -   Weight 10.0: -25.2665
2025-09-03 11:38:25,760 - INFO - Testing beta=8.0 for impl=reference, norm=l2...
2025-09-03 11:38:25,761 - INFO - Pre-sample GPU mem: 853.94 MB, max 3665.75 MB
2025-09-03 11:38:25,764 - INFO - Subsets shapes: ID torch.Size([10000, 128]), OOD torch.Size([10000, 128])
2025-09-03 11:38:25,765 - INFO - Post-sample GPU mem: 863.70 MB, max 3665.75 MB
2025-09-03 11:38:25,767 - INFO - Post-modules GPU mem: 883.23 MB, max 3665.75 MB
2025-09-03 11:38:25,821 - INFO - Post-border_compute GPU mem: 883.23 MB, max 3665.75 MB
2025-09-03 11:38:25,881 - INFO - Post-inference_compute GPU mem: 883.23 MB, max 3665.75 MB
2025-09-03 11:38:25,890 - INFO - Border Energy (reference, β=8.0, norm=l2):
2025-09-03 11:38:25,890 - INFO -   ID: 5.4244±1.1869, OOD: 5.7248±0.1688
2025-09-03 11:38:25,890 - INFO -   Separation: 0.3005, KS-stat: 0.3698 (p=0.0000)
2025-09-03 11:38:25,891 - INFO -   AUROC: 0.4744, AUPR: 0.4600, FPR95: 0.5865
2025-09-03 11:38:25,892 - INFO - Inference Score (reference, β=8.0, norm=l2):
2025-09-03 11:38:25,893 - INFO -   ID: -5.5977±1.1869, OOD: 5.8981±0.1688
2025-09-03 11:38:25,894 - INFO -   Separation: 11.4958, KS-stat: 1.0000 (p=0.0000)
2025-09-03 11:38:25,894 - INFO -   AUROC: 0.0000, AUPR: 0.9999, FPR95: 0.0000
2025-09-03 11:38:26,118 - INFO - OOD Loss (reference, β=8.0, norm=l2):
2025-09-03 11:38:26,118 - INFO -   Weight 1.0: -0.3126
2025-09-03 11:38:26,118 - INFO -   Weight 2.0: -6.0714
2025-09-03 11:38:26,118 - INFO -   Weight 3.0: -11.8303
2025-09-03 11:38:26,120 - INFO -   Weight 5.0: -23.3480
2025-09-03 11:38:26,121 - INFO -   Weight 10.0: -52.1423
2025-09-03 11:38:26,234 - INFO - Testing beta=16.0 for impl=reference, norm=l2...
2025-09-03 11:38:26,235 - INFO - Pre-sample GPU mem: 852.11 MB, max 3665.75 MB
2025-09-03 11:38:26,237 - INFO - Subsets shapes: ID torch.Size([10000, 128]), OOD torch.Size([10000, 128])
2025-09-03 11:38:26,237 - INFO - Post-sample GPU mem: 863.70 MB, max 3665.75 MB
2025-09-03 11:38:26,239 - INFO - Post-modules GPU mem: 883.23 MB, max 3665.75 MB
2025-09-03 11:38:26,292 - INFO - Post-border_compute GPU mem: 883.23 MB, max 3665.75 MB
2025-09-03 11:38:26,353 - INFO - Post-inference_compute GPU mem: 883.23 MB, max 3665.75 MB
2025-09-03 11:38:26,362 - INFO - Border Energy (reference, β=16.0, norm=l2):
2025-09-03 11:38:26,362 - INFO -   ID: 11.2716±2.4224, OOD: 10.6715±0.4227
2025-09-03 11:38:26,362 - INFO -   Separation: -0.6001, KS-stat: 0.5449 (p=0.0000)
2025-09-03 11:38:26,364 - INFO -   AUROC: 0.6522, AUPR: 0.3910, FPR95: 0.7314
2025-09-03 11:38:26,364 - INFO - Inference Score (reference, β=16.0, norm=l2):
2025-09-03 11:38:26,364 - INFO -   ID: -11.3583±2.4224, OOD: 10.7582±0.4227
2025-09-03 11:38:26,365 - INFO -   Separation: 22.1165, KS-stat: 1.0000 (p=0.0000)
2025-09-03 11:38:26,366 - INFO -   AUROC: 0.0000, AUPR: 0.9999, FPR95: 0.0000
2025-09-03 11:38:26,590 - INFO - OOD Loss (reference, β=16.0, norm=l2):
2025-09-03 11:38:26,591 - INFO -   Weight 1.0: 2.0044
2025-09-03 11:38:26,591 - INFO -   Weight 2.0: -8.6460
2025-09-03 11:38:26,591 - INFO -   Weight 3.0: -19.2964
2025-09-03 11:38:26,592 - INFO -   Weight 5.0: -40.5972
2025-09-03 11:38:26,592 - INFO -   Weight 10.0: -93.8491
2025-09-03 11:38:26,705 - INFO - Testing beta=32.0 for impl=reference, norm=l2...
2025-09-03 11:38:26,706 - INFO - Pre-sample GPU mem: 853.94 MB, max 3665.75 MB
2025-09-03 11:38:26,708 - INFO - Subsets shapes: ID torch.Size([10000, 128]), OOD torch.Size([10000, 128])
2025-09-03 11:38:26,708 - INFO - Post-sample GPU mem: 863.70 MB, max 3665.75 MB
2025-09-03 11:38:26,710 - INFO - Post-modules GPU mem: 883.23 MB, max 3665.75 MB
2025-09-03 11:38:26,764 - INFO - Post-border_compute GPU mem: 883.23 MB, max 3665.75 MB
2025-09-03 11:38:26,825 - INFO - Post-inference_compute GPU mem: 883.23 MB, max 3665.75 MB
2025-09-03 11:38:26,834 - INFO - Border Energy (reference, β=32.0, norm=l2):
2025-09-03 11:38:26,834 - INFO -   ID: 23.2949±4.6915, OOD: 19.2405±0.8775
2025-09-03 11:38:26,834 - INFO -   Separation: -4.0544, KS-stat: 0.7080 (p=0.0000)
2025-09-03 11:38:26,835 - INFO -   AUROC: 0.7836, AUPR: 0.3534, FPR95: 0.8425
2025-09-03 11:38:26,836 - INFO - Inference Score (reference, β=32.0, norm=l2):
2025-09-03 11:38:26,837 - INFO -   ID: -23.3382±4.6915, OOD: 19.2838±0.8775
2025-09-03 11:38:26,838 - INFO -   Separation: 42.6221, KS-stat: 1.0000 (p=0.0000)
2025-09-03 11:38:26,838 - INFO -   AUROC: 0.0000, AUPR: 0.9999, FPR95: 0.0000
2025-09-03 11:38:27,061 - INFO - OOD Loss (reference, β=32.0, norm=l2):
2025-09-03 11:38:27,061 - INFO -   Weight 1.0: 11.4665
2025-09-03 11:38:27,061 - INFO -   Weight 2.0: -7.7117
2025-09-03 11:38:27,061 - INFO -   Weight 3.0: -26.8900
2025-09-03 11:38:27,062 - INFO -   Weight 5.0: -65.2464
2025-09-03 11:38:27,063 - INFO -   Weight 10.0: -161.1376
2025-09-03 11:38:27,188 - INFO - Testing beta=64.0 for impl=reference, norm=l2...
2025-09-03 11:38:27,188 - INFO - Pre-sample GPU mem: 852.11 MB, max 3665.75 MB
2025-09-03 11:38:27,190 - INFO - Subsets shapes: ID torch.Size([10000, 128]), OOD torch.Size([10000, 128])
2025-09-03 11:38:27,191 - INFO - Post-sample GPU mem: 863.70 MB, max 3665.75 MB
2025-09-03 11:38:27,193 - INFO - Post-modules GPU mem: 883.23 MB, max 3665.75 MB
2025-09-03 11:38:27,248 - INFO - Post-border_compute GPU mem: 883.23 MB, max 3665.75 MB
2025-09-03 11:38:27,310 - INFO - Post-inference_compute GPU mem: 883.23 MB, max 3665.75 MB
2025-09-03 11:38:27,318 - INFO - Border Energy (reference, β=64.0, norm=l2):
2025-09-03 11:38:27,318 - INFO -   ID: 49.0943±8.3492, OOD: 35.1885±1.7303
2025-09-03 11:38:27,318 - INFO -   Separation: -13.9058, KS-stat: 0.8556 (p=0.0000)
2025-09-03 11:38:27,319 - INFO -   AUROC: 0.9206, AUPR: 0.3214, FPR95: 0.9621
2025-09-03 11:38:27,319 - INFO - Inference Score (reference, β=64.0, norm=l2):
2025-09-03 11:38:27,320 - INFO -   ID: -49.1160±8.3492, OOD: 35.2102±1.7303
2025-09-03 11:38:27,320 - INFO -   Separation: 84.3262, KS-stat: 1.0000 (p=0.0000)
2025-09-03 11:38:27,321 - INFO -   AUROC: 0.0000, AUPR: 0.9999, FPR95: 0.0000
2025-09-03 11:38:27,545 - INFO - OOD Loss (reference, β=64.0, norm=l2):
2025-09-03 11:38:27,545 - INFO -   Weight 1.0: 34.5023
2025-09-03 11:38:27,545 - INFO -   Weight 2.0: -2.2980
2025-09-03 11:38:27,545 - INFO -   Weight 3.0: -39.0982
2025-09-03 11:38:27,546 - INFO -   Weight 5.0: -112.6988
2025-09-03 11:38:27,547 - INFO -   Weight 10.0: -296.7003
2025-09-03 11:38:27,674 - INFO - Testing beta=128.0 for impl=reference, norm=l2...
2025-09-03 11:38:27,675 - INFO - Pre-sample GPU mem: 853.94 MB, max 3665.75 MB
2025-09-03 11:38:27,677 - INFO - Subsets shapes: ID torch.Size([10000, 128]), OOD torch.Size([10000, 128])
2025-09-03 11:38:27,678 - INFO - Post-sample GPU mem: 863.70 MB, max 3665.75 MB
2025-09-03 11:38:27,679 - INFO - Post-modules GPU mem: 883.23 MB, max 3665.75 MB
2025-09-03 11:38:27,733 - INFO - Post-border_compute GPU mem: 883.23 MB, max 3665.75 MB
2025-09-03 11:38:27,795 - INFO - Post-inference_compute GPU mem: 883.23 MB, max 3665.75 MB
2025-09-03 11:38:27,803 - INFO - Border Energy (reference, β=128.0, norm=l2):
2025-09-03 11:38:27,803 - INFO -   ID: 101.4590±15.8831, OOD: 68.2720±3.5916
2025-09-03 11:38:27,803 - INFO -   Separation: -33.1870, KS-stat: 0.9201 (p=0.0000)
2025-09-03 11:38:27,804 - INFO -   AUROC: 0.9668, AUPR: 0.3124, FPR95: 0.9920
2025-09-03 11:38:27,804 - INFO - Inference Score (reference, β=128.0, norm=l2):
2025-09-03 11:38:27,805 - INFO -   ID: -101.4698±15.8831, OOD: 68.2828±3.5916
2025-09-03 11:38:27,805 - INFO -   Separation: 169.7526, KS-stat: 1.0000 (p=0.0000)
2025-09-03 11:38:27,806 - INFO -   AUROC: 0.0000, AUPR: 0.9999, FPR95: 0.0000
2025-09-03 11:38:28,028 - INFO - OOD Loss (reference, β=128.0, norm=l2):
2025-09-03 11:38:28,028 - INFO -   Weight 1.0: 80.6613
2025-09-03 11:38:28,028 - INFO -   Weight 2.0: 9.6408
2025-09-03 11:38:28,028 - INFO -   Weight 3.0: -61.3796
2025-09-03 11:38:28,029 - INFO -   Weight 5.0: -203.4204
2025-09-03 11:38:28,030 - INFO -   Weight 10.0: -558.5225
2025-09-03 11:38:34,419 - INFO - Enhanced analysis completed. Check energy_analysis_20250903_113030 for results.
2025-09-03 11:38:34,419 - INFO - Metrics like high AUROC/low FPR95 indicate good OOD pixel separation for segmentation.
2025-09-03 11:38:34,420 - INFO - KS-stat >0.5 with low p-value suggests strong distribution separation.
2025-09-03 11:38:34,420 - INFO - Compare 'optimized' vs 'reference' to see which performs better.
2025-09-03 11:38:34,625 - INFO - Final GPU mem: 842.19 MB, max 3665.75 MB
2025-09-03 12:49:51,620 - INFO - Starting enhanced energy analysis on cuda:0
2025-09-03 12:49:51,620 - INFO - Output: energy_analysis_20250903_124951
2025-09-03 12:49:51,805 - INFO - Initial GPU mem: 0.00 MB, max 0.00 MB
2025-09-03 12:49:54,353 - INFO - Creating memory builder...
2025-09-03 12:59:41,845 - INFO - Building memory with 200 batches...
2025-09-03 12:59:41,858 - INFO - Starting redesigned hybrid memory building over full dataset...
2025-09-03 12:59:44,579 - ERROR - Main error: too many values to unpack (expected 2)
2025-09-03 12:59:44,591 - ERROR - Traceback (most recent call last):
  File "energy_analyzer.py", line 933, in main
    id_memory, ood_memory, analysis = memory_builder.process_images(subset_loader)
  File "/home/ha51dybi/PEBAL/code/hopfield_memory_builder.py", line 91, in process_images
    id_candidates, ood_candidates = self._collect_candidate_features_streaming(dataloader)
ValueError: too many values to unpack (expected 2)

2025-09-03 12:59:47,012 - INFO - Final GPU mem: 814.53 MB, max 3665.79 MB
2025-09-03 13:50:14,637 - INFO - Starting enhanced energy analysis on cuda:0
2025-09-03 13:50:14,637 - INFO - Output: energy_analysis_20250903_135014
2025-09-03 13:50:14,862 - INFO - Initial GPU mem: 0.00 MB, max 0.00 MB
2025-09-03 13:50:16,792 - INFO - Creating memory builder...
2025-09-03 13:55:08,937 - INFO - Building memory with 200 batches...
2025-09-03 13:55:08,940 - INFO - Starting redesigned hybrid memory building over full dataset...
2025-09-03 13:56:43,835 - INFO - Label statistics - Found 254 in 109 batches, 255 in 200 batches
2025-09-03 13:56:43,838 - INFO - Skipped 1061161 pixels with label 255 (ignore class)
2025-09-03 13:56:44,412 - ERROR - Main error: Expected all tensors to be on the same device, but found at least two devices, cuda:0 and cpu!
2025-09-03 13:56:44,418 - ERROR - Traceback (most recent call last):
  File "energy_analyzer.py", line 933, in main
    id_memory, ood_memory, analysis = memory_builder.process_images(subset_loader)
  File "/home/ha51dybi/PEBAL/code/hopfield_memory_builder.py", line 91, in process_images
    id_candidates, ood_candidates = self._collect_candidate_features_streaming(dataloader)
  File "/home/ha51dybi/PEBAL/code/hopfield_memory_builder.py", line 253, in _collect_candidate_features_streaming
    pools['general'] = self.advanced_augment_class(class_id, pools['general'], 3000, id_candidates)
  File "/home/ha51dybi/PEBAL/code/hopfield_memory_builder.py", line 325, in advanced_augment_class
    return checkpoint(_inner, features)  # Memory opt
  File "/home/ha51dybi/anaconda3/envs/pebal_new/lib/python3.8/site-packages/torch/_compile.py", line 31, in inner
    return disable_fn(*args, **kwargs)
  File "/home/ha51dybi/anaconda3/envs/pebal_new/lib/python3.8/site-packages/torch/_dynamo/eval_frame.py", line 600, in _fn
    return fn(*args, **kwargs)
  File "/home/ha51dybi/anaconda3/envs/pebal_new/lib/python3.8/site-packages/torch/utils/checkpoint.py", line 481, in checkpoint
    return CheckpointFunction.apply(function, preserve, *args)
  File "/home/ha51dybi/anaconda3/envs/pebal_new/lib/python3.8/site-packages/torch/autograd/function.py", line 574, in apply
    return super().apply(*args, **kwargs)  # type: ignore[misc]
  File "/home/ha51dybi/anaconda3/envs/pebal_new/lib/python3.8/site-packages/torch/utils/checkpoint.py", line 255, in forward
    outputs = run_function(*args)
  File "/home/ha51dybi/PEBAL/code/hopfield_memory_builder.py", line 304, in _inner
    mixed = alpha * augmented + (1 - alpha) * other_feats
RuntimeError: Expected all tensors to be on the same device, but found at least two devices, cuda:0 and cpu!

2025-09-03 13:56:44,524 - INFO - Final GPU mem: 814.53 MB, max 3666.12 MB
2025-09-03 13:59:58,762 - INFO - Starting enhanced energy analysis on cuda:0
2025-09-03 13:59:58,762 - INFO - Output: energy_analysis_20250903_135958
2025-09-03 13:59:58,925 - INFO - Initial GPU mem: 0.00 MB, max 0.00 MB
2025-09-03 14:00:00,381 - INFO - Creating memory builder...
2025-09-03 14:08:21,894 - INFO - Building memory with 200 batches...
2025-09-03 14:08:21,908 - INFO - Starting redesigned hybrid memory building over full dataset...
2025-09-03 14:09:59,386 - INFO - Label statistics - Found 254 in 128 batches, 255 in 200 batches
2025-09-03 14:09:59,388 - INFO - Skipped 1051140 pixels with label 255 (ignore class)
2025-09-03 14:09:59,494 - ERROR - Main error: 'NoneType' object has no attribute 'to'
2025-09-03 14:09:59,498 - ERROR - Traceback (most recent call last):
  File "energy_analyzer.py", line 933, in main
    id_memory, ood_memory, analysis = memory_builder.process_images(subset_loader)
  File "/home/ha51dybi/PEBAL/code/hopfield_memory_builder.py", line 97, in process_images
    self._simple_vehicle_perturbation(id_candidates)
  File "/home/ha51dybi/PEBAL/code/hopfield_memory_builder.py", line 357, in _simple_vehicle_perturbation
    features = id_candidates[class_id]['general'].to(self.device)
AttributeError: 'NoneType' object has no attribute 'to'

2025-09-03 14:09:59,598 - INFO - Final GPU mem: 814.53 MB, max 3666.46 MB
2025-09-03 14:19:31,191 - INFO - Starting enhanced energy analysis on cuda:0
2025-09-03 14:19:31,191 - INFO - Output: energy_analysis_20250903_141931
2025-09-03 14:19:31,379 - INFO - Initial GPU mem: 0.00 MB, max 0.00 MB
2025-09-03 14:19:34,001 - INFO - Creating memory builder...
2025-09-03 14:28:08,465 - INFO - Building memory with 200 batches...
2025-09-03 14:28:08,473 - INFO - Starting redesigned hybrid memory building over full dataset...
2025-09-03 14:29:47,256 - INFO - Label statistics - Found 254 in 118 batches, 255 in 200 batches
2025-09-03 14:29:47,257 - INFO - Skipped 1128341 pixels with label 255 (ignore class)
2025-09-03 14:29:50,590 - ERROR - Main error: 'list' object has no attribute 'to'
2025-09-03 14:29:50,612 - ERROR - Traceback (most recent call last):
  File "energy_analyzer.py", line 933, in main
    id_memory, ood_memory, analysis = memory_builder.process_images(subset_loader)
  File "/home/ha51dybi/PEBAL/code/hopfield_memory_builder.py", line 92, in process_images
    id_candidates, ood_candidates = self._collect_candidate_features_streaming(dataloader)
  File "/home/ha51dybi/PEBAL/code/hopfield_memory_builder.py", line 255, in _collect_candidate_features_streaming
    pools['general'] = self.advanced_augment_class(class_id, pools['general'], 3000, id_candidates)
  File "/home/ha51dybi/PEBAL/code/hopfield_memory_builder.py", line 328, in advanced_augment_class
    return checkpoint(_inner, features) # Memory opt
  File "/home/ha51dybi/anaconda3/envs/pebal_new/lib/python3.8/site-packages/torch/_compile.py", line 31, in inner
    return disable_fn(*args, **kwargs)
  File "/home/ha51dybi/anaconda3/envs/pebal_new/lib/python3.8/site-packages/torch/_dynamo/eval_frame.py", line 600, in _fn
    return fn(*args, **kwargs)
  File "/home/ha51dybi/anaconda3/envs/pebal_new/lib/python3.8/site-packages/torch/utils/checkpoint.py", line 481, in checkpoint
    return CheckpointFunction.apply(function, preserve, *args)
  File "/home/ha51dybi/anaconda3/envs/pebal_new/lib/python3.8/site-packages/torch/autograd/function.py", line 574, in apply
    return super().apply(*args, **kwargs)  # type: ignore[misc]
  File "/home/ha51dybi/anaconda3/envs/pebal_new/lib/python3.8/site-packages/torch/utils/checkpoint.py", line 255, in forward
    outputs = run_function(*args)
  File "/home/ha51dybi/PEBAL/code/hopfield_memory_builder.py", line 305, in _inner
    other_feats = id_candidates[other_cid]['general'][:len(augmented)].to(augmented.device)  # To device
AttributeError: 'list' object has no attribute 'to'

2025-09-03 14:29:50,730 - INFO - Final GPU mem: 822.66 MB, max 3666.04 MB
2025-09-03 14:39:32,670 - INFO - Starting enhanced energy analysis on cuda:0
2025-09-03 14:39:32,670 - INFO - Output: energy_analysis_20250903_143932
2025-09-03 14:39:32,867 - INFO - Initial GPU mem: 0.00 MB, max 0.00 MB
2025-09-03 14:39:34,667 - INFO - Creating memory builder...
2025-09-03 14:48:39,408 - INFO - Building memory with 200 batches...
2025-09-03 14:48:39,418 - INFO - Starting redesigned hybrid memory building over full dataset...
2025-09-03 14:50:16,767 - INFO - Label statistics - Found 254 in 119 batches, 255 in 200 batches
2025-09-03 14:50:16,769 - INFO - Skipped 1090998 pixels with label 255 (ignore class)
2025-09-03 14:50:17,143 - ERROR - Main error: The size of tensor a (3000) must match the size of tensor b (1300) at non-singleton dimension 0
2025-09-03 14:50:17,149 - ERROR - Traceback (most recent call last):
  File "energy_analyzer.py", line 933, in main
    id_memory, ood_memory, analysis = memory_builder.process_images(subset_loader)
  File "/home/ha51dybi/PEBAL/code/hopfield_memory_builder.py", line 93, in process_images
    id_candidates, ood_candidates = self._collect_candidate_features_streaming(dataloader)
  File "/home/ha51dybi/PEBAL/code/hopfield_memory_builder.py", line 254, in _collect_candidate_features_streaming
    pools['general'] = self.advanced_augment_class(class_id, pools['general'], 3000, id_candidates)
  File "/home/ha51dybi/PEBAL/code/hopfield_memory_builder.py", line 332, in advanced_augment_class
    return checkpoint(_inner, features) # Memory opt
  File "/home/ha51dybi/anaconda3/envs/pebal_new/lib/python3.8/site-packages/torch/_compile.py", line 31, in inner
    return disable_fn(*args, **kwargs)
  File "/home/ha51dybi/anaconda3/envs/pebal_new/lib/python3.8/site-packages/torch/_dynamo/eval_frame.py", line 600, in _fn
    return fn(*args, **kwargs)
  File "/home/ha51dybi/anaconda3/envs/pebal_new/lib/python3.8/site-packages/torch/utils/checkpoint.py", line 481, in checkpoint
    return CheckpointFunction.apply(function, preserve, *args)
  File "/home/ha51dybi/anaconda3/envs/pebal_new/lib/python3.8/site-packages/torch/autograd/function.py", line 574, in apply
    return super().apply(*args, **kwargs)  # type: ignore[misc]
  File "/home/ha51dybi/anaconda3/envs/pebal_new/lib/python3.8/site-packages/torch/utils/checkpoint.py", line 255, in forward
    outputs = run_function(*args)
  File "/home/ha51dybi/PEBAL/code/hopfield_memory_builder.py", line 311, in _inner
    mixed = alpha * augmented + (1 - alpha) * other_feats
RuntimeError: The size of tensor a (3000) must match the size of tensor b (1300) at non-singleton dimension 0

2025-09-03 14:50:17,249 - INFO - Final GPU mem: 814.53 MB, max 3666.49 MB
2025-09-03 14:55:48,934 - INFO - Starting enhanced energy analysis on cuda:0
2025-09-03 14:55:48,935 - INFO - Output: energy_analysis_20250903_145548
2025-09-03 14:55:49,144 - INFO - Initial GPU mem: 0.00 MB, max 0.00 MB
2025-09-03 14:55:50,963 - INFO - Creating memory builder...
2025-09-03 15:03:06,441 - INFO - Building memory with 200 batches...
2025-09-03 15:03:06,451 - INFO - Starting redesigned hybrid memory building over full dataset...
2025-09-03 15:04:43,753 - INFO - Label statistics - Found 254 in 118 batches, 255 in 200 batches
2025-09-03 15:04:43,754 - INFO - Skipped 1064180 pixels with label 255 (ignore class)
2025-09-03 15:05:17,222 - INFO - Final memory ratio (AUX:ID): 0.57
2025-09-03 15:05:17,537 - INFO - Memory separation - Ratio: 1.329, Cross-similarity: 0.018, Overlap: 0.000
2025-09-03 15:05:17,538 - INFO - ID spread: 0.471, OOD spread: 0.432, Distance: 1.200
2025-09-03 15:05:17,863 - INFO - Results saved automatically.
2025-09-03 15:05:18,166 - INFO - Memories saved
2025-09-03 15:05:18,179 - INFO - Post-memory_build GPU mem: 838.00 MB, max 3666.42 MB
2025-09-03 15:05:18,179 - INFO - Testing with enhanced setup...
2025-09-03 15:05:18,180 - INFO - Testing energy with real memories: ID=torch.Size([20000, 128]), OOD=torch.Size([11416, 128])
2025-09-03 15:05:18,181 - INFO - Norm types: ['l2'], Impl types: ['optimized', 'reference']
2025-09-03 15:05:18,181 - INFO - Processing impl_type: optimized
2025-09-03 15:05:18,182 - INFO - Processing norm_type: l2 for optimized
2025-09-03 15:05:18,783 - INFO - Testing beta=0.5 for impl=optimized, norm=l2...
2025-09-03 15:05:18,784 - INFO - Pre-sample GPU mem: 838.00 MB, max 3666.42 MB
2025-09-03 15:05:18,785 - INFO - Subsets shapes: ID torch.Size([10000, 128]), OOD torch.Size([10000, 128])
2025-09-03 15:05:18,786 - INFO - Post-sample GPU mem: 849.59 MB, max 3666.42 MB
2025-09-03 15:05:18,809 - INFO - Post-modules GPU mem: 869.12 MB, max 3666.42 MB
2025-09-03 15:05:19,215 - INFO - Post-border_compute GPU mem: 869.20 MB, max 3666.42 MB
2025-09-03 15:05:19,331 - INFO - Post-inference_compute GPU mem: 869.28 MB, max 3666.42 MB
2025-09-03 15:05:19,341 - INFO - Border Energy (optimized, β=0.5, norm=l2):
2025-09-03 15:05:19,341 - INFO -   ID: 0.9663±0.0119, OOD: 0.9673±0.0100
2025-09-03 15:05:19,341 - INFO -   Separation: 0.0009, KS-stat: 0.4089 (p=0.0000)
2025-09-03 15:05:19,342 - INFO -   AUROC: 0.4388, AUPR: 0.5379, FPR95: 0.5623
2025-09-03 15:05:19,342 - INFO - Inference Score (optimized, β=0.5, norm=l2):
2025-09-03 15:05:19,343 - INFO -   ID: 0.7279±0.1522, OOD: -0.7158±0.1557
2025-09-03 15:05:19,344 - INFO -   Separation: 1.4438, KS-stat: 1.0000 (p=0.0000)
2025-09-03 15:05:19,345 - INFO -   AUROC: 0.0000, AUPR: 0.9999, FPR95: 0.0000
2025-09-03 15:05:19,763 - INFO - OOD Loss (optimized, β=0.5, norm=l2):
2025-09-03 15:05:19,764 - INFO -   Weight 1.0: 0.2992
2025-09-03 15:05:19,764 - INFO -   Weight 2.0: -0.6676
2025-09-03 15:05:19,764 - INFO -   Weight 3.0: -1.6344
2025-09-03 15:05:19,765 - INFO -   Weight 5.0: -3.5680
2025-09-03 15:05:19,766 - INFO -   Weight 10.0: -8.4019
2025-09-03 15:05:21,472 - INFO - Testing beta=1.0 for impl=optimized, norm=l2...
2025-09-03 15:05:21,474 - INFO - Pre-sample GPU mem: 849.75 MB, max 3666.42 MB
2025-09-03 15:05:21,477 - INFO - Subsets shapes: ID torch.Size([10000, 128]), OOD torch.Size([10000, 128])
2025-09-03 15:05:21,477 - INFO - Post-sample GPU mem: 859.51 MB, max 3666.42 MB
2025-09-03 15:05:21,479 - INFO - Post-modules GPU mem: 879.97 MB, max 3666.42 MB
2025-09-03 15:05:21,573 - INFO - Post-border_compute GPU mem: 879.97 MB, max 3666.42 MB
2025-09-03 15:05:21,671 - INFO - Post-inference_compute GPU mem: 879.97 MB, max 3666.42 MB
2025-09-03 15:05:21,681 - INFO - Border Energy (optimized, β=1.0, norm=l2):
2025-09-03 15:05:21,681 - INFO -   ID: 0.8746±0.0420, OOD: 0.8772±0.0369
2025-09-03 15:05:21,681 - INFO -   Separation: 0.0025, KS-stat: 0.3951 (p=0.0000)
2025-09-03 15:05:21,682 - INFO -   AUROC: 0.4458, AUPR: 0.5338, FPR95: 0.5749
2025-09-03 15:05:21,683 - INFO - Inference Score (optimized, β=1.0, norm=l2):
2025-09-03 15:05:21,684 - INFO -   ID: 0.7288±0.1514, OOD: -0.7185±0.1553
2025-09-03 15:05:21,685 - INFO -   Separation: 1.4473, KS-stat: 1.0000 (p=0.0000)
2025-09-03 15:05:21,685 - INFO -   AUROC: 0.0000, AUPR: 0.9999, FPR95: 0.0000
2025-09-03 15:05:21,949 - INFO - OOD Loss (optimized, β=1.0, norm=l2):
2025-09-03 15:05:21,949 - INFO -   Weight 1.0: 0.3034
2025-09-03 15:05:21,949 - INFO -   Weight 2.0: -0.5696
2025-09-03 15:05:21,950 - INFO -   Weight 3.0: -1.4427
2025-09-03 15:05:21,951 - INFO -   Weight 5.0: -3.1887
2025-09-03 15:05:21,954 - INFO -   Weight 10.0: -7.5539
2025-09-03 15:05:22,055 - INFO - Testing beta=2.0 for impl=optimized, norm=l2...
2025-09-03 15:05:22,056 - INFO - Pre-sample GPU mem: 847.92 MB, max 3666.42 MB
2025-09-03 15:05:22,058 - INFO - Subsets shapes: ID torch.Size([10000, 128]), OOD torch.Size([10000, 128])
2025-09-03 15:05:22,059 - INFO - Post-sample GPU mem: 859.51 MB, max 3666.42 MB
2025-09-03 15:05:22,062 - INFO - Post-modules GPU mem: 879.97 MB, max 3666.42 MB
2025-09-03 15:05:22,140 - INFO - Post-border_compute GPU mem: 879.97 MB, max 3666.42 MB
2025-09-03 15:05:22,229 - INFO - Post-inference_compute GPU mem: 879.97 MB, max 3666.42 MB
2025-09-03 15:05:22,239 - INFO - Border Energy (optimized, β=2.0, norm=l2):
2025-09-03 15:05:22,239 - INFO -   ID: 0.6137±0.1126, OOD: 0.6181±0.1074
2025-09-03 15:05:22,239 - INFO -   Separation: 0.0044, KS-stat: 0.4011 (p=0.0000)
2025-09-03 15:05:22,239 - INFO -   AUROC: 0.4436, AUPR: 0.5335, FPR95: 0.5708
2025-09-03 15:05:22,240 - INFO - Inference Score (optimized, β=2.0, norm=l2):
2025-09-03 15:05:22,240 - INFO -   ID: 0.7276±0.1527, OOD: -0.7178±0.1539
2025-09-03 15:05:22,241 - INFO -   Separation: 1.4454, KS-stat: 1.0000 (p=0.0000)
2025-09-03 15:05:22,241 - INFO -   AUROC: 0.0000, AUPR: 0.9999, FPR95: 0.0000
2025-09-03 15:05:22,497 - INFO - OOD Loss (optimized, β=2.0, norm=l2):
2025-09-03 15:05:22,497 - INFO -   Weight 1.0: 0.2932
2025-09-03 15:05:22,497 - INFO -   Weight 2.0: -0.3246
2025-09-03 15:05:22,498 - INFO -   Weight 3.0: -0.9424
2025-09-03 15:05:22,499 - INFO -   Weight 5.0: -2.1780
2025-09-03 15:05:22,500 - INFO -   Weight 10.0: -5.2669
2025-09-03 15:05:22,605 - INFO - Testing beta=4.0 for impl=optimized, norm=l2...
2025-09-03 15:05:22,606 - INFO - Pre-sample GPU mem: 849.75 MB, max 3666.42 MB
2025-09-03 15:05:22,608 - INFO - Subsets shapes: ID torch.Size([10000, 128]), OOD torch.Size([10000, 128])
2025-09-03 15:05:22,609 - INFO - Post-sample GPU mem: 859.51 MB, max 3666.42 MB
2025-09-03 15:05:22,611 - INFO - Post-modules GPU mem: 879.97 MB, max 3666.42 MB
2025-09-03 15:05:22,685 - INFO - Post-border_compute GPU mem: 879.97 MB, max 3666.42 MB
2025-09-03 15:05:22,769 - INFO - Post-inference_compute GPU mem: 879.97 MB, max 3666.42 MB
2025-09-03 15:05:22,778 - INFO - Border Energy (optimized, β=4.0, norm=l2):
2025-09-03 15:05:22,778 - INFO -   ID: 0.2211±0.1428, OOD: 0.2339±0.1740
2025-09-03 15:05:22,779 - INFO -   Separation: 0.0128, KS-stat: 0.4354 (p=0.0000)
2025-09-03 15:05:22,780 - INFO -   AUROC: 0.4121, AUPR: 0.5498, FPR95: 0.5375
2025-09-03 15:05:22,780 - INFO - Inference Score (optimized, β=4.0, norm=l2):
2025-09-03 15:05:22,780 - INFO -   ID: 0.7299±0.1536, OOD: -0.7101±0.1511
2025-09-03 15:05:22,781 - INFO -   Separation: 1.4400, KS-stat: 1.0000 (p=0.0000)
2025-09-03 15:05:22,781 - INFO -   AUROC: 0.0000, AUPR: 0.9999, FPR95: 0.0000
2025-09-03 15:05:23,019 - INFO - OOD Loss (optimized, β=4.0, norm=l2):
2025-09-03 15:05:23,019 - INFO -   Weight 1.0: 0.2506
2025-09-03 15:05:23,019 - INFO -   Weight 2.0: 0.0108
2025-09-03 15:05:23,019 - INFO -   Weight 3.0: -0.2291
2025-09-03 15:05:23,020 - INFO -   Weight 5.0: -0.7089
2025-09-03 15:05:23,022 - INFO -   Weight 10.0: -1.9083
2025-09-03 15:05:23,129 - INFO - Testing beta=8.0 for impl=optimized, norm=l2...
2025-09-03 15:05:23,130 - INFO - Pre-sample GPU mem: 847.92 MB, max 3666.42 MB
2025-09-03 15:05:23,133 - INFO - Subsets shapes: ID torch.Size([10000, 128]), OOD torch.Size([10000, 128])
2025-09-03 15:05:23,135 - INFO - Post-sample GPU mem: 859.51 MB, max 3666.42 MB
2025-09-03 15:05:23,137 - INFO - Post-modules GPU mem: 879.97 MB, max 3666.42 MB
2025-09-03 15:05:23,212 - INFO - Post-border_compute GPU mem: 879.97 MB, max 3666.42 MB
2025-09-03 15:05:23,299 - INFO - Post-inference_compute GPU mem: 879.97 MB, max 3666.42 MB
2025-09-03 15:05:23,309 - INFO - Border Energy (optimized, β=8.0, norm=l2):
2025-09-03 15:05:23,309 - INFO -   ID: 0.0289±0.0579, OOD: 0.0497±0.1181
2025-09-03 15:05:23,309 - INFO -   Separation: 0.0208, KS-stat: 0.5344 (p=0.0000)
2025-09-03 15:05:23,310 - INFO -   AUROC: 0.3277, AUPR: 0.6021, FPR95: 0.4415
2025-09-03 15:05:23,310 - INFO - Inference Score (optimized, β=8.0, norm=l2):
2025-09-03 15:05:23,310 - INFO -   ID: 0.7331±0.1536, OOD: -0.6770±0.1426
2025-09-03 15:05:23,311 - INFO -   Separation: 1.4101, KS-stat: 1.0000 (p=0.0000)
2025-09-03 15:05:23,311 - INFO -   AUROC: 0.0000, AUPR: 0.9999, FPR95: 0.0000
2025-09-03 15:05:23,551 - INFO - OOD Loss (optimized, β=8.0, norm=l2):
2025-09-03 15:05:23,552 - INFO -   Weight 1.0: 0.2470
2025-09-03 15:05:23,552 - INFO -   Weight 2.0: 0.1971
2025-09-03 15:05:23,552 - INFO -   Weight 3.0: 0.1473
2025-09-03 15:05:23,553 - INFO -   Weight 5.0: 0.0475
2025-09-03 15:05:23,554 - INFO -   Weight 10.0: -0.2017
2025-09-03 15:05:23,666 - INFO - Testing beta=16.0 for impl=optimized, norm=l2...
2025-09-03 15:05:23,667 - INFO - Pre-sample GPU mem: 849.75 MB, max 3666.42 MB
2025-09-03 15:05:23,668 - INFO - Subsets shapes: ID torch.Size([10000, 128]), OOD torch.Size([10000, 128])
2025-09-03 15:05:23,669 - INFO - Post-sample GPU mem: 859.51 MB, max 3666.42 MB
2025-09-03 15:05:23,672 - INFO - Post-modules GPU mem: 879.97 MB, max 3666.42 MB
2025-09-03 15:05:23,745 - INFO - Post-border_compute GPU mem: 879.97 MB, max 3666.42 MB
2025-09-03 15:05:23,831 - INFO - Post-inference_compute GPU mem: 879.97 MB, max 3666.42 MB
2025-09-03 15:05:23,839 - INFO - Border Energy (optimized, β=16.0, norm=l2):
2025-09-03 15:05:23,839 - INFO -   ID: 0.0010±0.0046, OOD: 0.0018±0.0082
2025-09-03 15:05:23,840 - INFO -   Separation: 0.0008, KS-stat: 0.6732 (p=0.0000)
2025-09-03 15:05:23,841 - INFO -   AUROC: 0.2278, AUPR: 0.6552, FPR95: 0.3058
2025-09-03 15:05:23,842 - INFO - Inference Score (optimized, β=16.0, norm=l2):
2025-09-03 15:05:23,843 - INFO -   ID: 0.7359±0.1495, OOD: -0.6277±0.0968
2025-09-03 15:05:23,843 - INFO -   Separation: 1.3635, KS-stat: 1.0000 (p=0.0000)
2025-09-03 15:05:23,844 - INFO -   AUROC: 0.0000, AUPR: 0.9999, FPR95: 0.0000
2025-09-03 15:05:24,074 - INFO - OOD Loss (optimized, β=16.0, norm=l2):
2025-09-03 15:05:24,074 - INFO -   Weight 1.0: 0.3006
2025-09-03 15:05:24,074 - INFO -   Weight 2.0: 0.2999
2025-09-03 15:05:24,074 - INFO -   Weight 3.0: 0.2993
2025-09-03 15:05:24,075 - INFO -   Weight 5.0: 0.2979
2025-09-03 15:05:24,076 - INFO -   Weight 10.0: 0.2946
2025-09-03 15:05:24,192 - INFO - Testing beta=32.0 for impl=optimized, norm=l2...
2025-09-03 15:05:24,192 - INFO - Pre-sample GPU mem: 847.92 MB, max 3666.42 MB
2025-09-03 15:05:24,194 - INFO - Subsets shapes: ID torch.Size([10000, 128]), OOD torch.Size([10000, 128])
2025-09-03 15:05:24,195 - INFO - Post-sample GPU mem: 859.51 MB, max 3666.42 MB
2025-09-03 15:05:24,196 - INFO - Post-modules GPU mem: 879.97 MB, max 3666.42 MB
2025-09-03 15:05:24,270 - INFO - Post-border_compute GPU mem: 879.97 MB, max 3666.42 MB
2025-09-03 15:05:24,348 - INFO - Post-inference_compute GPU mem: 879.97 MB, max 3666.42 MB
2025-09-03 15:05:24,356 - INFO - Border Energy (optimized, β=32.0, norm=l2):
2025-09-03 15:05:24,356 - INFO -   ID: 0.0000±0.0000, OOD: 0.0000±0.0000
2025-09-03 15:05:24,356 - INFO -   Separation: -0.0000, KS-stat: 0.0733 (p=0.0000)
2025-09-03 15:05:24,357 - INFO -   AUROC: 0.9938, AUPR: 0.7814, FPR95: 0.0783
2025-09-03 15:05:24,358 - INFO - Inference Score (optimized, β=32.0, norm=l2):
2025-09-03 15:05:24,359 - INFO -   ID: 0.7283±0.1336, OOD: -0.5890±0.0416
2025-09-03 15:05:24,359 - INFO -   Separation: 1.3173, KS-stat: 1.0000 (p=0.0000)
2025-09-03 15:05:24,360 - INFO -   AUROC: 0.0000, AUPR: 0.9999, FPR95: 0.0000
2025-09-03 15:05:24,590 - INFO - OOD Loss (optimized, β=32.0, norm=l2):
2025-09-03 15:05:24,590 - INFO -   Weight 1.0: 0.3000
2025-09-03 15:05:24,590 - INFO -   Weight 2.0: 0.3000
2025-09-03 15:05:24,590 - INFO -   Weight 3.0: 0.3000
2025-09-03 15:05:24,591 - INFO -   Weight 5.0: 0.3000
2025-09-03 15:05:24,591 - INFO -   Weight 10.0: 0.3000
2025-09-03 15:05:24,711 - INFO - Testing beta=64.0 for impl=optimized, norm=l2...
2025-09-03 15:05:24,712 - INFO - Pre-sample GPU mem: 849.75 MB, max 3666.42 MB
2025-09-03 15:05:24,714 - INFO - Subsets shapes: ID torch.Size([10000, 128]), OOD torch.Size([10000, 128])
2025-09-03 15:05:24,715 - INFO - Post-sample GPU mem: 859.51 MB, max 3666.42 MB
2025-09-03 15:05:24,716 - INFO - Post-modules GPU mem: 879.97 MB, max 3666.42 MB
2025-09-03 15:05:24,790 - INFO - Post-border_compute GPU mem: 879.97 MB, max 3666.42 MB
2025-09-03 15:05:24,866 - INFO - Post-inference_compute GPU mem: 879.97 MB, max 3666.42 MB
2025-09-03 15:05:24,874 - INFO - Border Energy (optimized, β=64.0, norm=l2):
2025-09-03 15:05:24,874 - INFO -   ID: 0.0000±0.0000, OOD: 0.0000±0.0000
2025-09-03 15:05:24,874 - INFO -   Separation: 0.0000, KS-stat: 0.0000 (p=1.0000)
2025-09-03 15:05:24,875 - INFO -   AUROC: 0.9997, AUPR: 0.9990, FPR95: 0.0001
2025-09-03 15:05:24,876 - INFO - Inference Score (optimized, β=64.0, norm=l2):
2025-09-03 15:05:24,877 - INFO -   ID: 0.7114±0.0985, OOD: -0.5566±0.0714
2025-09-03 15:05:24,878 - INFO -   Separation: 1.2680, KS-stat: 1.0000 (p=0.0000)
2025-09-03 15:05:24,879 - INFO -   AUROC: 0.0000, AUPR: 0.9999, FPR95: 0.0000
2025-09-03 15:05:25,110 - INFO - OOD Loss (optimized, β=64.0, norm=l2):
2025-09-03 15:05:25,110 - INFO -   Weight 1.0: 0.3000
2025-09-03 15:05:25,110 - INFO -   Weight 2.0: 0.3000
2025-09-03 15:05:25,112 - INFO -   Weight 3.0: 0.3000
2025-09-03 15:05:25,113 - INFO -   Weight 5.0: 0.3000
2025-09-03 15:05:25,113 - INFO -   Weight 10.0: 0.3000
2025-09-03 15:05:25,239 - INFO - Testing beta=128.0 for impl=optimized, norm=l2...
2025-09-03 15:05:25,240 - INFO - Pre-sample GPU mem: 847.92 MB, max 3666.42 MB
2025-09-03 15:05:25,242 - INFO - Subsets shapes: ID torch.Size([10000, 128]), OOD torch.Size([10000, 128])
2025-09-03 15:05:25,243 - INFO - Post-sample GPU mem: 859.51 MB, max 3666.42 MB
2025-09-03 15:05:25,244 - INFO - Post-modules GPU mem: 879.97 MB, max 3666.42 MB
2025-09-03 15:05:25,318 - INFO - Post-border_compute GPU mem: 879.97 MB, max 3666.42 MB
2025-09-03 15:05:25,393 - INFO - Post-inference_compute GPU mem: 879.97 MB, max 3666.42 MB
2025-09-03 15:05:25,402 - INFO - Border Energy (optimized, β=128.0, norm=l2):
2025-09-03 15:05:25,402 - INFO -   ID: 0.0000±0.0000, OOD: 0.0000±0.0000
2025-09-03 15:05:25,402 - INFO -   Separation: 0.0000, KS-stat: 0.0000 (p=1.0000)
2025-09-03 15:05:25,403 - INFO -   AUROC: 0.9997, AUPR: 0.9990, FPR95: 0.0001
2025-09-03 15:05:25,404 - INFO - Inference Score (optimized, β=128.0, norm=l2):
2025-09-03 15:05:25,404 - INFO -   ID: 0.7154±0.0818, OOD: -0.5450±0.0851
2025-09-03 15:05:25,405 - INFO -   Separation: 1.2604, KS-stat: 1.0000 (p=0.0000)
2025-09-03 15:05:25,406 - INFO -   AUROC: 0.0000, AUPR: 0.9999, FPR95: 0.0000
2025-09-03 15:05:25,630 - INFO - OOD Loss (optimized, β=128.0, norm=l2):
2025-09-03 15:05:25,630 - INFO -   Weight 1.0: 0.3000
2025-09-03 15:05:25,630 - INFO -   Weight 2.0: 0.3000
2025-09-03 15:05:25,630 - INFO -   Weight 3.0: 0.3000
2025-09-03 15:05:25,631 - INFO -   Weight 5.0: 0.3000
2025-09-03 15:05:25,632 - INFO -   Weight 10.0: 0.3000
2025-09-03 15:05:31,090 - INFO - Processing impl_type: reference
2025-09-03 15:05:31,091 - INFO - Processing norm_type: l2 for reference
2025-09-03 15:05:31,261 - INFO - Testing beta=0.5 for impl=reference, norm=l2...
2025-09-03 15:05:31,261 - INFO - Pre-sample GPU mem: 849.75 MB, max 3666.42 MB
2025-09-03 15:05:31,262 - INFO - Subsets shapes: ID torch.Size([10000, 128]), OOD torch.Size([10000, 128])
2025-09-03 15:05:31,263 - INFO - Post-sample GPU mem: 859.51 MB, max 3666.42 MB
2025-09-03 15:05:31,264 - INFO - Post-modules GPU mem: 879.97 MB, max 3666.42 MB
2025-09-03 15:05:31,366 - INFO - Post-border_compute GPU mem: 879.97 MB, max 3666.42 MB
2025-09-03 15:05:31,440 - INFO - Post-inference_compute GPU mem: 879.97 MB, max 3666.42 MB
2025-09-03 15:05:31,448 - INFO - Border Energy (reference, β=0.5, norm=l2):
2025-09-03 15:05:31,448 - INFO -   ID: 0.0173±0.0061, OOD: 0.0168±0.0051
2025-09-03 15:05:31,448 - INFO -   Separation: -0.0004, KS-stat: 0.4002 (p=0.0000)
2025-09-03 15:05:31,450 - INFO -   AUROC: 0.5560, AUPR: 0.4295, FPR95: 0.9877
2025-09-03 15:05:31,451 - INFO - Inference Score (reference, β=0.5, norm=l2):
2025-09-03 15:05:31,452 - INFO -   ID: -0.3641±0.0757, OOD: 0.3592±0.0772
2025-09-03 15:05:31,454 - INFO -   Separation: 0.7234, KS-stat: 1.0000 (p=0.0000)
2025-09-03 15:05:31,455 - INFO -   AUROC: 0.0000, AUPR: 0.9999, FPR95: 0.0000
2025-09-03 15:05:31,694 - INFO - Energy stats (reference): β=0.5, min=0.0000, max=0.0280, mean=0.0167, id_mean=0.0171, ood_mean=0.0163
2025-09-03 15:05:31,695 - INFO - Separation: -0.0008, target=0.200, loss=0.3013
2025-09-03 15:05:31,697 - INFO - OOD Loss (reference, β=0.5, norm=l2):
2025-09-03 15:05:31,698 - INFO -   Weight 1.0: 0.3021
2025-09-03 15:05:31,698 - INFO -   Weight 2.0: 0.2858
2025-09-03 15:05:31,700 - INFO -   Weight 3.0: 0.2695
2025-09-03 15:05:31,701 - INFO -   Weight 5.0: 0.2370
2025-09-03 15:05:31,701 - INFO -   Weight 10.0: 0.1556
2025-09-03 15:05:31,920 - INFO - Testing beta=1.0 for impl=reference, norm=l2...
2025-09-03 15:05:31,921 - INFO - Pre-sample GPU mem: 847.92 MB, max 3666.42 MB
2025-09-03 15:05:31,922 - INFO - Subsets shapes: ID torch.Size([10000, 128]), OOD torch.Size([10000, 128])
2025-09-03 15:05:31,922 - INFO - Post-sample GPU mem: 859.51 MB, max 3666.42 MB
2025-09-03 15:05:31,924 - INFO - Post-modules GPU mem: 879.97 MB, max 3666.42 MB
2025-09-03 15:05:31,978 - INFO - Post-border_compute GPU mem: 879.97 MB, max 3666.42 MB
2025-09-03 15:05:32,040 - INFO - Post-inference_compute GPU mem: 879.97 MB, max 3666.42 MB
2025-09-03 15:05:32,048 - INFO - Border Energy (reference, β=1.0, norm=l2):
2025-09-03 15:05:32,049 - INFO -   ID: 0.1345±0.0474, OOD: 0.1317±0.0400
2025-09-03 15:05:32,049 - INFO -   Separation: -0.0028, KS-stat: 0.3981 (p=0.0000)
2025-09-03 15:05:32,050 - INFO -   AUROC: 0.5521, AUPR: 0.4313, FPR95: 0.9892
2025-09-03 15:05:32,050 - INFO - Inference Score (reference, β=1.0, norm=l2):
2025-09-03 15:05:32,051 - INFO -   ID: -0.7272±0.1517, OOD: 0.7180±0.1549
2025-09-03 15:05:32,051 - INFO -   Separation: 1.4452, KS-stat: 1.0000 (p=0.0000)
2025-09-03 15:05:32,052 - INFO -   AUROC: 0.0000, AUPR: 0.9999, FPR95: 0.0000
2025-09-03 15:05:32,282 - INFO - OOD Loss (reference, β=1.0, norm=l2):
2025-09-03 15:05:32,282 - INFO -   Weight 1.0: 0.3195
2025-09-03 15:05:32,282 - INFO -   Weight 2.0: 0.1914
2025-09-03 15:05:32,282 - INFO -   Weight 3.0: 0.0634
2025-09-03 15:05:32,283 - INFO -   Weight 5.0: -0.1927
2025-09-03 15:05:32,284 - INFO -   Weight 10.0: -0.8329
2025-09-03 15:05:32,380 - INFO - Testing beta=2.0 for impl=reference, norm=l2...
2025-09-03 15:05:32,380 - INFO - Pre-sample GPU mem: 849.75 MB, max 3666.42 MB
2025-09-03 15:05:32,382 - INFO - Subsets shapes: ID torch.Size([10000, 128]), OOD torch.Size([10000, 128])
2025-09-03 15:05:32,382 - INFO - Post-sample GPU mem: 859.51 MB, max 3666.42 MB
2025-09-03 15:05:32,385 - INFO - Post-modules GPU mem: 879.97 MB, max 3666.42 MB
2025-09-03 15:05:32,438 - INFO - Post-border_compute GPU mem: 879.97 MB, max 3666.42 MB
2025-09-03 15:05:32,500 - INFO - Post-inference_compute GPU mem: 879.97 MB, max 3666.42 MB
2025-09-03 15:05:32,509 - INFO - Border Energy (reference, β=2.0, norm=l2):
2025-09-03 15:05:32,509 - INFO -   ID: 0.8270±0.2568, OOD: 0.8128±0.2341
2025-09-03 15:05:32,509 - INFO -   Separation: -0.0142, KS-stat: 0.3996 (p=0.0000)
2025-09-03 15:05:32,510 - INFO -   AUROC: 0.5596, AUPR: 0.4278, FPR95: 0.9890
2025-09-03 15:05:32,512 - INFO - Inference Score (reference, β=2.0, norm=l2):
2025-09-03 15:05:32,512 - INFO -   ID: -1.4553±0.3059, OOD: 1.4349±0.3096
2025-09-03 15:05:32,513 - INFO -   Separation: 2.8902, KS-stat: 1.0000 (p=0.0000)
2025-09-03 15:05:32,514 - INFO -   AUROC: 0.0000, AUPR: 0.9999, FPR95: 0.0000
2025-09-03 15:05:32,745 - INFO - OOD Loss (reference, β=2.0, norm=l2):
2025-09-03 15:05:32,745 - INFO -   Weight 1.0: 0.3376
2025-09-03 15:05:32,745 - INFO -   Weight 2.0: -0.4675
2025-09-03 15:05:32,745 - INFO -   Weight 3.0: -1.2726
2025-09-03 15:05:32,747 - INFO -   Weight 5.0: -2.8827
2025-09-03 15:05:32,747 - INFO -   Weight 10.0: -6.9080
2025-09-03 15:05:32,848 - INFO - Testing beta=4.0 for impl=reference, norm=l2...
2025-09-03 15:05:32,849 - INFO - Pre-sample GPU mem: 847.92 MB, max 3666.42 MB
2025-09-03 15:05:32,851 - INFO - Subsets shapes: ID torch.Size([10000, 128]), OOD torch.Size([10000, 128])
2025-09-03 15:05:32,851 - INFO - Post-sample GPU mem: 859.51 MB, max 3666.42 MB
2025-09-03 15:05:32,853 - INFO - Post-modules GPU mem: 879.97 MB, max 3666.42 MB
2025-09-03 15:05:32,907 - INFO - Post-border_compute GPU mem: 879.97 MB, max 3666.42 MB
2025-09-03 15:05:32,968 - INFO - Post-inference_compute GPU mem: 879.97 MB, max 3666.42 MB
2025-09-03 15:05:32,977 - INFO - Border Energy (reference, β=4.0, norm=l2):
2025-09-03 15:05:32,977 - INFO -   ID: 2.5740±0.6108, OOD: 2.4941±0.6059
2025-09-03 15:05:32,977 - INFO -   Separation: -0.0799, KS-stat: 0.4319 (p=0.0000)
2025-09-03 15:05:32,978 - INFO -   AUROC: 0.5853, AUPR: 0.4172, FPR95: 0.9900
2025-09-03 15:05:32,979 - INFO - Inference Score (reference, β=4.0, norm=l2):
2025-09-03 15:05:32,980 - INFO -   ID: -2.9204±0.6113, OOD: 2.8395±0.6100
2025-09-03 15:05:32,980 - INFO -   Separation: 5.7599, KS-stat: 1.0000 (p=0.0000)
2025-09-03 15:05:32,980 - INFO -   AUROC: 0.0000, AUPR: 0.9999, FPR95: 0.0000
2025-09-03 15:05:33,206 - INFO - OOD Loss (reference, β=4.0, norm=l2):
2025-09-03 15:05:33,206 - INFO -   Weight 1.0: 0.4724
2025-09-03 15:05:33,206 - INFO -   Weight 2.0: -2.0457
2025-09-03 15:05:33,206 - INFO -   Weight 3.0: -4.5638
2025-09-03 15:05:33,207 - INFO -   Weight 5.0: -9.6000
2025-09-03 15:05:33,208 - INFO -   Weight 10.0: -22.1905
2025-09-03 15:05:33,313 - INFO - Testing beta=8.0 for impl=reference, norm=l2...
2025-09-03 15:05:33,314 - INFO - Pre-sample GPU mem: 849.75 MB, max 3666.42 MB
2025-09-03 15:05:33,316 - INFO - Subsets shapes: ID torch.Size([10000, 128]), OOD torch.Size([10000, 128])
2025-09-03 15:05:33,316 - INFO - Post-sample GPU mem: 859.51 MB, max 3666.42 MB
2025-09-03 15:05:33,318 - INFO - Post-modules GPU mem: 879.97 MB, max 3666.42 MB
2025-09-03 15:05:33,371 - INFO - Post-border_compute GPU mem: 879.97 MB, max 3666.42 MB
2025-09-03 15:05:33,433 - INFO - Post-inference_compute GPU mem: 879.97 MB, max 3666.42 MB
2025-09-03 15:05:33,442 - INFO - Border Energy (reference, β=8.0, norm=l2):
2025-09-03 15:05:33,442 - INFO -   ID: 5.7006±1.2196, OOD: 5.2665±1.1427
2025-09-03 15:05:33,442 - INFO -   Separation: -0.4340, KS-stat: 0.5307 (p=0.0000)
2025-09-03 15:05:33,443 - INFO -   AUROC: 0.6674, AUPR: 0.3869, FPR95: 0.9911
2025-09-03 15:05:33,444 - INFO - Inference Score (reference, β=8.0, norm=l2):
2025-09-03 15:05:33,444 - INFO -   ID: -5.8739±1.2196, OOD: 5.4398±1.1427
2025-09-03 15:05:33,445 - INFO -   Separation: 11.3137, KS-stat: 1.0000 (p=0.0000)
2025-09-03 15:05:33,445 - INFO -   AUROC: 0.0000, AUPR: 0.9999, FPR95: 0.0000
2025-09-03 15:05:33,681 - INFO - OOD Loss (reference, β=8.0, norm=l2):
2025-09-03 15:05:33,681 - INFO -   Weight 1.0: 1.3254
2025-09-03 15:05:33,681 - INFO -   Weight 2.0: -3.9328
2025-09-03 15:05:33,681 - INFO -   Weight 3.0: -9.1911
2025-09-03 15:05:33,682 - INFO -   Weight 5.0: -19.7076
2025-09-03 15:05:33,683 - INFO -   Weight 10.0: -45.9988
2025-09-03 15:05:33,797 - INFO - Testing beta=16.0 for impl=reference, norm=l2...
2025-09-03 15:05:33,797 - INFO - Pre-sample GPU mem: 847.92 MB, max 3666.42 MB
2025-09-03 15:05:33,800 - INFO - Subsets shapes: ID torch.Size([10000, 128]), OOD torch.Size([10000, 128])
2025-09-03 15:05:33,802 - INFO - Post-sample GPU mem: 859.51 MB, max 3666.42 MB
2025-09-03 15:05:33,804 - INFO - Post-modules GPU mem: 879.97 MB, max 3666.42 MB
2025-09-03 15:05:33,859 - INFO - Post-border_compute GPU mem: 879.97 MB, max 3666.42 MB
2025-09-03 15:05:33,921 - INFO - Post-inference_compute GPU mem: 879.97 MB, max 3666.42 MB
2025-09-03 15:05:33,929 - INFO - Border Energy (reference, β=16.0, norm=l2):
2025-09-03 15:05:33,929 - INFO -   ID: 11.7207±2.4166, OOD: 9.9478±1.5310
2025-09-03 15:05:33,929 - INFO -   Separation: -1.7729, KS-stat: 0.6811 (p=0.0000)
2025-09-03 15:05:33,931 - INFO -   AUROC: 0.7751, AUPR: 0.3553, FPR95: 0.9714
2025-09-03 15:05:33,932 - INFO - Inference Score (reference, β=16.0, norm=l2):
2025-09-03 15:05:33,934 - INFO -   ID: -11.8074±2.4166, OOD: 10.0345±1.5310
2025-09-03 15:05:33,934 - INFO -   Separation: 21.8418, KS-stat: 1.0000 (p=0.0000)
2025-09-03 15:05:33,935 - INFO -   AUROC: 0.0000, AUPR: 0.9999, FPR95: 0.0000
2025-09-03 15:05:34,165 - INFO - OOD Loss (reference, β=16.0, norm=l2):
2025-09-03 15:05:34,165 - INFO -   Weight 1.0: 4.3931
2025-09-03 15:05:34,165 - INFO -   Weight 2.0: -5.6742
2025-09-03 15:05:34,165 - INFO -   Weight 3.0: -15.7416
2025-09-03 15:05:34,168 - INFO -   Weight 5.0: -35.8763
2025-09-03 15:05:34,170 - INFO -   Weight 10.0: -86.2131
2025-09-03 15:05:34,290 - INFO - Testing beta=32.0 for impl=reference, norm=l2...
2025-09-03 15:05:34,291 - INFO - Pre-sample GPU mem: 849.75 MB, max 3666.42 MB
2025-09-03 15:05:34,293 - INFO - Subsets shapes: ID torch.Size([10000, 128]), OOD torch.Size([10000, 128])
2025-09-03 15:05:34,295 - INFO - Post-sample GPU mem: 859.51 MB, max 3666.42 MB
2025-09-03 15:05:34,296 - INFO - Post-modules GPU mem: 879.97 MB, max 3666.42 MB
2025-09-03 15:05:34,351 - INFO - Post-border_compute GPU mem: 879.97 MB, max 3666.42 MB
2025-09-03 15:05:34,413 - INFO - Post-inference_compute GPU mem: 879.97 MB, max 3666.42 MB
2025-09-03 15:05:34,422 - INFO - Border Energy (reference, β=32.0, norm=l2):
2025-09-03 15:05:34,422 - INFO -   ID: 23.2735±4.2475, OOD: 18.8422±1.3340
2025-09-03 15:05:34,422 - INFO -   Separation: -4.4314, KS-stat: 0.7346 (p=0.0000)
2025-09-03 15:05:34,425 - INFO -   AUROC: 0.8282, AUPR: 0.3416, FPR95: 0.8840
2025-09-03 15:05:34,427 - INFO - Inference Score (reference, β=32.0, norm=l2):
2025-09-03 15:05:34,429 - INFO -   ID: -23.3168±4.2475, OOD: 18.8855±1.3340
2025-09-03 15:05:34,431 - INFO -   Separation: 42.2023, KS-stat: 1.0000 (p=0.0000)
2025-09-03 15:05:34,432 - INFO -   AUROC: 0.0000, AUPR: 0.9999, FPR95: 0.0000
2025-09-03 15:05:34,663 - INFO - OOD Loss (reference, β=32.0, norm=l2):
2025-09-03 15:05:34,663 - INFO -   Weight 1.0: 11.0595
2025-09-03 15:05:34,663 - INFO -   Weight 2.0: -8.2759
2025-09-03 15:05:34,663 - INFO -   Weight 3.0: -27.6114
2025-09-03 15:05:34,665 - INFO -   Weight 5.0: -66.2823
2025-09-03 15:05:34,666 - INFO -   Weight 10.0: -162.9595
2025-09-03 15:05:34,789 - INFO - Testing beta=64.0 for impl=reference, norm=l2...
2025-09-03 15:05:34,790 - INFO - Pre-sample GPU mem: 847.92 MB, max 3666.42 MB
2025-09-03 15:05:34,792 - INFO - Subsets shapes: ID torch.Size([10000, 128]), OOD torch.Size([10000, 128])
2025-09-03 15:05:34,793 - INFO - Post-sample GPU mem: 859.51 MB, max 3666.42 MB
2025-09-03 15:05:34,795 - INFO - Post-modules GPU mem: 879.97 MB, max 3666.42 MB
2025-09-03 15:05:34,849 - INFO - Post-border_compute GPU mem: 879.97 MB, max 3666.42 MB
2025-09-03 15:05:34,911 - INFO - Post-inference_compute GPU mem: 879.97 MB, max 3666.42 MB
2025-09-03 15:05:34,920 - INFO - Border Energy (reference, β=64.0, norm=l2):
2025-09-03 15:05:34,920 - INFO -   ID: 45.4057±6.2174, OOD: 35.6650±4.4901
2025-09-03 15:05:34,920 - INFO -   Separation: -9.7408, KS-stat: 0.7366 (p=0.0000)
2025-09-03 15:05:34,921 - INFO -   AUROC: 0.8700, AUPR: 0.3318, FPR95: 0.9569
2025-09-03 15:05:34,922 - INFO - Inference Score (reference, β=64.0, norm=l2):
2025-09-03 15:05:34,922 - INFO -   ID: -45.4274±6.2174, OOD: 35.6866±4.4901
2025-09-03 15:05:34,923 - INFO -   Separation: 81.1140, KS-stat: 1.0000 (p=0.0000)
2025-09-03 15:05:34,924 - INFO -   AUROC: 0.0000, AUPR: 0.9999, FPR95: 0.0000
2025-09-03 15:05:35,153 - INFO - OOD Loss (reference, β=64.0, norm=l2):
2025-09-03 15:05:35,153 - INFO -   Weight 1.0: 26.9019
2025-09-03 15:05:35,153 - INFO -   Weight 2.0: -8.9608
2025-09-03 15:05:35,153 - INFO -   Weight 3.0: -44.8235
2025-09-03 15:05:35,154 - INFO -   Weight 5.0: -116.5489
2025-09-03 15:05:35,154 - INFO -   Weight 10.0: -295.8624
2025-09-03 15:05:35,283 - INFO - Testing beta=128.0 for impl=reference, norm=l2...
2025-09-03 15:05:35,284 - INFO - Pre-sample GPU mem: 849.75 MB, max 3666.42 MB
2025-09-03 15:05:35,285 - INFO - Subsets shapes: ID torch.Size([10000, 128]), OOD torch.Size([10000, 128])
2025-09-03 15:05:35,286 - INFO - Post-sample GPU mem: 859.51 MB, max 3666.42 MB
2025-09-03 15:05:35,287 - INFO - Post-modules GPU mem: 879.97 MB, max 3666.42 MB
2025-09-03 15:05:35,342 - INFO - Post-border_compute GPU mem: 879.97 MB, max 3666.42 MB
2025-09-03 15:05:35,404 - INFO - Post-inference_compute GPU mem: 879.97 MB, max 3666.42 MB
2025-09-03 15:05:35,412 - INFO - Border Energy (reference, β=128.0, norm=l2):
2025-09-03 15:05:35,412 - INFO -   ID: 91.2947±10.5244, OOD: 69.2880±10.8599
2025-09-03 15:05:35,412 - INFO -   Separation: -22.0067, KS-stat: 0.7811 (p=0.0000)
2025-09-03 15:05:35,413 - INFO -   AUROC: 0.8927, AUPR: 0.3381, FPR95: 0.9866
2025-09-03 15:05:35,414 - INFO - Inference Score (reference, β=128.0, norm=l2):
2025-09-03 15:05:35,415 - INFO -   ID: -91.3055±10.5244, OOD: 69.2989±10.8599
2025-09-03 15:05:35,416 - INFO -   Separation: 160.6044, KS-stat: 1.0000 (p=0.0000)
2025-09-03 15:05:35,417 - INFO -   AUROC: 0.0000, AUPR: 0.9999, FPR95: 0.0000
2025-09-03 15:05:35,644 - INFO - OOD Loss (reference, β=128.0, norm=l2):
2025-09-03 15:05:35,644 - INFO -   Weight 1.0: 65.4325
2025-09-03 15:05:35,644 - INFO -   Weight 2.0: -5.1381
2025-09-03 15:05:35,644 - INFO -   Weight 3.0: -75.7088
2025-09-03 15:05:35,645 - INFO -   Weight 5.0: -216.8502
2025-09-03 15:05:35,645 - INFO -   Weight 10.0: -569.7036
2025-09-03 15:05:42,384 - INFO - Enhanced analysis completed. Check energy_analysis_20250903_145548 for results.
2025-09-03 15:05:42,384 - INFO - Metrics like high AUROC/low FPR95 indicate good OOD pixel separation for segmentation.
2025-09-03 15:05:42,385 - INFO - KS-stat >0.5 with low p-value suggests strong distribution separation.
2025-09-03 15:05:42,385 - INFO - Compare 'optimized' vs 'reference' to see which performs better.
2025-09-03 15:05:42,603 - INFO - Final GPU mem: 838.00 MB, max 3666.42 MB
2025-09-04 08:23:05,198 - INFO - Starting enhanced energy analysis on cuda:0
2025-09-04 08:23:05,198 - INFO - Output: energy_analysis_20250904_082305
2025-09-04 08:23:05,361 - INFO - Initial GPU mem: 0.00 MB, max 0.00 MB
2025-09-04 08:23:06,478 - INFO - ASPP feature shape: torch.Size([1, 1280, 64, 64])
2025-09-04 08:23:06,482 - INFO - Projected feature shape: torch.Size([1, 256, 64, 64])
2025-09-04 08:23:06,482 - INFO - Creating memory builder...
2025-09-04 08:36:38,873 - INFO - Building memory with 200 batches...
2025-09-04 08:36:38,879 - INFO - Starting redesigned hybrid memory building over full dataset...
2025-09-04 08:38:15,645 - INFO - Label statistics - Found 254 in 123 batches, 255 in 200 batches
2025-09-04 08:38:15,646 - INFO - Skipped 1079123 pixels with label 255 (ignore class)
2025-09-04 08:39:11,845 - INFO - Final memory ratio (AUX:ID): 1.00
2025-09-04 08:39:12,105 - INFO - Memory separation - Ratio: 1.480, Cross-similarity: 0.018, Overlap: 0.000
2025-09-04 08:39:12,105 - INFO - ID spread: 0.490, OOD spread: 0.361, Distance: 1.259
2025-09-04 08:39:12,866 - INFO - Results saved automatically.
2025-09-04 08:39:13,480 - INFO - Memories saved
2025-09-04 08:39:13,492 - INFO - Post-memory_build GPU mem: 764.54 MB, max 3587.81 MB
2025-09-04 08:39:13,493 - INFO - Testing with enhanced setup...
2025-09-04 08:39:13,493 - INFO - Testing energy with real memories: ID=torch.Size([20000, 256]), OOD=torch.Size([20000, 256])
2025-09-04 08:39:13,496 - INFO - Norm types: ['l2'], Impl types: ['optimized', 'reference']
2025-09-04 08:39:13,498 - INFO - Processing impl_type: optimized
2025-09-04 08:39:13,500 - INFO - Processing norm_type: l2 for optimized
2025-09-04 08:39:14,047 - INFO - Testing beta=0.5 for impl=optimized, norm=l2...
2025-09-04 08:39:14,048 - INFO - Pre-sample GPU mem: 764.54 MB, max 3587.81 MB
2025-09-04 08:39:14,050 - INFO - Subsets shapes: ID torch.Size([10000, 256]), OOD torch.Size([10000, 256])
2025-09-04 08:39:14,050 - INFO - Post-sample GPU mem: 784.07 MB, max 3587.81 MB
2025-09-04 08:39:14,070 - INFO - Post-modules GPU mem: 823.13 MB, max 3587.81 MB
2025-09-04 08:39:14,458 - INFO - Post-border_compute GPU mem: 823.21 MB, max 3587.81 MB
2025-09-04 08:39:14,585 - INFO - Post-inference_compute GPU mem: 823.29 MB, max 3587.81 MB
2025-09-04 08:39:14,595 - INFO - Border Energy (optimized, β=0.5, norm=l2):
2025-09-04 08:39:14,595 - INFO -   ID: 0.9662±0.0088, OOD: 0.9567±0.0025
2025-09-04 08:39:14,595 - INFO -   Separation: -0.0095, KS-stat: 0.6484 (p=0.0000)
2025-09-04 08:39:14,596 - INFO -   AUROC: 0.8453, AUPR: 0.3350, FPR95: 0.9173
2025-09-04 08:39:14,596 - INFO - Inference Score (optimized, β=0.5, norm=l2):
2025-09-04 08:39:14,597 - INFO -   ID: 0.7376±0.1017, OOD: -0.8447±0.0256
2025-09-04 08:39:14,598 - INFO -   Separation: 1.5824, KS-stat: 1.0000 (p=0.0000)
2025-09-04 08:39:14,599 - INFO -   AUROC: 0.0000, AUPR: 0.9999, FPR95: 0.0000
2025-09-04 08:39:14,993 - INFO - OOD Loss (optimized, β=0.5, norm=l2):
2025-09-04 08:39:14,993 - INFO -   Weight 1.0: 0.3233
2025-09-04 08:39:14,993 - INFO -   Weight 2.0: -0.6335
2025-09-04 08:39:14,994 - INFO -   Weight 3.0: -1.5903
2025-09-04 08:39:14,995 - INFO -   Weight 5.0: -3.5040
2025-09-04 08:39:14,996 - INFO -   Weight 10.0: -8.2882
2025-09-04 08:39:16,634 - INFO - Testing beta=1.0 for impl=optimized, norm=l2...
2025-09-04 08:39:16,637 - INFO - Pre-sample GPU mem: 784.22 MB, max 3587.81 MB
2025-09-04 08:39:16,640 - INFO - Subsets shapes: ID torch.Size([10000, 256]), OOD torch.Size([10000, 256])
2025-09-04 08:39:16,640 - INFO - Post-sample GPU mem: 803.76 MB, max 3587.81 MB
2025-09-04 08:39:16,642 - INFO - Post-modules GPU mem: 842.82 MB, max 3587.81 MB
2025-09-04 08:39:16,731 - INFO - Post-border_compute GPU mem: 842.82 MB, max 3587.81 MB
2025-09-04 08:39:16,830 - INFO - Post-inference_compute GPU mem: 842.82 MB, max 3587.81 MB
2025-09-04 08:39:16,839 - INFO - Border Energy (optimized, β=1.0, norm=l2):
2025-09-04 08:39:16,839 - INFO -   ID: 0.8741±0.0306, OOD: 0.8417±0.0085
2025-09-04 08:39:16,839 - INFO -   Separation: -0.0324, KS-stat: 0.6448 (p=0.0000)
2025-09-04 08:39:16,840 - INFO -   AUROC: 0.8418, AUPR: 0.3358, FPR95: 0.9131
2025-09-04 08:39:16,841 - INFO - Inference Score (optimized, β=1.0, norm=l2):
2025-09-04 08:39:16,842 - INFO -   ID: 0.7372±0.1009, OOD: -0.8419±0.0257
2025-09-04 08:39:16,843 - INFO -   Separation: 1.5792, KS-stat: 1.0000 (p=0.0000)
2025-09-04 08:39:16,843 - INFO -   AUROC: 0.0000, AUPR: 0.9999, FPR95: 0.0000
2025-09-04 08:39:17,101 - INFO - OOD Loss (optimized, β=1.0, norm=l2):
2025-09-04 08:39:17,101 - INFO -   Weight 1.0: 0.3816
2025-09-04 08:39:17,101 - INFO -   Weight 2.0: -0.4612
2025-09-04 08:39:17,101 - INFO -   Weight 3.0: -1.3040
2025-09-04 08:39:17,103 - INFO -   Weight 5.0: -2.9896
2025-09-04 08:39:17,103 - INFO -   Weight 10.0: -7.2036
2025-09-04 08:39:17,197 - INFO - Testing beta=2.0 for impl=optimized, norm=l2...
2025-09-04 08:39:17,198 - INFO - Pre-sample GPU mem: 784.22 MB, max 3587.81 MB
2025-09-04 08:39:17,200 - INFO - Subsets shapes: ID torch.Size([10000, 256]), OOD torch.Size([10000, 256])
2025-09-04 08:39:17,200 - INFO - Post-sample GPU mem: 803.76 MB, max 3587.81 MB
2025-09-04 08:39:17,202 - INFO - Post-modules GPU mem: 842.82 MB, max 3587.81 MB
2025-09-04 08:39:17,291 - INFO - Post-border_compute GPU mem: 842.82 MB, max 3587.81 MB
2025-09-04 08:39:17,388 - INFO - Post-inference_compute GPU mem: 842.82 MB, max 3587.81 MB
2025-09-04 08:39:17,397 - INFO - Border Energy (optimized, β=2.0, norm=l2):
2025-09-04 08:39:17,398 - INFO -   ID: 0.6052±0.0759, OOD: 0.5312±0.0186
2025-09-04 08:39:17,398 - INFO -   Separation: -0.0740, KS-stat: 0.6242 (p=0.0000)
2025-09-04 08:39:17,399 - INFO -   AUROC: 0.8225, AUPR: 0.3404, FPR95: 0.8987
2025-09-04 08:39:17,400 - INFO - Inference Score (optimized, β=2.0, norm=l2):
2025-09-04 08:39:17,401 - INFO -   ID: 0.7399±0.1010, OOD: -0.8381±0.0253
2025-09-04 08:39:17,401 - INFO -   Separation: 1.5781, KS-stat: 1.0000 (p=0.0000)
2025-09-04 08:39:17,402 - INFO -   AUROC: 0.0000, AUPR: 0.9999, FPR95: 0.0000
2025-09-04 08:39:17,658 - INFO - OOD Loss (optimized, β=2.0, norm=l2):
2025-09-04 08:39:17,658 - INFO -   Weight 1.0: 0.4822
2025-09-04 08:39:17,659 - INFO -   Weight 2.0: -0.0478
2025-09-04 08:39:17,660 - INFO -   Weight 3.0: -0.5778
2025-09-04 08:39:17,661 - INFO -   Weight 5.0: -1.6378
2025-09-04 08:39:17,662 - INFO -   Weight 10.0: -4.2876
2025-09-04 08:39:17,758 - INFO - Testing beta=4.0 for impl=optimized, norm=l2...
2025-09-04 08:39:17,759 - INFO - Pre-sample GPU mem: 784.22 MB, max 3587.81 MB
2025-09-04 08:39:17,761 - INFO - Subsets shapes: ID torch.Size([10000, 256]), OOD torch.Size([10000, 256])
2025-09-04 08:39:17,762 - INFO - Post-sample GPU mem: 803.76 MB, max 3587.81 MB
2025-09-04 08:39:17,763 - INFO - Post-modules GPU mem: 842.82 MB, max 3587.81 MB
2025-09-04 08:39:17,852 - INFO - Post-border_compute GPU mem: 842.82 MB, max 3587.81 MB
2025-09-04 08:39:17,954 - INFO - Post-inference_compute GPU mem: 842.82 MB, max 3587.81 MB
2025-09-04 08:39:17,964 - INFO - Border Energy (optimized, β=4.0, norm=l2):
2025-09-04 08:39:17,964 - INFO -   ID: 0.1969±0.0736, OOD: 0.1361±0.0131
2025-09-04 08:39:17,964 - INFO -   Separation: -0.0608, KS-stat: 0.5804 (p=0.0000)
2025-09-04 08:39:17,965 - INFO -   AUROC: 0.7896, AUPR: 0.3484, FPR95: 0.8716
2025-09-04 08:39:17,966 - INFO - Inference Score (optimized, β=4.0, norm=l2):
2025-09-04 08:39:17,966 - INFO -   ID: 0.7421±0.1005, OOD: -0.8283±0.0245
2025-09-04 08:39:17,967 - INFO -   Separation: 1.5704, KS-stat: 1.0000 (p=0.0000)
2025-09-04 08:39:17,968 - INFO -   AUROC: 0.0000, AUPR: 0.9999, FPR95: 0.0000
2025-09-04 08:39:18,223 - INFO - OOD Loss (optimized, β=4.0, norm=l2):
2025-09-04 08:39:18,223 - INFO -   Weight 1.0: 0.4520
2025-09-04 08:39:18,223 - INFO -   Weight 2.0: 0.3162
2025-09-04 08:39:18,223 - INFO -   Weight 3.0: 0.1803
2025-09-04 08:39:18,224 - INFO -   Weight 5.0: -0.0913
2025-09-04 08:39:18,225 - INFO -   Weight 10.0: -0.7704
2025-09-04 08:39:18,326 - INFO - Testing beta=8.0 for impl=optimized, norm=l2...
2025-09-04 08:39:18,327 - INFO - Pre-sample GPU mem: 784.22 MB, max 3587.81 MB
2025-09-04 08:39:18,329 - INFO - Subsets shapes: ID torch.Size([10000, 256]), OOD torch.Size([10000, 256])
2025-09-04 08:39:18,330 - INFO - Post-sample GPU mem: 803.76 MB, max 3587.81 MB
2025-09-04 08:39:18,332 - INFO - Post-modules GPU mem: 842.82 MB, max 3587.81 MB
2025-09-04 08:39:18,420 - INFO - Post-border_compute GPU mem: 842.82 MB, max 3587.81 MB
2025-09-04 08:39:18,523 - INFO - Post-inference_compute GPU mem: 842.82 MB, max 3587.81 MB
2025-09-04 08:39:18,532 - INFO - Border Energy (optimized, β=8.0, norm=l2):
2025-09-04 08:39:18,533 - INFO -   ID: 0.0145±0.0142, OOD: 0.0063±0.0014
2025-09-04 08:39:18,533 - INFO -   Separation: -0.0081, KS-stat: 0.5075 (p=0.0000)
2025-09-04 08:39:18,533 - INFO -   AUROC: 0.7200, AUPR: 0.3671, FPR95: 0.8105
2025-09-04 08:39:18,534 - INFO - Inference Score (optimized, β=8.0, norm=l2):
2025-09-04 08:39:18,534 - INFO -   ID: 0.7441±0.1012, OOD: -0.8083±0.0237
2025-09-04 08:39:18,535 - INFO -   Separation: 1.5524, KS-stat: 1.0000 (p=0.0000)
2025-09-04 08:39:18,535 - INFO -   AUROC: 0.0000, AUPR: 0.9999, FPR95: 0.0000
2025-09-04 08:39:18,789 - INFO - OOD Loss (optimized, β=8.0, norm=l2):
2025-09-04 08:39:18,789 - INFO -   Weight 1.0: 0.3199
2025-09-04 08:39:18,789 - INFO -   Weight 2.0: 0.3136
2025-09-04 08:39:18,789 - INFO -   Weight 3.0: 0.3074
2025-09-04 08:39:18,791 - INFO -   Weight 5.0: 0.2950
2025-09-04 08:39:18,791 - INFO -   Weight 10.0: 0.2639
2025-09-04 08:39:18,903 - INFO - Testing beta=16.0 for impl=optimized, norm=l2...
2025-09-04 08:39:18,904 - INFO - Pre-sample GPU mem: 784.22 MB, max 3587.81 MB
2025-09-04 08:39:18,906 - INFO - Subsets shapes: ID torch.Size([10000, 256]), OOD torch.Size([10000, 256])
2025-09-04 08:39:18,906 - INFO - Post-sample GPU mem: 803.76 MB, max 3587.81 MB
2025-09-04 08:39:18,908 - INFO - Post-modules GPU mem: 842.82 MB, max 3587.81 MB
2025-09-04 08:39:18,996 - INFO - Post-border_compute GPU mem: 842.82 MB, max 3587.81 MB
2025-09-04 08:39:19,099 - INFO - Post-inference_compute GPU mem: 842.82 MB, max 3587.81 MB
2025-09-04 08:39:19,108 - INFO - Border Energy (optimized, β=16.0, norm=l2):
2025-09-04 08:39:19,108 - INFO -   ID: 0.0001±0.0003, OOD: 0.0000±0.0000
2025-09-04 08:39:19,108 - INFO -   Separation: -0.0001, KS-stat: 0.3416 (p=0.0000)
2025-09-04 08:39:19,109 - INFO -   AUROC: 0.5593, AUPR: 0.4211, FPR95: 0.6585
2025-09-04 08:39:19,109 - INFO - Inference Score (optimized, β=16.0, norm=l2):
2025-09-04 08:39:19,110 - INFO -   ID: 0.7502±0.1008, OOD: -0.7702±0.0224
2025-09-04 08:39:19,111 - INFO -   Separation: 1.5205, KS-stat: 1.0000 (p=0.0000)
2025-09-04 08:39:19,112 - INFO -   AUROC: 0.0000, AUPR: 0.9999, FPR95: 0.0000
2025-09-04 08:39:19,368 - INFO - OOD Loss (optimized, β=16.0, norm=l2):
2025-09-04 08:39:19,368 - INFO -   Weight 1.0: 0.3002
2025-09-04 08:39:19,368 - INFO -   Weight 2.0: 0.3002
2025-09-04 08:39:19,369 - INFO -   Weight 3.0: 0.3001
2025-09-04 08:39:19,370 - INFO -   Weight 5.0: 0.3001
2025-09-04 08:39:19,371 - INFO -   Weight 10.0: 0.3000
2025-09-04 08:39:19,486 - INFO - Testing beta=32.0 for impl=optimized, norm=l2...
2025-09-04 08:39:19,487 - INFO - Pre-sample GPU mem: 784.22 MB, max 3587.81 MB
2025-09-04 08:39:19,489 - INFO - Subsets shapes: ID torch.Size([10000, 256]), OOD torch.Size([10000, 256])
2025-09-04 08:39:19,490 - INFO - Post-sample GPU mem: 803.76 MB, max 3587.81 MB
2025-09-04 08:39:19,492 - INFO - Post-modules GPU mem: 842.82 MB, max 3587.81 MB
2025-09-04 08:39:19,580 - INFO - Post-border_compute GPU mem: 842.82 MB, max 3587.81 MB
2025-09-04 08:39:19,685 - INFO - Post-inference_compute GPU mem: 842.82 MB, max 3587.81 MB
2025-09-04 08:39:19,695 - INFO - Border Energy (optimized, β=32.0, norm=l2):
2025-09-04 08:39:19,695 - INFO -   ID: 0.0000±0.0000, OOD: 0.0000±0.0000
2025-09-04 08:39:19,695 - INFO -   Separation: -0.0000, KS-stat: 0.0013 (p=1.0000)
2025-09-04 08:39:19,696 - INFO -   AUROC: 0.9998, AUPR: 0.9905, FPR95: 0.0014
2025-09-04 08:39:19,697 - INFO - Inference Score (optimized, β=32.0, norm=l2):
2025-09-04 08:39:19,698 - INFO -   ID: 0.7596±0.0988, OOD: -0.7139±0.0202
2025-09-04 08:39:19,699 - INFO -   Separation: 1.4735, KS-stat: 1.0000 (p=0.0000)
2025-09-04 08:39:19,700 - INFO -   AUROC: 0.0000, AUPR: 0.9999, FPR95: 0.0000
2025-09-04 08:39:19,954 - INFO - OOD Loss (optimized, β=32.0, norm=l2):
2025-09-04 08:39:19,954 - INFO -   Weight 1.0: 0.3000
2025-09-04 08:39:19,954 - INFO -   Weight 2.0: 0.3000
2025-09-04 08:39:19,955 - INFO -   Weight 3.0: 0.3000
2025-09-04 08:39:19,955 - INFO -   Weight 5.0: 0.3000
2025-09-04 08:39:19,956 - INFO -   Weight 10.0: 0.3000
2025-09-04 08:39:20,070 - INFO - Testing beta=64.0 for impl=optimized, norm=l2...
2025-09-04 08:39:20,071 - INFO - Pre-sample GPU mem: 784.22 MB, max 3587.81 MB
2025-09-04 08:39:20,073 - INFO - Subsets shapes: ID torch.Size([10000, 256]), OOD torch.Size([10000, 256])
2025-09-04 08:39:20,073 - INFO - Post-sample GPU mem: 803.76 MB, max 3587.81 MB
2025-09-04 08:39:20,075 - INFO - Post-modules GPU mem: 842.82 MB, max 3587.81 MB
2025-09-04 08:39:20,164 - INFO - Post-border_compute GPU mem: 842.82 MB, max 3587.81 MB
2025-09-04 08:39:20,261 - INFO - Post-inference_compute GPU mem: 842.82 MB, max 3587.81 MB
2025-09-04 08:39:20,271 - INFO - Border Energy (optimized, β=64.0, norm=l2):
2025-09-04 08:39:20,271 - INFO -   ID: 0.0000±0.0000, OOD: 0.0000±0.0000
2025-09-04 08:39:20,271 - INFO -   Separation: 0.0000, KS-stat: 0.0000 (p=1.0000)
2025-09-04 08:39:20,272 - INFO -   AUROC: 0.9997, AUPR: 0.9990, FPR95: 0.0001
2025-09-04 08:39:20,273 - INFO - Inference Score (optimized, β=64.0, norm=l2):
2025-09-04 08:39:20,274 - INFO -   ID: 0.7936±0.0920, OOD: -0.6554±0.0197
2025-09-04 08:39:20,275 - INFO -   Separation: 1.4490, KS-stat: 1.0000 (p=0.0000)
2025-09-04 08:39:20,275 - INFO -   AUROC: 0.0000, AUPR: 0.9999, FPR95: 0.0000
2025-09-04 08:39:20,529 - INFO - OOD Loss (optimized, β=64.0, norm=l2):
2025-09-04 08:39:20,529 - INFO -   Weight 1.0: 0.3000
2025-09-04 08:39:20,529 - INFO -   Weight 2.0: 0.3000
2025-09-04 08:39:20,530 - INFO -   Weight 3.0: 0.3000
2025-09-04 08:39:20,531 - INFO -   Weight 5.0: 0.3000
2025-09-04 08:39:20,532 - INFO -   Weight 10.0: 0.3000
2025-09-04 08:39:20,651 - INFO - Testing beta=128.0 for impl=optimized, norm=l2...
2025-09-04 08:39:20,652 - INFO - Pre-sample GPU mem: 784.22 MB, max 3587.81 MB
2025-09-04 08:39:20,654 - INFO - Subsets shapes: ID torch.Size([10000, 256]), OOD torch.Size([10000, 256])
2025-09-04 08:39:20,655 - INFO - Post-sample GPU mem: 803.76 MB, max 3587.81 MB
2025-09-04 08:39:20,658 - INFO - Post-modules GPU mem: 842.82 MB, max 3587.81 MB
2025-09-04 08:39:20,747 - INFO - Post-border_compute GPU mem: 842.82 MB, max 3587.81 MB
2025-09-04 08:39:20,844 - INFO - Post-inference_compute GPU mem: 842.82 MB, max 3587.81 MB
2025-09-04 08:39:20,853 - INFO - Border Energy (optimized, β=128.0, norm=l2):
2025-09-04 08:39:20,853 - INFO -   ID: 0.0000±0.0000, OOD: 0.0000±0.0000
2025-09-04 08:39:20,853 - INFO -   Separation: 0.0000, KS-stat: 0.0000 (p=1.0000)
2025-09-04 08:39:20,854 - INFO -   AUROC: 0.9997, AUPR: 0.9990, FPR95: 0.0001
2025-09-04 08:39:20,855 - INFO - Inference Score (optimized, β=128.0, norm=l2):
2025-09-04 08:39:20,856 - INFO -   ID: 0.8287±0.0888, OOD: -0.6249±0.0207
2025-09-04 08:39:20,857 - INFO -   Separation: 1.4537, KS-stat: 1.0000 (p=0.0000)
2025-09-04 08:39:20,858 - INFO -   AUROC: 0.0000, AUPR: 0.9999, FPR95: 0.0000
2025-09-04 08:39:21,109 - INFO - OOD Loss (optimized, β=128.0, norm=l2):
2025-09-04 08:39:21,109 - INFO -   Weight 1.0: 0.3000
2025-09-04 08:39:21,109 - INFO -   Weight 2.0: 0.3000
2025-09-04 08:39:21,110 - INFO -   Weight 3.0: 0.3000
2025-09-04 08:39:21,111 - INFO -   Weight 5.0: 0.3000
2025-09-04 08:39:21,112 - INFO -   Weight 10.0: 0.3000
2025-09-04 08:39:27,647 - INFO - Processing impl_type: reference
2025-09-04 08:39:27,647 - INFO - Processing norm_type: l2 for reference
2025-09-04 08:39:27,819 - INFO - Testing beta=0.5 for impl=reference, norm=l2...
2025-09-04 08:39:27,820 - INFO - Pre-sample GPU mem: 784.22 MB, max 3587.81 MB
2025-09-04 08:39:27,821 - INFO - Subsets shapes: ID torch.Size([10000, 256]), OOD torch.Size([10000, 256])
2025-09-04 08:39:27,822 - INFO - Post-sample GPU mem: 803.76 MB, max 3587.81 MB
2025-09-04 08:39:27,823 - INFO - Post-modules GPU mem: 842.82 MB, max 3587.81 MB
2025-09-04 08:39:27,945 - INFO - Post-border_compute GPU mem: 842.82 MB, max 3587.81 MB
2025-09-04 08:39:28,040 - INFO - Post-inference_compute GPU mem: 842.82 MB, max 3587.81 MB
2025-09-04 08:39:28,049 - INFO - Border Energy (reference, β=0.5, norm=l2):
2025-09-04 08:39:28,049 - INFO -   ID: 0.0173±0.0046, OOD: 0.0223±0.0013
2025-09-04 08:39:28,050 - INFO -   Separation: 0.0050, KS-stat: 0.6493 (p=0.0000)
2025-09-04 08:39:28,051 - INFO -   AUROC: 0.1545, AUPR: 0.7139, FPR95: 0.3186
2025-09-04 08:39:28,051 - INFO - Inference Score (reference, β=0.5, norm=l2):
2025-09-04 08:39:28,052 - INFO -   ID: -0.3689±0.0504, OOD: 0.4222±0.0129
2025-09-04 08:39:28,053 - INFO -   Separation: 0.7911, KS-stat: 1.0000 (p=0.0000)
2025-09-04 08:39:28,054 - INFO -   AUROC: 0.0000, AUPR: 0.9999, FPR95: 0.0000
2025-09-04 08:39:28,310 - INFO - Energy stats (reference): β=0.5, min=0.0054, max=0.0329, mean=0.0198, id_mean=0.0174, ood_mean=0.0223
2025-09-04 08:39:28,311 - INFO - Separation: 0.0049, target=0.200, loss=0.2926
2025-09-04 08:39:28,312 - INFO - OOD Loss (reference, β=0.5, norm=l2):
2025-09-04 08:39:28,313 - INFO -   Weight 1.0: 0.2876
2025-09-04 08:39:28,314 - INFO -   Weight 2.0: 0.2653
2025-09-04 08:39:28,314 - INFO -   Weight 3.0: 0.2430
2025-09-04 08:39:28,315 - INFO -   Weight 5.0: 0.1984
2025-09-04 08:39:28,315 - INFO -   Weight 10.0: 0.0868
2025-09-04 08:39:28,529 - INFO - Testing beta=1.0 for impl=reference, norm=l2...
2025-09-04 08:39:28,529 - INFO - Pre-sample GPU mem: 784.22 MB, max 3587.81 MB
2025-09-04 08:39:28,532 - INFO - Subsets shapes: ID torch.Size([10000, 256]), OOD torch.Size([10000, 256])
2025-09-04 08:39:28,532 - INFO - Post-sample GPU mem: 803.76 MB, max 3587.81 MB
2025-09-04 08:39:28,534 - INFO - Post-modules GPU mem: 842.82 MB, max 3587.81 MB
2025-09-04 08:39:28,614 - INFO - Post-border_compute GPU mem: 842.82 MB, max 3587.81 MB
2025-09-04 08:39:28,702 - INFO - Post-inference_compute GPU mem: 842.82 MB, max 3587.81 MB
2025-09-04 08:39:28,712 - INFO - Border Energy (reference, β=1.0, norm=l2):
2025-09-04 08:39:28,712 - INFO -   ID: 0.1356±0.0355, OOD: 0.1730±0.0100
2025-09-04 08:39:28,712 - INFO -   Separation: 0.0373, KS-stat: 0.6407 (p=0.0000)
2025-09-04 08:39:28,713 - INFO -   AUROC: 0.1602, AUPR: 0.7070, FPR95: 0.3242
2025-09-04 08:39:28,713 - INFO - Inference Score (reference, β=1.0, norm=l2):
2025-09-04 08:39:28,714 - INFO -   ID: -0.7385±0.1019, OOD: 0.8435±0.0256
2025-09-04 08:39:28,715 - INFO -   Separation: 1.5819, KS-stat: 1.0000 (p=0.0000)
2025-09-04 08:39:28,715 - INFO -   AUROC: 0.0000, AUPR: 0.9999, FPR95: 0.0000
2025-09-04 08:39:28,965 - INFO - OOD Loss (reference, β=1.0, norm=l2):
2025-09-04 08:39:28,965 - INFO -   Weight 1.0: 0.2074
2025-09-04 08:39:28,965 - INFO -   Weight 2.0: 0.0345
2025-09-04 08:39:28,966 - INFO -   Weight 3.0: -0.1383
2025-09-04 08:39:28,966 - INFO -   Weight 5.0: -0.4841
2025-09-04 08:39:28,967 - INFO -   Weight 10.0: -1.3484
2025-09-04 08:39:29,056 - INFO - Testing beta=2.0 for impl=reference, norm=l2...
2025-09-04 08:39:29,056 - INFO - Pre-sample GPU mem: 784.22 MB, max 3587.81 MB
2025-09-04 08:39:29,058 - INFO - Subsets shapes: ID torch.Size([10000, 256]), OOD torch.Size([10000, 256])
2025-09-04 08:39:29,058 - INFO - Post-sample GPU mem: 803.76 MB, max 3587.81 MB
2025-09-04 08:39:29,060 - INFO - Post-modules GPU mem: 842.82 MB, max 3587.81 MB
2025-09-04 08:39:29,129 - INFO - Post-border_compute GPU mem: 842.82 MB, max 3587.81 MB
2025-09-04 08:39:29,207 - INFO - Post-inference_compute GPU mem: 842.82 MB, max 3587.81 MB
2025-09-04 08:39:29,216 - INFO - Border Energy (reference, β=2.0, norm=l2):
2025-09-04 08:39:29,216 - INFO -   ID: 0.8409±0.1810, OOD: 1.0180±0.0474
2025-09-04 08:39:29,216 - INFO -   Separation: 0.1770, KS-stat: 0.6182 (p=0.0000)
2025-09-04 08:39:29,217 - INFO -   AUROC: 0.1793, AUPR: 0.6827, FPR95: 0.3460
2025-09-04 08:39:29,218 - INFO - Inference Score (reference, β=2.0, norm=l2):
2025-09-04 08:39:29,219 - INFO -   ID: -1.4794±0.2034, OOD: 1.6766±0.0511
2025-09-04 08:39:29,220 - INFO -   Separation: 3.1560, KS-stat: 1.0000 (p=0.0000)
2025-09-04 08:39:29,220 - INFO -   AUROC: 0.0000, AUPR: 0.9999, FPR95: 0.0000
2025-09-04 08:39:29,469 - INFO - OOD Loss (reference, β=2.0, norm=l2):
2025-09-04 08:39:29,469 - INFO -   Weight 1.0: -0.1341
2025-09-04 08:39:29,470 - INFO -   Weight 2.0: -1.1451
2025-09-04 08:39:29,471 - INFO -   Weight 3.0: -2.1561
2025-09-04 08:39:29,471 - INFO -   Weight 5.0: -4.1781
2025-09-04 08:39:29,471 - INFO -   Weight 10.0: -9.2330
2025-09-04 08:39:29,570 - INFO - Testing beta=4.0 for impl=reference, norm=l2...
2025-09-04 08:39:29,571 - INFO - Pre-sample GPU mem: 784.22 MB, max 3587.81 MB
2025-09-04 08:39:29,572 - INFO - Subsets shapes: ID torch.Size([10000, 256]), OOD torch.Size([10000, 256])
2025-09-04 08:39:29,573 - INFO - Post-sample GPU mem: 803.76 MB, max 3587.81 MB
2025-09-04 08:39:29,575 - INFO - Post-modules GPU mem: 842.82 MB, max 3587.81 MB
2025-09-04 08:39:29,644 - INFO - Post-border_compute GPU mem: 842.82 MB, max 3587.81 MB
2025-09-04 08:39:29,721 - INFO - Post-inference_compute GPU mem: 842.82 MB, max 3587.81 MB
2025-09-04 08:39:29,731 - INFO - Border Energy (reference, β=4.0, norm=l2):
2025-09-04 08:39:29,731 - INFO -   ID: 2.6158±0.4046, OOD: 2.9659±0.0987
2025-09-04 08:39:29,731 - INFO -   Separation: 0.3501, KS-stat: 0.5855 (p=0.0000)
2025-09-04 08:39:29,732 - INFO -   AUROC: 0.2081, AUPR: 0.6498, FPR95: 0.3746
2025-09-04 08:39:29,733 - INFO - Inference Score (reference, β=4.0, norm=l2):
2025-09-04 08:39:29,734 - INFO -   ID: -2.9624±0.4046, OOD: 3.3125±0.0987
2025-09-04 08:39:29,734 - INFO -   Separation: 6.2748, KS-stat: 1.0000 (p=0.0000)
2025-09-04 08:39:29,735 - INFO -   AUROC: 0.0000, AUPR: 0.9999, FPR95: 0.0000
2025-09-04 08:39:29,984 - INFO - OOD Loss (reference, β=4.0, norm=l2):
2025-09-04 08:39:29,984 - INFO -   Weight 1.0: -0.3399
2025-09-04 08:39:29,985 - INFO -   Weight 2.0: -3.2973
2025-09-04 08:39:29,986 - INFO -   Weight 3.0: -6.2548
2025-09-04 08:39:29,987 - INFO -   Weight 5.0: -12.1697
2025-09-04 08:39:29,988 - INFO -   Weight 10.0: -26.9570
2025-09-04 08:39:30,091 - INFO - Testing beta=8.0 for impl=reference, norm=l2...
2025-09-04 08:39:30,092 - INFO - Pre-sample GPU mem: 784.22 MB, max 3587.81 MB
2025-09-04 08:39:30,094 - INFO - Subsets shapes: ID torch.Size([10000, 256]), OOD torch.Size([10000, 256])
2025-09-04 08:39:30,094 - INFO - Post-sample GPU mem: 803.76 MB, max 3587.81 MB
2025-09-04 08:39:30,096 - INFO - Post-modules GPU mem: 842.82 MB, max 3587.81 MB
2025-09-04 08:39:30,165 - INFO - Post-border_compute GPU mem: 842.82 MB, max 3587.81 MB
2025-09-04 08:39:30,244 - INFO - Post-inference_compute GPU mem: 842.82 MB, max 3587.81 MB
2025-09-04 08:39:30,253 - INFO - Border Energy (reference, β=8.0, norm=l2):
2025-09-04 08:39:30,253 - INFO -   ID: 5.7803±0.8106, OOD: 6.2846±0.1911
2025-09-04 08:39:30,253 - INFO -   Separation: 0.5044, KS-stat: 0.4967 (p=0.0000)
2025-09-04 08:39:30,254 - INFO -   AUROC: 0.2872, AUPR: 0.5772, FPR95: 0.4630
2025-09-04 08:39:30,254 - INFO - Inference Score (reference, β=8.0, norm=l2):
2025-09-04 08:39:30,255 - INFO -   ID: -5.9535±0.8106, OOD: 6.4579±0.1911
2025-09-04 08:39:30,256 - INFO -   Separation: 12.4114, KS-stat: 1.0000 (p=0.0000)
2025-09-04 08:39:30,257 - INFO -   AUROC: 0.0000, AUPR: 0.9999, FPR95: 0.0000
2025-09-04 08:39:30,507 - INFO - OOD Loss (reference, β=8.0, norm=l2):
2025-09-04 08:39:30,507 - INFO -   Weight 1.0: -0.4880
2025-09-04 08:39:30,507 - INFO -   Weight 2.0: -6.7470
2025-09-04 08:39:30,509 - INFO -   Weight 3.0: -13.0060
2025-09-04 08:39:30,510 - INFO -   Weight 5.0: -25.5240
2025-09-04 08:39:30,510 - INFO -   Weight 10.0: -56.8191
2025-09-04 08:39:30,619 - INFO - Testing beta=16.0 for impl=reference, norm=l2...
2025-09-04 08:39:30,620 - INFO - Pre-sample GPU mem: 784.22 MB, max 3587.81 MB
2025-09-04 08:39:30,621 - INFO - Subsets shapes: ID torch.Size([10000, 256]), OOD torch.Size([10000, 256])
2025-09-04 08:39:30,622 - INFO - Post-sample GPU mem: 803.76 MB, max 3587.81 MB
2025-09-04 08:39:30,624 - INFO - Post-modules GPU mem: 842.82 MB, max 3587.81 MB
2025-09-04 08:39:30,693 - INFO - Post-border_compute GPU mem: 842.82 MB, max 3587.81 MB
2025-09-04 08:39:30,770 - INFO - Post-inference_compute GPU mem: 842.82 MB, max 3587.81 MB
2025-09-04 08:39:30,779 - INFO - Border Energy (reference, β=16.0, norm=l2):
2025-09-04 08:39:30,779 - INFO -   ID: 11.9241±1.6155, OOD: 12.2437±0.3592
2025-09-04 08:39:30,779 - INFO -   Separation: 0.3196, KS-stat: 0.3448 (p=0.0000)
2025-09-04 08:39:30,781 - INFO -   AUROC: 0.4435, AUPR: 0.4762, FPR95: 0.6086
2025-09-04 08:39:30,782 - INFO - Inference Score (reference, β=16.0, norm=l2):
2025-09-04 08:39:30,782 - INFO -   ID: -12.0108±1.6155, OOD: 12.3303±0.3592
2025-09-04 08:39:30,782 - INFO -   Separation: 24.3411, KS-stat: 1.0000 (p=0.0000)
2025-09-04 08:39:30,783 - INFO -   AUROC: 0.0000, AUPR: 0.9999, FPR95: 0.0000
2025-09-04 08:39:31,031 - INFO - OOD Loss (reference, β=16.0, norm=l2):
2025-09-04 08:39:31,031 - INFO -   Weight 1.0: -0.3496
2025-09-04 08:39:31,032 - INFO -   Weight 2.0: -12.6857
2025-09-04 08:39:31,032 - INFO -   Weight 3.0: -25.0218
2025-09-04 08:39:31,033 - INFO -   Weight 5.0: -49.6940
2025-09-04 08:39:31,034 - INFO -   Weight 10.0: -111.3745
2025-09-04 08:39:31,148 - INFO - Testing beta=32.0 for impl=reference, norm=l2...
2025-09-04 08:39:31,148 - INFO - Pre-sample GPU mem: 784.22 MB, max 3587.81 MB
2025-09-04 08:39:31,151 - INFO - Subsets shapes: ID torch.Size([10000, 256]), OOD torch.Size([10000, 256])
2025-09-04 08:39:31,151 - INFO - Post-sample GPU mem: 803.76 MB, max 3587.81 MB
2025-09-04 08:39:31,153 - INFO - Post-modules GPU mem: 842.82 MB, max 3587.81 MB
2025-09-04 08:39:31,222 - INFO - Post-border_compute GPU mem: 842.82 MB, max 3587.81 MB
2025-09-04 08:39:31,300 - INFO - Post-inference_compute GPU mem: 842.82 MB, max 3587.81 MB
2025-09-04 08:39:31,309 - INFO - Border Energy (reference, β=32.0, norm=l2):
2025-09-04 08:39:31,309 - INFO -   ID: 24.2574±3.1553, OOD: 22.7426±0.6540
2025-09-04 08:39:31,309 - INFO -   Separation: -1.5148, KS-stat: 0.5655 (p=0.0000)
2025-09-04 08:39:31,310 - INFO -   AUROC: 0.6854, AUPR: 0.3800, FPR95: 0.8063
2025-09-04 08:39:31,311 - INFO - Inference Score (reference, β=32.0, norm=l2):
2025-09-04 08:39:31,312 - INFO -   ID: -24.3008±3.1553, OOD: 22.7860±0.6540
2025-09-04 08:39:31,313 - INFO -   Separation: 47.0867, KS-stat: 1.0000 (p=0.0000)
2025-09-04 08:39:31,314 - INFO -   AUROC: 0.0000, AUPR: 0.9999, FPR95: 0.0000
2025-09-04 08:39:31,559 - INFO - OOD Loss (reference, β=32.0, norm=l2):
2025-09-04 08:39:31,560 - INFO -   Weight 1.0: 4.4366
2025-09-04 08:39:31,560 - INFO -   Weight 2.0: -18.4018
2025-09-04 08:39:31,560 - INFO -   Weight 3.0: -41.2402
2025-09-04 08:39:31,561 - INFO -   Weight 5.0: -86.9171
2025-09-04 08:39:31,561 - INFO -   Weight 10.0: -201.1093
2025-09-04 08:39:31,680 - INFO - Testing beta=64.0 for impl=reference, norm=l2...
2025-09-04 08:39:31,681 - INFO - Pre-sample GPU mem: 784.22 MB, max 3587.81 MB
2025-09-04 08:39:31,683 - INFO - Subsets shapes: ID torch.Size([10000, 256]), OOD torch.Size([10000, 256])
2025-09-04 08:39:31,684 - INFO - Post-sample GPU mem: 803.76 MB, max 3587.81 MB
2025-09-04 08:39:31,685 - INFO - Post-modules GPU mem: 842.82 MB, max 3587.81 MB
2025-09-04 08:39:31,755 - INFO - Post-border_compute GPU mem: 842.82 MB, max 3587.81 MB
2025-09-04 08:39:31,834 - INFO - Post-inference_compute GPU mem: 842.82 MB, max 3587.81 MB
2025-09-04 08:39:31,843 - INFO - Border Energy (reference, β=64.0, norm=l2):
2025-09-04 08:39:31,843 - INFO -   ID: 50.7880±5.8259, OOD: 42.1426±1.0376
2025-09-04 08:39:31,843 - INFO -   Separation: -8.6454, KS-stat: 0.8546 (p=0.0000)
2025-09-04 08:39:31,844 - INFO -   AUROC: 0.9172, AUPR: 0.3222, FPR95: 0.9558
2025-09-04 08:39:31,846 - INFO - Inference Score (reference, β=64.0, norm=l2):
2025-09-04 08:39:31,847 - INFO -   ID: -50.8096±5.8259, OOD: 42.1643±1.0376
2025-09-04 08:39:31,848 - INFO -   Separation: 92.9739, KS-stat: 1.0000 (p=0.0000)
2025-09-04 08:39:31,848 - INFO -   AUROC: 0.0000, AUPR: 0.9999, FPR95: 0.0000
2025-09-04 08:39:32,095 - INFO - OOD Loss (reference, β=64.0, norm=l2):
2025-09-04 08:39:32,095 - INFO -   Weight 1.0: 23.3991
2025-09-04 08:39:32,095 - INFO -   Weight 2.0: -19.2556
2025-09-04 08:39:32,095 - INFO -   Weight 3.0: -61.9103
2025-09-04 08:39:32,096 - INFO -   Weight 5.0: -147.2197
2025-09-04 08:39:32,097 - INFO -   Weight 10.0: -360.4932
2025-09-04 08:39:32,217 - INFO - Testing beta=128.0 for impl=reference, norm=l2...
2025-09-04 08:39:32,217 - INFO - Pre-sample GPU mem: 784.22 MB, max 3587.81 MB
2025-09-04 08:39:32,219 - INFO - Subsets shapes: ID torch.Size([10000, 256]), OOD torch.Size([10000, 256])
2025-09-04 08:39:32,220 - INFO - Post-sample GPU mem: 803.76 MB, max 3587.81 MB
2025-09-04 08:39:32,222 - INFO - Post-modules GPU mem: 842.82 MB, max 3587.81 MB
2025-09-04 08:39:32,290 - INFO - Post-border_compute GPU mem: 842.82 MB, max 3587.81 MB
2025-09-04 08:39:32,369 - INFO - Post-inference_compute GPU mem: 842.82 MB, max 3587.81 MB
2025-09-04 08:39:32,378 - INFO - Border Energy (reference, β=128.0, norm=l2):
2025-09-04 08:39:32,378 - INFO -   ID: 105.9058±11.2614, OOD: 80.6435±2.4259
2025-09-04 08:39:32,379 - INFO -   Separation: -25.2622, KS-stat: 0.9453 (p=0.0000)
2025-09-04 08:39:32,380 - INFO -   AUROC: 0.9859, AUPR: 0.3089, FPR95: 0.9972
2025-09-04 08:39:32,380 - INFO - Inference Score (reference, β=128.0, norm=l2):
2025-09-04 08:39:32,380 - INFO -   ID: -105.9166±11.2614, OOD: 80.6544±2.4259
2025-09-04 08:39:32,381 - INFO -   Separation: 186.5710, KS-stat: 1.0000 (p=0.0000)
2025-09-04 08:39:32,382 - INFO -   AUROC: 0.0000, AUPR: 0.9999, FPR95: 0.0000
2025-09-04 08:39:32,629 - INFO - OOD Loss (reference, β=128.0, norm=l2):
2025-09-04 08:39:32,629 - INFO -   Weight 1.0: 64.3650
2025-09-04 08:39:32,629 - INFO -   Weight 2.0: -17.8992
2025-09-04 08:39:32,629 - INFO -   Weight 3.0: -100.1633
2025-09-04 08:39:32,630 - INFO -   Weight 5.0: -264.6917
2025-09-04 08:39:32,631 - INFO -   Weight 10.0: -676.0124
2025-09-04 08:39:40,091 - INFO - Enhanced analysis completed. Check energy_analysis_20250904_082305 for results.
2025-09-04 08:39:40,091 - INFO - Metrics like high AUROC/low FPR95 indicate good OOD pixel separation for segmentation.
2025-09-04 08:39:40,092 - INFO - KS-stat >0.5 with low p-value suggests strong distribution separation.
2025-09-04 08:39:40,093 - INFO - Compare 'optimized' vs 'reference' to see which performs better.
2025-09-04 08:39:40,310 - INFO - Final GPU mem: 764.54 MB, max 3587.81 MB
2025-09-04 08:51:16,981 - INFO - Starting enhanced energy analysis on cuda:0
2025-09-04 08:51:16,981 - INFO - Output: energy_analysis_20250904_085116
2025-09-04 08:51:17,185 - INFO - Initial GPU mem: 0.00 MB, max 0.00 MB
2025-09-04 08:51:19,078 - INFO - ASPP feature shape: torch.Size([1, 1280, 64, 64])
2025-09-04 08:51:19,091 - INFO - Projected feature shape: torch.Size([1, 256, 64, 64])
2025-09-04 08:51:19,091 - INFO - Creating memory builder...
2025-09-04 08:55:47,118 - INFO - Building memory with 200 batches...
2025-09-04 08:55:47,125 - INFO - Starting redesigned hybrid memory building over full dataset...
2025-09-04 08:57:23,936 - INFO - Label statistics - Found 254 in 124 batches, 255 in 200 batches
2025-09-04 08:57:23,937 - INFO - Skipped 1043418 pixels with label 255 (ignore class)
2025-09-04 08:58:18,445 - INFO - Final memory ratio (AUX:ID): 0.50
2025-09-04 08:58:18,701 - INFO - Memory separation - Ratio: 1.487, Cross-similarity: -0.004, Overlap: 0.000
2025-09-04 08:58:18,701 - INFO - ID spread: 0.505, OOD spread: 0.349, Distance: 1.269
2025-09-04 08:58:19,259 - INFO - Results saved automatically.
2025-09-04 08:58:19,862 - INFO - Memories saved
2025-09-04 08:58:19,875 - INFO - Post-memory_build GPU mem: 754.77 MB, max 3588.95 MB
2025-09-04 08:58:19,875 - INFO - Testing with enhanced setup...
2025-09-04 08:58:19,877 - INFO - Testing energy with real memories: ID=torch.Size([20000, 256]), OOD=torch.Size([10001, 256])
2025-09-04 08:58:19,879 - INFO - Norm types: ['l2'], Impl types: ['optimized', 'reference']
2025-09-04 08:58:19,883 - INFO - Processing impl_type: optimized
2025-09-04 08:58:19,886 - INFO - Processing norm_type: l2 for optimized
2025-09-04 08:58:20,444 - INFO - Testing beta=0.5 for impl=optimized, norm=l2...
2025-09-04 08:58:20,444 - INFO - Pre-sample GPU mem: 754.77 MB, max 3588.95 MB
2025-09-04 08:58:20,446 - INFO - Subsets shapes: ID torch.Size([10000, 256]), OOD torch.Size([10000, 256])
2025-09-04 08:58:20,447 - INFO - Post-sample GPU mem: 774.31 MB, max 3588.95 MB
2025-09-04 08:58:20,470 - INFO - Post-modules GPU mem: 813.37 MB, max 3588.95 MB
2025-09-04 08:58:20,888 - INFO - Post-border_compute GPU mem: 813.44 MB, max 3588.95 MB
2025-09-04 08:58:21,013 - INFO - Post-inference_compute GPU mem: 813.52 MB, max 3588.95 MB
2025-09-04 08:58:21,024 - INFO - Border Energy (optimized, β=0.5, norm=l2):
2025-09-04 08:58:21,024 - INFO -   ID: 0.9659±0.0098, OOD: 0.9543±0.0029
2025-09-04 08:58:21,024 - INFO -   Separation: -0.0115, KS-stat: 0.6706 (p=0.0000)
2025-09-04 08:58:21,025 - INFO -   AUROC: 0.8714, AUPR: 0.3287, FPR95: 0.9514
2025-09-04 08:58:21,025 - INFO - Inference Score (optimized, β=0.5, norm=l2):
2025-09-04 08:58:21,026 - INFO -   ID: 0.7393±0.1167, OOD: -0.8680±0.0291
2025-09-04 08:58:21,027 - INFO -   Separation: 1.6074, KS-stat: 1.0000 (p=0.0000)
2025-09-04 08:58:21,028 - INFO -   AUROC: 0.0000, AUPR: 0.9999, FPR95: 0.0000
2025-09-04 08:58:21,450 - INFO - OOD Loss (optimized, β=0.5, norm=l2):
2025-09-04 08:58:21,450 - INFO -   Weight 1.0: 0.3291
2025-09-04 08:58:21,450 - INFO -   Weight 2.0: -0.6250
2025-09-04 08:58:21,450 - INFO -   Weight 3.0: -1.5791
2025-09-04 08:58:21,451 - INFO -   Weight 5.0: -3.4874
2025-09-04 08:58:21,452 - INFO -   Weight 10.0: -8.2580
2025-09-04 08:58:23,105 - INFO - Testing beta=1.0 for impl=optimized, norm=l2...
2025-09-04 08:58:23,108 - INFO - Pre-sample GPU mem: 774.46 MB, max 3588.95 MB
2025-09-04 08:58:23,110 - INFO - Subsets shapes: ID torch.Size([10000, 256]), OOD torch.Size([10000, 256])
2025-09-04 08:58:23,111 - INFO - Post-sample GPU mem: 793.99 MB, max 3588.95 MB
2025-09-04 08:58:23,113 - INFO - Post-modules GPU mem: 833.05 MB, max 3588.95 MB
2025-09-04 08:58:23,227 - INFO - Post-border_compute GPU mem: 833.05 MB, max 3588.95 MB
2025-09-04 08:58:23,345 - INFO - Post-inference_compute GPU mem: 833.05 MB, max 3588.95 MB
2025-09-04 08:58:23,354 - INFO - Border Energy (optimized, β=1.0, norm=l2):
2025-09-04 08:58:23,354 - INFO -   ID: 0.8726±0.0343, OOD: 0.8342±0.0097
2025-09-04 08:58:23,354 - INFO -   Separation: -0.0384, KS-stat: 0.6550 (p=0.0000)
2025-09-04 08:58:23,355 - INFO -   AUROC: 0.8624, AUPR: 0.3306, FPR95: 0.9457
2025-09-04 08:58:23,355 - INFO - Inference Score (optimized, β=1.0, norm=l2):
2025-09-04 08:58:23,356 - INFO -   ID: 0.7406±0.1154, OOD: -0.8642±0.0288
2025-09-04 08:58:23,357 - INFO -   Separation: 1.6048, KS-stat: 1.0000 (p=0.0000)
2025-09-04 08:58:23,358 - INFO -   AUROC: 0.0000, AUPR: 0.9999, FPR95: 0.0000
2025-09-04 08:58:23,625 - INFO - OOD Loss (optimized, β=1.0, norm=l2):
2025-09-04 08:58:23,625 - INFO -   Weight 1.0: 0.3971
2025-09-04 08:58:23,625 - INFO -   Weight 2.0: -0.4361
2025-09-04 08:58:23,626 - INFO -   Weight 3.0: -1.2692
2025-09-04 08:58:23,627 - INFO -   Weight 5.0: -2.9355
2025-09-04 08:58:23,627 - INFO -   Weight 10.0: -7.1013
2025-09-04 08:58:23,719 - INFO - Testing beta=2.0 for impl=optimized, norm=l2...
2025-09-04 08:58:23,720 - INFO - Pre-sample GPU mem: 774.46 MB, max 3588.95 MB
2025-09-04 08:58:23,722 - INFO - Subsets shapes: ID torch.Size([10000, 256]), OOD torch.Size([10000, 256])
2025-09-04 08:58:23,723 - INFO - Post-sample GPU mem: 793.99 MB, max 3588.95 MB
2025-09-04 08:58:23,724 - INFO - Post-modules GPU mem: 833.05 MB, max 3588.95 MB
2025-09-04 08:58:23,813 - INFO - Post-border_compute GPU mem: 833.05 MB, max 3588.95 MB
2025-09-04 08:58:23,910 - INFO - Post-inference_compute GPU mem: 833.05 MB, max 3588.95 MB
2025-09-04 08:58:23,919 - INFO - Border Energy (optimized, β=2.0, norm=l2):
2025-09-04 08:58:23,919 - INFO -   ID: 0.6047±0.0867, OOD: 0.5180±0.0205
2025-09-04 08:58:23,919 - INFO -   Separation: -0.0868, KS-stat: 0.6316 (p=0.0000)
2025-09-04 08:58:23,921 - INFO -   AUROC: 0.8419, AUPR: 0.3353, FPR95: 0.9285
2025-09-04 08:58:23,921 - INFO - Inference Score (optimized, β=2.0, norm=l2):
2025-09-04 08:58:23,922 - INFO -   ID: 0.7405±0.1157, OOD: -0.8564±0.0282
2025-09-04 08:58:23,923 - INFO -   Separation: 1.5969, KS-stat: 1.0000 (p=0.0000)
2025-09-04 08:58:23,923 - INFO -   AUROC: 0.0000, AUPR: 0.9999, FPR95: 0.0000
2025-09-04 08:58:24,192 - INFO - OOD Loss (optimized, β=2.0, norm=l2):
2025-09-04 08:58:24,192 - INFO -   Weight 1.0: 0.5174
2025-09-04 08:58:24,192 - INFO -   Weight 2.0: 0.0021
2025-09-04 08:58:24,194 - INFO -   Weight 3.0: -0.5132
2025-09-04 08:58:24,195 - INFO -   Weight 5.0: -1.5439
2025-09-04 08:58:24,195 - INFO -   Weight 10.0: -4.1205
2025-09-04 08:58:24,293 - INFO - Testing beta=4.0 for impl=optimized, norm=l2...
2025-09-04 08:58:24,294 - INFO - Pre-sample GPU mem: 774.46 MB, max 3588.95 MB
2025-09-04 08:58:24,296 - INFO - Subsets shapes: ID torch.Size([10000, 256]), OOD torch.Size([10000, 256])
2025-09-04 08:58:24,296 - INFO - Post-sample GPU mem: 793.99 MB, max 3588.95 MB
2025-09-04 08:58:24,298 - INFO - Post-modules GPU mem: 833.05 MB, max 3588.95 MB
2025-09-04 08:58:24,387 - INFO - Post-border_compute GPU mem: 833.05 MB, max 3588.95 MB
2025-09-04 08:58:24,486 - INFO - Post-inference_compute GPU mem: 833.05 MB, max 3588.95 MB
2025-09-04 08:58:24,496 - INFO - Border Energy (optimized, β=4.0, norm=l2):
2025-09-04 08:58:24,496 - INFO -   ID: 0.1998±0.0905, OOD: 0.1299±0.0137
2025-09-04 08:58:24,496 - INFO -   Separation: -0.0700, KS-stat: 0.5737 (p=0.0000)
2025-09-04 08:58:24,497 - INFO -   AUROC: 0.7940, AUPR: 0.3468, FPR95: 0.8923
2025-09-04 08:58:24,497 - INFO - Inference Score (optimized, β=4.0, norm=l2):
2025-09-04 08:58:24,498 - INFO -   ID: 0.7430±0.1147, OOD: -0.8410±0.0267
2025-09-04 08:58:24,498 - INFO -   Separation: 1.5840, KS-stat: 1.0000 (p=0.0000)
2025-09-04 08:58:24,499 - INFO -   AUROC: 0.0000, AUPR: 0.9999, FPR95: 0.0000
2025-09-04 08:58:24,768 - INFO - OOD Loss (optimized, β=4.0, norm=l2):
2025-09-04 08:58:24,768 - INFO -   Weight 1.0: 0.4760
2025-09-04 08:58:24,768 - INFO -   Weight 2.0: 0.3445
2025-09-04 08:58:24,768 - INFO -   Weight 3.0: 0.2130
2025-09-04 08:58:24,770 - INFO -   Weight 5.0: -0.0499
2025-09-04 08:58:24,771 - INFO -   Weight 10.0: -0.7074
2025-09-04 08:58:24,874 - INFO - Testing beta=8.0 for impl=optimized, norm=l2...
2025-09-04 08:58:24,875 - INFO - Pre-sample GPU mem: 774.46 MB, max 3588.95 MB
2025-09-04 08:58:24,876 - INFO - Subsets shapes: ID torch.Size([10000, 256]), OOD torch.Size([10000, 256])
2025-09-04 08:58:24,877 - INFO - Post-sample GPU mem: 793.99 MB, max 3588.95 MB
2025-09-04 08:58:24,879 - INFO - Post-modules GPU mem: 833.05 MB, max 3588.95 MB
2025-09-04 08:58:24,968 - INFO - Post-border_compute GPU mem: 833.05 MB, max 3588.95 MB
2025-09-04 08:58:25,070 - INFO - Post-inference_compute GPU mem: 833.05 MB, max 3588.95 MB
2025-09-04 08:58:25,079 - INFO - Border Energy (optimized, β=8.0, norm=l2):
2025-09-04 08:58:25,080 - INFO -   ID: 0.0160±0.0206, OOD: 0.0063±0.0014
2025-09-04 08:58:25,080 - INFO -   Separation: -0.0097, KS-stat: 0.4501 (p=0.0000)
2025-09-04 08:58:25,080 - INFO -   AUROC: 0.6662, AUPR: 0.3834, FPR95: 0.7657
2025-09-04 08:58:25,081 - INFO - Inference Score (optimized, β=8.0, norm=l2):
2025-09-04 08:58:25,082 - INFO -   ID: 0.7482±0.1146, OOD: -0.8085±0.0238
2025-09-04 08:58:25,083 - INFO -   Separation: 1.5567, KS-stat: 1.0000 (p=0.0000)
2025-09-04 08:58:25,084 - INFO -   AUROC: 0.0000, AUPR: 0.9999, FPR95: 0.0000
2025-09-04 08:58:25,347 - INFO - OOD Loss (optimized, β=8.0, norm=l2):
2025-09-04 08:58:25,347 - INFO -   Weight 1.0: 0.3249
2025-09-04 08:58:25,347 - INFO -   Weight 2.0: 0.3184
2025-09-04 08:58:25,348 - INFO -   Weight 3.0: 0.3119
2025-09-04 08:58:25,349 - INFO -   Weight 5.0: 0.2989
2025-09-04 08:58:25,350 - INFO -   Weight 10.0: 0.2664
2025-09-04 08:58:25,457 - INFO - Testing beta=16.0 for impl=optimized, norm=l2...
2025-09-04 08:58:25,458 - INFO - Pre-sample GPU mem: 774.46 MB, max 3588.95 MB
2025-09-04 08:58:25,460 - INFO - Subsets shapes: ID torch.Size([10000, 256]), OOD torch.Size([10000, 256])
2025-09-04 08:58:25,461 - INFO - Post-sample GPU mem: 793.99 MB, max 3588.95 MB
2025-09-04 08:58:25,462 - INFO - Post-modules GPU mem: 833.05 MB, max 3588.95 MB
2025-09-04 08:58:25,551 - INFO - Post-border_compute GPU mem: 833.05 MB, max 3588.95 MB
2025-09-04 08:58:25,654 - INFO - Post-inference_compute GPU mem: 833.05 MB, max 3588.95 MB
2025-09-04 08:58:25,664 - INFO - Border Energy (optimized, β=16.0, norm=l2):
2025-09-04 08:58:25,664 - INFO -   ID: 0.0001±0.0005, OOD: 0.0000±0.0000
2025-09-04 08:58:25,664 - INFO -   Separation: -0.0001, KS-stat: 0.4495 (p=0.0000)
2025-09-04 08:58:25,665 - INFO -   AUROC: 0.4397, AUPR: 0.4750, FPR95: 0.5203
2025-09-04 08:58:25,666 - INFO - Inference Score (optimized, β=16.0, norm=l2):
2025-09-04 08:58:25,667 - INFO -   ID: 0.7556±0.1122, OOD: -0.7521±0.0203
2025-09-04 08:58:25,667 - INFO -   Separation: 1.5077, KS-stat: 1.0000 (p=0.0000)
2025-09-04 08:58:25,668 - INFO -   AUROC: 0.0000, AUPR: 0.9999, FPR95: 0.0000
2025-09-04 08:58:25,932 - INFO - OOD Loss (optimized, β=16.0, norm=l2):
2025-09-04 08:58:25,932 - INFO -   Weight 1.0: 0.3003
2025-09-04 08:58:25,932 - INFO -   Weight 2.0: 0.3002
2025-09-04 08:58:25,933 - INFO -   Weight 3.0: 0.3002
2025-09-04 08:58:25,933 - INFO -   Weight 5.0: 0.3002
2025-09-04 08:58:25,933 - INFO -   Weight 10.0: 0.3001
2025-09-04 08:58:26,039 - INFO - Testing beta=32.0 for impl=optimized, norm=l2...
2025-09-04 08:58:26,040 - INFO - Pre-sample GPU mem: 774.46 MB, max 3588.95 MB
2025-09-04 08:58:26,042 - INFO - Subsets shapes: ID torch.Size([10000, 256]), OOD torch.Size([10000, 256])
2025-09-04 08:58:26,042 - INFO - Post-sample GPU mem: 793.99 MB, max 3588.95 MB
2025-09-04 08:58:26,044 - INFO - Post-modules GPU mem: 833.05 MB, max 3588.95 MB
2025-09-04 08:58:26,132 - INFO - Post-border_compute GPU mem: 833.05 MB, max 3588.95 MB
2025-09-04 08:58:26,231 - INFO - Post-inference_compute GPU mem: 833.05 MB, max 3588.95 MB
2025-09-04 08:58:26,240 - INFO - Border Energy (optimized, β=32.0, norm=l2):
2025-09-04 08:58:26,240 - INFO -   ID: 0.0000±0.0000, OOD: 0.0000±0.0000
2025-09-04 08:58:26,240 - INFO -   Separation: -0.0000, KS-stat: 0.0065 (p=0.9841)
2025-09-04 08:58:26,241 - INFO -   AUROC: 0.9998, AUPR: 0.9655, FPR95: 0.0066
2025-09-04 08:58:26,241 - INFO - Inference Score (optimized, β=32.0, norm=l2):
2025-09-04 08:58:26,241 - INFO -   ID: 0.7696±0.1108, OOD: -0.6745±0.0178
2025-09-04 08:58:26,242 - INFO -   Separation: 1.4441, KS-stat: 1.0000 (p=0.0000)
2025-09-04 08:58:26,242 - INFO -   AUROC: 0.0000, AUPR: 0.9999, FPR95: 0.0000
2025-09-04 08:58:26,504 - INFO - OOD Loss (optimized, β=32.0, norm=l2):
2025-09-04 08:58:26,504 - INFO -   Weight 1.0: 0.3000
2025-09-04 08:58:26,504 - INFO -   Weight 2.0: 0.3000
2025-09-04 08:58:26,506 - INFO -   Weight 3.0: 0.3000
2025-09-04 08:58:26,507 - INFO -   Weight 5.0: 0.3000
2025-09-04 08:58:26,508 - INFO -   Weight 10.0: 0.3000
2025-09-04 08:58:26,618 - INFO - Testing beta=64.0 for impl=optimized, norm=l2...
2025-09-04 08:58:26,619 - INFO - Pre-sample GPU mem: 774.46 MB, max 3588.95 MB
2025-09-04 08:58:26,621 - INFO - Subsets shapes: ID torch.Size([10000, 256]), OOD torch.Size([10000, 256])
2025-09-04 08:58:26,621 - INFO - Post-sample GPU mem: 793.99 MB, max 3588.95 MB
2025-09-04 08:58:26,623 - INFO - Post-modules GPU mem: 833.05 MB, max 3588.95 MB
2025-09-04 08:58:26,712 - INFO - Post-border_compute GPU mem: 833.05 MB, max 3588.95 MB
2025-09-04 08:58:26,811 - INFO - Post-inference_compute GPU mem: 833.05 MB, max 3588.95 MB
2025-09-04 08:58:26,821 - INFO - Border Energy (optimized, β=64.0, norm=l2):
2025-09-04 08:58:26,821 - INFO -   ID: 0.0000±0.0000, OOD: 0.0000±0.0000
2025-09-04 08:58:26,822 - INFO -   Separation: 0.0000, KS-stat: 0.0000 (p=1.0000)
2025-09-04 08:58:26,822 - INFO -   AUROC: 0.9997, AUPR: 0.9990, FPR95: 0.0001
2025-09-04 08:58:26,823 - INFO - Inference Score (optimized, β=64.0, norm=l2):
2025-09-04 08:58:26,824 - INFO -   ID: 0.8093±0.1076, OOD: -0.6187±0.0165
2025-09-04 08:58:26,825 - INFO -   Separation: 1.4280, KS-stat: 1.0000 (p=0.0000)
2025-09-04 08:58:26,825 - INFO -   AUROC: 0.0000, AUPR: 0.9999, FPR95: 0.0000
2025-09-04 08:58:27,088 - INFO - OOD Loss (optimized, β=64.0, norm=l2):
2025-09-04 08:58:27,088 - INFO -   Weight 1.0: 0.3000
2025-09-04 08:58:27,088 - INFO -   Weight 2.0: 0.3000
2025-09-04 08:58:27,089 - INFO -   Weight 3.0: 0.3000
2025-09-04 08:58:27,091 - INFO -   Weight 5.0: 0.3000
2025-09-04 08:58:27,092 - INFO -   Weight 10.0: 0.3000
2025-09-04 08:58:27,208 - INFO - Testing beta=128.0 for impl=optimized, norm=l2...
2025-09-04 08:58:27,209 - INFO - Pre-sample GPU mem: 774.46 MB, max 3588.95 MB
2025-09-04 08:58:27,211 - INFO - Subsets shapes: ID torch.Size([10000, 256]), OOD torch.Size([10000, 256])
2025-09-04 08:58:27,211 - INFO - Post-sample GPU mem: 793.99 MB, max 3588.95 MB
2025-09-04 08:58:27,214 - INFO - Post-modules GPU mem: 833.05 MB, max 3588.95 MB
2025-09-04 08:58:27,302 - INFO - Post-border_compute GPU mem: 833.05 MB, max 3588.95 MB
2025-09-04 08:58:27,397 - INFO - Post-inference_compute GPU mem: 833.05 MB, max 3588.95 MB
2025-09-04 08:58:27,407 - INFO - Border Energy (optimized, β=128.0, norm=l2):
2025-09-04 08:58:27,407 - INFO -   ID: 0.0000±0.0000, OOD: 0.0000±0.0000
2025-09-04 08:58:27,408 - INFO -   Separation: 0.0000, KS-stat: 0.0000 (p=1.0000)
2025-09-04 08:58:27,409 - INFO -   AUROC: 0.9997, AUPR: 0.9990, FPR95: 0.0001
2025-09-04 08:58:27,410 - INFO - Inference Score (optimized, β=128.0, norm=l2):
2025-09-04 08:58:27,411 - INFO -   ID: 0.8425±0.1044, OOD: -0.6016±0.0236
2025-09-04 08:58:27,412 - INFO -   Separation: 1.4441, KS-stat: 1.0000 (p=0.0000)
2025-09-04 08:58:27,413 - INFO -   AUROC: 0.0000, AUPR: 0.9999, FPR95: 0.0000
2025-09-04 08:58:27,673 - INFO - OOD Loss (optimized, β=128.0, norm=l2):
2025-09-04 08:58:27,673 - INFO -   Weight 1.0: 0.3000
2025-09-04 08:58:27,673 - INFO -   Weight 2.0: 0.3000
2025-09-04 08:58:27,673 - INFO -   Weight 3.0: 0.3000
2025-09-04 08:58:27,674 - INFO -   Weight 5.0: 0.3000
2025-09-04 08:58:27,675 - INFO -   Weight 10.0: 0.3000
2025-09-04 08:58:34,457 - INFO - Processing impl_type: reference
2025-09-04 08:58:34,458 - INFO - Processing norm_type: l2 for reference
2025-09-04 08:58:34,639 - INFO - Testing beta=0.5 for impl=reference, norm=l2...
2025-09-04 08:58:34,639 - INFO - Pre-sample GPU mem: 774.46 MB, max 3588.95 MB
2025-09-04 08:58:34,641 - INFO - Subsets shapes: ID torch.Size([10000, 256]), OOD torch.Size([10000, 256])
2025-09-04 08:58:34,642 - INFO - Post-sample GPU mem: 793.99 MB, max 3588.95 MB
2025-09-04 08:58:34,643 - INFO - Post-modules GPU mem: 833.05 MB, max 3588.95 MB
2025-09-04 08:58:34,779 - INFO - Post-border_compute GPU mem: 833.05 MB, max 3588.95 MB
2025-09-04 08:58:34,884 - INFO - Post-inference_compute GPU mem: 833.05 MB, max 3588.95 MB
2025-09-04 08:58:34,893 - INFO - Border Energy (reference, β=0.5, norm=l2):
2025-09-04 08:58:34,893 - INFO -   ID: 0.0175±0.0051, OOD: 0.0235±0.0015
2025-09-04 08:58:34,893 - INFO -   Separation: 0.0060, KS-stat: 0.6652 (p=0.0000)
2025-09-04 08:58:34,895 - INFO -   AUROC: 0.1301, AUPR: 0.7590, FPR95: 0.2994
2025-09-04 08:58:34,895 - INFO - Inference Score (reference, β=0.5, norm=l2):
2025-09-04 08:58:34,897 - INFO -   ID: -0.3703±0.0579, OOD: 0.4336±0.0145
2025-09-04 08:58:34,897 - INFO -   Separation: 0.8039, KS-stat: 1.0000 (p=0.0000)
2025-09-04 08:58:34,898 - INFO -   AUROC: 0.0000, AUPR: 0.9999, FPR95: 0.0000
2025-09-04 08:58:35,162 - INFO - Energy stats (reference): β=0.5, min=0.0031, max=0.0307, mean=0.0206, id_mean=0.0176, ood_mean=0.0235
2025-09-04 08:58:35,162 - INFO - Separation: 0.0059, target=0.200, loss=0.2911
2025-09-04 08:58:35,164 - INFO - OOD Loss (reference, β=0.5, norm=l2):
2025-09-04 08:58:35,165 - INFO -   Weight 1.0: 0.2852
2025-09-04 08:58:35,165 - INFO -   Weight 2.0: 0.2617
2025-09-04 08:58:35,166 - INFO -   Weight 3.0: 0.2382
2025-09-04 08:58:35,166 - INFO -   Weight 5.0: 0.1912
2025-09-04 08:58:35,167 - INFO -   Weight 10.0: 0.0736
2025-09-04 08:58:35,374 - INFO - Testing beta=1.0 for impl=reference, norm=l2...
2025-09-04 08:58:35,375 - INFO - Pre-sample GPU mem: 774.46 MB, max 3588.95 MB
2025-09-04 08:58:35,376 - INFO - Subsets shapes: ID torch.Size([10000, 256]), OOD torch.Size([10000, 256])
2025-09-04 08:58:35,377 - INFO - Post-sample GPU mem: 793.99 MB, max 3588.95 MB
2025-09-04 08:58:35,378 - INFO - Post-modules GPU mem: 833.05 MB, max 3588.95 MB
2025-09-04 08:58:35,458 - INFO - Post-border_compute GPU mem: 833.05 MB, max 3588.95 MB
2025-09-04 08:58:35,545 - INFO - Post-inference_compute GPU mem: 833.05 MB, max 3588.95 MB
2025-09-04 08:58:35,554 - INFO - Border Energy (reference, β=1.0, norm=l2):
2025-09-04 08:58:35,554 - INFO -   ID: 0.1366±0.0396, OOD: 0.1807±0.0114
2025-09-04 08:58:35,555 - INFO -   Separation: 0.0440, KS-stat: 0.6480 (p=0.0000)
2025-09-04 08:58:35,556 - INFO -   AUROC: 0.1435, AUPR: 0.7376, FPR95: 0.3129
2025-09-04 08:58:35,557 - INFO - Inference Score (reference, β=1.0, norm=l2):
2025-09-04 08:58:35,557 - INFO -   ID: -0.7392±0.1168, OOD: 0.8625±0.0287
2025-09-04 08:58:35,558 - INFO -   Separation: 1.6017, KS-stat: 1.0000 (p=0.0000)
2025-09-04 08:58:35,558 - INFO -   AUROC: 0.0000, AUPR: 0.9999, FPR95: 0.0000
2025-09-04 08:58:35,830 - INFO - OOD Loss (reference, β=1.0, norm=l2):
2025-09-04 08:58:35,830 - INFO -   Weight 1.0: 0.1905
2025-09-04 08:58:35,830 - INFO -   Weight 2.0: 0.0088
2025-09-04 08:58:35,830 - INFO -   Weight 3.0: -0.1728
2025-09-04 08:58:35,831 - INFO -   Weight 5.0: -0.5361
2025-09-04 08:58:35,831 - INFO -   Weight 10.0: -1.4442
2025-09-04 08:58:35,919 - INFO - Testing beta=2.0 for impl=reference, norm=l2...
2025-09-04 08:58:35,920 - INFO - Pre-sample GPU mem: 774.46 MB, max 3588.95 MB
2025-09-04 08:58:35,922 - INFO - Subsets shapes: ID torch.Size([10000, 256]), OOD torch.Size([10000, 256])
2025-09-04 08:58:35,922 - INFO - Post-sample GPU mem: 793.99 MB, max 3588.95 MB
2025-09-04 08:58:35,924 - INFO - Post-modules GPU mem: 833.05 MB, max 3588.95 MB
2025-09-04 08:58:35,993 - INFO - Post-border_compute GPU mem: 833.05 MB, max 3588.95 MB
2025-09-04 08:58:36,071 - INFO - Post-inference_compute GPU mem: 833.05 MB, max 3588.95 MB
2025-09-04 08:58:36,080 - INFO - Border Energy (reference, β=2.0, norm=l2):
2025-09-04 08:58:36,080 - INFO -   ID: 0.8462±0.2032, OOD: 1.0511±0.0525
2025-09-04 08:58:36,082 - INFO -   Separation: 0.2049, KS-stat: 0.6249 (p=0.0000)
2025-09-04 08:58:36,083 - INFO -   AUROC: 0.1615, AUPR: 0.7127, FPR95: 0.3409
2025-09-04 08:58:36,084 - INFO - Inference Score (reference, β=2.0, norm=l2):
2025-09-04 08:58:36,084 - INFO -   ID: -1.4835±0.2314, OOD: 1.7119±0.0563
2025-09-04 08:58:36,085 - INFO -   Separation: 3.1955, KS-stat: 1.0000 (p=0.0000)
2025-09-04 08:58:36,086 - INFO -   AUROC: 0.0000, AUPR: 0.9999, FPR95: 0.0000
2025-09-04 08:58:36,352 - INFO - OOD Loss (reference, β=2.0, norm=l2):
2025-09-04 08:58:36,352 - INFO -   Weight 1.0: -0.2044
2025-09-04 08:58:36,352 - INFO -   Weight 2.0: -1.2485
2025-09-04 08:58:36,353 - INFO -   Weight 3.0: -2.2926
2025-09-04 08:58:36,354 - INFO -   Weight 5.0: -4.3807
2025-09-04 08:58:36,355 - INFO -   Weight 10.0: -9.6011
2025-09-04 08:58:36,454 - INFO - Testing beta=4.0 for impl=reference, norm=l2...
2025-09-04 08:58:36,454 - INFO - Pre-sample GPU mem: 774.46 MB, max 3588.95 MB
2025-09-04 08:58:36,456 - INFO - Subsets shapes: ID torch.Size([10000, 256]), OOD torch.Size([10000, 256])
2025-09-04 08:58:36,456 - INFO - Post-sample GPU mem: 793.99 MB, max 3588.95 MB
2025-09-04 08:58:36,458 - INFO - Post-modules GPU mem: 833.05 MB, max 3588.95 MB
2025-09-04 08:58:36,527 - INFO - Post-border_compute GPU mem: 833.05 MB, max 3588.95 MB
2025-09-04 08:58:36,605 - INFO - Post-inference_compute GPU mem: 833.05 MB, max 3588.95 MB
2025-09-04 08:58:36,614 - INFO - Border Energy (reference, β=4.0, norm=l2):
2025-09-04 08:58:36,614 - INFO -   ID: 2.6236±0.4581, OOD: 3.0143±0.1070
2025-09-04 08:58:36,614 - INFO -   Separation: 0.3906, KS-stat: 0.5763 (p=0.0000)
2025-09-04 08:58:36,616 - INFO -   AUROC: 0.2072, AUPR: 0.6552, FPR95: 0.3913
2025-09-04 08:58:36,616 - INFO - Inference Score (reference, β=4.0, norm=l2):
2025-09-04 08:58:36,618 - INFO -   ID: -2.9702±0.4582, OOD: 3.3608±0.1070
2025-09-04 08:58:36,618 - INFO -   Separation: 6.3310, KS-stat: 1.0000 (p=0.0000)
2025-09-04 08:58:36,619 - INFO -   AUROC: 0.0000, AUPR: 0.9999, FPR95: 0.0000
2025-09-04 08:58:36,886 - INFO - OOD Loss (reference, β=4.0, norm=l2):
2025-09-04 08:58:36,886 - INFO -   Weight 1.0: -0.3870
2025-09-04 08:58:36,886 - INFO -   Weight 2.0: -3.4015
2025-09-04 08:58:36,888 - INFO -   Weight 3.0: -6.4160
2025-09-04 08:58:36,888 - INFO -   Weight 5.0: -12.4450
2025-09-04 08:58:36,889 - INFO -   Weight 10.0: -27.5175
2025-09-04 08:58:36,989 - INFO - Testing beta=8.0 for impl=reference, norm=l2...
2025-09-04 08:58:36,989 - INFO - Pre-sample GPU mem: 774.46 MB, max 3588.95 MB
2025-09-04 08:58:36,991 - INFO - Subsets shapes: ID torch.Size([10000, 256]), OOD torch.Size([10000, 256])
2025-09-04 08:58:36,992 - INFO - Post-sample GPU mem: 793.99 MB, max 3588.95 MB
2025-09-04 08:58:36,993 - INFO - Post-modules GPU mem: 833.05 MB, max 3588.95 MB
2025-09-04 08:58:37,063 - INFO - Post-border_compute GPU mem: 833.05 MB, max 3588.95 MB
2025-09-04 08:58:37,141 - INFO - Post-inference_compute GPU mem: 833.05 MB, max 3588.95 MB
2025-09-04 08:58:37,150 - INFO - Border Energy (reference, β=8.0, norm=l2):
2025-09-04 08:58:37,150 - INFO -   ID: 5.8161±0.9131, OOD: 6.2966±0.1900
2025-09-04 08:58:37,150 - INFO -   Separation: 0.4805, KS-stat: 0.4505 (p=0.0000)
2025-09-04 08:58:37,151 - INFO -   AUROC: 0.3318, AUPR: 0.5438, FPR95: 0.5073
2025-09-04 08:58:37,151 - INFO - Inference Score (reference, β=8.0, norm=l2):
2025-09-04 08:58:37,152 - INFO -   ID: -5.9894±0.9131, OOD: 6.4699±0.1900
2025-09-04 08:58:37,152 - INFO -   Separation: 12.4592, KS-stat: 1.0000 (p=0.0000)
2025-09-04 08:58:37,153 - INFO -   AUROC: 0.0000, AUPR: 0.9999, FPR95: 0.0000
2025-09-04 08:58:37,414 - INFO - OOD Loss (reference, β=8.0, norm=l2):
2025-09-04 08:58:37,415 - INFO -   Weight 1.0: -0.4852
2025-09-04 08:58:37,415 - INFO -   Weight 2.0: -6.7944
2025-09-04 08:58:37,415 - INFO -   Weight 3.0: -13.1036
2025-09-04 08:58:37,416 - INFO -   Weight 5.0: -25.7220
2025-09-04 08:58:37,417 - INFO -   Weight 10.0: -57.2681
2025-09-04 08:58:37,520 - INFO - Testing beta=16.0 for impl=reference, norm=l2...
2025-09-04 08:58:37,521 - INFO - Pre-sample GPU mem: 774.46 MB, max 3588.95 MB
2025-09-04 08:58:37,522 - INFO - Subsets shapes: ID torch.Size([10000, 256]), OOD torch.Size([10000, 256])
2025-09-04 08:58:37,523 - INFO - Post-sample GPU mem: 793.99 MB, max 3588.95 MB
2025-09-04 08:58:37,524 - INFO - Post-modules GPU mem: 833.05 MB, max 3588.95 MB
2025-09-04 08:58:37,593 - INFO - Post-border_compute GPU mem: 833.05 MB, max 3588.95 MB
2025-09-04 08:58:37,671 - INFO - Post-inference_compute GPU mem: 833.05 MB, max 3588.95 MB
2025-09-04 08:58:37,680 - INFO - Border Energy (reference, β=16.0, norm=l2):
2025-09-04 08:58:37,681 - INFO -   ID: 12.0184±1.8098, OOD: 11.9098±0.3198
2025-09-04 08:58:37,681 - INFO -   Separation: -0.1086, KS-stat: 0.4666 (p=0.0000)
2025-09-04 08:58:37,682 - INFO -   AUROC: 0.5728, AUPR: 0.4190, FPR95: 0.6862
2025-09-04 08:58:37,683 - INFO - Inference Score (reference, β=16.0, norm=l2):
2025-09-04 08:58:37,683 - INFO -   ID: -12.1050±1.8098, OOD: 11.9964±0.3198
2025-09-04 08:58:37,684 - INFO -   Separation: 24.1015, KS-stat: 1.0000 (p=0.0000)
2025-09-04 08:58:37,685 - INFO -   AUROC: 0.0000, AUPR: 0.9999, FPR95: 0.0000
2025-09-04 08:58:37,945 - INFO - OOD Loss (reference, β=16.0, norm=l2):
2025-09-04 08:58:37,945 - INFO -   Weight 1.0: 0.7148
2025-09-04 08:58:37,945 - INFO -   Weight 2.0: -11.1316
2025-09-04 08:58:37,946 - INFO -   Weight 3.0: -22.9779
2025-09-04 08:58:37,946 - INFO -   Weight 5.0: -46.6705
2025-09-04 08:58:37,947 - INFO -   Weight 10.0: -105.9021
2025-09-04 08:58:38,055 - INFO - Testing beta=32.0 for impl=reference, norm=l2...
2025-09-04 08:58:38,055 - INFO - Pre-sample GPU mem: 774.46 MB, max 3588.95 MB
2025-09-04 08:58:38,057 - INFO - Subsets shapes: ID torch.Size([10000, 256]), OOD torch.Size([10000, 256])
2025-09-04 08:58:38,057 - INFO - Post-sample GPU mem: 793.99 MB, max 3588.95 MB
2025-09-04 08:58:38,059 - INFO - Post-modules GPU mem: 833.05 MB, max 3588.95 MB
2025-09-04 08:58:38,129 - INFO - Post-border_compute GPU mem: 833.05 MB, max 3588.95 MB
2025-09-04 08:58:38,207 - INFO - Post-inference_compute GPU mem: 833.05 MB, max 3588.95 MB
2025-09-04 08:58:38,217 - INFO - Border Energy (reference, β=32.0, norm=l2):
2025-09-04 08:58:38,217 - INFO -   ID: 24.6080±3.5677, OOD: 21.6649±0.5702
2025-09-04 08:58:38,217 - INFO -   Separation: -2.9431, KS-stat: 0.7199 (p=0.0000)
2025-09-04 08:58:38,218 - INFO -   AUROC: 0.7911, AUPR: 0.3516, FPR95: 0.8545
2025-09-04 08:58:38,218 - INFO - Inference Score (reference, β=32.0, norm=l2):
2025-09-04 08:58:38,218 - INFO -   ID: -24.6514±3.5677, OOD: 21.7082±0.5702
2025-09-04 08:58:38,218 - INFO -   Separation: 46.3596, KS-stat: 1.0000 (p=0.0000)
2025-09-04 08:58:38,219 - INFO -   AUROC: 0.0000, AUPR: 0.9999, FPR95: 0.0000
2025-09-04 08:58:38,483 - INFO - OOD Loss (reference, β=32.0, norm=l2):
2025-09-04 08:58:38,483 - INFO -   Weight 1.0: 8.6665
2025-09-04 08:58:38,483 - INFO -   Weight 2.0: -12.8714
2025-09-04 08:58:38,483 - INFO -   Weight 3.0: -34.4093
2025-09-04 08:58:38,485 - INFO -   Weight 5.0: -77.4850
2025-09-04 08:58:38,486 - INFO -   Weight 10.0: -185.1745
2025-09-04 08:58:38,599 - INFO - Testing beta=64.0 for impl=reference, norm=l2...
2025-09-04 08:58:38,600 - INFO - Pre-sample GPU mem: 774.46 MB, max 3588.95 MB
2025-09-04 08:58:38,602 - INFO - Subsets shapes: ID torch.Size([10000, 256]), OOD torch.Size([10000, 256])
2025-09-04 08:58:38,602 - INFO - Post-sample GPU mem: 793.99 MB, max 3588.95 MB
2025-09-04 08:58:38,604 - INFO - Post-modules GPU mem: 833.05 MB, max 3588.95 MB
2025-09-04 08:58:38,674 - INFO - Post-border_compute GPU mem: 833.05 MB, max 3588.95 MB
2025-09-04 08:58:38,753 - INFO - Post-inference_compute GPU mem: 833.05 MB, max 3588.95 MB
2025-09-04 08:58:38,762 - INFO - Border Energy (reference, β=64.0, norm=l2):
2025-09-04 08:58:38,762 - INFO -   ID: 51.7857±6.8875, OOD: 39.9180±0.9657
2025-09-04 08:58:38,762 - INFO -   Separation: -11.8677, KS-stat: 0.9001 (p=0.0000)
2025-09-04 08:58:38,763 - INFO -   AUROC: 0.9376, AUPR: 0.3186, FPR95: 0.9596
2025-09-04 08:58:38,763 - INFO - Inference Score (reference, β=64.0, norm=l2):
2025-09-04 08:58:38,764 - INFO -   ID: -51.8074±6.8875, OOD: 39.9397±0.9657
2025-09-04 08:58:38,765 - INFO -   Separation: 91.7471, KS-stat: 1.0000 (p=0.0000)
2025-09-04 08:58:38,766 - INFO -   AUROC: 0.0000, AUPR: 0.9999, FPR95: 0.0000
2025-09-04 08:58:39,030 - INFO - OOD Loss (reference, β=64.0, norm=l2):
2025-09-04 08:58:39,031 - INFO -   Weight 1.0: 34.5438
2025-09-04 08:58:39,031 - INFO -   Weight 2.0: -4.8594
2025-09-04 08:58:39,032 - INFO -   Weight 3.0: -44.2627
2025-09-04 08:58:39,033 - INFO -   Weight 5.0: -123.0692
2025-09-04 08:58:39,034 - INFO -   Weight 10.0: -320.0854
2025-09-04 08:58:39,152 - INFO - Testing beta=128.0 for impl=reference, norm=l2...
2025-09-04 08:58:39,153 - INFO - Pre-sample GPU mem: 774.46 MB, max 3588.95 MB
2025-09-04 08:58:39,155 - INFO - Subsets shapes: ID torch.Size([10000, 256]), OOD torch.Size([10000, 256])
2025-09-04 08:58:39,155 - INFO - Post-sample GPU mem: 793.99 MB, max 3588.95 MB
2025-09-04 08:58:39,157 - INFO - Post-modules GPU mem: 833.05 MB, max 3588.95 MB
2025-09-04 08:58:39,226 - INFO - Post-border_compute GPU mem: 833.05 MB, max 3588.95 MB
2025-09-04 08:58:39,305 - INFO - Post-inference_compute GPU mem: 833.05 MB, max 3588.95 MB
2025-09-04 08:58:39,314 - INFO - Border Energy (reference, β=128.0, norm=l2):
2025-09-04 08:58:39,314 - INFO -   ID: 108.0928±13.3541, OOD: 76.7565±3.1032
2025-09-04 08:58:39,314 - INFO -   Separation: -31.3363, KS-stat: 0.9391 (p=0.0000)
2025-09-04 08:58:39,315 - INFO -   AUROC: 0.9817, AUPR: 0.3097, FPR95: 0.9960
2025-09-04 08:58:39,316 - INFO - Inference Score (reference, β=128.0, norm=l2):
2025-09-04 08:58:39,317 - INFO -   ID: -108.1037±13.3541, OOD: 76.7673±3.1032
2025-09-04 08:58:39,317 - INFO -   Separation: 184.8710, KS-stat: 1.0000 (p=0.0000)
2025-09-04 08:58:39,317 - INFO -   AUROC: 0.0000, AUPR: 0.9999, FPR95: 0.0000
2025-09-04 08:58:39,587 - INFO - OOD Loss (reference, β=128.0, norm=l2):
2025-09-04 08:58:39,587 - INFO -   Weight 1.0: 79.0596
2025-09-04 08:58:39,588 - INFO -   Weight 2.0: 0.5725
2025-09-04 08:58:39,590 - INFO -   Weight 3.0: -77.9145
2025-09-04 08:58:39,591 - INFO -   Weight 5.0: -234.8887
2025-09-04 08:58:39,591 - INFO -   Weight 10.0: -627.3240
2025-09-04 08:58:47,109 - INFO - Enhanced analysis completed. Check energy_analysis_20250904_085116 for results.
2025-09-04 08:58:47,109 - INFO - Metrics like high AUROC/low FPR95 indicate good OOD pixel separation for segmentation.
2025-09-04 08:58:47,110 - INFO - KS-stat >0.5 with low p-value suggests strong distribution separation.
2025-09-04 08:58:47,111 - INFO - Compare 'optimized' vs 'reference' to see which performs better.
2025-09-04 08:58:47,317 - INFO - Final GPU mem: 754.77 MB, max 3588.95 MB
2025-09-04 12:35:20,186 - INFO - Starting enhanced energy analysis on cuda:0
2025-09-04 12:35:20,186 - INFO - Output: energy_analysis_20250904_123520
2025-09-04 12:35:20,346 - INFO - Initial GPU mem: 0.00 MB, max 0.00 MB
2025-09-04 12:35:21,499 - INFO - ASPP feature shape: torch.Size([1, 1280, 64, 64])
2025-09-04 12:35:21,523 - INFO - Projected feature shape: torch.Size([1, 256, 64, 64])
2025-09-04 12:35:21,523 - INFO - Creating memory builder...
2025-09-04 12:39:16,607 - INFO - Building memory with 200 batches...
2025-09-04 12:39:16,615 - INFO - Starting redesigned hybrid memory building over full dataset...
2025-09-04 12:40:56,524 - INFO - Label statistics - Found 254 in 110 batches, 255 in 200 batches
2025-09-04 12:40:56,525 - INFO - Skipped 1115872 pixels with label 255 (ignore class)
2025-09-04 12:42:40,424 - INFO - Final memory ratio (AUX:ID): 0.50
2025-09-04 12:42:40,763 - INFO - Memory separation - Ratio: 1.480, Cross-similarity: 0.012, Overlap: 0.000
2025-09-04 12:42:40,763 - INFO - ID spread: 0.492, OOD spread: 0.361, Distance: 1.262
2025-09-04 12:42:41,300 - INFO - Results saved automatically.
2025-09-04 12:42:41,818 - INFO - Memories saved
2025-09-04 12:42:41,834 - INFO - Post-memory_build GPU mem: 759.28 MB, max 3592.45 MB
2025-09-04 12:42:41,834 - INFO - Testing with enhanced setup...
2025-09-04 12:42:41,835 - INFO - Testing energy with real memories: ID=torch.Size([20000, 256]), OOD=torch.Size([10001, 256])
2025-09-04 12:42:41,835 - INFO - Norm types: ['l2'], Impl types: ['optimized', 'reference']
2025-09-04 12:42:41,835 - INFO - Processing impl_type: optimized
2025-09-04 12:42:41,835 - INFO - Processing norm_type: l2 for optimized
2025-09-04 12:42:42,517 - INFO - Testing beta=0.5 for impl=optimized, norm=l2...
2025-09-04 12:42:42,518 - INFO - Pre-sample GPU mem: 759.28 MB, max 3592.45 MB
2025-09-04 12:42:42,519 - INFO - Subsets shapes: ID torch.Size([10000, 256]), OOD torch.Size([10000, 256])
2025-09-04 12:42:42,520 - INFO - Post-sample GPU mem: 779.04 MB, max 3592.45 MB
2025-09-04 12:42:42,556 - INFO - Post-modules GPU mem: 818.11 MB, max 3592.45 MB
2025-09-04 12:42:42,949 - INFO - Post-border_compute GPU mem: 818.18 MB, max 3592.45 MB
2025-09-04 12:42:43,091 - INFO - Post-inference_compute GPU mem: 818.26 MB, max 3592.45 MB
2025-09-04 12:42:43,104 - INFO - Border Energy (optimized, β=0.5, norm=l2):
2025-09-04 12:42:43,104 - INFO -   ID: 0.9659±0.0087, OOD: 0.9561±0.0025
2025-09-04 12:42:43,104 - INFO -   Separation: -0.0098, KS-stat: 0.6617 (p=0.0000)
2025-09-04 12:42:43,104 - INFO -   AUROC: 0.8597, AUPR: 0.3318, FPR95: 0.9324
2025-09-04 12:42:43,104 - INFO - Inference Score (optimized, β=0.5, norm=l2):
2025-09-04 12:42:43,104 - INFO -   ID: 0.7413±0.1011, OOD: -0.8502±0.0252
2025-09-04 12:42:43,104 - INFO -   Separation: 1.5915, KS-stat: 1.0000 (p=0.0000)
2025-09-04 12:42:43,104 - INFO -   AUROC: 0.0000, AUPR: 0.9999, FPR95: 0.0000
2025-09-04 12:42:43,540 - INFO - OOD Loss (optimized, β=0.5, norm=l2):
2025-09-04 12:42:43,540 - INFO -   Weight 1.0: 0.3253
2025-09-04 12:42:43,540 - INFO -   Weight 2.0: -0.6306
2025-09-04 12:42:43,540 - INFO -   Weight 3.0: -1.5866
2025-09-04 12:42:43,540 - INFO -   Weight 5.0: -3.4985
2025-09-04 12:42:43,540 - INFO -   Weight 10.0: -8.2783
2025-09-04 12:42:45,451 - INFO - Testing beta=1.0 for impl=optimized, norm=l2...
2025-09-04 12:42:45,454 - INFO - Pre-sample GPU mem: 779.20 MB, max 3592.45 MB
2025-09-04 12:42:45,456 - INFO - Subsets shapes: ID torch.Size([10000, 256]), OOD torch.Size([10000, 256])
2025-09-04 12:42:45,456 - INFO - Post-sample GPU mem: 798.73 MB, max 3592.45 MB
2025-09-04 12:42:45,457 - INFO - Post-modules GPU mem: 837.79 MB, max 3592.45 MB
2025-09-04 12:42:45,572 - INFO - Post-border_compute GPU mem: 837.79 MB, max 3592.45 MB
2025-09-04 12:42:45,691 - INFO - Post-inference_compute GPU mem: 837.79 MB, max 3592.45 MB
2025-09-04 12:42:45,700 - INFO - Border Energy (optimized, β=1.0, norm=l2):
2025-09-04 12:42:45,700 - INFO -   ID: 0.8731±0.0304, OOD: 0.8400±0.0083
2025-09-04 12:42:45,700 - INFO -   Separation: -0.0331, KS-stat: 0.6552 (p=0.0000)
2025-09-04 12:42:45,700 - INFO -   AUROC: 0.8543, AUPR: 0.3329, FPR95: 0.9268
2025-09-04 12:42:45,700 - INFO - Inference Score (optimized, β=1.0, norm=l2):
2025-09-04 12:42:45,700 - INFO -   ID: 0.7406±0.1010, OOD: -0.8471±0.0248
2025-09-04 12:42:45,700 - INFO -   Separation: 1.5877, KS-stat: 1.0000 (p=0.0000)
2025-09-04 12:42:45,700 - INFO -   AUROC: 0.0000, AUPR: 0.9999, FPR95: 0.0000
2025-09-04 12:42:45,963 - INFO - OOD Loss (optimized, β=1.0, norm=l2):
2025-09-04 12:42:45,963 - INFO -   Weight 1.0: 0.3835
2025-09-04 12:42:45,963 - INFO -   Weight 2.0: -0.4560
2025-09-04 12:42:45,963 - INFO -   Weight 3.0: -1.2955
2025-09-04 12:42:45,963 - INFO -   Weight 5.0: -2.9744
2025-09-04 12:42:45,963 - INFO -   Weight 10.0: -7.1719
2025-09-04 12:42:46,054 - INFO - Testing beta=2.0 for impl=optimized, norm=l2...
2025-09-04 12:42:46,055 - INFO - Pre-sample GPU mem: 778.96 MB, max 3592.45 MB
2025-09-04 12:42:46,056 - INFO - Subsets shapes: ID torch.Size([10000, 256]), OOD torch.Size([10000, 256])
2025-09-04 12:42:46,057 - INFO - Post-sample GPU mem: 798.73 MB, max 3592.45 MB
2025-09-04 12:42:46,058 - INFO - Post-modules GPU mem: 837.79 MB, max 3592.45 MB
2025-09-04 12:42:46,147 - INFO - Post-border_compute GPU mem: 837.79 MB, max 3592.45 MB
2025-09-04 12:42:46,245 - INFO - Post-inference_compute GPU mem: 837.79 MB, max 3592.45 MB
2025-09-04 12:42:46,254 - INFO - Border Energy (optimized, β=2.0, norm=l2):
2025-09-04 12:42:46,254 - INFO -   ID: 0.6026±0.0755, OOD: 0.5279±0.0179
2025-09-04 12:42:46,254 - INFO -   Separation: -0.0748, KS-stat: 0.6323 (p=0.0000)
2025-09-04 12:42:46,254 - INFO -   AUROC: 0.8349, AUPR: 0.3374, FPR95: 0.9124
2025-09-04 12:42:46,254 - INFO - Inference Score (optimized, β=2.0, norm=l2):
2025-09-04 12:42:46,254 - INFO -   ID: 0.7432±0.1005, OOD: -0.8427±0.0245
2025-09-04 12:42:46,254 - INFO -   Separation: 1.5859, KS-stat: 1.0000 (p=0.0000)
2025-09-04 12:42:46,254 - INFO -   AUROC: 0.0000, AUPR: 0.9999, FPR95: 0.0000
2025-09-04 12:42:46,510 - INFO - OOD Loss (optimized, β=2.0, norm=l2):
2025-09-04 12:42:46,510 - INFO -   Weight 1.0: 0.4866
2025-09-04 12:42:46,510 - INFO -   Weight 2.0: -0.0416
2025-09-04 12:42:46,510 - INFO -   Weight 3.0: -0.5698
2025-09-04 12:42:46,510 - INFO -   Weight 5.0: -1.6262
2025-09-04 12:42:46,510 - INFO -   Weight 10.0: -4.2671
2025-09-04 12:42:46,603 - INFO - Testing beta=4.0 for impl=optimized, norm=l2...
2025-09-04 12:42:46,603 - INFO - Pre-sample GPU mem: 779.20 MB, max 3592.45 MB
2025-09-04 12:42:46,604 - INFO - Subsets shapes: ID torch.Size([10000, 256]), OOD torch.Size([10000, 256])
2025-09-04 12:42:46,605 - INFO - Post-sample GPU mem: 798.73 MB, max 3592.45 MB
2025-09-04 12:42:46,606 - INFO - Post-modules GPU mem: 837.79 MB, max 3592.45 MB
2025-09-04 12:42:46,695 - INFO - Post-border_compute GPU mem: 837.79 MB, max 3592.45 MB
2025-09-04 12:42:46,793 - INFO - Post-inference_compute GPU mem: 837.79 MB, max 3592.45 MB
2025-09-04 12:42:46,802 - INFO - Border Energy (optimized, β=4.0, norm=l2):
2025-09-04 12:42:46,802 - INFO -   ID: 0.1954±0.0754, OOD: 0.1342±0.0125
2025-09-04 12:42:46,802 - INFO -   Separation: -0.0612, KS-stat: 0.5934 (p=0.0000)
2025-09-04 12:42:46,802 - INFO -   AUROC: 0.7990, AUPR: 0.3461, FPR95: 0.8861
2025-09-04 12:42:46,802 - INFO - Inference Score (optimized, β=4.0, norm=l2):
2025-09-04 12:42:46,802 - INFO -   ID: 0.7444±0.1009, OOD: -0.8320±0.0238
2025-09-04 12:42:46,802 - INFO -   Separation: 1.5764, KS-stat: 1.0000 (p=0.0000)
2025-09-04 12:42:46,802 - INFO -   AUROC: 0.0000, AUPR: 0.9999, FPR95: 0.0000
2025-09-04 12:42:47,058 - INFO - OOD Loss (optimized, β=4.0, norm=l2):
2025-09-04 12:42:47,058 - INFO -   Weight 1.0: 0.4526
2025-09-04 12:42:47,058 - INFO -   Weight 2.0: 0.3186
2025-09-04 12:42:47,058 - INFO -   Weight 3.0: 0.1845
2025-09-04 12:42:47,058 - INFO -   Weight 5.0: -0.0835
2025-09-04 12:42:47,058 - INFO -   Weight 10.0: -0.7536
2025-09-04 12:42:47,153 - INFO - Testing beta=8.0 for impl=optimized, norm=l2...
2025-09-04 12:42:47,154 - INFO - Pre-sample GPU mem: 778.96 MB, max 3592.45 MB
2025-09-04 12:42:47,155 - INFO - Subsets shapes: ID torch.Size([10000, 256]), OOD torch.Size([10000, 256])
2025-09-04 12:42:47,156 - INFO - Post-sample GPU mem: 798.73 MB, max 3592.45 MB
2025-09-04 12:42:47,157 - INFO - Post-modules GPU mem: 837.79 MB, max 3592.45 MB
2025-09-04 12:42:47,245 - INFO - Post-border_compute GPU mem: 837.79 MB, max 3592.45 MB
2025-09-04 12:42:47,342 - INFO - Post-inference_compute GPU mem: 837.79 MB, max 3592.45 MB
2025-09-04 12:42:47,351 - INFO - Border Energy (optimized, β=8.0, norm=l2):
2025-09-04 12:42:47,351 - INFO -   ID: 0.0143±0.0148, OOD: 0.0063±0.0013
2025-09-04 12:42:47,351 - INFO -   Separation: -0.0080, KS-stat: 0.5033 (p=0.0000)
2025-09-04 12:42:47,351 - INFO -   AUROC: 0.7188, AUPR: 0.3675, FPR95: 0.8142
2025-09-04 12:42:47,351 - INFO - Inference Score (optimized, β=8.0, norm=l2):
2025-09-04 12:42:47,351 - INFO -   ID: 0.7466±0.1000, OOD: -0.8090±0.0224
2025-09-04 12:42:47,351 - INFO -   Separation: 1.5556, KS-stat: 1.0000 (p=0.0000)
2025-09-04 12:42:47,351 - INFO -   AUROC: 0.0000, AUPR: 0.9999, FPR95: 0.0000
2025-09-04 12:42:47,614 - INFO - OOD Loss (optimized, β=8.0, norm=l2):
2025-09-04 12:42:47,614 - INFO -   Weight 1.0: 0.3197
2025-09-04 12:42:47,614 - INFO -   Weight 2.0: 0.3135
2025-09-04 12:42:47,614 - INFO -   Weight 3.0: 0.3073
2025-09-04 12:42:47,614 - INFO -   Weight 5.0: 0.2950
2025-09-04 12:42:47,614 - INFO -   Weight 10.0: 0.2641
2025-09-04 12:42:47,715 - INFO - Testing beta=16.0 for impl=optimized, norm=l2...
2025-09-04 12:42:47,715 - INFO - Pre-sample GPU mem: 779.20 MB, max 3592.45 MB
2025-09-04 12:42:47,717 - INFO - Subsets shapes: ID torch.Size([10000, 256]), OOD torch.Size([10000, 256])
2025-09-04 12:42:47,717 - INFO - Post-sample GPU mem: 798.73 MB, max 3592.45 MB
2025-09-04 12:42:47,718 - INFO - Post-modules GPU mem: 837.79 MB, max 3592.45 MB
2025-09-04 12:42:47,807 - INFO - Post-border_compute GPU mem: 837.79 MB, max 3592.45 MB
2025-09-04 12:42:47,906 - INFO - Post-inference_compute GPU mem: 837.79 MB, max 3592.45 MB
2025-09-04 12:42:47,915 - INFO - Border Energy (optimized, β=16.0, norm=l2):
2025-09-04 12:42:47,915 - INFO -   ID: 0.0001±0.0003, OOD: 0.0000±0.0000
2025-09-04 12:42:47,915 - INFO -   Separation: -0.0001, KS-stat: 0.3261 (p=0.0000)
2025-09-04 12:42:47,915 - INFO -   AUROC: 0.5189, AUPR: 0.4380, FPR95: 0.6377
2025-09-04 12:42:47,915 - INFO - Inference Score (optimized, β=16.0, norm=l2):
2025-09-04 12:42:47,915 - INFO -   ID: 0.7548±0.0997, OOD: -0.7669±0.0211
2025-09-04 12:42:47,915 - INFO -   Separation: 1.5217, KS-stat: 1.0000 (p=0.0000)
2025-09-04 12:42:47,915 - INFO -   AUROC: 0.0000, AUPR: 0.9999, FPR95: 0.0000
2025-09-04 12:42:48,175 - INFO - OOD Loss (optimized, β=16.0, norm=l2):
2025-09-04 12:42:48,175 - INFO -   Weight 1.0: 0.3002
2025-09-04 12:42:48,175 - INFO -   Weight 2.0: 0.3002
2025-09-04 12:42:48,175 - INFO -   Weight 3.0: 0.3001
2025-09-04 12:42:48,175 - INFO -   Weight 5.0: 0.3001
2025-09-04 12:42:48,175 - INFO -   Weight 10.0: 0.3000
2025-09-04 12:42:48,281 - INFO - Testing beta=32.0 for impl=optimized, norm=l2...
2025-09-04 12:42:48,282 - INFO - Pre-sample GPU mem: 778.96 MB, max 3592.45 MB
2025-09-04 12:42:48,283 - INFO - Subsets shapes: ID torch.Size([10000, 256]), OOD torch.Size([10000, 256])
2025-09-04 12:42:48,283 - INFO - Post-sample GPU mem: 798.73 MB, max 3592.45 MB
2025-09-04 12:42:48,285 - INFO - Post-modules GPU mem: 837.79 MB, max 3592.45 MB
2025-09-04 12:42:48,373 - INFO - Post-border_compute GPU mem: 837.79 MB, max 3592.45 MB
2025-09-04 12:42:48,471 - INFO - Post-inference_compute GPU mem: 837.79 MB, max 3592.45 MB
2025-09-04 12:42:48,480 - INFO - Border Energy (optimized, β=32.0, norm=l2):
2025-09-04 12:42:48,480 - INFO -   ID: 0.0000±0.0000, OOD: 0.0000±0.0000
2025-09-04 12:42:48,480 - INFO -   Separation: -0.0000, KS-stat: 0.0026 (p=1.0000)
2025-09-04 12:42:48,480 - INFO -   AUROC: 0.9998, AUPR: 0.9835, FPR95: 0.0027
2025-09-04 12:42:48,480 - INFO - Inference Score (optimized, β=32.0, norm=l2):
2025-09-04 12:42:48,480 - INFO -   ID: 0.7651±0.0980, OOD: -0.7003±0.0202
2025-09-04 12:42:48,480 - INFO -   Separation: 1.4654, KS-stat: 1.0000 (p=0.0000)
2025-09-04 12:42:48,480 - INFO -   AUROC: 0.0000, AUPR: 0.9999, FPR95: 0.0000
2025-09-04 12:42:48,735 - INFO - OOD Loss (optimized, β=32.0, norm=l2):
2025-09-04 12:42:48,735 - INFO -   Weight 1.0: 0.3000
2025-09-04 12:42:48,735 - INFO -   Weight 2.0: 0.3000
2025-09-04 12:42:48,735 - INFO -   Weight 3.0: 0.3000
2025-09-04 12:42:48,735 - INFO -   Weight 5.0: 0.3000
2025-09-04 12:42:48,735 - INFO -   Weight 10.0: 0.3000
2025-09-04 12:42:48,845 - INFO - Testing beta=64.0 for impl=optimized, norm=l2...
2025-09-04 12:42:48,846 - INFO - Pre-sample GPU mem: 779.20 MB, max 3592.45 MB
2025-09-04 12:42:48,847 - INFO - Subsets shapes: ID torch.Size([10000, 256]), OOD torch.Size([10000, 256])
2025-09-04 12:42:48,847 - INFO - Post-sample GPU mem: 798.73 MB, max 3592.45 MB
2025-09-04 12:42:48,848 - INFO - Post-modules GPU mem: 837.79 MB, max 3592.45 MB
2025-09-04 12:42:48,937 - INFO - Post-border_compute GPU mem: 837.79 MB, max 3592.45 MB
2025-09-04 12:42:49,033 - INFO - Post-inference_compute GPU mem: 837.79 MB, max 3592.45 MB
2025-09-04 12:42:49,042 - INFO - Border Energy (optimized, β=64.0, norm=l2):
2025-09-04 12:42:49,042 - INFO -   ID: 0.0000±0.0000, OOD: 0.0000±0.0000
2025-09-04 12:42:49,042 - INFO -   Separation: 0.0000, KS-stat: 0.0000 (p=1.0000)
2025-09-04 12:42:49,043 - INFO -   AUROC: 0.9997, AUPR: 0.9990, FPR95: 0.0001
2025-09-04 12:42:49,043 - INFO - Inference Score (optimized, β=64.0, norm=l2):
2025-09-04 12:42:49,043 - INFO -   ID: 0.8019±0.0937, OOD: -0.6475±0.0192
2025-09-04 12:42:49,043 - INFO -   Separation: 1.4494, KS-stat: 1.0000 (p=0.0000)
2025-09-04 12:42:49,043 - INFO -   AUROC: 0.0000, AUPR: 0.9999, FPR95: 0.0000
2025-09-04 12:42:49,298 - INFO - OOD Loss (optimized, β=64.0, norm=l2):
2025-09-04 12:42:49,298 - INFO -   Weight 1.0: 0.3000
2025-09-04 12:42:49,298 - INFO -   Weight 2.0: 0.3000
2025-09-04 12:42:49,298 - INFO -   Weight 3.0: 0.3000
2025-09-04 12:42:49,298 - INFO -   Weight 5.0: 0.3000
2025-09-04 12:42:49,298 - INFO -   Weight 10.0: 0.3000
2025-09-04 12:42:49,413 - INFO - Testing beta=128.0 for impl=optimized, norm=l2...
2025-09-04 12:42:49,413 - INFO - Pre-sample GPU mem: 778.96 MB, max 3592.45 MB
2025-09-04 12:42:49,415 - INFO - Subsets shapes: ID torch.Size([10000, 256]), OOD torch.Size([10000, 256])
2025-09-04 12:42:49,415 - INFO - Post-sample GPU mem: 798.73 MB, max 3592.45 MB
2025-09-04 12:42:49,416 - INFO - Post-modules GPU mem: 837.79 MB, max 3592.45 MB
2025-09-04 12:42:49,505 - INFO - Post-border_compute GPU mem: 837.79 MB, max 3592.45 MB
2025-09-04 12:42:49,602 - INFO - Post-inference_compute GPU mem: 837.79 MB, max 3592.45 MB
2025-09-04 12:42:49,612 - INFO - Border Energy (optimized, β=128.0, norm=l2):
2025-09-04 12:42:49,612 - INFO -   ID: 0.0000±0.0000, OOD: 0.0000±0.0000
2025-09-04 12:42:49,612 - INFO -   Separation: 0.0000, KS-stat: 0.0000 (p=1.0000)
2025-09-04 12:42:49,612 - INFO -   AUROC: 0.9997, AUPR: 0.9990, FPR95: 0.0001
2025-09-04 12:42:49,612 - INFO - Inference Score (optimized, β=128.0, norm=l2):
2025-09-04 12:42:49,612 - INFO -   ID: 0.8360±0.0938, OOD: -0.6216±0.0237
2025-09-04 12:42:49,612 - INFO -   Separation: 1.4576, KS-stat: 1.0000 (p=0.0000)
2025-09-04 12:42:49,612 - INFO -   AUROC: 0.0000, AUPR: 0.9999, FPR95: 0.0000
2025-09-04 12:42:49,869 - INFO - OOD Loss (optimized, β=128.0, norm=l2):
2025-09-04 12:42:49,870 - INFO -   Weight 1.0: 0.3000
2025-09-04 12:42:49,870 - INFO -   Weight 2.0: 0.3000
2025-09-04 12:42:49,870 - INFO -   Weight 3.0: 0.3000
2025-09-04 12:42:49,870 - INFO -   Weight 5.0: 0.3000
2025-09-04 12:42:49,870 - INFO -   Weight 10.0: 0.3000
2025-09-04 12:42:56,045 - INFO - Processing impl_type: reference
2025-09-04 12:42:56,045 - INFO - Processing norm_type: l2 for reference
2025-09-04 12:42:56,223 - INFO - Testing beta=0.5 for impl=reference, norm=l2...
2025-09-04 12:42:56,224 - INFO - Pre-sample GPU mem: 779.20 MB, max 3592.45 MB
2025-09-04 12:42:56,224 - INFO - Subsets shapes: ID torch.Size([10000, 256]), OOD torch.Size([10000, 256])
2025-09-04 12:42:56,225 - INFO - Post-sample GPU mem: 798.73 MB, max 3592.45 MB
2025-09-04 12:42:56,225 - INFO - Post-modules GPU mem: 837.79 MB, max 3592.45 MB
2025-09-04 12:42:56,356 - INFO - Post-border_compute GPU mem: 837.79 MB, max 3592.45 MB
2025-09-04 12:42:56,462 - INFO - Post-inference_compute GPU mem: 837.79 MB, max 3592.45 MB
2025-09-04 12:42:56,471 - INFO - Border Energy (reference, β=0.5, norm=l2):
2025-09-04 12:42:56,471 - INFO -   ID: 0.0175±0.0045, OOD: 0.0226±0.0013
2025-09-04 12:42:56,471 - INFO -   Separation: 0.0051, KS-stat: 0.6616 (p=0.0000)
2025-09-04 12:42:56,471 - INFO -   AUROC: 0.1409, AUPR: 0.7349, FPR95: 0.2949
2025-09-04 12:42:56,471 - INFO - Inference Score (reference, β=0.5, norm=l2):
2025-09-04 12:42:56,471 - INFO -   ID: -0.3706±0.0506, OOD: 0.4251±0.0125
2025-09-04 12:42:56,471 - INFO -   Separation: 0.7957, KS-stat: 1.0000 (p=0.0000)
2025-09-04 12:42:56,471 - INFO -   AUROC: 0.0000, AUPR: 0.9999, FPR95: 0.0000
2025-09-04 12:42:56,726 - INFO - Energy stats (reference): β=0.5, min=0.0038, max=0.0309, mean=0.0199, id_mean=0.0173, ood_mean=0.0224
2025-09-04 12:42:56,731 - INFO - Separation: 0.0050, target=0.200, loss=0.2924
2025-09-04 12:42:56,731 - INFO - OOD Loss (reference, β=0.5, norm=l2):
2025-09-04 12:42:56,731 - INFO -   Weight 1.0: 0.2874
2025-09-04 12:42:56,731 - INFO -   Weight 2.0: 0.2650
2025-09-04 12:42:56,732 - INFO -   Weight 3.0: 0.2426
2025-09-04 12:42:56,732 - INFO -   Weight 5.0: 0.1978
2025-09-04 12:42:56,732 - INFO -   Weight 10.0: 0.0858
2025-09-04 12:42:56,937 - INFO - Testing beta=1.0 for impl=reference, norm=l2...
2025-09-04 12:42:56,938 - INFO - Pre-sample GPU mem: 778.96 MB, max 3592.45 MB
2025-09-04 12:42:56,939 - INFO - Subsets shapes: ID torch.Size([10000, 256]), OOD torch.Size([10000, 256])
2025-09-04 12:42:56,940 - INFO - Post-sample GPU mem: 798.73 MB, max 3592.45 MB
2025-09-04 12:42:56,940 - INFO - Post-modules GPU mem: 837.79 MB, max 3592.45 MB
2025-09-04 12:42:57,010 - INFO - Post-border_compute GPU mem: 837.79 MB, max 3592.45 MB
2025-09-04 12:42:57,088 - INFO - Post-inference_compute GPU mem: 837.79 MB, max 3592.45 MB
2025-09-04 12:42:57,097 - INFO - Border Energy (reference, β=1.0, norm=l2):
2025-09-04 12:42:57,097 - INFO -   ID: 0.1367±0.0352, OOD: 0.1745±0.0098
2025-09-04 12:42:57,097 - INFO -   Separation: 0.0377, KS-stat: 0.6481 (p=0.0000)
2025-09-04 12:42:57,097 - INFO -   AUROC: 0.1532, AUPR: 0.7164, FPR95: 0.3069
2025-09-04 12:42:57,097 - INFO - Inference Score (reference, β=1.0, norm=l2):
2025-09-04 12:42:57,097 - INFO -   ID: -0.7416±0.1020, OOD: 0.8472±0.0249
2025-09-04 12:42:57,097 - INFO -   Separation: 1.5888, KS-stat: 1.0000 (p=0.0000)
2025-09-04 12:42:57,097 - INFO -   AUROC: 0.0000, AUPR: 0.9999, FPR95: 0.0000
2025-09-04 12:42:57,353 - INFO - OOD Loss (reference, β=1.0, norm=l2):
2025-09-04 12:42:57,353 - INFO -   Weight 1.0: 0.2033
2025-09-04 12:42:57,353 - INFO -   Weight 2.0: 0.0283
2025-09-04 12:42:57,353 - INFO -   Weight 3.0: -0.1467
2025-09-04 12:42:57,353 - INFO -   Weight 5.0: -0.4968
2025-09-04 12:42:57,353 - INFO -   Weight 10.0: -1.3720
2025-09-04 12:42:57,440 - INFO - Testing beta=2.0 for impl=reference, norm=l2...
2025-09-04 12:42:57,441 - INFO - Pre-sample GPU mem: 779.20 MB, max 3592.45 MB
2025-09-04 12:42:57,442 - INFO - Subsets shapes: ID torch.Size([10000, 256]), OOD torch.Size([10000, 256])
2025-09-04 12:42:57,443 - INFO - Post-sample GPU mem: 798.73 MB, max 3592.45 MB
2025-09-04 12:42:57,444 - INFO - Post-modules GPU mem: 837.79 MB, max 3592.45 MB
2025-09-04 12:42:57,513 - INFO - Post-border_compute GPU mem: 837.79 MB, max 3592.45 MB
2025-09-04 12:42:57,590 - INFO - Post-inference_compute GPU mem: 837.79 MB, max 3592.45 MB
2025-09-04 12:42:57,599 - INFO - Border Energy (reference, β=2.0, norm=l2):
2025-09-04 12:42:57,600 - INFO -   ID: 0.8446±0.1786, OOD: 1.0258±0.0456
2025-09-04 12:42:57,600 - INFO -   Separation: 0.1812, KS-stat: 0.6356 (p=0.0000)
2025-09-04 12:42:57,600 - INFO -   AUROC: 0.1614, AUPR: 0.7069, FPR95: 0.3231
2025-09-04 12:42:57,600 - INFO - Inference Score (reference, β=2.0, norm=l2):
2025-09-04 12:42:57,600 - INFO -   ID: -1.4834±0.2015, OOD: 1.6849±0.0491
2025-09-04 12:42:57,600 - INFO -   Separation: 3.1683, KS-stat: 1.0000 (p=0.0000)
2025-09-04 12:42:57,600 - INFO -   AUROC: 0.0000, AUPR: 0.9999, FPR95: 0.0000
2025-09-04 12:42:57,851 - INFO - OOD Loss (reference, β=2.0, norm=l2):
2025-09-04 12:42:57,851 - INFO -   Weight 1.0: -0.1540
2025-09-04 12:42:57,851 - INFO -   Weight 2.0: -1.1823
2025-09-04 12:42:57,851 - INFO -   Weight 3.0: -2.2106
2025-09-04 12:42:57,851 - INFO -   Weight 5.0: -4.2673
2025-09-04 12:42:57,851 - INFO -   Weight 10.0: -9.4089
2025-09-04 12:42:57,943 - INFO - Testing beta=4.0 for impl=reference, norm=l2...
2025-09-04 12:42:57,944 - INFO - Pre-sample GPU mem: 778.96 MB, max 3592.45 MB
2025-09-04 12:42:57,945 - INFO - Subsets shapes: ID torch.Size([10000, 256]), OOD torch.Size([10000, 256])
2025-09-04 12:42:57,945 - INFO - Post-sample GPU mem: 798.73 MB, max 3592.45 MB
2025-09-04 12:42:57,947 - INFO - Post-modules GPU mem: 837.79 MB, max 3592.45 MB
2025-09-04 12:42:58,015 - INFO - Post-border_compute GPU mem: 837.79 MB, max 3592.45 MB
2025-09-04 12:42:58,093 - INFO - Post-inference_compute GPU mem: 837.79 MB, max 3592.45 MB
2025-09-04 12:42:58,102 - INFO - Border Energy (reference, β=4.0, norm=l2):
2025-09-04 12:42:58,102 - INFO -   ID: 2.6295±0.4008, OOD: 2.9803±0.0955
2025-09-04 12:42:58,102 - INFO -   Separation: 0.3508, KS-stat: 0.5912 (p=0.0000)
2025-09-04 12:42:58,102 - INFO -   AUROC: 0.2006, AUPR: 0.6589, FPR95: 0.3653
2025-09-04 12:42:58,102 - INFO - Inference Score (reference, β=4.0, norm=l2):
2025-09-04 12:42:58,102 - INFO -   ID: -2.9760±0.4008, OOD: 3.3269±0.0955
2025-09-04 12:42:58,102 - INFO -   Separation: 6.3029, KS-stat: 1.0000 (p=0.0000)
2025-09-04 12:42:58,102 - INFO -   AUROC: 0.0000, AUPR: 0.9999, FPR95: 0.0000
2025-09-04 12:42:58,353 - INFO - OOD Loss (reference, β=4.0, norm=l2):
2025-09-04 12:42:58,353 - INFO -   Weight 1.0: -0.3422
2025-09-04 12:42:58,353 - INFO -   Weight 2.0: -3.3177
2025-09-04 12:42:58,353 - INFO -   Weight 3.0: -6.2932
2025-09-04 12:42:58,353 - INFO -   Weight 5.0: -12.2441
2025-09-04 12:42:58,353 - INFO -   Weight 10.0: -27.1214
2025-09-04 12:42:58,450 - INFO - Testing beta=8.0 for impl=reference, norm=l2...
2025-09-04 12:42:58,451 - INFO - Pre-sample GPU mem: 779.20 MB, max 3592.45 MB
2025-09-04 12:42:58,452 - INFO - Subsets shapes: ID torch.Size([10000, 256]), OOD torch.Size([10000, 256])
2025-09-04 12:42:58,452 - INFO - Post-sample GPU mem: 798.73 MB, max 3592.45 MB
2025-09-04 12:42:58,453 - INFO - Post-modules GPU mem: 837.79 MB, max 3592.45 MB
2025-09-04 12:42:58,522 - INFO - Post-border_compute GPU mem: 837.79 MB, max 3592.45 MB
2025-09-04 12:42:58,600 - INFO - Post-inference_compute GPU mem: 837.79 MB, max 3592.45 MB
2025-09-04 12:42:58,609 - INFO - Border Energy (reference, β=8.0, norm=l2):
2025-09-04 12:42:58,609 - INFO -   ID: 5.7988±0.8078, OOD: 6.2842±0.1789
2025-09-04 12:42:58,609 - INFO -   Separation: 0.4854, KS-stat: 0.4961 (p=0.0000)
2025-09-04 12:42:58,609 - INFO -   AUROC: 0.2892, AUPR: 0.5754, FPR95: 0.4679
2025-09-04 12:42:58,609 - INFO - Inference Score (reference, β=8.0, norm=l2):
2025-09-04 12:42:58,610 - INFO -   ID: -5.9721±0.8078, OOD: 6.4575±0.1789
2025-09-04 12:42:58,610 - INFO -   Separation: 12.4296, KS-stat: 1.0000 (p=0.0000)
2025-09-04 12:42:58,610 - INFO -   AUROC: 0.0000, AUPR: 0.9999, FPR95: 0.0000
2025-09-04 12:42:58,860 - INFO - OOD Loss (reference, β=8.0, norm=l2):
2025-09-04 12:42:58,861 - INFO -   Weight 1.0: -0.4609
2025-09-04 12:42:58,861 - INFO -   Weight 2.0: -6.6968
2025-09-04 12:42:58,861 - INFO -   Weight 3.0: -12.9326
2025-09-04 12:42:58,861 - INFO -   Weight 5.0: -25.4044
2025-09-04 12:42:58,861 - INFO -   Weight 10.0: -56.5838
2025-09-04 12:42:58,963 - INFO - Testing beta=16.0 for impl=reference, norm=l2...
2025-09-04 12:42:58,963 - INFO - Pre-sample GPU mem: 778.96 MB, max 3592.45 MB
2025-09-04 12:42:58,964 - INFO - Subsets shapes: ID torch.Size([10000, 256]), OOD torch.Size([10000, 256])
2025-09-04 12:42:58,965 - INFO - Post-sample GPU mem: 798.73 MB, max 3592.45 MB
2025-09-04 12:42:58,966 - INFO - Post-modules GPU mem: 837.79 MB, max 3592.45 MB
2025-09-04 12:42:59,035 - INFO - Post-border_compute GPU mem: 837.79 MB, max 3592.45 MB
2025-09-04 12:42:59,114 - INFO - Post-inference_compute GPU mem: 837.79 MB, max 3592.45 MB
2025-09-04 12:42:59,123 - INFO - Border Energy (reference, β=16.0, norm=l2):
2025-09-04 12:42:59,123 - INFO -   ID: 11.9908±1.5927, OOD: 12.1884±0.3370
2025-09-04 12:42:59,123 - INFO -   Separation: 0.1977, KS-stat: 0.3237 (p=0.0000)
2025-09-04 12:42:59,123 - INFO -   AUROC: 0.4780, AUPR: 0.4588, FPR95: 0.6461
2025-09-04 12:42:59,123 - INFO - Inference Score (reference, β=16.0, norm=l2):
2025-09-04 12:42:59,123 - INFO -   ID: -12.0774±1.5927, OOD: 12.2751±0.3370
2025-09-04 12:42:59,123 - INFO -   Separation: 24.3525, KS-stat: 1.0000 (p=0.0000)
2025-09-04 12:42:59,123 - INFO -   AUROC: 0.0000, AUPR: 0.9999, FPR95: 0.0000
2025-09-04 12:42:59,375 - INFO - OOD Loss (reference, β=16.0, norm=l2):
2025-09-04 12:42:59,375 - INFO -   Weight 1.0: -0.1849
2025-09-04 12:42:59,375 - INFO -   Weight 2.0: -12.3757
2025-09-04 12:42:59,375 - INFO -   Weight 3.0: -24.5666
2025-09-04 12:42:59,375 - INFO -   Weight 5.0: -48.9483
2025-09-04 12:42:59,375 - INFO -   Weight 10.0: -109.9026
2025-09-04 12:42:59,483 - INFO - Testing beta=32.0 for impl=reference, norm=l2...
2025-09-04 12:42:59,483 - INFO - Pre-sample GPU mem: 779.20 MB, max 3592.45 MB
2025-09-04 12:42:59,485 - INFO - Subsets shapes: ID torch.Size([10000, 256]), OOD torch.Size([10000, 256])
2025-09-04 12:42:59,485 - INFO - Post-sample GPU mem: 798.73 MB, max 3592.45 MB
2025-09-04 12:42:59,486 - INFO - Post-modules GPU mem: 837.79 MB, max 3592.45 MB
2025-09-04 12:42:59,552 - INFO - Post-border_compute GPU mem: 837.79 MB, max 3592.45 MB
2025-09-04 12:42:59,626 - INFO - Post-inference_compute GPU mem: 837.79 MB, max 3592.45 MB
2025-09-04 12:42:59,635 - INFO - Border Energy (reference, β=32.0, norm=l2):
2025-09-04 12:42:59,635 - INFO -   ID: 24.4425±3.1576, OOD: 22.4121±0.6478
2025-09-04 12:42:59,636 - INFO -   Separation: -2.0304, KS-stat: 0.6240 (p=0.0000)
2025-09-04 12:42:59,636 - INFO -   AUROC: 0.7495, AUPR: 0.3614, FPR95: 0.8429
2025-09-04 12:42:59,636 - INFO - Inference Score (reference, β=32.0, norm=l2):
2025-09-04 12:42:59,636 - INFO -   ID: -24.4858±3.1576, OOD: 22.4554±0.6478
2025-09-04 12:42:59,636 - INFO -   Separation: 46.9412, KS-stat: 1.0000 (p=0.0000)
2025-09-04 12:42:59,636 - INFO -   AUROC: 0.0000, AUPR: 0.9999, FPR95: 0.0000
2025-09-04 12:42:59,887 - INFO - OOD Loss (reference, β=32.0, norm=l2):
2025-09-04 12:42:59,887 - INFO -   Weight 1.0: 6.0786
2025-09-04 12:42:59,887 - INFO -   Weight 2.0: -16.2872
2025-09-04 12:42:59,887 - INFO -   Weight 3.0: -38.6530
2025-09-04 12:42:59,887 - INFO -   Weight 5.0: -83.3846
2025-09-04 12:42:59,888 - INFO -   Weight 10.0: -195.2137
2025-09-04 12:43:00,001 - INFO - Testing beta=64.0 for impl=reference, norm=l2...
2025-09-04 12:43:00,002 - INFO - Pre-sample GPU mem: 778.96 MB, max 3592.45 MB
2025-09-04 12:43:00,003 - INFO - Subsets shapes: ID torch.Size([10000, 256]), OOD torch.Size([10000, 256])
2025-09-04 12:43:00,004 - INFO - Post-sample GPU mem: 798.73 MB, max 3592.45 MB
2025-09-04 12:43:00,005 - INFO - Post-modules GPU mem: 837.79 MB, max 3592.45 MB
2025-09-04 12:43:00,074 - INFO - Post-border_compute GPU mem: 837.79 MB, max 3592.45 MB
2025-09-04 12:43:00,153 - INFO - Post-inference_compute GPU mem: 837.79 MB, max 3592.45 MB
2025-09-04 12:43:00,162 - INFO - Border Energy (reference, β=64.0, norm=l2):
2025-09-04 12:43:00,162 - INFO -   ID: 51.2918±6.0836, OOD: 41.5616±1.1568
2025-09-04 12:43:00,162 - INFO -   Separation: -9.7302, KS-stat: 0.8699 (p=0.0000)
2025-09-04 12:43:00,162 - INFO -   AUROC: 0.9264, AUPR: 0.3204, FPR95: 0.9613
2025-09-04 12:43:00,162 - INFO - Inference Score (reference, β=64.0, norm=l2):
2025-09-04 12:43:00,162 - INFO -   ID: -51.3134±6.0836, OOD: 41.5833±1.1568
2025-09-04 12:43:00,162 - INFO -   Separation: 92.8967, KS-stat: 1.0000 (p=0.0000)
2025-09-04 12:43:00,162 - INFO -   AUROC: 0.0000, AUPR: 0.9999, FPR95: 0.0000
2025-09-04 12:43:00,413 - INFO - OOD Loss (reference, β=64.0, norm=l2):
2025-09-04 12:43:00,414 - INFO -   Weight 1.0: 25.7123
2025-09-04 12:43:00,414 - INFO -   Weight 2.0: -16.9759
2025-09-04 12:43:00,414 - INFO -   Weight 3.0: -59.6641
2025-09-04 12:43:00,414 - INFO -   Weight 5.0: -145.0405
2025-09-04 12:43:00,414 - INFO -   Weight 10.0: -358.4815
2025-09-04 12:43:00,532 - INFO - Testing beta=128.0 for impl=reference, norm=l2...
2025-09-04 12:43:00,533 - INFO - Pre-sample GPU mem: 779.20 MB, max 3592.45 MB
2025-09-04 12:43:00,534 - INFO - Subsets shapes: ID torch.Size([10000, 256]), OOD torch.Size([10000, 256])
2025-09-04 12:43:00,535 - INFO - Post-sample GPU mem: 798.73 MB, max 3592.45 MB
2025-09-04 12:43:00,536 - INFO - Post-modules GPU mem: 837.79 MB, max 3592.45 MB
2025-09-04 12:43:00,605 - INFO - Post-border_compute GPU mem: 837.79 MB, max 3592.45 MB
2025-09-04 12:43:00,684 - INFO - Post-inference_compute GPU mem: 837.79 MB, max 3592.45 MB
2025-09-04 12:43:00,693 - INFO - Border Energy (reference, β=128.0, norm=l2):
2025-09-04 12:43:00,693 - INFO -   ID: 107.0904±11.9338, OOD: 79.9571±3.1472
2025-09-04 12:43:00,693 - INFO -   Separation: -27.1333, KS-stat: 0.9318 (p=0.0000)
2025-09-04 12:43:00,693 - INFO -   AUROC: 0.9809, AUPR: 0.3097, FPR95: 0.9956
2025-09-04 12:43:00,693 - INFO - Inference Score (reference, β=128.0, norm=l2):
2025-09-04 12:43:00,693 - INFO -   ID: -107.1012±11.9338, OOD: 79.9679±3.1472
2025-09-04 12:43:00,693 - INFO -   Separation: 187.0691, KS-stat: 1.0000 (p=0.0000)
2025-09-04 12:43:00,693 - INFO -   AUROC: 0.0000, AUPR: 0.9999, FPR95: 0.0000
2025-09-04 12:43:00,944 - INFO - OOD Loss (reference, β=128.0, norm=l2):
2025-09-04 12:43:00,944 - INFO -   Weight 1.0: 61.4114
2025-09-04 12:43:00,944 - INFO -   Weight 2.0: -22.9964
2025-09-04 12:43:00,944 - INFO -   Weight 3.0: -107.4043
2025-09-04 12:43:00,944 - INFO -   Weight 5.0: -276.2199
2025-09-04 12:43:00,944 - INFO -   Weight 10.0: -698.2592
2025-09-04 12:43:08,306 - INFO - Enhanced analysis completed. Check energy_analysis_20250904_123520 for results.
2025-09-04 12:43:08,306 - INFO - Metrics like high AUROC/low FPR95 indicate good OOD pixel separation for segmentation.
2025-09-04 12:43:08,306 - INFO - KS-stat >0.5 with low p-value suggests strong distribution separation.
2025-09-04 12:43:08,306 - INFO - Compare 'optimized' vs 'reference' to see which performs better.
2025-09-04 12:43:08,516 - INFO - Final GPU mem: 759.28 MB, max 3592.45 MB
